goal_id,goal_type,stage,operation_family,pass_role,operation_kind,tool_family,material_family,diameter_mm,flute_count,nominal_chipload_min_mm_tooth,nominal_chipload_max_mm_tooth,rpm_min,rpm_max,axial_doc_rule,radial_woc_rule,stepover_pct_min,stepover_pct_max,scallop_height_max_mm,drill_depth_d_warn,drill_depth_d_fail,suggest_goal,sim_goal,optimize_goal,evidence_grade,source_id,source_url,notes
amana-tapered-softwood-parallel-3175-2f,vendor_lut_chipload,suggest+sim+optimize,parallel,finish,*,tapered_ball_nose,softwood,3.175,2,0.014,0.026,17000.0,24000.0,3d profiling finish,scallop driven,,,,,,"new toolpath suggestion lands inside this row when exact-matchable, otherwise nearest row/interpolation must be conservative",tool_load_report chipload/power/deflection verdict Within for in-band cases; Exceeds when intentionally swept beyond this range,recommended candidate must preserve all applicable gates Within and not move outside this source row unless explicitly justified by a higher-confidence row,a,amana_zrn_3d_profiling,https://www.amanatool.com/pub/media/productattachments/ZrN-3D-Profiling-Feed-Chip-Load-Chart.pdf,row_kind=exact;
amana-tapered-softwood-parallel-6000-2f,vendor_lut_chipload,suggest+sim+optimize,parallel,finish,*,tapered_ball_nose,softwood,6.0,2,0.022,0.04,14000.0,22000.0,3d profiling finish,scallop driven,,,,,,"new toolpath suggestion lands inside this row when exact-matchable, otherwise nearest row/interpolation must be conservative",tool_load_report chipload/power/deflection verdict Within for in-band cases; Exceeds when intentionally swept beyond this range,recommended candidate must preserve all applicable gates Within and not move outside this source row unless explicitly justified by a higher-confidence row,a,amana_zrn_3d_profiling,https://www.amanatool.com/pub/media/productattachments/ZrN-3D-Profiling-Feed-Chip-Load-Chart.pdf,row_kind=exact;
amana-tapered-hardwood-parallel-3175-2f,vendor_lut_chipload,suggest+sim+optimize,parallel,finish,*,tapered_ball_nose,hardwood,3.175,2,0.01,0.02,17000.0,22000.0,3d profiling finish,scallop driven,,,,,,"new toolpath suggestion lands inside this row when exact-matchable, otherwise nearest row/interpolation must be conservative",tool_load_report chipload/power/deflection verdict Within for in-band cases; Exceeds when intentionally swept beyond this range,recommended candidate must preserve all applicable gates Within and not move outside this source row unless explicitly justified by a higher-confidence row,a,amana_zrn_3d_profiling,https://www.amanatool.com/pub/media/productattachments/ZrN-3D-Profiling-Feed-Chip-Load-Chart.pdf,row_kind=exact;
amana-tapered-hardwood-parallel-6000-2f,vendor_lut_chipload,suggest+sim+optimize,parallel,finish,*,tapered_ball_nose,hardwood,6.0,2,0.018,0.032,14000.0,21000.0,3d profiling finish,scallop driven,,,,,,"new toolpath suggestion lands inside this row when exact-matchable, otherwise nearest row/interpolation must be conservative",tool_load_report chipload/power/deflection verdict Within for in-band cases; Exceeds when intentionally swept beyond this range,recommended candidate must preserve all applicable gates Within and not move outside this source row unless explicitly justified by a higher-confidence row,a,amana_zrn_3d_profiling,https://www.amanatool.com/pub/media/productattachments/ZrN-3D-Profiling-Feed-Chip-Load-Chart.pdf,row_kind=exact;
amana-tapered-mdf-parallel-3175-2f,vendor_lut_chipload,suggest+sim+optimize,parallel,finish,*,tapered_ball_nose,mdf,3.175,2,0.012,0.022,16000.0,22000.0,3d profiling finish,scallop driven,,,,,,"new toolpath suggestion lands inside this row when exact-matchable, otherwise nearest row/interpolation must be conservative",tool_load_report chipload/power/deflection verdict Within for in-band cases; Exceeds when intentionally swept beyond this range,recommended candidate must preserve all applicable gates Within and not move outside this source row unless explicitly justified by a higher-confidence row,a,amana_zrn_3d_profiling,https://www.amanatool.com/pub/media/productattachments/ZrN-3D-Profiling-Feed-Chip-Load-Chart.pdf,row_kind=exact;
amana-tapered-mdf-parallel-6000-2f,vendor_lut_chipload,suggest+sim+optimize,parallel,finish,*,tapered_ball_nose,mdf,6.0,2,0.02,0.036,13000.0,20000.0,3d profiling finish,scallop driven,,,,,,"new toolpath suggestion lands inside this row when exact-matchable, otherwise nearest row/interpolation must be conservative",tool_load_report chipload/power/deflection verdict Within for in-band cases; Exceeds when intentionally swept beyond this range,recommended candidate must preserve all applicable gates Within and not move outside this source row unless explicitly justified by a higher-confidence row,a,amana_zrn_3d_profiling,https://www.amanatool.com/pub/media/productattachments/ZrN-3D-Profiling-Feed-Chip-Load-Chart.pdf,row_kind=exact;
amana-tapered-acrylic-parallel-3175-2f,vendor_lut_chipload,suggest+sim+optimize,parallel,finish,*,tapered_ball_nose,acrylic,3.175,2,0.01,0.02,16000.0,21000.0,3d profiling finish,scallop driven,,,,,,"new toolpath suggestion lands inside this row when exact-matchable, otherwise nearest row/interpolation must be conservative",tool_load_report chipload/power/deflection verdict Within for in-band cases; Exceeds when intentionally swept beyond this range,recommended candidate must preserve all applicable gates Within and not move outside this source row unless explicitly justified by a higher-confidence row,a,amana_zrn_3d_profiling,https://www.amanatool.com/pub/media/productattachments/ZrN-3D-Profiling-Feed-Chip-Load-Chart.pdf,row_kind=exact;
amana-tapered-acrylic-parallel-6000-2f,vendor_lut_chipload,suggest+sim+optimize,parallel,finish,*,tapered_ball_nose,acrylic,6.0,2,0.015,0.028,13000.0,19000.0,3d profiling finish,scallop driven,,,,,,"new toolpath suggestion lands inside this row when exact-matchable, otherwise nearest row/interpolation must be conservative",tool_load_report chipload/power/deflection verdict Within for in-band cases; Exceeds when intentionally swept beyond this range,recommended candidate must preserve all applicable gates Within and not move outside this source row unless explicitly justified by a higher-confidence row,a,amana_zrn_3d_profiling,https://www.amanatool.com/pub/media/productattachments/ZrN-3D-Profiling-Feed-Chip-Load-Chart.pdf,row_kind=exact;
amana-tapered-hardwood-scallop-3175-2f,vendor_lut_chipload,suggest+sim+optimize,scallop,semi_finish,*,tapered_ball_nose,hardwood,3.175,2,0.012,0.024,16000.0,21000.0,3d profiling semi,scallop driven,,,,,,"new toolpath suggestion lands inside this row when exact-matchable, otherwise nearest row/interpolation must be conservative",tool_load_report chipload/power/deflection verdict Within for in-band cases; Exceeds when intentionally swept beyond this range,recommended candidate must preserve all applicable gates Within and not move outside this source row unless explicitly justified by a higher-confidence row,a,amana_zrn_3d_profiling,https://www.amanatool.com/pub/media/productattachments/ZrN-3D-Profiling-Feed-Chip-Load-Chart.pdf,row_kind=exact;
amana-tapered-hardwood-scallop-6000-2f,vendor_lut_chipload,suggest+sim+optimize,scallop,semi_finish,*,tapered_ball_nose,hardwood,6.0,2,0.018,0.032,13000.0,20000.0,3d profiling semi,scallop driven,,,,,,"new toolpath suggestion lands inside this row when exact-matchable, otherwise nearest row/interpolation must be conservative",tool_load_report chipload/power/deflection verdict Within for in-band cases; Exceeds when intentionally swept beyond this range,recommended candidate must preserve all applicable gates Within and not move outside this source row unless explicitly justified by a higher-confidence row,a,amana_zrn_3d_profiling,https://www.amanatool.com/pub/media/productattachments/ZrN-3D-Profiling-Feed-Chip-Load-Chart.pdf,row_kind=exact;
onsrud-bull-softwood-adaptive-6000-2f,vendor_lut_chipload,suggest+sim+optimize,adaptive,roughing,*,bull_nose,softwood,6.0,2,0.055,0.095,14000.0,22000.0,0.4xD to 1.25xD,8% to 18%D,,,,,,"new toolpath suggestion lands inside this row when exact-matchable, otherwise nearest row/interpolation must be conservative",tool_load_report chipload/power/deflection verdict Within for in-band cases; Exceeds when intentionally swept beyond this range,recommended candidate must preserve all applicable gates Within and not move outside this source row unless explicitly justified by a higher-confidence row,b,onsrud_cutting_data_recommendations,https://www.onsrud.com/Forms/Cutting-Data-Recommendations.asp,row_kind=exact;
onsrud-bull-hardwood-adaptive-6000-2f,vendor_lut_chipload,suggest+sim+optimize,adaptive,roughing,*,bull_nose,hardwood,6.0,2,0.032,0.06,12000.0,20000.0,0.3xD to 0.85xD,5% to 15%D,,,,,,"new toolpath suggestion lands inside this row when exact-matchable, otherwise nearest row/interpolation must be conservative",tool_load_report chipload/power/deflection verdict Within for in-band cases; Exceeds when intentionally swept beyond this range,recommended candidate must preserve all applicable gates Within and not move outside this source row unless explicitly justified by a higher-confidence row,b,onsrud_cutting_data_recommendations,https://www.onsrud.com/Forms/Cutting-Data-Recommendations.asp,row_kind=exact;
onsrud-bull-plywood-hardwood-pocket-6000-2f,vendor_lut_chipload,suggest+sim+optimize,pocket,roughing,*,bull_nose,plywood_hardwood,6.0,2,0.035,0.065,13000.0,20000.0,0.3xD to 0.75xD,13% to 30%D,,,,,,"new toolpath suggestion lands inside this row when exact-matchable, otherwise nearest row/interpolation must be conservative",tool_load_report chipload/power/deflection verdict Within for in-band cases; Exceeds when intentionally swept beyond this range,recommended candidate must preserve all applicable gates Within and not move outside this source row unless explicitly justified by a higher-confidence row,b,onsrud_cutting_data_recommendations,https://www.onsrud.com/Forms/Cutting-Data-Recommendations.asp,row_kind=exact;
onsrud-bull-aluminum-adaptive-6000-3f,vendor_lut_chipload,suggest+sim+optimize,adaptive,roughing,*,bull_nose,aluminum,6.0,3,0.015,0.03,9000.0,16000.0,0.12xD to 0.42xD,2.5% to 12%D,,,,,,"new toolpath suggestion lands inside this row when exact-matchable, otherwise nearest row/interpolation must be conservative",tool_load_report chipload/power/deflection verdict Within for in-band cases; Exceeds when intentionally swept beyond this range,recommended candidate must preserve all applicable gates Within and not move outside this source row unless explicitly justified by a higher-confidence row,b,onsrud_cutting_data_recommendations,https://www.onsrud.com/Forms/Cutting-Data-Recommendations.asp,row_kind=exact;
amana-ball-softwood-parallel-3175-2f,vendor_lut_chipload,suggest+sim+optimize,parallel,finish,*,ball_nose,softwood,3.175,2,0.018,0.03,16000.0,24000.0,3d finishing,scallop driven,,,,,,"new toolpath suggestion lands inside this row when exact-matchable, otherwise nearest row/interpolation must be conservative",tool_load_report chipload/power/deflection verdict Within for in-band cases; Exceeds when intentionally swept beyond this range,recommended candidate must preserve all applicable gates Within and not move outside this source row unless explicitly justified by a higher-confidence row,a,amana_ball_nose_v7,https://www.amanatool.com/pub/media/productattachments/Spiral-Ball-Nose-Speed-Chart-v7.pdf,row_kind=exact;
amana-ball-softwood-parallel-6000-2f,vendor_lut_chipload,suggest+sim+optimize,parallel,finish,*,ball_nose,softwood,6.0,2,0.03,0.05,14000.0,22000.0,3d finishing,scallop driven,,,,,,"new toolpath suggestion lands inside this row when exact-matchable, otherwise nearest row/interpolation must be conservative",tool_load_report chipload/power/deflection verdict Within for in-band cases; Exceeds when intentionally swept beyond this range,recommended candidate must preserve all applicable gates Within and not move outside this source row unless explicitly justified by a higher-confidence row,a,amana_ball_nose_v7,https://www.amanatool.com/pub/media/productattachments/Spiral-Ball-Nose-Speed-Chart-v7.pdf,row_kind=exact;
amana-ball-hardwood-parallel-3175-2f,vendor_lut_chipload,suggest+sim+optimize,parallel,finish,*,ball_nose,hardwood,3.175,2,0.012,0.024,16000.0,22000.0,3d finishing,scallop driven,,,,,,"new toolpath suggestion lands inside this row when exact-matchable, otherwise nearest row/interpolation must be conservative",tool_load_report chipload/power/deflection verdict Within for in-band cases; Exceeds when intentionally swept beyond this range,recommended candidate must preserve all applicable gates Within and not move outside this source row unless explicitly justified by a higher-confidence row,a,amana_ball_nose_v7,https://www.amanatool.com/pub/media/productattachments/Spiral-Ball-Nose-Speed-Chart-v7.pdf,row_kind=exact;
amana-ball-hardwood-parallel-6000-2f,vendor_lut_chipload,suggest+sim+optimize,parallel,finish,*,ball_nose,hardwood,6.0,2,0.022,0.04,14000.0,22000.0,3d finishing,scallop driven,,,,,,"new toolpath suggestion lands inside this row when exact-matchable, otherwise nearest row/interpolation must be conservative",tool_load_report chipload/power/deflection verdict Within for in-band cases; Exceeds when intentionally swept beyond this range,recommended candidate must preserve all applicable gates Within and not move outside this source row unless explicitly justified by a higher-confidence row,a,amana_ball_nose_v7,https://www.amanatool.com/pub/media/productattachments/Spiral-Ball-Nose-Speed-Chart-v7.pdf,row_kind=exact;
amana-ball-mdf-parallel-3175-2f,vendor_lut_chipload,suggest+sim+optimize,parallel,finish,*,ball_nose,mdf,3.175,2,0.015,0.026,15000.0,22000.0,3d finishing,scallop driven,,,,,,"new toolpath suggestion lands inside this row when exact-matchable, otherwise nearest row/interpolation must be conservative",tool_load_report chipload/power/deflection verdict Within for in-band cases; Exceeds when intentionally swept beyond this range,recommended candidate must preserve all applicable gates Within and not move outside this source row unless explicitly justified by a higher-confidence row,a,amana_ball_nose_v7,https://www.amanatool.com/pub/media/productattachments/Spiral-Ball-Nose-Speed-Chart-v7.pdf,row_kind=exact;
amana-ball-mdf-parallel-6000-2f,vendor_lut_chipload,suggest+sim+optimize,parallel,finish,*,ball_nose,mdf,6.0,2,0.025,0.042,13000.0,21000.0,3d finishing,scallop driven,,,,,,"new toolpath suggestion lands inside this row when exact-matchable, otherwise nearest row/interpolation must be conservative",tool_load_report chipload/power/deflection verdict Within for in-band cases; Exceeds when intentionally swept beyond this range,recommended candidate must preserve all applicable gates Within and not move outside this source row unless explicitly justified by a higher-confidence row,a,amana_ball_nose_v7,https://www.amanatool.com/pub/media/productattachments/Spiral-Ball-Nose-Speed-Chart-v7.pdf,row_kind=exact;
amana-ball-acrylic-parallel-3175-2f,vendor_lut_chipload,suggest+sim+optimize,parallel,finish,*,ball_nose,acrylic,3.175,2,0.012,0.024,16000.0,22000.0,3d finishing,scallop driven,,,,,,"new toolpath suggestion lands inside this row when exact-matchable, otherwise nearest row/interpolation must be conservative",tool_load_report chipload/power/deflection verdict Within for in-band cases; Exceeds when intentionally swept beyond this range,recommended candidate must preserve all applicable gates Within and not move outside this source row unless explicitly justified by a higher-confidence row,a,amana_ball_nose_v7,https://www.amanatool.com/pub/media/productattachments/Spiral-Ball-Nose-Speed-Chart-v7.pdf,row_kind=exact;
amana-ball-acrylic-parallel-6000-2f,vendor_lut_chipload,suggest+sim+optimize,parallel,finish,*,ball_nose,acrylic,6.0,2,0.018,0.032,14000.0,20000.0,3d finishing,scallop driven,,,,,,"new toolpath suggestion lands inside this row when exact-matchable, otherwise nearest row/interpolation must be conservative",tool_load_report chipload/power/deflection verdict Within for in-band cases; Exceeds when intentionally swept beyond this range,recommended candidate must preserve all applicable gates Within and not move outside this source row unless explicitly justified by a higher-confidence row,a,amana_ball_nose_v7,https://www.amanatool.com/pub/media/productattachments/Spiral-Ball-Nose-Speed-Chart-v7.pdf,row_kind=exact;
amana-ball-aluminum-scallop-3175-2f,vendor_lut_chipload,suggest+sim+optimize,scallop,finish,*,ball_nose,aluminum,3.175,2,0.006,0.014,9000.0,16000.0,light finishing,small stepover,,,,,,"new toolpath suggestion lands inside this row when exact-matchable, otherwise nearest row/interpolation must be conservative",tool_load_report chipload/power/deflection verdict Within for in-band cases; Exceeds when intentionally swept beyond this range,recommended candidate must preserve all applicable gates Within and not move outside this source row unless explicitly justified by a higher-confidence row,a,amana_ball_nose_v7,https://www.amanatool.com/pub/media/productattachments/Spiral-Ball-Nose-Speed-Chart-v7.pdf,row_kind=exact;
amana-ball-aluminum-scallop-6000-2f,vendor_lut_chipload,suggest+sim+optimize,scallop,finish,*,ball_nose,aluminum,6.0,2,0.008,0.018,9000.0,14000.0,light finishing,small stepover,,,,,,"new toolpath suggestion lands inside this row when exact-matchable, otherwise nearest row/interpolation must be conservative",tool_load_report chipload/power/deflection verdict Within for in-band cases; Exceeds when intentionally swept beyond this range,recommended candidate must preserve all applicable gates Within and not move outside this source row unless explicitly justified by a higher-confidence row,a,amana_ball_nose_v7,https://www.amanatool.com/pub/media/productattachments/Spiral-Ball-Nose-Speed-Chart-v7.pdf,row_kind=exact;
amana-ball-hardwood-scallop-6000-2f,vendor_lut_chipload,suggest+sim+optimize,scallop,semi_finish,*,ball_nose,hardwood,6.0,2,0.025,0.04,14000.0,21000.0,semi-finish,scallop driven,,,,,,"new toolpath suggestion lands inside this row when exact-matchable, otherwise nearest row/interpolation must be conservative",tool_load_report chipload/power/deflection verdict Within for in-band cases; Exceeds when intentionally swept beyond this range,recommended candidate must preserve all applicable gates Within and not move outside this source row unless explicitly justified by a higher-confidence row,a,amana_ball_nose_v7,https://www.amanatool.com/pub/media/productattachments/Spiral-Ball-Nose-Speed-Chart-v7.pdf,row_kind=exact;
amana-ball-softwood-parallel-1000-2f-zrn,vendor_lut_chipload,suggest+sim+optimize,parallel,finish,*,ball_nose,softwood,1.0,2,0.01905,0.0508,,,1xD per chart; 3D-finish DOC unspecified by source,scallop driven; not specified by source,,,,,,"new toolpath suggestion lands inside this row when exact-matchable, otherwise nearest row/interpolation must be conservative",tool_load_report chipload/power/deflection verdict Within for in-band cases; Exceeds when intentionally swept beyond this range,recommended candidate must preserve all applicable gates Within and not move outside this source row unless explicitly justified by a higher-confidence row,a,amana_zrn_3d_profiling,https://www.amanatool.com/pub/media/productattachments/ZrN-3D-Profiling-Feed-Chip-Load-Chart.pdf,row_kind=exact;
amana-ball-mdf-parallel-1000-2f-zrn,vendor_lut_chipload,suggest+sim+optimize,parallel,finish,*,ball_nose,mdf,1.0,2,0.01905,0.0508,,,1xD per chart; 3D-finish DOC unspecified by source,scallop driven; not specified by source,,,,,,"new toolpath suggestion lands inside this row when exact-matchable, otherwise nearest row/interpolation must be conservative",tool_load_report chipload/power/deflection verdict Within for in-band cases; Exceeds when intentionally swept beyond this range,recommended candidate must preserve all applicable gates Within and not move outside this source row unless explicitly justified by a higher-confidence row,a,amana_zrn_3d_profiling,https://www.amanatool.com/pub/media/productattachments/ZrN-3D-Profiling-Feed-Chip-Load-Chart.pdf,row_kind=exact;
amana-ball-softwood-parallel-1587-2f-zrn,vendor_lut_chipload,suggest+sim+optimize,parallel,finish,*,ball_nose,softwood,1.5875,2,0.0388,0.0635,,,1xD per chart; 3D-finish DOC unspecified by source,scallop driven; not specified by source,,,,,,"new toolpath suggestion lands inside this row when exact-matchable, otherwise nearest row/interpolation must be conservative",tool_load_report chipload/power/deflection verdict Within for in-band cases; Exceeds when intentionally swept beyond this range,recommended candidate must preserve all applicable gates Within and not move outside this source row unless explicitly justified by a higher-confidence row,a,amana_zrn_3d_profiling,https://www.amanatool.com/pub/media/productattachments/ZrN-3D-Profiling-Feed-Chip-Load-Chart.pdf,row_kind=derived;
amana-ball-softwood-parallel-0794-3f-zrn,vendor_lut_chipload,suggest+sim+optimize,parallel,finish,*,ball_nose,softwood,0.794,3,0.01905,0.0508,,,1xD per chart; 3D-finish DOC unspecified by source,scallop driven; not specified by source,,,,,,"new toolpath suggestion lands inside this row when exact-matchable, otherwise nearest row/interpolation must be conservative",tool_load_report chipload/power/deflection verdict Within for in-band cases; Exceeds when intentionally swept beyond this range,recommended candidate must preserve all applicable gates Within and not move outside this source row unless explicitly justified by a higher-confidence row,a,amana_zrn_3d_profiling,https://www.amanatool.com/pub/media/productattachments/ZrN-3D-Profiling-Feed-Chip-Load-Chart.pdf,row_kind=exact;
amana-ball-mdf-parallel-0794-3f-zrn,vendor_lut_chipload,suggest+sim+optimize,parallel,finish,*,ball_nose,mdf,0.794,3,0.01905,0.0508,,,1xD per chart; 3D-finish DOC unspecified by source,scallop driven; not specified by source,,,,,,"new toolpath suggestion lands inside this row when exact-matchable, otherwise nearest row/interpolation must be conservative",tool_load_report chipload/power/deflection verdict Within for in-band cases; Exceeds when intentionally swept beyond this range,recommended candidate must preserve all applicable gates Within and not move outside this source row unless explicitly justified by a higher-confidence row,a,amana_zrn_3d_profiling,https://www.amanatool.com/pub/media/productattachments/ZrN-3D-Profiling-Feed-Chip-Load-Chart.pdf,row_kind=exact;
amana-ball-softwood-parallel-1500-4f-zrn,vendor_lut_chipload,suggest+sim+optimize,parallel,finish,*,ball_nose,softwood,1.5,4,0.0127,0.01651,,,1xD per chart; 3D-finish DOC unspecified by source,scallop driven; not specified by source,,,,,,"new toolpath suggestion lands inside this row when exact-matchable, otherwise nearest row/interpolation must be conservative",tool_load_report chipload/power/deflection verdict Within for in-band cases; Exceeds when intentionally swept beyond this range,recommended candidate must preserve all applicable gates Within and not move outside this source row unless explicitly justified by a higher-confidence row,a,amana_zrn_3d_profiling,https://www.amanatool.com/pub/media/productattachments/ZrN-3D-Profiling-Feed-Chip-Load-Chart.pdf,row_kind=exact;
amana-facing-mdf-face-22000-2f,vendor_lut_chipload,suggest+sim+optimize,face,roughing,*,facing_bit,mdf,22.0,2,0.09,0.16,10000.0,16000.0,max 1mm,35% to 80%D,,,,,,"new toolpath suggestion lands inside this row when exact-matchable, otherwise nearest row/interpolation must be conservative",tool_load_report chipload/power/deflection verdict Within for in-band cases; Exceeds when intentionally swept beyond this range,recommended candidate must preserve all applicable gates Within and not move outside this source row unless explicitly justified by a higher-confidence row,a,amana_spoilboard_v8,https://www.amanatool.com/pub/media/productattachments/Spoilboard_2-Wing-Speed-Chart-v8.pdf,row_kind=exact;
amana-facing-hdf-face-22000-2f,vendor_lut_chipload,suggest+sim+optimize,face,roughing,*,facing_bit,hdf,22.0,2,0.075,0.14,10000.0,15000.0,max 0.8mm,35% to 72%D,,,,,,"new toolpath suggestion lands inside this row when exact-matchable, otherwise nearest row/interpolation must be conservative",tool_load_report chipload/power/deflection verdict Within for in-band cases; Exceeds when intentionally swept beyond this range,recommended candidate must preserve all applicable gates Within and not move outside this source row unless explicitly justified by a higher-confidence row,a,amana_spoilboard_v8,https://www.amanatool.com/pub/media/productattachments/Spoilboard_2-Wing-Speed-Chart-v8.pdf,row_kind=exact;
amana-facing-particleboard-face-22000-2f,vendor_lut_chipload,suggest+sim+optimize,face,roughing,*,facing_bit,particleboard,22.0,2,0.085,0.15,10000.0,16000.0,max 1mm,35% to 80%D,,,,,,"new toolpath suggestion lands inside this row when exact-matchable, otherwise nearest row/interpolation must be conservative",tool_load_report chipload/power/deflection verdict Within for in-band cases; Exceeds when intentionally swept beyond this range,recommended candidate must preserve all applicable gates Within and not move outside this source row unless explicitly justified by a higher-confidence row,a,amana_spoilboard_v8,https://www.amanatool.com/pub/media/productattachments/Spoilboard_2-Wing-Speed-Chart-v8.pdf,row_kind=exact;
amana-facing-softwood-face-22000-2f,vendor_lut_chipload,suggest+sim+optimize,face,roughing,*,facing_bit,softwood,22.0,2,0.1,0.18,10000.0,17000.0,max 1.2mm,40% to 84%D,,,,,,"new toolpath suggestion lands inside this row when exact-matchable, otherwise nearest row/interpolation must be conservative",tool_load_report chipload/power/deflection verdict Within for in-band cases; Exceeds when intentionally swept beyond this range,recommended candidate must preserve all applicable gates Within and not move outside this source row unless explicitly justified by a higher-confidence row,a,amana_spoilboard_v8,https://www.amanatool.com/pub/media/productattachments/Spoilboard_2-Wing-Speed-Chart-v8.pdf,row_kind=exact;
amana-facing-hardwood-face-22000-2f,vendor_lut_chipload,suggest+sim+optimize,face,roughing,*,facing_bit,hardwood,22.0,2,0.075,0.14,9000.0,15000.0,max 0.8mm,35% to 72%D,,,,,,"new toolpath suggestion lands inside this row when exact-matchable, otherwise nearest row/interpolation must be conservative",tool_load_report chipload/power/deflection verdict Within for in-band cases; Exceeds when intentionally swept beyond this range,recommended candidate must preserve all applicable gates Within and not move outside this source row unless explicitly justified by a higher-confidence row,a,amana_spoilboard_v8,https://www.amanatool.com/pub/media/productattachments/Spoilboard_2-Wing-Speed-Chart-v8.pdf,row_kind=exact;
amana-facing-plywood-hardwood-face-22000-2f,vendor_lut_chipload,suggest+sim+optimize,face,roughing,*,facing_bit,plywood_hardwood,22.0,2,0.085,0.15,10000.0,16000.0,max 1mm,35% to 80%D,,,,,,"new toolpath suggestion lands inside this row when exact-matchable, otherwise nearest row/interpolation must be conservative",tool_load_report chipload/power/deflection verdict Within for in-band cases; Exceeds when intentionally swept beyond this range,recommended candidate must preserve all applicable gates Within and not move outside this source row unless explicitly justified by a higher-confidence row,a,amana_spoilboard_v8,https://www.amanatool.com/pub/media/productattachments/Spoilboard_2-Wing-Speed-Chart-v8.pdf,row_kind=exact;
whiteside-facing-softwood-face-25000-2f,vendor_lut_chipload,suggest+sim+optimize,face,roughing,*,facing_bit,softwood,25.0,2,0.09,0.16,10000.0,16000.0,max 1mm,36% to 80%D,,,,,,"new toolpath suggestion lands inside this row when exact-matchable, otherwise nearest row/interpolation must be conservative",tool_load_report chipload/power/deflection verdict Within for in-band cases; Exceeds when intentionally swept beyond this range,recommended candidate must preserve all applicable gates Within and not move outside this source row unless explicitly justified by a higher-confidence row,b,whiteside_6210_spoilboard,https://www.whitesiderouterbits.com/products/6210,row_kind=exact;
whiteside-facing-mdf-face-25000-2f,vendor_lut_chipload,suggest+sim+optimize,face,roughing,*,facing_bit,mdf,25.0,2,0.08,0.145,10000.0,15000.0,max 0.8mm,36% to 72%D,,,,,,"new toolpath suggestion lands inside this row when exact-matchable, otherwise nearest row/interpolation must be conservative",tool_load_report chipload/power/deflection verdict Within for in-band cases; Exceeds when intentionally swept beyond this range,recommended candidate must preserve all applicable gates Within and not move outside this source row unless explicitly justified by a higher-confidence row,b,whiteside_6210_spoilboard,https://www.whitesiderouterbits.com/products/6210,row_kind=exact;
amana-flat-softwood-adaptive-3175-2f,vendor_lut_chipload,suggest+sim+optimize,adaptive,roughing,*,flat_end,softwood,3.175,2,0.032,0.048,18000.0,24000.0,0.5xD to 1xD,8% to 20%D,,,,,,"new toolpath suggestion lands inside this row when exact-matchable, otherwise nearest row/interpolation must be conservative",tool_load_report chipload/power/deflection verdict Within for in-band cases; Exceeds when intentionally swept beyond this range,recommended candidate must preserve all applicable gates Within and not move outside this source row unless explicitly justified by a higher-confidence row,a,amana_spektra_spiral_plunge_v24,https://www.amanatool.com/pub/media/productattachments/Solid-Carbide-Spektra-Spiral-Plunge-2-3-Flute-v24.pdf,row_kind=exact; router class
amana-flat-softwood-adaptive-6000-2f,vendor_lut_chipload,suggest+sim+optimize,adaptive,roughing,*,flat_end,softwood,6.0,2,0.065,0.11,14000.0,22000.0,0.5xD to 1.5xD,8% to 20%D,,,,,,"new toolpath suggestion lands inside this row when exact-matchable, otherwise nearest row/interpolation must be conservative",tool_load_report chipload/power/deflection verdict Within for in-band cases; Exceeds when intentionally swept beyond this range,recommended candidate must preserve all applicable gates Within and not move outside this source row unless explicitly justified by a higher-confidence row,a,amana_spektra_spiral_plunge_v24,https://www.amanatool.com/pub/media/productattachments/Solid-Carbide-Spektra-Spiral-Plunge-2-3-Flute-v24.pdf,row_kind=exact; router class
amana-flat-softwood-adaptive-6000-3f,vendor_lut_chipload,suggest+sim+optimize,adaptive,roughing,*,flat_end,softwood,6.0,3,0.045,0.085,14000.0,22000.0,0.4xD to 1.2xD,6% to 17%D,,,,,,"new toolpath suggestion lands inside this row when exact-matchable, otherwise nearest row/interpolation must be conservative",tool_load_report chipload/power/deflection verdict Within for in-band cases; Exceeds when intentionally swept beyond this range,recommended candidate must preserve all applicable gates Within and not move outside this source row unless explicitly justified by a higher-confidence row,a,amana_spektra_spiral_plunge_v24,https://www.amanatool.com/pub/media/productattachments/Solid-Carbide-Spektra-Spiral-Plunge-2-3-Flute-v24.pdf,row_kind=exact; router class
amana-flat-softwood-pocket-6000-2f,vendor_lut_chipload,suggest+sim+optimize,pocket,roughing,*,flat_end,softwood,6.0,2,0.05,0.085,14000.0,22000.0,0.35xD to 1xD,20% to 42%D,,,,,,"new toolpath suggestion lands inside this row when exact-matchable, otherwise nearest row/interpolation must be conservative",tool_load_report chipload/power/deflection verdict Within for in-band cases; Exceeds when intentionally swept beyond this range,recommended candidate must preserve all applicable gates Within and not move outside this source row unless explicitly justified by a higher-confidence row,a,amana_spektra_spiral_plunge_v24,https://www.amanatool.com/pub/media/productattachments/Solid-Carbide-Spektra-Spiral-Plunge-2-3-Flute-v24.pdf,row_kind=exact;
amana-flat-hardwood-adaptive-3175-2f,vendor_lut_chipload,suggest+sim+optimize,adaptive,roughing,*,flat_end,hardwood,3.175,2,0.022,0.038,16000.0,22000.0,0.3xD to 0.7xD,6% to 16%D,,,,,,"new toolpath suggestion lands inside this row when exact-matchable, otherwise nearest row/interpolation must be conservative",tool_load_report chipload/power/deflection verdict Within for in-band cases; Exceeds when intentionally swept beyond this range,recommended candidate must preserve all applicable gates Within and not move outside this source row unless explicitly justified by a higher-confidence row,a,amana_spektra_spiral_plunge_v24,https://www.amanatool.com/pub/media/productattachments/Solid-Carbide-Spektra-Spiral-Plunge-2-3-Flute-v24.pdf,row_kind=exact;
amana-flat-hardwood-adaptive-6000-2f,vendor_lut_chipload,suggest+sim+optimize,adaptive,roughing,*,flat_end,hardwood,6.0,2,0.038,0.07,12000.0,20000.0,0.35xD to 0.9xD,6% to 16%D,,,,,,"new toolpath suggestion lands inside this row when exact-matchable, otherwise nearest row/interpolation must be conservative",tool_load_report chipload/power/deflection verdict Within for in-band cases; Exceeds when intentionally swept beyond this range,recommended candidate must preserve all applicable gates Within and not move outside this source row unless explicitly justified by a higher-confidence row,a,amana_spektra_spiral_plunge_v24,https://www.amanatool.com/pub/media/productattachments/Solid-Carbide-Spektra-Spiral-Plunge-2-3-Flute-v24.pdf,row_kind=exact;
amana-flat-hardwood-pocket-6000-2f,vendor_lut_chipload,suggest+sim+optimize,pocket,roughing,*,flat_end,hardwood,6.0,2,0.032,0.055,12000.0,20000.0,0.25xD to 0.7xD,17% to 37%D,,,,,,"new toolpath suggestion lands inside this row when exact-matchable, otherwise nearest row/interpolation must be conservative",tool_load_report chipload/power/deflection verdict Within for in-band cases; Exceeds when intentionally swept beyond this range,recommended candidate must preserve all applicable gates Within and not move outside this source row unless explicitly justified by a higher-confidence row,a,amana_spektra_spiral_plunge_v24,https://www.amanatool.com/pub/media/productattachments/Solid-Carbide-Spektra-Spiral-Plunge-2-3-Flute-v24.pdf,row_kind=exact;
amana-flat-hardwood-contour-3175-2f,vendor_lut_chipload,suggest+sim+optimize,contour,finish,*,flat_end,hardwood,3.175,2,0.018,0.03,18000.0,24000.0,0.2xD to 0.45xD,2% to 8%D,,,,,,"new toolpath suggestion lands inside this row when exact-matchable, otherwise nearest row/interpolation must be conservative",tool_load_report chipload/power/deflection verdict Within for in-band cases; Exceeds when intentionally swept beyond this range,recommended candidate must preserve all applicable gates Within and not move outside this source row unless explicitly justified by a higher-confidence row,a,amana_spektra_spiral_plunge_v24,https://www.amanatool.com/pub/media/productattachments/Solid-Carbide-Spektra-Spiral-Plunge-2-3-Flute-v24.pdf,row_kind=exact;
amana-flat-plywood-softwood-pocket-6000-2f,vendor_lut_chipload,suggest+sim+optimize,pocket,roughing,*,flat_end,plywood_softwood,6.0,2,0.04,0.07,14000.0,22000.0,0.35xD to 0.8xD,15% to 33%D,,,,,,"new toolpath suggestion lands inside this row when exact-matchable, otherwise nearest row/interpolation must be conservative",tool_load_report chipload/power/deflection verdict Within for in-band cases; Exceeds when intentionally swept beyond this range,recommended candidate must preserve all applicable gates Within and not move outside this source row unless explicitly justified by a higher-confidence row,a,amana_spektra_spiral_plunge_v24,https://www.amanatool.com/pub/media/productattachments/Solid-Carbide-Spektra-Spiral-Plunge-2-3-Flute-v24.pdf,row_kind=exact;
amana-flat-plywood-hardwood-pocket-6000-2f,vendor_lut_chipload,suggest+sim+optimize,pocket,roughing,*,flat_end,plywood_hardwood,6.0,2,0.035,0.06,14000.0,22000.0,0.3xD to 0.7xD,13% to 30%D,,,,,,"new toolpath suggestion lands inside this row when exact-matchable, otherwise nearest row/interpolation must be conservative",tool_load_report chipload/power/deflection verdict Within for in-band cases; Exceeds when intentionally swept beyond this range,recommended candidate must preserve all applicable gates Within and not move outside this source row unless explicitly justified by a higher-confidence row,a,amana_spektra_spiral_plunge_v24,https://www.amanatool.com/pub/media/productattachments/Solid-Carbide-Spektra-Spiral-Plunge-2-3-Flute-v24.pdf,row_kind=exact;
amana-flat-mdf-pocket-6000-2f,vendor_lut_chipload,suggest+sim+optimize,pocket,roughing,*,flat_end,mdf,6.0,2,0.03,0.055,12000.0,20000.0,0.25xD to 0.65xD,13% to 28%D,,,,,,"new toolpath suggestion lands inside this row when exact-matchable, otherwise nearest row/interpolation must be conservative",tool_load_report chipload/power/deflection verdict Within for in-band cases; Exceeds when intentionally swept beyond this range,recommended candidate must preserve all applicable gates Within and not move outside this source row unless explicitly justified by a higher-confidence row,a,amana_spektra_spiral_plunge_v24,https://www.amanatool.com/pub/media/productattachments/Solid-Carbide-Spektra-Spiral-Plunge-2-3-Flute-v24.pdf,row_kind=exact;
amana-flat-hdf-pocket-6000-2f,vendor_lut_chipload,suggest+sim+optimize,pocket,roughing,*,flat_end,hdf,6.0,2,0.028,0.05,12000.0,19000.0,0.2xD to 0.5xD,10% to 24%D,,,,,,"new toolpath suggestion lands inside this row when exact-matchable, otherwise nearest row/interpolation must be conservative",tool_load_report chipload/power/deflection verdict Within for in-band cases; Exceeds when intentionally swept beyond this range,recommended candidate must preserve all applicable gates Within and not move outside this source row unless explicitly justified by a higher-confidence row,a,amana_spektra_spiral_plunge_v24,https://www.amanatool.com/pub/media/productattachments/Solid-Carbide-Spektra-Spiral-Plunge-2-3-Flute-v24.pdf,row_kind=exact;
amana-flat-particleboard-pocket-6000-2f,vendor_lut_chipload,suggest+sim+optimize,pocket,roughing,*,flat_end,particleboard,6.0,2,0.032,0.06,12000.0,19000.0,0.25xD to 0.6xD,13% to 30%D,,,,,,"new toolpath suggestion lands inside this row when exact-matchable, otherwise nearest row/interpolation must be conservative",tool_load_report chipload/power/deflection verdict Within for in-band cases; Exceeds when intentionally swept beyond this range,recommended candidate must preserve all applicable gates Within and not move outside this source row unless explicitly justified by a higher-confidence row,a,amana_spektra_spiral_plunge_v24,https://www.amanatool.com/pub/media/productattachments/Solid-Carbide-Spektra-Spiral-Plunge-2-3-Flute-v24.pdf,row_kind=exact;
amana-flat-acrylic-contour-3175-2f,vendor_lut_chipload,suggest+sim+optimize,contour,finish,*,flat_end,acrylic,3.175,1,0.03,0.06,16000.0,24000.0,0.25xD to 0.65xD,5% to 16%D,,,,,,"new toolpath suggestion lands inside this row when exact-matchable, otherwise nearest row/interpolation must be conservative",tool_load_report chipload/power/deflection verdict Within for in-band cases; Exceeds when intentionally swept beyond this range,recommended candidate must preserve all applicable gates Within and not move outside this source row unless explicitly justified by a higher-confidence row,b,onsrud_cutting_data_recommendations,https://www.onsrud.com/Forms/Cutting-Data-Recommendations.asp,row_kind=exact;
amana-flat-acrylic-adaptive-6000-1f,vendor_lut_chipload,suggest+sim+optimize,adaptive,roughing,*,flat_end,acrylic,6.0,1,0.09,0.15,14000.0,22000.0,0.2xD to 0.65xD,6% to 20%D,,,,,,"new toolpath suggestion lands inside this row when exact-matchable, otherwise nearest row/interpolation must be conservative",tool_load_report chipload/power/deflection verdict Within for in-band cases; Exceeds when intentionally swept beyond this range,recommended candidate must preserve all applicable gates Within and not move outside this source row unless explicitly justified by a higher-confidence row,b,onsrud_cutting_data_recommendations,https://www.onsrud.com/Forms/Cutting-Data-Recommendations.asp,row_kind=exact;
amana-flat-hdpe-pocket-6000-1f,vendor_lut_chipload,suggest+sim+optimize,pocket,roughing,*,flat_end,hdpe,6.0,1,0.12,0.2,12000.0,20000.0,0.35xD to 1.2xD,10% to 30%D,,,,,,"new toolpath suggestion lands inside this row when exact-matchable, otherwise nearest row/interpolation must be conservative",tool_load_report chipload/power/deflection verdict Within for in-band cases; Exceeds when intentionally swept beyond this range,recommended candidate must preserve all applicable gates Within and not move outside this source row unless explicitly justified by a higher-confidence row,b,onsrud_cutting_data_recommendations,https://www.onsrud.com/Forms/Cutting-Data-Recommendations.asp,row_kind=exact;
amana-flat-delrin-pocket-6000-1f,vendor_lut_chipload,suggest+sim+optimize,pocket,roughing,*,flat_end,delrin,6.0,1,0.08,0.14,12000.0,20000.0,0.25xD to 0.9xD,8% to 25%D,,,,,,"new toolpath suggestion lands inside this row when exact-matchable, otherwise nearest row/interpolation must be conservative",tool_load_report chipload/power/deflection verdict Within for in-band cases; Exceeds when intentionally swept beyond this range,recommended candidate must preserve all applicable gates Within and not move outside this source row unless explicitly justified by a higher-confidence row,b,onsrud_cutting_data_recommendations,https://www.onsrud.com/Forms/Cutting-Data-Recommendations.asp,row_kind=exact;
amana-flat-polycarbonate-contour-6000-1f,vendor_lut_chipload,suggest+sim+optimize,contour,finish,*,flat_end,polycarbonate,6.0,1,0.06,0.11,12000.0,19000.0,0.15xD to 0.55xD,3% to 13%D,,,,,,"new toolpath suggestion lands inside this row when exact-matchable, otherwise nearest row/interpolation must be conservative",tool_load_report chipload/power/deflection verdict Within for in-band cases; Exceeds when intentionally swept beyond this range,recommended candidate must preserve all applicable gates Within and not move outside this source row unless explicitly justified by a higher-confidence row,b,onsrud_cutting_data_recommendations,https://www.onsrud.com/Forms/Cutting-Data-Recommendations.asp,row_kind=exact;
amana-flat-aluminum-adaptive-6000-3f,vendor_lut_chipload,suggest+sim+optimize,adaptive,roughing,*,flat_end,aluminum,6.0,3,0.018,0.035,10000.0,18000.0,0.15xD to 0.45xD,3% to 13%D,,,,,,"new toolpath suggestion lands inside this row when exact-matchable, otherwise nearest row/interpolation must be conservative",tool_load_report chipload/power/deflection verdict Within for in-band cases; Exceeds when intentionally swept beyond this range,recommended candidate must preserve all applicable gates Within and not move outside this source row unless explicitly justified by a higher-confidence row,b,onsrud_cutting_data_recommendations,https://www.onsrud.com/Forms/Cutting-Data-Recommendations.asp,row_kind=exact;
amana-flat-softwood-contour-12000-2f,vendor_lut_chipload,suggest+sim+optimize,contour,finish,*,flat_end,softwood,12.0,2,0.05,0.08,10000.0,16000.0,0.08xD to 0.25xD,2% to 8%D,,,,,,"new toolpath suggestion lands inside this row when exact-matchable, otherwise nearest row/interpolation must be conservative",tool_load_report chipload/power/deflection verdict Within for in-band cases; Exceeds when intentionally swept beyond this range,recommended candidate must preserve all applicable gates Within and not move outside this source row unless explicitly justified by a higher-confidence row,a,amana_spektra_spiral_plunge_v24,https://www.amanatool.com/pub/media/productattachments/Solid-Carbide-Spektra-Spiral-Plunge-2-3-Flute-v24.pdf,row_kind=exact;
amana-vbit-softwood-trace-6000-2f,vendor_lut_chipload,suggest+sim+optimize,trace,finish,*,chamfer_vbit,softwood,6.0,2,0.04,0.085,12000.0,22000.0,tip depth dependent,width-at-depth,,,,,,"new toolpath suggestion lands inside this row when exact-matchable, otherwise nearest row/interpolation must be conservative",tool_load_report chipload/power/deflection verdict Within for in-band cases; Exceeds when intentionally swept beyond this range,recommended candidate must preserve all applicable gates Within and not move outside this source row unless explicitly justified by a higher-confidence row,a,amana_insert_v_groove_v16,https://www.amanatool.com/pub/media/productattachments/Insert-V-Groove-Speed-Chart-v16.pdf,row_kind=exact;
amana-vbit-hardwood-trace-6000-2f,vendor_lut_chipload,suggest+sim+optimize,trace,finish,*,chamfer_vbit,hardwood,6.0,2,0.028,0.06,12000.0,20000.0,tip depth dependent,width-at-depth,,,,,,"new toolpath suggestion lands inside this row when exact-matchable, otherwise nearest row/interpolation must be conservative",tool_load_report chipload/power/deflection verdict Within for in-band cases; Exceeds when intentionally swept beyond this range,recommended candidate must preserve all applicable gates Within and not move outside this source row unless explicitly justified by a higher-confidence row,a,amana_insert_v_groove_v16,https://www.amanatool.com/pub/media/productattachments/Insert-V-Groove-Speed-Chart-v16.pdf,row_kind=exact;
amana-vbit-mdf-trace-6000-2f,vendor_lut_chipload,suggest+sim+optimize,trace,finish,*,chamfer_vbit,mdf,6.0,2,0.03,0.065,12000.0,19000.0,tip depth dependent,width-at-depth,,,,,,"new toolpath suggestion lands inside this row when exact-matchable, otherwise nearest row/interpolation must be conservative",tool_load_report chipload/power/deflection verdict Within for in-band cases; Exceeds when intentionally swept beyond this range,recommended candidate must preserve all applicable gates Within and not move outside this source row unless explicitly justified by a higher-confidence row,a,amana_insert_v_groove_v16,https://www.amanatool.com/pub/media/productattachments/Insert-V-Groove-Speed-Chart-v16.pdf,row_kind=exact;
amana-vbit-plywood-hardwood-trace-6000-2f,vendor_lut_chipload,suggest+sim+optimize,trace,finish,*,chamfer_vbit,plywood_hardwood,6.0,2,0.03,0.06,12000.0,19000.0,tip depth dependent,width-at-depth,,,,,,"new toolpath suggestion lands inside this row when exact-matchable, otherwise nearest row/interpolation must be conservative",tool_load_report chipload/power/deflection verdict Within for in-band cases; Exceeds when intentionally swept beyond this range,recommended candidate must preserve all applicable gates Within and not move outside this source row unless explicitly justified by a higher-confidence row,a,amana_insert_v_groove_v16,https://www.amanatool.com/pub/media/productattachments/Insert-V-Groove-Speed-Chart-v16.pdf,row_kind=exact;
amana-vbit-acrylic-trace-6000-2f,vendor_lut_chipload,suggest+sim+optimize,trace,finish,*,chamfer_vbit,acrylic,6.0,2,0.02,0.045,10000.0,18000.0,tip depth dependent,width-at-depth,,,,,,"new toolpath suggestion lands inside this row when exact-matchable, otherwise nearest row/interpolation must be conservative",tool_load_report chipload/power/deflection verdict Within for in-band cases; Exceeds when intentionally swept beyond this range,recommended candidate must preserve all applicable gates Within and not move outside this source row unless explicitly justified by a higher-confidence row,a,amana_insert_v_groove_v16,https://www.amanatool.com/pub/media/productattachments/Insert-V-Groove-Speed-Chart-v16.pdf,row_kind=exact;
amana-vbit-softwood-contour-12000-2f,vendor_lut_chipload,suggest+sim+optimize,contour,semi_finish,*,chamfer_vbit,softwood,12.0,2,0.06,0.11,10000.0,18000.0,tip depth dependent,width-at-depth,,,,,,"new toolpath suggestion lands inside this row when exact-matchable, otherwise nearest row/interpolation must be conservative",tool_load_report chipload/power/deflection verdict Within for in-band cases; Exceeds when intentionally swept beyond this range,recommended candidate must preserve all applicable gates Within and not move outside this source row unless explicitly justified by a higher-confidence row,a,amana_insert_v_groove_v16,https://www.amanatool.com/pub/media/productattachments/Insert-V-Groove-Speed-Chart-v16.pdf,row_kind=exact;
whiteside-vbit-hardwood-trace-12000-2f,vendor_lut_chipload,suggest+sim+optimize,trace,finish,*,chamfer_vbit,hardwood,12.0,2,0.04,0.08,12000.0,18000.0,tip depth dependent,width-at-depth,,,,,,"new toolpath suggestion lands inside this row when exact-matchable, otherwise nearest row/interpolation must be conservative",tool_load_report chipload/power/deflection verdict Within for in-band cases; Exceeds when intentionally swept beyond this range,recommended candidate must preserve all applicable gates Within and not move outside this source row unless explicitly justified by a higher-confidence row,b,whiteside_vgroove_collection,https://www.whitesiderouterbits.com/collections/120-v-groove,row_kind=exact;
whiteside-vbit-mdf-trace-12000-2f,vendor_lut_chipload,suggest+sim+optimize,trace,finish,*,chamfer_vbit,mdf,12.0,2,0.045,0.085,12000.0,18000.0,tip depth dependent,width-at-depth,,,,,,"new toolpath suggestion lands inside this row when exact-matchable, otherwise nearest row/interpolation must be conservative",tool_load_report chipload/power/deflection verdict Within for in-band cases; Exceeds when intentionally swept beyond this range,recommended candidate must preserve all applicable gates Within and not move outside this source row unless explicitly justified by a higher-confidence row,b,whiteside_vgroove_collection,https://www.whitesiderouterbits.com/collections/120-v-groove,row_kind=exact;
community-chipload-face-hardwood-3.175,community_nominal_chipload,suggest,pocket,roughing,face,flat_end|facing_bit,hardwood,3.175,*,0.076,0.127,10000,20000,roughing DOC must also pass power/deflection; community row only constrains nominal fz,apply radial chip-thinning correction for sim; adaptive target should not burn from too-low chip thickness,,,,,,"feed/(rpm*flutes) inside this nominal community chipload band before machine caps are applied; if cap prevents min chipload, suggest a larger tool/less HSM rather than a burn-prone feed","if project settings are in this nominal band, engagement-corrected sim chipload should generally report Within or explain mismatch as calibration gap",optimizer must not lower corrected chip thickness below burn floor to chase cycle time,b,cutter_shop_chip_load_chart;idc_woodcraft_chipload_calculator,https://cutter-shop.com/chip-load-chart/ ; https://idcwoodcraft.com/pages/chipload-calculator,community chart; not operation-specific; use as broad first-shot nominal fz goal
community-chipload-pocket-hardwood-3.175,community_nominal_chipload,suggest,pocket,roughing,pocket,flat_end|bull_nose,hardwood,3.175,*,0.076,0.127,10000,20000,roughing DOC must also pass power/deflection; community row only constrains nominal fz,apply radial chip-thinning correction for sim; adaptive target should not burn from too-low chip thickness,,,,,,"feed/(rpm*flutes) inside this nominal community chipload band before machine caps are applied; if cap prevents min chipload, suggest a larger tool/less HSM rather than a burn-prone feed","if project settings are in this nominal band, engagement-corrected sim chipload should generally report Within or explain mismatch as calibration gap",optimizer must not lower corrected chip thickness below burn floor to chase cycle time,b,cutter_shop_chip_load_chart;idc_woodcraft_chipload_calculator,https://cutter-shop.com/chip-load-chart/ ; https://idcwoodcraft.com/pages/chipload-calculator,community chart; not operation-specific; use as broad first-shot nominal fz goal
community-chipload-profile-hardwood-3.175,community_nominal_chipload,suggest,contour,roughing,profile,flat_end|bull_nose,hardwood,3.175,*,0.076,0.127,10000,20000,roughing DOC must also pass power/deflection; community row only constrains nominal fz,apply radial chip-thinning correction for sim; adaptive target should not burn from too-low chip thickness,,,,,,"feed/(rpm*flutes) inside this nominal community chipload band before machine caps are applied; if cap prevents min chipload, suggest a larger tool/less HSM rather than a burn-prone feed","if project settings are in this nominal band, engagement-corrected sim chipload should generally report Within or explain mismatch as calibration gap",optimizer must not lower corrected chip thickness below burn floor to chase cycle time,b,cutter_shop_chip_load_chart;idc_woodcraft_chipload_calculator,https://cutter-shop.com/chip-load-chart/ ; https://idcwoodcraft.com/pages/chipload-calculator,community chart; not operation-specific; use as broad first-shot nominal fz goal
community-chipload-adaptive-hardwood-3.175,community_nominal_chipload,suggest,adaptive,roughing,adaptive,flat_end|bull_nose,hardwood,3.175,*,0.076,0.127,10000,20000,roughing DOC must also pass power/deflection; community row only constrains nominal fz,apply radial chip-thinning correction for sim; adaptive target should not burn from too-low chip thickness,,,,,,"feed/(rpm*flutes) inside this nominal community chipload band before machine caps are applied; if cap prevents min chipload, suggest a larger tool/less HSM rather than a burn-prone feed","if project settings are in this nominal band, engagement-corrected sim chipload should generally report Within or explain mismatch as calibration gap",optimizer must not lower corrected chip thickness below burn floor to chase cycle time,b,cutter_shop_chip_load_chart;idc_woodcraft_chipload_calculator,https://cutter-shop.com/chip-load-chart/ ; https://idcwoodcraft.com/pages/chipload-calculator,community chart; not operation-specific; use as broad first-shot nominal fz goal
community-chipload-rest-hardwood-3.175,community_nominal_chipload,suggest,pocket,roughing,rest,flat_end|bull_nose,hardwood,3.175,*,0.076,0.127,10000,20000,roughing DOC must also pass power/deflection; community row only constrains nominal fz,apply radial chip-thinning correction for sim; adaptive target should not burn from too-low chip thickness,,,,,,"feed/(rpm*flutes) inside this nominal community chipload band before machine caps are applied; if cap prevents min chipload, suggest a larger tool/less HSM rather than a burn-prone feed","if project settings are in this nominal band, engagement-corrected sim chipload should generally report Within or explain mismatch as calibration gap",optimizer must not lower corrected chip thickness below burn floor to chase cycle time,b,cutter_shop_chip_load_chart;idc_woodcraft_chipload_calculator,https://cutter-shop.com/chip-load-chart/ ; https://idcwoodcraft.com/pages/chipload-calculator,community chart; not operation-specific; use as broad first-shot nominal fz goal
community-chipload-zigzag-hardwood-3.175,community_nominal_chipload,suggest,pocket,roughing,zigzag,flat_end|bull_nose,hardwood,3.175,*,0.076,0.127,10000,20000,roughing DOC must also pass power/deflection; community row only constrains nominal fz,apply radial chip-thinning correction for sim; adaptive target should not burn from too-low chip thickness,,,,,,"feed/(rpm*flutes) inside this nominal community chipload band before machine caps are applied; if cap prevents min chipload, suggest a larger tool/less HSM rather than a burn-prone feed","if project settings are in this nominal band, engagement-corrected sim chipload should generally report Within or explain mismatch as calibration gap",optimizer must not lower corrected chip thickness below burn floor to chase cycle time,b,cutter_shop_chip_load_chart;idc_woodcraft_chipload_calculator,https://cutter-shop.com/chip-load-chart/ ; https://idcwoodcraft.com/pages/chipload-calculator,community chart; not operation-specific; use as broad first-shot nominal fz goal
community-chipload-adaptive3d-hardwood-3.175,community_nominal_chipload,suggest,adaptive,roughing,adaptive3d,flat_end|bull_nose,hardwood,3.175,*,0.076,0.127,10000,20000,roughing DOC must also pass power/deflection; community row only constrains nominal fz,apply radial chip-thinning correction for sim; adaptive target should not burn from too-low chip thickness,,,,,,"feed/(rpm*flutes) inside this nominal community chipload band before machine caps are applied; if cap prevents min chipload, suggest a larger tool/less HSM rather than a burn-prone feed","if project settings are in this nominal band, engagement-corrected sim chipload should generally report Within or explain mismatch as calibration gap",optimizer must not lower corrected chip thickness below burn floor to chase cycle time,b,cutter_shop_chip_load_chart;idc_woodcraft_chipload_calculator,https://cutter-shop.com/chip-load-chart/ ; https://idcwoodcraft.com/pages/chipload-calculator,community chart; not operation-specific; use as broad first-shot nominal fz goal
community-chipload-face-softwood-3.175,community_nominal_chipload,suggest,pocket,roughing,face,flat_end|facing_bit,softwood,3.175,*,0.102,0.152,10000,20000,roughing DOC must also pass power/deflection; community row only constrains nominal fz,apply radial chip-thinning correction for sim; adaptive target should not burn from too-low chip thickness,,,,,,"feed/(rpm*flutes) inside this nominal community chipload band before machine caps are applied; if cap prevents min chipload, suggest a larger tool/less HSM rather than a burn-prone feed","if project settings are in this nominal band, engagement-corrected sim chipload should generally report Within or explain mismatch as calibration gap",optimizer must not lower corrected chip thickness below burn floor to chase cycle time,b,cutter_shop_chip_load_chart;idc_woodcraft_chipload_calculator,https://cutter-shop.com/chip-load-chart/ ; https://idcwoodcraft.com/pages/chipload-calculator,community chart; not operation-specific; use as broad first-shot nominal fz goal
community-chipload-pocket-softwood-3.175,community_nominal_chipload,suggest,pocket,roughing,pocket,flat_end|bull_nose,softwood,3.175,*,0.102,0.152,10000,20000,roughing DOC must also pass power/deflection; community row only constrains nominal fz,apply radial chip-thinning correction for sim; adaptive target should not burn from too-low chip thickness,,,,,,"feed/(rpm*flutes) inside this nominal community chipload band before machine caps are applied; if cap prevents min chipload, suggest a larger tool/less HSM rather than a burn-prone feed","if project settings are in this nominal band, engagement-corrected sim chipload should generally report Within or explain mismatch as calibration gap",optimizer must not lower corrected chip thickness below burn floor to chase cycle time,b,cutter_shop_chip_load_chart;idc_woodcraft_chipload_calculator,https://cutter-shop.com/chip-load-chart/ ; https://idcwoodcraft.com/pages/chipload-calculator,community chart; not operation-specific; use as broad first-shot nominal fz goal
community-chipload-profile-softwood-3.175,community_nominal_chipload,suggest,contour,roughing,profile,flat_end|bull_nose,softwood,3.175,*,0.102,0.152,10000,20000,roughing DOC must also pass power/deflection; community row only constrains nominal fz,apply radial chip-thinning correction for sim; adaptive target should not burn from too-low chip thickness,,,,,,"feed/(rpm*flutes) inside this nominal community chipload band before machine caps are applied; if cap prevents min chipload, suggest a larger tool/less HSM rather than a burn-prone feed","if project settings are in this nominal band, engagement-corrected sim chipload should generally report Within or explain mismatch as calibration gap",optimizer must not lower corrected chip thickness below burn floor to chase cycle time,b,cutter_shop_chip_load_chart;idc_woodcraft_chipload_calculator,https://cutter-shop.com/chip-load-chart/ ; https://idcwoodcraft.com/pages/chipload-calculator,community chart; not operation-specific; use as broad first-shot nominal fz goal
community-chipload-adaptive-softwood-3.175,community_nominal_chipload,suggest,adaptive,roughing,adaptive,flat_end|bull_nose,softwood,3.175,*,0.102,0.152,10000,20000,roughing DOC must also pass power/deflection; community row only constrains nominal fz,apply radial chip-thinning correction for sim; adaptive target should not burn from too-low chip thickness,,,,,,"feed/(rpm*flutes) inside this nominal community chipload band before machine caps are applied; if cap prevents min chipload, suggest a larger tool/less HSM rather than a burn-prone feed","if project settings are in this nominal band, engagement-corrected sim chipload should generally report Within or explain mismatch as calibration gap",optimizer must not lower corrected chip thickness below burn floor to chase cycle time,b,cutter_shop_chip_load_chart;idc_woodcraft_chipload_calculator,https://cutter-shop.com/chip-load-chart/ ; https://idcwoodcraft.com/pages/chipload-calculator,community chart; not operation-specific; use as broad first-shot nominal fz goal
community-chipload-rest-softwood-3.175,community_nominal_chipload,suggest,pocket,roughing,rest,flat_end|bull_nose,softwood,3.175,*,0.102,0.152,10000,20000,roughing DOC must also pass power/deflection; community row only constrains nominal fz,apply radial chip-thinning correction for sim; adaptive target should not burn from too-low chip thickness,,,,,,"feed/(rpm*flutes) inside this nominal community chipload band before machine caps are applied; if cap prevents min chipload, suggest a larger tool/less HSM rather than a burn-prone feed","if project settings are in this nominal band, engagement-corrected sim chipload should generally report Within or explain mismatch as calibration gap",optimizer must not lower corrected chip thickness below burn floor to chase cycle time,b,cutter_shop_chip_load_chart;idc_woodcraft_chipload_calculator,https://cutter-shop.com/chip-load-chart/ ; https://idcwoodcraft.com/pages/chipload-calculator,community chart; not operation-specific; use as broad first-shot nominal fz goal
community-chipload-zigzag-softwood-3.175,community_nominal_chipload,suggest,pocket,roughing,zigzag,flat_end|bull_nose,softwood,3.175,*,0.102,0.152,10000,20000,roughing DOC must also pass power/deflection; community row only constrains nominal fz,apply radial chip-thinning correction for sim; adaptive target should not burn from too-low chip thickness,,,,,,"feed/(rpm*flutes) inside this nominal community chipload band before machine caps are applied; if cap prevents min chipload, suggest a larger tool/less HSM rather than a burn-prone feed","if project settings are in this nominal band, engagement-corrected sim chipload should generally report Within or explain mismatch as calibration gap",optimizer must not lower corrected chip thickness below burn floor to chase cycle time,b,cutter_shop_chip_load_chart;idc_woodcraft_chipload_calculator,https://cutter-shop.com/chip-load-chart/ ; https://idcwoodcraft.com/pages/chipload-calculator,community chart; not operation-specific; use as broad first-shot nominal fz goal
community-chipload-adaptive3d-softwood-3.175,community_nominal_chipload,suggest,adaptive,roughing,adaptive3d,flat_end|bull_nose,softwood,3.175,*,0.102,0.152,10000,20000,roughing DOC must also pass power/deflection; community row only constrains nominal fz,apply radial chip-thinning correction for sim; adaptive target should not burn from too-low chip thickness,,,,,,"feed/(rpm*flutes) inside this nominal community chipload band before machine caps are applied; if cap prevents min chipload, suggest a larger tool/less HSM rather than a burn-prone feed","if project settings are in this nominal band, engagement-corrected sim chipload should generally report Within or explain mismatch as calibration gap",optimizer must not lower corrected chip thickness below burn floor to chase cycle time,b,cutter_shop_chip_load_chart;idc_woodcraft_chipload_calculator,https://cutter-shop.com/chip-load-chart/ ; https://idcwoodcraft.com/pages/chipload-calculator,community chart; not operation-specific; use as broad first-shot nominal fz goal
community-chipload-face-plywood_softwood-3.175,community_nominal_chipload,suggest,pocket,roughing,face,flat_end|facing_bit,plywood_softwood,3.175,*,0.102,0.152,10000,20000,roughing DOC must also pass power/deflection; community row only constrains nominal fz,apply radial chip-thinning correction for sim; adaptive target should not burn from too-low chip thickness,,,,,,"feed/(rpm*flutes) inside this nominal community chipload band before machine caps are applied; if cap prevents min chipload, suggest a larger tool/less HSM rather than a burn-prone feed","if project settings are in this nominal band, engagement-corrected sim chipload should generally report Within or explain mismatch as calibration gap",optimizer must not lower corrected chip thickness below burn floor to chase cycle time,b,cutter_shop_chip_load_chart;idc_woodcraft_chipload_calculator,https://cutter-shop.com/chip-load-chart/ ; https://idcwoodcraft.com/pages/chipload-calculator,community chart; not operation-specific; use as broad first-shot nominal fz goal
community-chipload-pocket-plywood_softwood-3.175,community_nominal_chipload,suggest,pocket,roughing,pocket,flat_end|bull_nose,plywood_softwood,3.175,*,0.102,0.152,10000,20000,roughing DOC must also pass power/deflection; community row only constrains nominal fz,apply radial chip-thinning correction for sim; adaptive target should not burn from too-low chip thickness,,,,,,"feed/(rpm*flutes) inside this nominal community chipload band before machine caps are applied; if cap prevents min chipload, suggest a larger tool/less HSM rather than a burn-prone feed","if project settings are in this nominal band, engagement-corrected sim chipload should generally report Within or explain mismatch as calibration gap",optimizer must not lower corrected chip thickness below burn floor to chase cycle time,b,cutter_shop_chip_load_chart;idc_woodcraft_chipload_calculator,https://cutter-shop.com/chip-load-chart/ ; https://idcwoodcraft.com/pages/chipload-calculator,community chart; not operation-specific; use as broad first-shot nominal fz goal
community-chipload-profile-plywood_softwood-3.175,community_nominal_chipload,suggest,contour,roughing,profile,flat_end|bull_nose,plywood_softwood,3.175,*,0.102,0.152,10000,20000,roughing DOC must also pass power/deflection; community row only constrains nominal fz,apply radial chip-thinning correction for sim; adaptive target should not burn from too-low chip thickness,,,,,,"feed/(rpm*flutes) inside this nominal community chipload band before machine caps are applied; if cap prevents min chipload, suggest a larger tool/less HSM rather than a burn-prone feed","if project settings are in this nominal band, engagement-corrected sim chipload should generally report Within or explain mismatch as calibration gap",optimizer must not lower corrected chip thickness below burn floor to chase cycle time,b,cutter_shop_chip_load_chart;idc_woodcraft_chipload_calculator,https://cutter-shop.com/chip-load-chart/ ; https://idcwoodcraft.com/pages/chipload-calculator,community chart; not operation-specific; use as broad first-shot nominal fz goal
community-chipload-adaptive-plywood_softwood-3.175,community_nominal_chipload,suggest,adaptive,roughing,adaptive,flat_end|bull_nose,plywood_softwood,3.175,*,0.102,0.152,10000,20000,roughing DOC must also pass power/deflection; community row only constrains nominal fz,apply radial chip-thinning correction for sim; adaptive target should not burn from too-low chip thickness,,,,,,"feed/(rpm*flutes) inside this nominal community chipload band before machine caps are applied; if cap prevents min chipload, suggest a larger tool/less HSM rather than a burn-prone feed","if project settings are in this nominal band, engagement-corrected sim chipload should generally report Within or explain mismatch as calibration gap",optimizer must not lower corrected chip thickness below burn floor to chase cycle time,b,cutter_shop_chip_load_chart;idc_woodcraft_chipload_calculator,https://cutter-shop.com/chip-load-chart/ ; https://idcwoodcraft.com/pages/chipload-calculator,community chart; not operation-specific; use as broad first-shot nominal fz goal
community-chipload-rest-plywood_softwood-3.175,community_nominal_chipload,suggest,pocket,roughing,rest,flat_end|bull_nose,plywood_softwood,3.175,*,0.102,0.152,10000,20000,roughing DOC must also pass power/deflection; community row only constrains nominal fz,apply radial chip-thinning correction for sim; adaptive target should not burn from too-low chip thickness,,,,,,"feed/(rpm*flutes) inside this nominal community chipload band before machine caps are applied; if cap prevents min chipload, suggest a larger tool/less HSM rather than a burn-prone feed","if project settings are in this nominal band, engagement-corrected sim chipload should generally report Within or explain mismatch as calibration gap",optimizer must not lower corrected chip thickness below burn floor to chase cycle time,b,cutter_shop_chip_load_chart;idc_woodcraft_chipload_calculator,https://cutter-shop.com/chip-load-chart/ ; https://idcwoodcraft.com/pages/chipload-calculator,community chart; not operation-specific; use as broad first-shot nominal fz goal
community-chipload-zigzag-plywood_softwood-3.175,community_nominal_chipload,suggest,pocket,roughing,zigzag,flat_end|bull_nose,plywood_softwood,3.175,*,0.102,0.152,10000,20000,roughing DOC must also pass power/deflection; community row only constrains nominal fz,apply radial chip-thinning correction for sim; adaptive target should not burn from too-low chip thickness,,,,,,"feed/(rpm*flutes) inside this nominal community chipload band before machine caps are applied; if cap prevents min chipload, suggest a larger tool/less HSM rather than a burn-prone feed","if project settings are in this nominal band, engagement-corrected sim chipload should generally report Within or explain mismatch as calibration gap",optimizer must not lower corrected chip thickness below burn floor to chase cycle time,b,cutter_shop_chip_load_chart;idc_woodcraft_chipload_calculator,https://cutter-shop.com/chip-load-chart/ ; https://idcwoodcraft.com/pages/chipload-calculator,community chart; not operation-specific; use as broad first-shot nominal fz goal
community-chipload-adaptive3d-plywood_softwood-3.175,community_nominal_chipload,suggest,adaptive,roughing,adaptive3d,flat_end|bull_nose,plywood_softwood,3.175,*,0.102,0.152,10000,20000,roughing DOC must also pass power/deflection; community row only constrains nominal fz,apply radial chip-thinning correction for sim; adaptive target should not burn from too-low chip thickness,,,,,,"feed/(rpm*flutes) inside this nominal community chipload band before machine caps are applied; if cap prevents min chipload, suggest a larger tool/less HSM rather than a burn-prone feed","if project settings are in this nominal band, engagement-corrected sim chipload should generally report Within or explain mismatch as calibration gap",optimizer must not lower corrected chip thickness below burn floor to chase cycle time,b,cutter_shop_chip_load_chart;idc_woodcraft_chipload_calculator,https://cutter-shop.com/chip-load-chart/ ; https://idcwoodcraft.com/pages/chipload-calculator,community chart; not operation-specific; use as broad first-shot nominal fz goal
community-chipload-face-plywood_hardwood-3.175,community_nominal_chipload,suggest,pocket,roughing,face,flat_end|facing_bit,plywood_hardwood,3.175,*,0.102,0.152,10000,20000,roughing DOC must also pass power/deflection; community row only constrains nominal fz,apply radial chip-thinning correction for sim; adaptive target should not burn from too-low chip thickness,,,,,,"feed/(rpm*flutes) inside this nominal community chipload band before machine caps are applied; if cap prevents min chipload, suggest a larger tool/less HSM rather than a burn-prone feed","if project settings are in this nominal band, engagement-corrected sim chipload should generally report Within or explain mismatch as calibration gap",optimizer must not lower corrected chip thickness below burn floor to chase cycle time,b,cutter_shop_chip_load_chart;idc_woodcraft_chipload_calculator,https://cutter-shop.com/chip-load-chart/ ; https://idcwoodcraft.com/pages/chipload-calculator,community chart; not operation-specific; use as broad first-shot nominal fz goal
community-chipload-pocket-plywood_hardwood-3.175,community_nominal_chipload,suggest,pocket,roughing,pocket,flat_end|bull_nose,plywood_hardwood,3.175,*,0.102,0.152,10000,20000,roughing DOC must also pass power/deflection; community row only constrains nominal fz,apply radial chip-thinning correction for sim; adaptive target should not burn from too-low chip thickness,,,,,,"feed/(rpm*flutes) inside this nominal community chipload band before machine caps are applied; if cap prevents min chipload, suggest a larger tool/less HSM rather than a burn-prone feed","if project settings are in this nominal band, engagement-corrected sim chipload should generally report Within or explain mismatch as calibration gap",optimizer must not lower corrected chip thickness below burn floor to chase cycle time,b,cutter_shop_chip_load_chart;idc_woodcraft_chipload_calculator,https://cutter-shop.com/chip-load-chart/ ; https://idcwoodcraft.com/pages/chipload-calculator,community chart; not operation-specific; use as broad first-shot nominal fz goal
community-chipload-profile-plywood_hardwood-3.175,community_nominal_chipload,suggest,contour,roughing,profile,flat_end|bull_nose,plywood_hardwood,3.175,*,0.102,0.152,10000,20000,roughing DOC must also pass power/deflection; community row only constrains nominal fz,apply radial chip-thinning correction for sim; adaptive target should not burn from too-low chip thickness,,,,,,"feed/(rpm*flutes) inside this nominal community chipload band before machine caps are applied; if cap prevents min chipload, suggest a larger tool/less HSM rather than a burn-prone feed","if project settings are in this nominal band, engagement-corrected sim chipload should generally report Within or explain mismatch as calibration gap",optimizer must not lower corrected chip thickness below burn floor to chase cycle time,b,cutter_shop_chip_load_chart;idc_woodcraft_chipload_calculator,https://cutter-shop.com/chip-load-chart/ ; https://idcwoodcraft.com/pages/chipload-calculator,community chart; not operation-specific; use as broad first-shot nominal fz goal
community-chipload-adaptive-plywood_hardwood-3.175,community_nominal_chipload,suggest,adaptive,roughing,adaptive,flat_end|bull_nose,plywood_hardwood,3.175,*,0.102,0.152,10000,20000,roughing DOC must also pass power/deflection; community row only constrains nominal fz,apply radial chip-thinning correction for sim; adaptive target should not burn from too-low chip thickness,,,,,,"feed/(rpm*flutes) inside this nominal community chipload band before machine caps are applied; if cap prevents min chipload, suggest a larger tool/less HSM rather than a burn-prone feed","if project settings are in this nominal band, engagement-corrected sim chipload should generally report Within or explain mismatch as calibration gap",optimizer must not lower corrected chip thickness below burn floor to chase cycle time,b,cutter_shop_chip_load_chart;idc_woodcraft_chipload_calculator,https://cutter-shop.com/chip-load-chart/ ; https://idcwoodcraft.com/pages/chipload-calculator,community chart; not operation-specific; use as broad first-shot nominal fz goal
community-chipload-rest-plywood_hardwood-3.175,community_nominal_chipload,suggest,pocket,roughing,rest,flat_end|bull_nose,plywood_hardwood,3.175,*,0.102,0.152,10000,20000,roughing DOC must also pass power/deflection; community row only constrains nominal fz,apply radial chip-thinning correction for sim; adaptive target should not burn from too-low chip thickness,,,,,,"feed/(rpm*flutes) inside this nominal community chipload band before machine caps are applied; if cap prevents min chipload, suggest a larger tool/less HSM rather than a burn-prone feed","if project settings are in this nominal band, engagement-corrected sim chipload should generally report Within or explain mismatch as calibration gap",optimizer must not lower corrected chip thickness below burn floor to chase cycle time,b,cutter_shop_chip_load_chart;idc_woodcraft_chipload_calculator,https://cutter-shop.com/chip-load-chart/ ; https://idcwoodcraft.com/pages/chipload-calculator,community chart; not operation-specific; use as broad first-shot nominal fz goal
community-chipload-zigzag-plywood_hardwood-3.175,community_nominal_chipload,suggest,pocket,roughing,zigzag,flat_end|bull_nose,plywood_hardwood,3.175,*,0.102,0.152,10000,20000,roughing DOC must also pass power/deflection; community row only constrains nominal fz,apply radial chip-thinning correction for sim; adaptive target should not burn from too-low chip thickness,,,,,,"feed/(rpm*flutes) inside this nominal community chipload band before machine caps are applied; if cap prevents min chipload, suggest a larger tool/less HSM rather than a burn-prone feed","if project settings are in this nominal band, engagement-corrected sim chipload should generally report Within or explain mismatch as calibration gap",optimizer must not lower corrected chip thickness below burn floor to chase cycle time,b,cutter_shop_chip_load_chart;idc_woodcraft_chipload_calculator,https://cutter-shop.com/chip-load-chart/ ; https://idcwoodcraft.com/pages/chipload-calculator,community chart; not operation-specific; use as broad first-shot nominal fz goal
community-chipload-adaptive3d-plywood_hardwood-3.175,community_nominal_chipload,suggest,adaptive,roughing,adaptive3d,flat_end|bull_nose,plywood_hardwood,3.175,*,0.102,0.152,10000,20000,roughing DOC must also pass power/deflection; community row only constrains nominal fz,apply radial chip-thinning correction for sim; adaptive target should not burn from too-low chip thickness,,,,,,"feed/(rpm*flutes) inside this nominal community chipload band before machine caps are applied; if cap prevents min chipload, suggest a larger tool/less HSM rather than a burn-prone feed","if project settings are in this nominal band, engagement-corrected sim chipload should generally report Within or explain mismatch as calibration gap",optimizer must not lower corrected chip thickness below burn floor to chase cycle time,b,cutter_shop_chip_load_chart;idc_woodcraft_chipload_calculator,https://cutter-shop.com/chip-load-chart/ ; https://idcwoodcraft.com/pages/chipload-calculator,community chart; not operation-specific; use as broad first-shot nominal fz goal
community-chipload-face-mdf-3.175,community_nominal_chipload,suggest,pocket,roughing,face,flat_end|facing_bit,mdf,3.175,*,0.102,0.178,10000,20000,roughing DOC must also pass power/deflection; community row only constrains nominal fz,apply radial chip-thinning correction for sim; adaptive target should not burn from too-low chip thickness,,,,,,"feed/(rpm*flutes) inside this nominal community chipload band before machine caps are applied; if cap prevents min chipload, suggest a larger tool/less HSM rather than a burn-prone feed","if project settings are in this nominal band, engagement-corrected sim chipload should generally report Within or explain mismatch as calibration gap",optimizer must not lower corrected chip thickness below burn floor to chase cycle time,b,cutter_shop_chip_load_chart;idc_woodcraft_chipload_calculator,https://cutter-shop.com/chip-load-chart/ ; https://idcwoodcraft.com/pages/chipload-calculator,community chart; not operation-specific; use as broad first-shot nominal fz goal
community-chipload-pocket-mdf-3.175,community_nominal_chipload,suggest,pocket,roughing,pocket,flat_end|bull_nose,mdf,3.175,*,0.102,0.178,10000,20000,roughing DOC must also pass power/deflection; community row only constrains nominal fz,apply radial chip-thinning correction for sim; adaptive target should not burn from too-low chip thickness,,,,,,"feed/(rpm*flutes) inside this nominal community chipload band before machine caps are applied; if cap prevents min chipload, suggest a larger tool/less HSM rather than a burn-prone feed","if project settings are in this nominal band, engagement-corrected sim chipload should generally report Within or explain mismatch as calibration gap",optimizer must not lower corrected chip thickness below burn floor to chase cycle time,b,cutter_shop_chip_load_chart;idc_woodcraft_chipload_calculator,https://cutter-shop.com/chip-load-chart/ ; https://idcwoodcraft.com/pages/chipload-calculator,community chart; not operation-specific; use as broad first-shot nominal fz goal
community-chipload-profile-mdf-3.175,community_nominal_chipload,suggest,contour,roughing,profile,flat_end|bull_nose,mdf,3.175,*,0.102,0.178,10000,20000,roughing DOC must also pass power/deflection; community row only constrains nominal fz,apply radial chip-thinning correction for sim; adaptive target should not burn from too-low chip thickness,,,,,,"feed/(rpm*flutes) inside this nominal community chipload band before machine caps are applied; if cap prevents min chipload, suggest a larger tool/less HSM rather than a burn-prone feed","if project settings are in this nominal band, engagement-corrected sim chipload should generally report Within or explain mismatch as calibration gap",optimizer must not lower corrected chip thickness below burn floor to chase cycle time,b,cutter_shop_chip_load_chart;idc_woodcraft_chipload_calculator,https://cutter-shop.com/chip-load-chart/ ; https://idcwoodcraft.com/pages/chipload-calculator,community chart; not operation-specific; use as broad first-shot nominal fz goal
community-chipload-adaptive-mdf-3.175,community_nominal_chipload,suggest,adaptive,roughing,adaptive,flat_end|bull_nose,mdf,3.175,*,0.102,0.178,10000,20000,roughing DOC must also pass power/deflection; community row only constrains nominal fz,apply radial chip-thinning correction for sim; adaptive target should not burn from too-low chip thickness,,,,,,"feed/(rpm*flutes) inside this nominal community chipload band before machine caps are applied; if cap prevents min chipload, suggest a larger tool/less HSM rather than a burn-prone feed","if project settings are in this nominal band, engagement-corrected sim chipload should generally report Within or explain mismatch as calibration gap",optimizer must not lower corrected chip thickness below burn floor to chase cycle time,b,cutter_shop_chip_load_chart;idc_woodcraft_chipload_calculator,https://cutter-shop.com/chip-load-chart/ ; https://idcwoodcraft.com/pages/chipload-calculator,community chart; not operation-specific; use as broad first-shot nominal fz goal
community-chipload-rest-mdf-3.175,community_nominal_chipload,suggest,pocket,roughing,rest,flat_end|bull_nose,mdf,3.175,*,0.102,0.178,10000,20000,roughing DOC must also pass power/deflection; community row only constrains nominal fz,apply radial chip-thinning correction for sim; adaptive target should not burn from too-low chip thickness,,,,,,"feed/(rpm*flutes) inside this nominal community chipload band before machine caps are applied; if cap prevents min chipload, suggest a larger tool/less HSM rather than a burn-prone feed","if project settings are in this nominal band, engagement-corrected sim chipload should generally report Within or explain mismatch as calibration gap",optimizer must not lower corrected chip thickness below burn floor to chase cycle time,b,cutter_shop_chip_load_chart;idc_woodcraft_chipload_calculator,https://cutter-shop.com/chip-load-chart/ ; https://idcwoodcraft.com/pages/chipload-calculator,community chart; not operation-specific; use as broad first-shot nominal fz goal
community-chipload-zigzag-mdf-3.175,community_nominal_chipload,suggest,pocket,roughing,zigzag,flat_end|bull_nose,mdf,3.175,*,0.102,0.178,10000,20000,roughing DOC must also pass power/deflection; community row only constrains nominal fz,apply radial chip-thinning correction for sim; adaptive target should not burn from too-low chip thickness,,,,,,"feed/(rpm*flutes) inside this nominal community chipload band before machine caps are applied; if cap prevents min chipload, suggest a larger tool/less HSM rather than a burn-prone feed","if project settings are in this nominal band, engagement-corrected sim chipload should generally report Within or explain mismatch as calibration gap",optimizer must not lower corrected chip thickness below burn floor to chase cycle time,b,cutter_shop_chip_load_chart;idc_woodcraft_chipload_calculator,https://cutter-shop.com/chip-load-chart/ ; https://idcwoodcraft.com/pages/chipload-calculator,community chart; not operation-specific; use as broad first-shot nominal fz goal
community-chipload-adaptive3d-mdf-3.175,community_nominal_chipload,suggest,adaptive,roughing,adaptive3d,flat_end|bull_nose,mdf,3.175,*,0.102,0.178,10000,20000,roughing DOC must also pass power/deflection; community row only constrains nominal fz,apply radial chip-thinning correction for sim; adaptive target should not burn from too-low chip thickness,,,,,,"feed/(rpm*flutes) inside this nominal community chipload band before machine caps are applied; if cap prevents min chipload, suggest a larger tool/less HSM rather than a burn-prone feed","if project settings are in this nominal band, engagement-corrected sim chipload should generally report Within or explain mismatch as calibration gap",optimizer must not lower corrected chip thickness below burn floor to chase cycle time,b,cutter_shop_chip_load_chart;idc_woodcraft_chipload_calculator,https://cutter-shop.com/chip-load-chart/ ; https://idcwoodcraft.com/pages/chipload-calculator,community chart; not operation-specific; use as broad first-shot nominal fz goal
community-chipload-face-hardwood-6.35,community_nominal_chipload,suggest,pocket,roughing,face,flat_end|facing_bit,hardwood,6.35,*,0.229,0.279,10000,20000,roughing DOC must also pass power/deflection; community row only constrains nominal fz,apply radial chip-thinning correction for sim; adaptive target should not burn from too-low chip thickness,,,,,,"feed/(rpm*flutes) inside this nominal community chipload band before machine caps are applied; if cap prevents min chipload, suggest a larger tool/less HSM rather than a burn-prone feed","if project settings are in this nominal band, engagement-corrected sim chipload should generally report Within or explain mismatch as calibration gap",optimizer must not lower corrected chip thickness below burn floor to chase cycle time,b,cutter_shop_chip_load_chart;idc_woodcraft_chipload_calculator,https://cutter-shop.com/chip-load-chart/ ; https://idcwoodcraft.com/pages/chipload-calculator,community chart; not operation-specific; use as broad first-shot nominal fz goal
community-chipload-pocket-hardwood-6.35,community_nominal_chipload,suggest,pocket,roughing,pocket,flat_end|bull_nose,hardwood,6.35,*,0.229,0.279,10000,20000,roughing DOC must also pass power/deflection; community row only constrains nominal fz,apply radial chip-thinning correction for sim; adaptive target should not burn from too-low chip thickness,,,,,,"feed/(rpm*flutes) inside this nominal community chipload band before machine caps are applied; if cap prevents min chipload, suggest a larger tool/less HSM rather than a burn-prone feed","if project settings are in this nominal band, engagement-corrected sim chipload should generally report Within or explain mismatch as calibration gap",optimizer must not lower corrected chip thickness below burn floor to chase cycle time,b,cutter_shop_chip_load_chart;idc_woodcraft_chipload_calculator,https://cutter-shop.com/chip-load-chart/ ; https://idcwoodcraft.com/pages/chipload-calculator,community chart; not operation-specific; use as broad first-shot nominal fz goal
community-chipload-profile-hardwood-6.35,community_nominal_chipload,suggest,contour,roughing,profile,flat_end|bull_nose,hardwood,6.35,*,0.229,0.279,10000,20000,roughing DOC must also pass power/deflection; community row only constrains nominal fz,apply radial chip-thinning correction for sim; adaptive target should not burn from too-low chip thickness,,,,,,"feed/(rpm*flutes) inside this nominal community chipload band before machine caps are applied; if cap prevents min chipload, suggest a larger tool/less HSM rather than a burn-prone feed","if project settings are in this nominal band, engagement-corrected sim chipload should generally report Within or explain mismatch as calibration gap",optimizer must not lower corrected chip thickness below burn floor to chase cycle time,b,cutter_shop_chip_load_chart;idc_woodcraft_chipload_calculator,https://cutter-shop.com/chip-load-chart/ ; https://idcwoodcraft.com/pages/chipload-calculator,community chart; not operation-specific; use as broad first-shot nominal fz goal
community-chipload-adaptive-hardwood-6.35,community_nominal_chipload,suggest,adaptive,roughing,adaptive,flat_end|bull_nose,hardwood,6.35,*,0.229,0.279,10000,20000,roughing DOC must also pass power/deflection; community row only constrains nominal fz,apply radial chip-thinning correction for sim; adaptive target should not burn from too-low chip thickness,,,,,,"feed/(rpm*flutes) inside this nominal community chipload band before machine caps are applied; if cap prevents min chipload, suggest a larger tool/less HSM rather than a burn-prone feed","if project settings are in this nominal band, engagement-corrected sim chipload should generally report Within or explain mismatch as calibration gap",optimizer must not lower corrected chip thickness below burn floor to chase cycle time,b,cutter_shop_chip_load_chart;idc_woodcraft_chipload_calculator,https://cutter-shop.com/chip-load-chart/ ; https://idcwoodcraft.com/pages/chipload-calculator,community chart; not operation-specific; use as broad first-shot nominal fz goal
community-chipload-rest-hardwood-6.35,community_nominal_chipload,suggest,pocket,roughing,rest,flat_end|bull_nose,hardwood,6.35,*,0.229,0.279,10000,20000,roughing DOC must also pass power/deflection; community row only constrains nominal fz,apply radial chip-thinning correction for sim; adaptive target should not burn from too-low chip thickness,,,,,,"feed/(rpm*flutes) inside this nominal community chipload band before machine caps are applied; if cap prevents min chipload, suggest a larger tool/less HSM rather than a burn-prone feed","if project settings are in this nominal band, engagement-corrected sim chipload should generally report Within or explain mismatch as calibration gap",optimizer must not lower corrected chip thickness below burn floor to chase cycle time,b,cutter_shop_chip_load_chart;idc_woodcraft_chipload_calculator,https://cutter-shop.com/chip-load-chart/ ; https://idcwoodcraft.com/pages/chipload-calculator,community chart; not operation-specific; use as broad first-shot nominal fz goal
community-chipload-zigzag-hardwood-6.35,community_nominal_chipload,suggest,pocket,roughing,zigzag,flat_end|bull_nose,hardwood,6.35,*,0.229,0.279,10000,20000,roughing DOC must also pass power/deflection; community row only constrains nominal fz,apply radial chip-thinning correction for sim; adaptive target should not burn from too-low chip thickness,,,,,,"feed/(rpm*flutes) inside this nominal community chipload band before machine caps are applied; if cap prevents min chipload, suggest a larger tool/less HSM rather than a burn-prone feed","if project settings are in this nominal band, engagement-corrected sim chipload should generally report Within or explain mismatch as calibration gap",optimizer must not lower corrected chip thickness below burn floor to chase cycle time,b,cutter_shop_chip_load_chart;idc_woodcraft_chipload_calculator,https://cutter-shop.com/chip-load-chart/ ; https://idcwoodcraft.com/pages/chipload-calculator,community chart; not operation-specific; use as broad first-shot nominal fz goal
community-chipload-adaptive3d-hardwood-6.35,community_nominal_chipload,suggest,adaptive,roughing,adaptive3d,flat_end|bull_nose,hardwood,6.35,*,0.229,0.279,10000,20000,roughing DOC must also pass power/deflection; community row only constrains nominal fz,apply radial chip-thinning correction for sim; adaptive target should not burn from too-low chip thickness,,,,,,"feed/(rpm*flutes) inside this nominal community chipload band before machine caps are applied; if cap prevents min chipload, suggest a larger tool/less HSM rather than a burn-prone feed","if project settings are in this nominal band, engagement-corrected sim chipload should generally report Within or explain mismatch as calibration gap",optimizer must not lower corrected chip thickness below burn floor to chase cycle time,b,cutter_shop_chip_load_chart;idc_woodcraft_chipload_calculator,https://cutter-shop.com/chip-load-chart/ ; https://idcwoodcraft.com/pages/chipload-calculator,community chart; not operation-specific; use as broad first-shot nominal fz goal
community-effective-dia-trace-hardwood-6.35,community_effective_diameter_chipload,suggest+sim,trace,finish,trace,v_bit|chamfer_vbit|tapered_ball_nose|flat_end,hardwood,6.35,*,0.229,0.279,10000,20000,effective cutting diameter must be computed from actual depth/profile before comparing,,,,,,,use effective engaged diameter as a sanity band; do not claim high-confidence vendor accuracy for V-bit chipload without a V-bit source row,chipload gate may be advisory unless exact V-bit vendor LUT exists,feed/RPM-only optimizer changes must be conservative and may refuse when effective diameter is ambiguous,c,carbide3d_community_vbit_discussion;cutter_shop_chip_load_chart,https://community.carbide3d.com/t/feeds-and-speeds-guide/17048 ; https://cutter-shop.com/chip-load-chart/,community rule-of-thumb; V-bit chipload is depth-dependent and lower confidence
community-effective-dia-v_carve-hardwood-6.35,community_effective_diameter_chipload,suggest+sim,trace,finish,v_carve,v_bit|chamfer_vbit|tapered_ball_nose|flat_end,hardwood,6.35,*,0.229,0.279,10000,20000,effective cutting diameter must be computed from actual depth/profile before comparing,,,,,,,use effective engaged diameter as a sanity band; do not claim high-confidence vendor accuracy for V-bit chipload without a V-bit source row,chipload gate may be advisory unless exact V-bit vendor LUT exists,feed/RPM-only optimizer changes must be conservative and may refuse when effective diameter is ambiguous,c,carbide3d_community_vbit_discussion;cutter_shop_chip_load_chart,https://community.carbide3d.com/t/feeds-and-speeds-guide/17048 ; https://cutter-shop.com/chip-load-chart/,community rule-of-thumb; V-bit chipload is depth-dependent and lower confidence
community-effective-dia-inlay-hardwood-6.35,community_effective_diameter_chipload,suggest+sim,trace,finish,inlay,v_bit|chamfer_vbit|tapered_ball_nose|flat_end,hardwood,6.35,*,0.229,0.279,10000,20000,effective cutting diameter must be computed from actual depth/profile before comparing,,,,,,,use effective engaged diameter as a sanity band; do not claim high-confidence vendor accuracy for V-bit chipload without a V-bit source row,chipload gate may be advisory unless exact V-bit vendor LUT exists,feed/RPM-only optimizer changes must be conservative and may refuse when effective diameter is ambiguous,c,carbide3d_community_vbit_discussion;cutter_shop_chip_load_chart,https://community.carbide3d.com/t/feeds-and-speeds-guide/17048 ; https://cutter-shop.com/chip-load-chart/,community rule-of-thumb; V-bit chipload is depth-dependent and lower confidence
community-effective-dia-chamfer-hardwood-6.35,community_effective_diameter_chipload,suggest+sim,trace,finish,chamfer,v_bit|chamfer_vbit|tapered_ball_nose|flat_end,hardwood,6.35,*,0.229,0.279,10000,20000,effective cutting diameter must be computed from actual depth/profile before comparing,,,,,,,use effective engaged diameter as a sanity band; do not claim high-confidence vendor accuracy for V-bit chipload without a V-bit source row,chipload gate may be advisory unless exact V-bit vendor LUT exists,feed/RPM-only optimizer changes must be conservative and may refuse when effective diameter is ambiguous,c,carbide3d_community_vbit_discussion;cutter_shop_chip_load_chart,https://community.carbide3d.com/t/feeds-and-speeds-guide/17048 ; https://cutter-shop.com/chip-load-chart/,community rule-of-thumb; V-bit chipload is depth-dependent and lower confidence
community-effective-dia-project_curve-hardwood-6.35,community_effective_diameter_chipload,suggest+sim,trace,finish,project_curve,v_bit|chamfer_vbit|tapered_ball_nose|flat_end,hardwood,6.35,*,0.229,0.279,10000,20000,effective cutting diameter must be computed from actual depth/profile before comparing,,,,,,,use effective engaged diameter as a sanity band; do not claim high-confidence vendor accuracy for V-bit chipload without a V-bit source row,chipload gate may be advisory unless exact V-bit vendor LUT exists,feed/RPM-only optimizer changes must be conservative and may refuse when effective diameter is ambiguous,c,carbide3d_community_vbit_discussion;cutter_shop_chip_load_chart,https://community.carbide3d.com/t/feeds-and-speeds-guide/17048 ; https://cutter-shop.com/chip-load-chart/,community rule-of-thumb; V-bit chipload is depth-dependent and lower confidence
community-chipload-face-softwood-6.35,community_nominal_chipload,suggest,pocket,roughing,face,flat_end|facing_bit,softwood,6.35,*,0.279,0.33,10000,20000,roughing DOC must also pass power/deflection; community row only constrains nominal fz,apply radial chip-thinning correction for sim; adaptive target should not burn from too-low chip thickness,,,,,,"feed/(rpm*flutes) inside this nominal community chipload band before machine caps are applied; if cap prevents min chipload, suggest a larger tool/less HSM rather than a burn-prone feed","if project settings are in this nominal band, engagement-corrected sim chipload should generally report Within or explain mismatch as calibration gap",optimizer must not lower corrected chip thickness below burn floor to chase cycle time,b,cutter_shop_chip_load_chart;idc_woodcraft_chipload_calculator,https://cutter-shop.com/chip-load-chart/ ; https://idcwoodcraft.com/pages/chipload-calculator,community chart; not operation-specific; use as broad first-shot nominal fz goal
community-chipload-pocket-softwood-6.35,community_nominal_chipload,suggest,pocket,roughing,pocket,flat_end|bull_nose,softwood,6.35,*,0.279,0.33,10000,20000,roughing DOC must also pass power/deflection; community row only constrains nominal fz,apply radial chip-thinning correction for sim; adaptive target should not burn from too-low chip thickness,,,,,,"feed/(rpm*flutes) inside this nominal community chipload band before machine caps are applied; if cap prevents min chipload, suggest a larger tool/less HSM rather than a burn-prone feed","if project settings are in this nominal band, engagement-corrected sim chipload should generally report Within or explain mismatch as calibration gap",optimizer must not lower corrected chip thickness below burn floor to chase cycle time,b,cutter_shop_chip_load_chart;idc_woodcraft_chipload_calculator,https://cutter-shop.com/chip-load-chart/ ; https://idcwoodcraft.com/pages/chipload-calculator,community chart; not operation-specific; use as broad first-shot nominal fz goal
community-chipload-profile-softwood-6.35,community_nominal_chipload,suggest,contour,roughing,profile,flat_end|bull_nose,softwood,6.35,*,0.279,0.33,10000,20000,roughing DOC must also pass power/deflection; community row only constrains nominal fz,apply radial chip-thinning correction for sim; adaptive target should not burn from too-low chip thickness,,,,,,"feed/(rpm*flutes) inside this nominal community chipload band before machine caps are applied; if cap prevents min chipload, suggest a larger tool/less HSM rather than a burn-prone feed","if project settings are in this nominal band, engagement-corrected sim chipload should generally report Within or explain mismatch as calibration gap",optimizer must not lower corrected chip thickness below burn floor to chase cycle time,b,cutter_shop_chip_load_chart;idc_woodcraft_chipload_calculator,https://cutter-shop.com/chip-load-chart/ ; https://idcwoodcraft.com/pages/chipload-calculator,community chart; not operation-specific; use as broad first-shot nominal fz goal
community-chipload-adaptive-softwood-6.35,community_nominal_chipload,suggest,adaptive,roughing,adaptive,flat_end|bull_nose,softwood,6.35,*,0.279,0.33,10000,20000,roughing DOC must also pass power/deflection; community row only constrains nominal fz,apply radial chip-thinning correction for sim; adaptive target should not burn from too-low chip thickness,,,,,,"feed/(rpm*flutes) inside this nominal community chipload band before machine caps are applied; if cap prevents min chipload, suggest a larger tool/less HSM rather than a burn-prone feed","if project settings are in this nominal band, engagement-corrected sim chipload should generally report Within or explain mismatch as calibration gap",optimizer must not lower corrected chip thickness below burn floor to chase cycle time,b,cutter_shop_chip_load_chart;idc_woodcraft_chipload_calculator,https://cutter-shop.com/chip-load-chart/ ; https://idcwoodcraft.com/pages/chipload-calculator,community chart; not operation-specific; use as broad first-shot nominal fz goal
community-chipload-rest-softwood-6.35,community_nominal_chipload,suggest,pocket,roughing,rest,flat_end|bull_nose,softwood,6.35,*,0.279,0.33,10000,20000,roughing DOC must also pass power/deflection; community row only constrains nominal fz,apply radial chip-thinning correction for sim; adaptive target should not burn from too-low chip thickness,,,,,,"feed/(rpm*flutes) inside this nominal community chipload band before machine caps are applied; if cap prevents min chipload, suggest a larger tool/less HSM rather than a burn-prone feed","if project settings are in this nominal band, engagement-corrected sim chipload should generally report Within or explain mismatch as calibration gap",optimizer must not lower corrected chip thickness below burn floor to chase cycle time,b,cutter_shop_chip_load_chart;idc_woodcraft_chipload_calculator,https://cutter-shop.com/chip-load-chart/ ; https://idcwoodcraft.com/pages/chipload-calculator,community chart; not operation-specific; use as broad first-shot nominal fz goal
community-chipload-zigzag-softwood-6.35,community_nominal_chipload,suggest,pocket,roughing,zigzag,flat_end|bull_nose,softwood,6.35,*,0.279,0.33,10000,20000,roughing DOC must also pass power/deflection; community row only constrains nominal fz,apply radial chip-thinning correction for sim; adaptive target should not burn from too-low chip thickness,,,,,,"feed/(rpm*flutes) inside this nominal community chipload band before machine caps are applied; if cap prevents min chipload, suggest a larger tool/less HSM rather than a burn-prone feed","if project settings are in this nominal band, engagement-corrected sim chipload should generally report Within or explain mismatch as calibration gap",optimizer must not lower corrected chip thickness below burn floor to chase cycle time,b,cutter_shop_chip_load_chart;idc_woodcraft_chipload_calculator,https://cutter-shop.com/chip-load-chart/ ; https://idcwoodcraft.com/pages/chipload-calculator,community chart; not operation-specific; use as broad first-shot nominal fz goal
community-chipload-adaptive3d-softwood-6.35,community_nominal_chipload,suggest,adaptive,roughing,adaptive3d,flat_end|bull_nose,softwood,6.35,*,0.279,0.33,10000,20000,roughing DOC must also pass power/deflection; community row only constrains nominal fz,apply radial chip-thinning correction for sim; adaptive target should not burn from too-low chip thickness,,,,,,"feed/(rpm*flutes) inside this nominal community chipload band before machine caps are applied; if cap prevents min chipload, suggest a larger tool/less HSM rather than a burn-prone feed","if project settings are in this nominal band, engagement-corrected sim chipload should generally report Within or explain mismatch as calibration gap",optimizer must not lower corrected chip thickness below burn floor to chase cycle time,b,cutter_shop_chip_load_chart;idc_woodcraft_chipload_calculator,https://cutter-shop.com/chip-load-chart/ ; https://idcwoodcraft.com/pages/chipload-calculator,community chart; not operation-specific; use as broad first-shot nominal fz goal
community-effective-dia-trace-softwood-6.35,community_effective_diameter_chipload,suggest+sim,trace,finish,trace,v_bit|chamfer_vbit|tapered_ball_nose|flat_end,softwood,6.35,*,0.279,0.33,10000,20000,effective cutting diameter must be computed from actual depth/profile before comparing,,,,,,,use effective engaged diameter as a sanity band; do not claim high-confidence vendor accuracy for V-bit chipload without a V-bit source row,chipload gate may be advisory unless exact V-bit vendor LUT exists,feed/RPM-only optimizer changes must be conservative and may refuse when effective diameter is ambiguous,c,carbide3d_community_vbit_discussion;cutter_shop_chip_load_chart,https://community.carbide3d.com/t/feeds-and-speeds-guide/17048 ; https://cutter-shop.com/chip-load-chart/,community rule-of-thumb; V-bit chipload is depth-dependent and lower confidence
community-effective-dia-v_carve-softwood-6.35,community_effective_diameter_chipload,suggest+sim,trace,finish,v_carve,v_bit|chamfer_vbit|tapered_ball_nose|flat_end,softwood,6.35,*,0.279,0.33,10000,20000,effective cutting diameter must be computed from actual depth/profile before comparing,,,,,,,use effective engaged diameter as a sanity band; do not claim high-confidence vendor accuracy for V-bit chipload without a V-bit source row,chipload gate may be advisory unless exact V-bit vendor LUT exists,feed/RPM-only optimizer changes must be conservative and may refuse when effective diameter is ambiguous,c,carbide3d_community_vbit_discussion;cutter_shop_chip_load_chart,https://community.carbide3d.com/t/feeds-and-speeds-guide/17048 ; https://cutter-shop.com/chip-load-chart/,community rule-of-thumb; V-bit chipload is depth-dependent and lower confidence
community-effective-dia-inlay-softwood-6.35,community_effective_diameter_chipload,suggest+sim,trace,finish,inlay,v_bit|chamfer_vbit|tapered_ball_nose|flat_end,softwood,6.35,*,0.279,0.33,10000,20000,effective cutting diameter must be computed from actual depth/profile before comparing,,,,,,,use effective engaged diameter as a sanity band; do not claim high-confidence vendor accuracy for V-bit chipload without a V-bit source row,chipload gate may be advisory unless exact V-bit vendor LUT exists,feed/RPM-only optimizer changes must be conservative and may refuse when effective diameter is ambiguous,c,carbide3d_community_vbit_discussion;cutter_shop_chip_load_chart,https://community.carbide3d.com/t/feeds-and-speeds-guide/17048 ; https://cutter-shop.com/chip-load-chart/,community rule-of-thumb; V-bit chipload is depth-dependent and lower confidence
community-effective-dia-chamfer-softwood-6.35,community_effective_diameter_chipload,suggest+sim,trace,finish,chamfer,v_bit|chamfer_vbit|tapered_ball_nose|flat_end,softwood,6.35,*,0.279,0.33,10000,20000,effective cutting diameter must be computed from actual depth/profile before comparing,,,,,,,use effective engaged diameter as a sanity band; do not claim high-confidence vendor accuracy for V-bit chipload without a V-bit source row,chipload gate may be advisory unless exact V-bit vendor LUT exists,feed/RPM-only optimizer changes must be conservative and may refuse when effective diameter is ambiguous,c,carbide3d_community_vbit_discussion;cutter_shop_chip_load_chart,https://community.carbide3d.com/t/feeds-and-speeds-guide/17048 ; https://cutter-shop.com/chip-load-chart/,community rule-of-thumb; V-bit chipload is depth-dependent and lower confidence
community-effective-dia-project_curve-softwood-6.35,community_effective_diameter_chipload,suggest+sim,trace,finish,project_curve,v_bit|chamfer_vbit|tapered_ball_nose|flat_end,softwood,6.35,*,0.279,0.33,10000,20000,effective cutting diameter must be computed from actual depth/profile before comparing,,,,,,,use effective engaged diameter as a sanity band; do not claim high-confidence vendor accuracy for V-bit chipload without a V-bit source row,chipload gate may be advisory unless exact V-bit vendor LUT exists,feed/RPM-only optimizer changes must be conservative and may refuse when effective diameter is ambiguous,c,carbide3d_community_vbit_discussion;cutter_shop_chip_load_chart,https://community.carbide3d.com/t/feeds-and-speeds-guide/17048 ; https://cutter-shop.com/chip-load-chart/,community rule-of-thumb; V-bit chipload is depth-dependent and lower confidence
community-chipload-face-plywood_softwood-6.35,community_nominal_chipload,suggest,pocket,roughing,face,flat_end|facing_bit,plywood_softwood,6.35,*,0.279,0.33,10000,20000,roughing DOC must also pass power/deflection; community row only constrains nominal fz,apply radial chip-thinning correction for sim; adaptive target should not burn from too-low chip thickness,,,,,,"feed/(rpm*flutes) inside this nominal community chipload band before machine caps are applied; if cap prevents min chipload, suggest a larger tool/less HSM rather than a burn-prone feed","if project settings are in this nominal band, engagement-corrected sim chipload should generally report Within or explain mismatch as calibration gap",optimizer must not lower corrected chip thickness below burn floor to chase cycle time,b,cutter_shop_chip_load_chart;idc_woodcraft_chipload_calculator,https://cutter-shop.com/chip-load-chart/ ; https://idcwoodcraft.com/pages/chipload-calculator,community chart; not operation-specific; use as broad first-shot nominal fz goal
community-chipload-pocket-plywood_softwood-6.35,community_nominal_chipload,suggest,pocket,roughing,pocket,flat_end|bull_nose,plywood_softwood,6.35,*,0.279,0.33,10000,20000,roughing DOC must also pass power/deflection; community row only constrains nominal fz,apply radial chip-thinning correction for sim; adaptive target should not burn from too-low chip thickness,,,,,,"feed/(rpm*flutes) inside this nominal community chipload band before machine caps are applied; if cap prevents min chipload, suggest a larger tool/less HSM rather than a burn-prone feed","if project settings are in this nominal band, engagement-corrected sim chipload should generally report Within or explain mismatch as calibration gap",optimizer must not lower corrected chip thickness below burn floor to chase cycle time,b,cutter_shop_chip_load_chart;idc_woodcraft_chipload_calculator,https://cutter-shop.com/chip-load-chart/ ; https://idcwoodcraft.com/pages/chipload-calculator,community chart; not operation-specific; use as broad first-shot nominal fz goal
community-chipload-profile-plywood_softwood-6.35,community_nominal_chipload,suggest,contour,roughing,profile,flat_end|bull_nose,plywood_softwood,6.35,*,0.279,0.33,10000,20000,roughing DOC must also pass power/deflection; community row only constrains nominal fz,apply radial chip-thinning correction for sim; adaptive target should not burn from too-low chip thickness,,,,,,"feed/(rpm*flutes) inside this nominal community chipload band before machine caps are applied; if cap prevents min chipload, suggest a larger tool/less HSM rather than a burn-prone feed","if project settings are in this nominal band, engagement-corrected sim chipload should generally report Within or explain mismatch as calibration gap",optimizer must not lower corrected chip thickness below burn floor to chase cycle time,b,cutter_shop_chip_load_chart;idc_woodcraft_chipload_calculator,https://cutter-shop.com/chip-load-chart/ ; https://idcwoodcraft.com/pages/chipload-calculator,community chart; not operation-specific; use as broad first-shot nominal fz goal
community-chipload-adaptive-plywood_softwood-6.35,community_nominal_chipload,suggest,adaptive,roughing,adaptive,flat_end|bull_nose,plywood_softwood,6.35,*,0.279,0.33,10000,20000,roughing DOC must also pass power/deflection; community row only constrains nominal fz,apply radial chip-thinning correction for sim; adaptive target should not burn from too-low chip thickness,,,,,,"feed/(rpm*flutes) inside this nominal community chipload band before machine caps are applied; if cap prevents min chipload, suggest a larger tool/less HSM rather than a burn-prone feed","if project settings are in this nominal band, engagement-corrected sim chipload should generally report Within or explain mismatch as calibration gap",optimizer must not lower corrected chip thickness below burn floor to chase cycle time,b,cutter_shop_chip_load_chart;idc_woodcraft_chipload_calculator,https://cutter-shop.com/chip-load-chart/ ; https://idcwoodcraft.com/pages/chipload-calculator,community chart; not operation-specific; use as broad first-shot nominal fz goal
community-chipload-rest-plywood_softwood-6.35,community_nominal_chipload,suggest,pocket,roughing,rest,flat_end|bull_nose,plywood_softwood,6.35,*,0.279,0.33,10000,20000,roughing DOC must also pass power/deflection; community row only constrains nominal fz,apply radial chip-thinning correction for sim; adaptive target should not burn from too-low chip thickness,,,,,,"feed/(rpm*flutes) inside this nominal community chipload band before machine caps are applied; if cap prevents min chipload, suggest a larger tool/less HSM rather than a burn-prone feed","if project settings are in this nominal band, engagement-corrected sim chipload should generally report Within or explain mismatch as calibration gap",optimizer must not lower corrected chip thickness below burn floor to chase cycle time,b,cutter_shop_chip_load_chart;idc_woodcraft_chipload_calculator,https://cutter-shop.com/chip-load-chart/ ; https://idcwoodcraft.com/pages/chipload-calculator,community chart; not operation-specific; use as broad first-shot nominal fz goal
community-chipload-zigzag-plywood_softwood-6.35,community_nominal_chipload,suggest,pocket,roughing,zigzag,flat_end|bull_nose,plywood_softwood,6.35,*,0.279,0.33,10000,20000,roughing DOC must also pass power/deflection; community row only constrains nominal fz,apply radial chip-thinning correction for sim; adaptive target should not burn from too-low chip thickness,,,,,,"feed/(rpm*flutes) inside this nominal community chipload band before machine caps are applied; if cap prevents min chipload, suggest a larger tool/less HSM rather than a burn-prone feed","if project settings are in this nominal band, engagement-corrected sim chipload should generally report Within or explain mismatch as calibration gap",optimizer must not lower corrected chip thickness below burn floor to chase cycle time,b,cutter_shop_chip_load_chart;idc_woodcraft_chipload_calculator,https://cutter-shop.com/chip-load-chart/ ; https://idcwoodcraft.com/pages/chipload-calculator,community chart; not operation-specific; use as broad first-shot nominal fz goal
community-chipload-adaptive3d-plywood_softwood-6.35,community_nominal_chipload,suggest,adaptive,roughing,adaptive3d,flat_end|bull_nose,plywood_softwood,6.35,*,0.279,0.33,10000,20000,roughing DOC must also pass power/deflection; community row only constrains nominal fz,apply radial chip-thinning correction for sim; adaptive target should not burn from too-low chip thickness,,,,,,"feed/(rpm*flutes) inside this nominal community chipload band before machine caps are applied; if cap prevents min chipload, suggest a larger tool/less HSM rather than a burn-prone feed","if project settings are in this nominal band, engagement-corrected sim chipload should generally report Within or explain mismatch as calibration gap",optimizer must not lower corrected chip thickness below burn floor to chase cycle time,b,cutter_shop_chip_load_chart;idc_woodcraft_chipload_calculator,https://cutter-shop.com/chip-load-chart/ ; https://idcwoodcraft.com/pages/chipload-calculator,community chart; not operation-specific; use as broad first-shot nominal fz goal
community-effective-dia-trace-plywood_softwood-6.35,community_effective_diameter_chipload,suggest+sim,trace,finish,trace,v_bit|chamfer_vbit|tapered_ball_nose|flat_end,plywood_softwood,6.35,*,0.279,0.33,10000,20000,effective cutting diameter must be computed from actual depth/profile before comparing,,,,,,,use effective engaged diameter as a sanity band; do not claim high-confidence vendor accuracy for V-bit chipload without a V-bit source row,chipload gate may be advisory unless exact V-bit vendor LUT exists,feed/RPM-only optimizer changes must be conservative and may refuse when effective diameter is ambiguous,c,carbide3d_community_vbit_discussion;cutter_shop_chip_load_chart,https://community.carbide3d.com/t/feeds-and-speeds-guide/17048 ; https://cutter-shop.com/chip-load-chart/,community rule-of-thumb; V-bit chipload is depth-dependent and lower confidence
community-effective-dia-v_carve-plywood_softwood-6.35,community_effective_diameter_chipload,suggest+sim,trace,finish,v_carve,v_bit|chamfer_vbit|tapered_ball_nose|flat_end,plywood_softwood,6.35,*,0.279,0.33,10000,20000,effective cutting diameter must be computed from actual depth/profile before comparing,,,,,,,use effective engaged diameter as a sanity band; do not claim high-confidence vendor accuracy for V-bit chipload without a V-bit source row,chipload gate may be advisory unless exact V-bit vendor LUT exists,feed/RPM-only optimizer changes must be conservative and may refuse when effective diameter is ambiguous,c,carbide3d_community_vbit_discussion;cutter_shop_chip_load_chart,https://community.carbide3d.com/t/feeds-and-speeds-guide/17048 ; https://cutter-shop.com/chip-load-chart/,community rule-of-thumb; V-bit chipload is depth-dependent and lower confidence
community-effective-dia-inlay-plywood_softwood-6.35,community_effective_diameter_chipload,suggest+sim,trace,finish,inlay,v_bit|chamfer_vbit|tapered_ball_nose|flat_end,plywood_softwood,6.35,*,0.279,0.33,10000,20000,effective cutting diameter must be computed from actual depth/profile before comparing,,,,,,,use effective engaged diameter as a sanity band; do not claim high-confidence vendor accuracy for V-bit chipload without a V-bit source row,chipload gate may be advisory unless exact V-bit vendor LUT exists,feed/RPM-only optimizer changes must be conservative and may refuse when effective diameter is ambiguous,c,carbide3d_community_vbit_discussion;cutter_shop_chip_load_chart,https://community.carbide3d.com/t/feeds-and-speeds-guide/17048 ; https://cutter-shop.com/chip-load-chart/,community rule-of-thumb; V-bit chipload is depth-dependent and lower confidence
community-effective-dia-chamfer-plywood_softwood-6.35,community_effective_diameter_chipload,suggest+sim,trace,finish,chamfer,v_bit|chamfer_vbit|tapered_ball_nose|flat_end,plywood_softwood,6.35,*,0.279,0.33,10000,20000,effective cutting diameter must be computed from actual depth/profile before comparing,,,,,,,use effective engaged diameter as a sanity band; do not claim high-confidence vendor accuracy for V-bit chipload without a V-bit source row,chipload gate may be advisory unless exact V-bit vendor LUT exists,feed/RPM-only optimizer changes must be conservative and may refuse when effective diameter is ambiguous,c,carbide3d_community_vbit_discussion;cutter_shop_chip_load_chart,https://community.carbide3d.com/t/feeds-and-speeds-guide/17048 ; https://cutter-shop.com/chip-load-chart/,community rule-of-thumb; V-bit chipload is depth-dependent and lower confidence
community-effective-dia-project_curve-plywood_softwood-6.35,community_effective_diameter_chipload,suggest+sim,trace,finish,project_curve,v_bit|chamfer_vbit|tapered_ball_nose|flat_end,plywood_softwood,6.35,*,0.279,0.33,10000,20000,effective cutting diameter must be computed from actual depth/profile before comparing,,,,,,,use effective engaged diameter as a sanity band; do not claim high-confidence vendor accuracy for V-bit chipload without a V-bit source row,chipload gate may be advisory unless exact V-bit vendor LUT exists,feed/RPM-only optimizer changes must be conservative and may refuse when effective diameter is ambiguous,c,carbide3d_community_vbit_discussion;cutter_shop_chip_load_chart,https://community.carbide3d.com/t/feeds-and-speeds-guide/17048 ; https://cutter-shop.com/chip-load-chart/,community rule-of-thumb; V-bit chipload is depth-dependent and lower confidence
community-chipload-face-plywood_hardwood-6.35,community_nominal_chipload,suggest,pocket,roughing,face,flat_end|facing_bit,plywood_hardwood,6.35,*,0.279,0.33,10000,20000,roughing DOC must also pass power/deflection; community row only constrains nominal fz,apply radial chip-thinning correction for sim; adaptive target should not burn from too-low chip thickness,,,,,,"feed/(rpm*flutes) inside this nominal community chipload band before machine caps are applied; if cap prevents min chipload, suggest a larger tool/less HSM rather than a burn-prone feed","if project settings are in this nominal band, engagement-corrected sim chipload should generally report Within or explain mismatch as calibration gap",optimizer must not lower corrected chip thickness below burn floor to chase cycle time,b,cutter_shop_chip_load_chart;idc_woodcraft_chipload_calculator,https://cutter-shop.com/chip-load-chart/ ; https://idcwoodcraft.com/pages/chipload-calculator,community chart; not operation-specific; use as broad first-shot nominal fz goal
community-chipload-pocket-plywood_hardwood-6.35,community_nominal_chipload,suggest,pocket,roughing,pocket,flat_end|bull_nose,plywood_hardwood,6.35,*,0.279,0.33,10000,20000,roughing DOC must also pass power/deflection; community row only constrains nominal fz,apply radial chip-thinning correction for sim; adaptive target should not burn from too-low chip thickness,,,,,,"feed/(rpm*flutes) inside this nominal community chipload band before machine caps are applied; if cap prevents min chipload, suggest a larger tool/less HSM rather than a burn-prone feed","if project settings are in this nominal band, engagement-corrected sim chipload should generally report Within or explain mismatch as calibration gap",optimizer must not lower corrected chip thickness below burn floor to chase cycle time,b,cutter_shop_chip_load_chart;idc_woodcraft_chipload_calculator,https://cutter-shop.com/chip-load-chart/ ; https://idcwoodcraft.com/pages/chipload-calculator,community chart; not operation-specific; use as broad first-shot nominal fz goal
community-chipload-profile-plywood_hardwood-6.35,community_nominal_chipload,suggest,contour,roughing,profile,flat_end|bull_nose,plywood_hardwood,6.35,*,0.279,0.33,10000,20000,roughing DOC must also pass power/deflection; community row only constrains nominal fz,apply radial chip-thinning correction for sim; adaptive target should not burn from too-low chip thickness,,,,,,"feed/(rpm*flutes) inside this nominal community chipload band before machine caps are applied; if cap prevents min chipload, suggest a larger tool/less HSM rather than a burn-prone feed","if project settings are in this nominal band, engagement-corrected sim chipload should generally report Within or explain mismatch as calibration gap",optimizer must not lower corrected chip thickness below burn floor to chase cycle time,b,cutter_shop_chip_load_chart;idc_woodcraft_chipload_calculator,https://cutter-shop.com/chip-load-chart/ ; https://idcwoodcraft.com/pages/chipload-calculator,community chart; not operation-specific; use as broad first-shot nominal fz goal
community-chipload-adaptive-plywood_hardwood-6.35,community_nominal_chipload,suggest,adaptive,roughing,adaptive,flat_end|bull_nose,plywood_hardwood,6.35,*,0.279,0.33,10000,20000,roughing DOC must also pass power/deflection; community row only constrains nominal fz,apply radial chip-thinning correction for sim; adaptive target should not burn from too-low chip thickness,,,,,,"feed/(rpm*flutes) inside this nominal community chipload band before machine caps are applied; if cap prevents min chipload, suggest a larger tool/less HSM rather than a burn-prone feed","if project settings are in this nominal band, engagement-corrected sim chipload should generally report Within or explain mismatch as calibration gap",optimizer must not lower corrected chip thickness below burn floor to chase cycle time,b,cutter_shop_chip_load_chart;idc_woodcraft_chipload_calculator,https://cutter-shop.com/chip-load-chart/ ; https://idcwoodcraft.com/pages/chipload-calculator,community chart; not operation-specific; use as broad first-shot nominal fz goal
community-chipload-rest-plywood_hardwood-6.35,community_nominal_chipload,suggest,pocket,roughing,rest,flat_end|bull_nose,plywood_hardwood,6.35,*,0.279,0.33,10000,20000,roughing DOC must also pass power/deflection; community row only constrains nominal fz,apply radial chip-thinning correction for sim; adaptive target should not burn from too-low chip thickness,,,,,,"feed/(rpm*flutes) inside this nominal community chipload band before machine caps are applied; if cap prevents min chipload, suggest a larger tool/less HSM rather than a burn-prone feed","if project settings are in this nominal band, engagement-corrected sim chipload should generally report Within or explain mismatch as calibration gap",optimizer must not lower corrected chip thickness below burn floor to chase cycle time,b,cutter_shop_chip_load_chart;idc_woodcraft_chipload_calculator,https://cutter-shop.com/chip-load-chart/ ; https://idcwoodcraft.com/pages/chipload-calculator,community chart; not operation-specific; use as broad first-shot nominal fz goal
community-chipload-zigzag-plywood_hardwood-6.35,community_nominal_chipload,suggest,pocket,roughing,zigzag,flat_end|bull_nose,plywood_hardwood,6.35,*,0.279,0.33,10000,20000,roughing DOC must also pass power/deflection; community row only constrains nominal fz,apply radial chip-thinning correction for sim; adaptive target should not burn from too-low chip thickness,,,,,,"feed/(rpm*flutes) inside this nominal community chipload band before machine caps are applied; if cap prevents min chipload, suggest a larger tool/less HSM rather than a burn-prone feed","if project settings are in this nominal band, engagement-corrected sim chipload should generally report Within or explain mismatch as calibration gap",optimizer must not lower corrected chip thickness below burn floor to chase cycle time,b,cutter_shop_chip_load_chart;idc_woodcraft_chipload_calculator,https://cutter-shop.com/chip-load-chart/ ; https://idcwoodcraft.com/pages/chipload-calculator,community chart; not operation-specific; use as broad first-shot nominal fz goal
community-chipload-adaptive3d-plywood_hardwood-6.35,community_nominal_chipload,suggest,adaptive,roughing,adaptive3d,flat_end|bull_nose,plywood_hardwood,6.35,*,0.279,0.33,10000,20000,roughing DOC must also pass power/deflection; community row only constrains nominal fz,apply radial chip-thinning correction for sim; adaptive target should not burn from too-low chip thickness,,,,,,"feed/(rpm*flutes) inside this nominal community chipload band before machine caps are applied; if cap prevents min chipload, suggest a larger tool/less HSM rather than a burn-prone feed","if project settings are in this nominal band, engagement-corrected sim chipload should generally report Within or explain mismatch as calibration gap",optimizer must not lower corrected chip thickness below burn floor to chase cycle time,b,cutter_shop_chip_load_chart;idc_woodcraft_chipload_calculator,https://cutter-shop.com/chip-load-chart/ ; https://idcwoodcraft.com/pages/chipload-calculator,community chart; not operation-specific; use as broad first-shot nominal fz goal
community-effective-dia-trace-plywood_hardwood-6.35,community_effective_diameter_chipload,suggest+sim,trace,finish,trace,v_bit|chamfer_vbit|tapered_ball_nose|flat_end,plywood_hardwood,6.35,*,0.279,0.33,10000,20000,effective cutting diameter must be computed from actual depth/profile before comparing,,,,,,,use effective engaged diameter as a sanity band; do not claim high-confidence vendor accuracy for V-bit chipload without a V-bit source row,chipload gate may be advisory unless exact V-bit vendor LUT exists,feed/RPM-only optimizer changes must be conservative and may refuse when effective diameter is ambiguous,c,carbide3d_community_vbit_discussion;cutter_shop_chip_load_chart,https://community.carbide3d.com/t/feeds-and-speeds-guide/17048 ; https://cutter-shop.com/chip-load-chart/,community rule-of-thumb; V-bit chipload is depth-dependent and lower confidence
community-effective-dia-v_carve-plywood_hardwood-6.35,community_effective_diameter_chipload,suggest+sim,trace,finish,v_carve,v_bit|chamfer_vbit|tapered_ball_nose|flat_end,plywood_hardwood,6.35,*,0.279,0.33,10000,20000,effective cutting diameter must be computed from actual depth/profile before comparing,,,,,,,use effective engaged diameter as a sanity band; do not claim high-confidence vendor accuracy for V-bit chipload without a V-bit source row,chipload gate may be advisory unless exact V-bit vendor LUT exists,feed/RPM-only optimizer changes must be conservative and may refuse when effective diameter is ambiguous,c,carbide3d_community_vbit_discussion;cutter_shop_chip_load_chart,https://community.carbide3d.com/t/feeds-and-speeds-guide/17048 ; https://cutter-shop.com/chip-load-chart/,community rule-of-thumb; V-bit chipload is depth-dependent and lower confidence
community-effective-dia-inlay-plywood_hardwood-6.35,community_effective_diameter_chipload,suggest+sim,trace,finish,inlay,v_bit|chamfer_vbit|tapered_ball_nose|flat_end,plywood_hardwood,6.35,*,0.279,0.33,10000,20000,effective cutting diameter must be computed from actual depth/profile before comparing,,,,,,,use effective engaged diameter as a sanity band; do not claim high-confidence vendor accuracy for V-bit chipload without a V-bit source row,chipload gate may be advisory unless exact V-bit vendor LUT exists,feed/RPM-only optimizer changes must be conservative and may refuse when effective diameter is ambiguous,c,carbide3d_community_vbit_discussion;cutter_shop_chip_load_chart,https://community.carbide3d.com/t/feeds-and-speeds-guide/17048 ; https://cutter-shop.com/chip-load-chart/,community rule-of-thumb; V-bit chipload is depth-dependent and lower confidence
community-effective-dia-chamfer-plywood_hardwood-6.35,community_effective_diameter_chipload,suggest+sim,trace,finish,chamfer,v_bit|chamfer_vbit|tapered_ball_nose|flat_end,plywood_hardwood,6.35,*,0.279,0.33,10000,20000,effective cutting diameter must be computed from actual depth/profile before comparing,,,,,,,use effective engaged diameter as a sanity band; do not claim high-confidence vendor accuracy for V-bit chipload without a V-bit source row,chipload gate may be advisory unless exact V-bit vendor LUT exists,feed/RPM-only optimizer changes must be conservative and may refuse when effective diameter is ambiguous,c,carbide3d_community_vbit_discussion;cutter_shop_chip_load_chart,https://community.carbide3d.com/t/feeds-and-speeds-guide/17048 ; https://cutter-shop.com/chip-load-chart/,community rule-of-thumb; V-bit chipload is depth-dependent and lower confidence
community-effective-dia-project_curve-plywood_hardwood-6.35,community_effective_diameter_chipload,suggest+sim,trace,finish,project_curve,v_bit|chamfer_vbit|tapered_ball_nose|flat_end,plywood_hardwood,6.35,*,0.279,0.33,10000,20000,effective cutting diameter must be computed from actual depth/profile before comparing,,,,,,,use effective engaged diameter as a sanity band; do not claim high-confidence vendor accuracy for V-bit chipload without a V-bit source row,chipload gate may be advisory unless exact V-bit vendor LUT exists,feed/RPM-only optimizer changes must be conservative and may refuse when effective diameter is ambiguous,c,carbide3d_community_vbit_discussion;cutter_shop_chip_load_chart,https://community.carbide3d.com/t/feeds-and-speeds-guide/17048 ; https://cutter-shop.com/chip-load-chart/,community rule-of-thumb; V-bit chipload is depth-dependent and lower confidence
community-chipload-face-mdf-6.35,community_nominal_chipload,suggest,pocket,roughing,face,flat_end|facing_bit,mdf,6.35,*,0.33,0.406,10000,20000,roughing DOC must also pass power/deflection; community row only constrains nominal fz,apply radial chip-thinning correction for sim; adaptive target should not burn from too-low chip thickness,,,,,,"feed/(rpm*flutes) inside this nominal community chipload band before machine caps are applied; if cap prevents min chipload, suggest a larger tool/less HSM rather than a burn-prone feed","if project settings are in this nominal band, engagement-corrected sim chipload should generally report Within or explain mismatch as calibration gap",optimizer must not lower corrected chip thickness below burn floor to chase cycle time,b,cutter_shop_chip_load_chart;idc_woodcraft_chipload_calculator,https://cutter-shop.com/chip-load-chart/ ; https://idcwoodcraft.com/pages/chipload-calculator,community chart; not operation-specific; use as broad first-shot nominal fz goal
community-chipload-pocket-mdf-6.35,community_nominal_chipload,suggest,pocket,roughing,pocket,flat_end|bull_nose,mdf,6.35,*,0.33,0.406,10000,20000,roughing DOC must also pass power/deflection; community row only constrains nominal fz,apply radial chip-thinning correction for sim; adaptive target should not burn from too-low chip thickness,,,,,,"feed/(rpm*flutes) inside this nominal community chipload band before machine caps are applied; if cap prevents min chipload, suggest a larger tool/less HSM rather than a burn-prone feed","if project settings are in this nominal band, engagement-corrected sim chipload should generally report Within or explain mismatch as calibration gap",optimizer must not lower corrected chip thickness below burn floor to chase cycle time,b,cutter_shop_chip_load_chart;idc_woodcraft_chipload_calculator,https://cutter-shop.com/chip-load-chart/ ; https://idcwoodcraft.com/pages/chipload-calculator,community chart; not operation-specific; use as broad first-shot nominal fz goal
community-chipload-profile-mdf-6.35,community_nominal_chipload,suggest,contour,roughing,profile,flat_end|bull_nose,mdf,6.35,*,0.33,0.406,10000,20000,roughing DOC must also pass power/deflection; community row only constrains nominal fz,apply radial chip-thinning correction for sim; adaptive target should not burn from too-low chip thickness,,,,,,"feed/(rpm*flutes) inside this nominal community chipload band before machine caps are applied; if cap prevents min chipload, suggest a larger tool/less HSM rather than a burn-prone feed","if project settings are in this nominal band, engagement-corrected sim chipload should generally report Within or explain mismatch as calibration gap",optimizer must not lower corrected chip thickness below burn floor to chase cycle time,b,cutter_shop_chip_load_chart;idc_woodcraft_chipload_calculator,https://cutter-shop.com/chip-load-chart/ ; https://idcwoodcraft.com/pages/chipload-calculator,community chart; not operation-specific; use as broad first-shot nominal fz goal
community-chipload-adaptive-mdf-6.35,community_nominal_chipload,suggest,adaptive,roughing,adaptive,flat_end|bull_nose,mdf,6.35,*,0.33,0.406,10000,20000,roughing DOC must also pass power/deflection; community row only constrains nominal fz,apply radial chip-thinning correction for sim; adaptive target should not burn from too-low chip thickness,,,,,,"feed/(rpm*flutes) inside this nominal community chipload band before machine caps are applied; if cap prevents min chipload, suggest a larger tool/less HSM rather than a burn-prone feed","if project settings are in this nominal band, engagement-corrected sim chipload should generally report Within or explain mismatch as calibration gap",optimizer must not lower corrected chip thickness below burn floor to chase cycle time,b,cutter_shop_chip_load_chart;idc_woodcraft_chipload_calculator,https://cutter-shop.com/chip-load-chart/ ; https://idcwoodcraft.com/pages/chipload-calculator,community chart; not operation-specific; use as broad first-shot nominal fz goal
community-chipload-rest-mdf-6.35,community_nominal_chipload,suggest,pocket,roughing,rest,flat_end|bull_nose,mdf,6.35,*,0.33,0.406,10000,20000,roughing DOC must also pass power/deflection; community row only constrains nominal fz,apply radial chip-thinning correction for sim; adaptive target should not burn from too-low chip thickness,,,,,,"feed/(rpm*flutes) inside this nominal community chipload band before machine caps are applied; if cap prevents min chipload, suggest a larger tool/less HSM rather than a burn-prone feed","if project settings are in this nominal band, engagement-corrected sim chipload should generally report Within or explain mismatch as calibration gap",optimizer must not lower corrected chip thickness below burn floor to chase cycle time,b,cutter_shop_chip_load_chart;idc_woodcraft_chipload_calculator,https://cutter-shop.com/chip-load-chart/ ; https://idcwoodcraft.com/pages/chipload-calculator,community chart; not operation-specific; use as broad first-shot nominal fz goal
community-chipload-zigzag-mdf-6.35,community_nominal_chipload,suggest,pocket,roughing,zigzag,flat_end|bull_nose,mdf,6.35,*,0.33,0.406,10000,20000,roughing DOC must also pass power/deflection; community row only constrains nominal fz,apply radial chip-thinning correction for sim; adaptive target should not burn from too-low chip thickness,,,,,,"feed/(rpm*flutes) inside this nominal community chipload band before machine caps are applied; if cap prevents min chipload, suggest a larger tool/less HSM rather than a burn-prone feed","if project settings are in this nominal band, engagement-corrected sim chipload should generally report Within or explain mismatch as calibration gap",optimizer must not lower corrected chip thickness below burn floor to chase cycle time,b,cutter_shop_chip_load_chart;idc_woodcraft_chipload_calculator,https://cutter-shop.com/chip-load-chart/ ; https://idcwoodcraft.com/pages/chipload-calculator,community chart; not operation-specific; use as broad first-shot nominal fz goal
community-chipload-adaptive3d-mdf-6.35,community_nominal_chipload,suggest,adaptive,roughing,adaptive3d,flat_end|bull_nose,mdf,6.35,*,0.33,0.406,10000,20000,roughing DOC must also pass power/deflection; community row only constrains nominal fz,apply radial chip-thinning correction for sim; adaptive target should not burn from too-low chip thickness,,,,,,"feed/(rpm*flutes) inside this nominal community chipload band before machine caps are applied; if cap prevents min chipload, suggest a larger tool/less HSM rather than a burn-prone feed","if project settings are in this nominal band, engagement-corrected sim chipload should generally report Within or explain mismatch as calibration gap",optimizer must not lower corrected chip thickness below burn floor to chase cycle time,b,cutter_shop_chip_load_chart;idc_woodcraft_chipload_calculator,https://cutter-shop.com/chip-load-chart/ ; https://idcwoodcraft.com/pages/chipload-calculator,community chart; not operation-specific; use as broad first-shot nominal fz goal
community-effective-dia-trace-mdf-6.35,community_effective_diameter_chipload,suggest+sim,trace,finish,trace,v_bit|chamfer_vbit|tapered_ball_nose|flat_end,mdf,6.35,*,0.33,0.406,10000,20000,effective cutting diameter must be computed from actual depth/profile before comparing,,,,,,,use effective engaged diameter as a sanity band; do not claim high-confidence vendor accuracy for V-bit chipload without a V-bit source row,chipload gate may be advisory unless exact V-bit vendor LUT exists,feed/RPM-only optimizer changes must be conservative and may refuse when effective diameter is ambiguous,c,carbide3d_community_vbit_discussion;cutter_shop_chip_load_chart,https://community.carbide3d.com/t/feeds-and-speeds-guide/17048 ; https://cutter-shop.com/chip-load-chart/,community rule-of-thumb; V-bit chipload is depth-dependent and lower confidence
community-effective-dia-v_carve-mdf-6.35,community_effective_diameter_chipload,suggest+sim,trace,finish,v_carve,v_bit|chamfer_vbit|tapered_ball_nose|flat_end,mdf,6.35,*,0.33,0.406,10000,20000,effective cutting diameter must be computed from actual depth/profile before comparing,,,,,,,use effective engaged diameter as a sanity band; do not claim high-confidence vendor accuracy for V-bit chipload without a V-bit source row,chipload gate may be advisory unless exact V-bit vendor LUT exists,feed/RPM-only optimizer changes must be conservative and may refuse when effective diameter is ambiguous,c,carbide3d_community_vbit_discussion;cutter_shop_chip_load_chart,https://community.carbide3d.com/t/feeds-and-speeds-guide/17048 ; https://cutter-shop.com/chip-load-chart/,community rule-of-thumb; V-bit chipload is depth-dependent and lower confidence
community-effective-dia-inlay-mdf-6.35,community_effective_diameter_chipload,suggest+sim,trace,finish,inlay,v_bit|chamfer_vbit|tapered_ball_nose|flat_end,mdf,6.35,*,0.33,0.406,10000,20000,effective cutting diameter must be computed from actual depth/profile before comparing,,,,,,,use effective engaged diameter as a sanity band; do not claim high-confidence vendor accuracy for V-bit chipload without a V-bit source row,chipload gate may be advisory unless exact V-bit vendor LUT exists,feed/RPM-only optimizer changes must be conservative and may refuse when effective diameter is ambiguous,c,carbide3d_community_vbit_discussion;cutter_shop_chip_load_chart,https://community.carbide3d.com/t/feeds-and-speeds-guide/17048 ; https://cutter-shop.com/chip-load-chart/,community rule-of-thumb; V-bit chipload is depth-dependent and lower confidence
community-effective-dia-chamfer-mdf-6.35,community_effective_diameter_chipload,suggest+sim,trace,finish,chamfer,v_bit|chamfer_vbit|tapered_ball_nose|flat_end,mdf,6.35,*,0.33,0.406,10000,20000,effective cutting diameter must be computed from actual depth/profile before comparing,,,,,,,use effective engaged diameter as a sanity band; do not claim high-confidence vendor accuracy for V-bit chipload without a V-bit source row,chipload gate may be advisory unless exact V-bit vendor LUT exists,feed/RPM-only optimizer changes must be conservative and may refuse when effective diameter is ambiguous,c,carbide3d_community_vbit_discussion;cutter_shop_chip_load_chart,https://community.carbide3d.com/t/feeds-and-speeds-guide/17048 ; https://cutter-shop.com/chip-load-chart/,community rule-of-thumb; V-bit chipload is depth-dependent and lower confidence
community-effective-dia-project_curve-mdf-6.35,community_effective_diameter_chipload,suggest+sim,trace,finish,project_curve,v_bit|chamfer_vbit|tapered_ball_nose|flat_end,mdf,6.35,*,0.33,0.406,10000,20000,effective cutting diameter must be computed from actual depth/profile before comparing,,,,,,,use effective engaged diameter as a sanity band; do not claim high-confidence vendor accuracy for V-bit chipload without a V-bit source row,chipload gate may be advisory unless exact V-bit vendor LUT exists,feed/RPM-only optimizer changes must be conservative and may refuse when effective diameter is ambiguous,c,carbide3d_community_vbit_discussion;cutter_shop_chip_load_chart,https://community.carbide3d.com/t/feeds-and-speeds-guide/17048 ; https://cutter-shop.com/chip-load-chart/,community rule-of-thumb; V-bit chipload is depth-dependent and lower confidence
community-chipload-face-hardwood-9.525,community_nominal_chipload,suggest,pocket,roughing,face,flat_end|facing_bit,hardwood,9.525,*,0.381,0.457,10000,20000,roughing DOC must also pass power/deflection; community row only constrains nominal fz,apply radial chip-thinning correction for sim; adaptive target should not burn from too-low chip thickness,,,,,,"feed/(rpm*flutes) inside this nominal community chipload band before machine caps are applied; if cap prevents min chipload, suggest a larger tool/less HSM rather than a burn-prone feed","if project settings are in this nominal band, engagement-corrected sim chipload should generally report Within or explain mismatch as calibration gap",optimizer must not lower corrected chip thickness below burn floor to chase cycle time,b,cutter_shop_chip_load_chart;idc_woodcraft_chipload_calculator,https://cutter-shop.com/chip-load-chart/ ; https://idcwoodcraft.com/pages/chipload-calculator,community chart; not operation-specific; use as broad first-shot nominal fz goal
community-chipload-pocket-hardwood-9.525,community_nominal_chipload,suggest,pocket,roughing,pocket,flat_end|bull_nose,hardwood,9.525,*,0.381,0.457,10000,20000,roughing DOC must also pass power/deflection; community row only constrains nominal fz,apply radial chip-thinning correction for sim; adaptive target should not burn from too-low chip thickness,,,,,,"feed/(rpm*flutes) inside this nominal community chipload band before machine caps are applied; if cap prevents min chipload, suggest a larger tool/less HSM rather than a burn-prone feed","if project settings are in this nominal band, engagement-corrected sim chipload should generally report Within or explain mismatch as calibration gap",optimizer must not lower corrected chip thickness below burn floor to chase cycle time,b,cutter_shop_chip_load_chart;idc_woodcraft_chipload_calculator,https://cutter-shop.com/chip-load-chart/ ; https://idcwoodcraft.com/pages/chipload-calculator,community chart; not operation-specific; use as broad first-shot nominal fz goal
community-chipload-profile-hardwood-9.525,community_nominal_chipload,suggest,contour,roughing,profile,flat_end|bull_nose,hardwood,9.525,*,0.381,0.457,10000,20000,roughing DOC must also pass power/deflection; community row only constrains nominal fz,apply radial chip-thinning correction for sim; adaptive target should not burn from too-low chip thickness,,,,,,"feed/(rpm*flutes) inside this nominal community chipload band before machine caps are applied; if cap prevents min chipload, suggest a larger tool/less HSM rather than a burn-prone feed","if project settings are in this nominal band, engagement-corrected sim chipload should generally report Within or explain mismatch as calibration gap",optimizer must not lower corrected chip thickness below burn floor to chase cycle time,b,cutter_shop_chip_load_chart;idc_woodcraft_chipload_calculator,https://cutter-shop.com/chip-load-chart/ ; https://idcwoodcraft.com/pages/chipload-calculator,community chart; not operation-specific; use as broad first-shot nominal fz goal
community-chipload-adaptive-hardwood-9.525,community_nominal_chipload,suggest,adaptive,roughing,adaptive,flat_end|bull_nose,hardwood,9.525,*,0.381,0.457,10000,20000,roughing DOC must also pass power/deflection; community row only constrains nominal fz,apply radial chip-thinning correction for sim; adaptive target should not burn from too-low chip thickness,,,,,,"feed/(rpm*flutes) inside this nominal community chipload band before machine caps are applied; if cap prevents min chipload, suggest a larger tool/less HSM rather than a burn-prone feed","if project settings are in this nominal band, engagement-corrected sim chipload should generally report Within or explain mismatch as calibration gap",optimizer must not lower corrected chip thickness below burn floor to chase cycle time,b,cutter_shop_chip_load_chart;idc_woodcraft_chipload_calculator,https://cutter-shop.com/chip-load-chart/ ; https://idcwoodcraft.com/pages/chipload-calculator,community chart; not operation-specific; use as broad first-shot nominal fz goal
community-chipload-rest-hardwood-9.525,community_nominal_chipload,suggest,pocket,roughing,rest,flat_end|bull_nose,hardwood,9.525,*,0.381,0.457,10000,20000,roughing DOC must also pass power/deflection; community row only constrains nominal fz,apply radial chip-thinning correction for sim; adaptive target should not burn from too-low chip thickness,,,,,,"feed/(rpm*flutes) inside this nominal community chipload band before machine caps are applied; if cap prevents min chipload, suggest a larger tool/less HSM rather than a burn-prone feed","if project settings are in this nominal band, engagement-corrected sim chipload should generally report Within or explain mismatch as calibration gap",optimizer must not lower corrected chip thickness below burn floor to chase cycle time,b,cutter_shop_chip_load_chart;idc_woodcraft_chipload_calculator,https://cutter-shop.com/chip-load-chart/ ; https://idcwoodcraft.com/pages/chipload-calculator,community chart; not operation-specific; use as broad first-shot nominal fz goal
community-chipload-zigzag-hardwood-9.525,community_nominal_chipload,suggest,pocket,roughing,zigzag,flat_end|bull_nose,hardwood,9.525,*,0.381,0.457,10000,20000,roughing DOC must also pass power/deflection; community row only constrains nominal fz,apply radial chip-thinning correction for sim; adaptive target should not burn from too-low chip thickness,,,,,,"feed/(rpm*flutes) inside this nominal community chipload band before machine caps are applied; if cap prevents min chipload, suggest a larger tool/less HSM rather than a burn-prone feed","if project settings are in this nominal band, engagement-corrected sim chipload should generally report Within or explain mismatch as calibration gap",optimizer must not lower corrected chip thickness below burn floor to chase cycle time,b,cutter_shop_chip_load_chart;idc_woodcraft_chipload_calculator,https://cutter-shop.com/chip-load-chart/ ; https://idcwoodcraft.com/pages/chipload-calculator,community chart; not operation-specific; use as broad first-shot nominal fz goal
community-chipload-adaptive3d-hardwood-9.525,community_nominal_chipload,suggest,adaptive,roughing,adaptive3d,flat_end|bull_nose,hardwood,9.525,*,0.381,0.457,10000,20000,roughing DOC must also pass power/deflection; community row only constrains nominal fz,apply radial chip-thinning correction for sim; adaptive target should not burn from too-low chip thickness,,,,,,"feed/(rpm*flutes) inside this nominal community chipload band before machine caps are applied; if cap prevents min chipload, suggest a larger tool/less HSM rather than a burn-prone feed","if project settings are in this nominal band, engagement-corrected sim chipload should generally report Within or explain mismatch as calibration gap",optimizer must not lower corrected chip thickness below burn floor to chase cycle time,b,cutter_shop_chip_load_chart;idc_woodcraft_chipload_calculator,https://cutter-shop.com/chip-load-chart/ ; https://idcwoodcraft.com/pages/chipload-calculator,community chart; not operation-specific; use as broad first-shot nominal fz goal
community-chipload-face-softwood-9.525,community_nominal_chipload,suggest,pocket,roughing,face,flat_end|facing_bit,softwood,9.525,*,0.432,0.508,10000,20000,roughing DOC must also pass power/deflection; community row only constrains nominal fz,apply radial chip-thinning correction for sim; adaptive target should not burn from too-low chip thickness,,,,,,"feed/(rpm*flutes) inside this nominal community chipload band before machine caps are applied; if cap prevents min chipload, suggest a larger tool/less HSM rather than a burn-prone feed","if project settings are in this nominal band, engagement-corrected sim chipload should generally report Within or explain mismatch as calibration gap",optimizer must not lower corrected chip thickness below burn floor to chase cycle time,b,cutter_shop_chip_load_chart;idc_woodcraft_chipload_calculator,https://cutter-shop.com/chip-load-chart/ ; https://idcwoodcraft.com/pages/chipload-calculator,community chart; not operation-specific; use as broad first-shot nominal fz goal
community-chipload-pocket-softwood-9.525,community_nominal_chipload,suggest,pocket,roughing,pocket,flat_end|bull_nose,softwood,9.525,*,0.432,0.508,10000,20000,roughing DOC must also pass power/deflection; community row only constrains nominal fz,apply radial chip-thinning correction for sim; adaptive target should not burn from too-low chip thickness,,,,,,"feed/(rpm*flutes) inside this nominal community chipload band before machine caps are applied; if cap prevents min chipload, suggest a larger tool/less HSM rather than a burn-prone feed","if project settings are in this nominal band, engagement-corrected sim chipload should generally report Within or explain mismatch as calibration gap",optimizer must not lower corrected chip thickness below burn floor to chase cycle time,b,cutter_shop_chip_load_chart;idc_woodcraft_chipload_calculator,https://cutter-shop.com/chip-load-chart/ ; https://idcwoodcraft.com/pages/chipload-calculator,community chart; not operation-specific; use as broad first-shot nominal fz goal
community-chipload-profile-softwood-9.525,community_nominal_chipload,suggest,contour,roughing,profile,flat_end|bull_nose,softwood,9.525,*,0.432,0.508,10000,20000,roughing DOC must also pass power/deflection; community row only constrains nominal fz,apply radial chip-thinning correction for sim; adaptive target should not burn from too-low chip thickness,,,,,,"feed/(rpm*flutes) inside this nominal community chipload band before machine caps are applied; if cap prevents min chipload, suggest a larger tool/less HSM rather than a burn-prone feed","if project settings are in this nominal band, engagement-corrected sim chipload should generally report Within or explain mismatch as calibration gap",optimizer must not lower corrected chip thickness below burn floor to chase cycle time,b,cutter_shop_chip_load_chart;idc_woodcraft_chipload_calculator,https://cutter-shop.com/chip-load-chart/ ; https://idcwoodcraft.com/pages/chipload-calculator,community chart; not operation-specific; use as broad first-shot nominal fz goal
community-chipload-adaptive-softwood-9.525,community_nominal_chipload,suggest,adaptive,roughing,adaptive,flat_end|bull_nose,softwood,9.525,*,0.432,0.508,10000,20000,roughing DOC must also pass power/deflection; community row only constrains nominal fz,apply radial chip-thinning correction for sim; adaptive target should not burn from too-low chip thickness,,,,,,"feed/(rpm*flutes) inside this nominal community chipload band before machine caps are applied; if cap prevents min chipload, suggest a larger tool/less HSM rather than a burn-prone feed","if project settings are in this nominal band, engagement-corrected sim chipload should generally report Within or explain mismatch as calibration gap",optimizer must not lower corrected chip thickness below burn floor to chase cycle time,b,cutter_shop_chip_load_chart;idc_woodcraft_chipload_calculator,https://cutter-shop.com/chip-load-chart/ ; https://idcwoodcraft.com/pages/chipload-calculator,community chart; not operation-specific; use as broad first-shot nominal fz goal
community-chipload-rest-softwood-9.525,community_nominal_chipload,suggest,pocket,roughing,rest,flat_end|bull_nose,softwood,9.525,*,0.432,0.508,10000,20000,roughing DOC must also pass power/deflection; community row only constrains nominal fz,apply radial chip-thinning correction for sim; adaptive target should not burn from too-low chip thickness,,,,,,"feed/(rpm*flutes) inside this nominal community chipload band before machine caps are applied; if cap prevents min chipload, suggest a larger tool/less HSM rather than a burn-prone feed","if project settings are in this nominal band, engagement-corrected sim chipload should generally report Within or explain mismatch as calibration gap",optimizer must not lower corrected chip thickness below burn floor to chase cycle time,b,cutter_shop_chip_load_chart;idc_woodcraft_chipload_calculator,https://cutter-shop.com/chip-load-chart/ ; https://idcwoodcraft.com/pages/chipload-calculator,community chart; not operation-specific; use as broad first-shot nominal fz goal
community-chipload-zigzag-softwood-9.525,community_nominal_chipload,suggest,pocket,roughing,zigzag,flat_end|bull_nose,softwood,9.525,*,0.432,0.508,10000,20000,roughing DOC must also pass power/deflection; community row only constrains nominal fz,apply radial chip-thinning correction for sim; adaptive target should not burn from too-low chip thickness,,,,,,"feed/(rpm*flutes) inside this nominal community chipload band before machine caps are applied; if cap prevents min chipload, suggest a larger tool/less HSM rather than a burn-prone feed","if project settings are in this nominal band, engagement-corrected sim chipload should generally report Within or explain mismatch as calibration gap",optimizer must not lower corrected chip thickness below burn floor to chase cycle time,b,cutter_shop_chip_load_chart;idc_woodcraft_chipload_calculator,https://cutter-shop.com/chip-load-chart/ ; https://idcwoodcraft.com/pages/chipload-calculator,community chart; not operation-specific; use as broad first-shot nominal fz goal
community-chipload-adaptive3d-softwood-9.525,community_nominal_chipload,suggest,adaptive,roughing,adaptive3d,flat_end|bull_nose,softwood,9.525,*,0.432,0.508,10000,20000,roughing DOC must also pass power/deflection; community row only constrains nominal fz,apply radial chip-thinning correction for sim; adaptive target should not burn from too-low chip thickness,,,,,,"feed/(rpm*flutes) inside this nominal community chipload band before machine caps are applied; if cap prevents min chipload, suggest a larger tool/less HSM rather than a burn-prone feed","if project settings are in this nominal band, engagement-corrected sim chipload should generally report Within or explain mismatch as calibration gap",optimizer must not lower corrected chip thickness below burn floor to chase cycle time,b,cutter_shop_chip_load_chart;idc_woodcraft_chipload_calculator,https://cutter-shop.com/chip-load-chart/ ; https://idcwoodcraft.com/pages/chipload-calculator,community chart; not operation-specific; use as broad first-shot nominal fz goal
community-chipload-face-plywood_softwood-9.525,community_nominal_chipload,suggest,pocket,roughing,face,flat_end|facing_bit,plywood_softwood,9.525,*,0.432,0.508,10000,20000,roughing DOC must also pass power/deflection; community row only constrains nominal fz,apply radial chip-thinning correction for sim; adaptive target should not burn from too-low chip thickness,,,,,,"feed/(rpm*flutes) inside this nominal community chipload band before machine caps are applied; if cap prevents min chipload, suggest a larger tool/less HSM rather than a burn-prone feed","if project settings are in this nominal band, engagement-corrected sim chipload should generally report Within or explain mismatch as calibration gap",optimizer must not lower corrected chip thickness below burn floor to chase cycle time,b,cutter_shop_chip_load_chart;idc_woodcraft_chipload_calculator,https://cutter-shop.com/chip-load-chart/ ; https://idcwoodcraft.com/pages/chipload-calculator,community chart; not operation-specific; use as broad first-shot nominal fz goal
community-chipload-pocket-plywood_softwood-9.525,community_nominal_chipload,suggest,pocket,roughing,pocket,flat_end|bull_nose,plywood_softwood,9.525,*,0.432,0.508,10000,20000,roughing DOC must also pass power/deflection; community row only constrains nominal fz,apply radial chip-thinning correction for sim; adaptive target should not burn from too-low chip thickness,,,,,,"feed/(rpm*flutes) inside this nominal community chipload band before machine caps are applied; if cap prevents min chipload, suggest a larger tool/less HSM rather than a burn-prone feed","if project settings are in this nominal band, engagement-corrected sim chipload should generally report Within or explain mismatch as calibration gap",optimizer must not lower corrected chip thickness below burn floor to chase cycle time,b,cutter_shop_chip_load_chart;idc_woodcraft_chipload_calculator,https://cutter-shop.com/chip-load-chart/ ; https://idcwoodcraft.com/pages/chipload-calculator,community chart; not operation-specific; use as broad first-shot nominal fz goal
community-chipload-profile-plywood_softwood-9.525,community_nominal_chipload,suggest,contour,roughing,profile,flat_end|bull_nose,plywood_softwood,9.525,*,0.432,0.508,10000,20000,roughing DOC must also pass power/deflection; community row only constrains nominal fz,apply radial chip-thinning correction for sim; adaptive target should not burn from too-low chip thickness,,,,,,"feed/(rpm*flutes) inside this nominal community chipload band before machine caps are applied; if cap prevents min chipload, suggest a larger tool/less HSM rather than a burn-prone feed","if project settings are in this nominal band, engagement-corrected sim chipload should generally report Within or explain mismatch as calibration gap",optimizer must not lower corrected chip thickness below burn floor to chase cycle time,b,cutter_shop_chip_load_chart;idc_woodcraft_chipload_calculator,https://cutter-shop.com/chip-load-chart/ ; https://idcwoodcraft.com/pages/chipload-calculator,community chart; not operation-specific; use as broad first-shot nominal fz goal
community-chipload-adaptive-plywood_softwood-9.525,community_nominal_chipload,suggest,adaptive,roughing,adaptive,flat_end|bull_nose,plywood_softwood,9.525,*,0.432,0.508,10000,20000,roughing DOC must also pass power/deflection; community row only constrains nominal fz,apply radial chip-thinning correction for sim; adaptive target should not burn from too-low chip thickness,,,,,,"feed/(rpm*flutes) inside this nominal community chipload band before machine caps are applied; if cap prevents min chipload, suggest a larger tool/less HSM rather than a burn-prone feed","if project settings are in this nominal band, engagement-corrected sim chipload should generally report Within or explain mismatch as calibration gap",optimizer must not lower corrected chip thickness below burn floor to chase cycle time,b,cutter_shop_chip_load_chart;idc_woodcraft_chipload_calculator,https://cutter-shop.com/chip-load-chart/ ; https://idcwoodcraft.com/pages/chipload-calculator,community chart; not operation-specific; use as broad first-shot nominal fz goal
community-chipload-rest-plywood_softwood-9.525,community_nominal_chipload,suggest,pocket,roughing,rest,flat_end|bull_nose,plywood_softwood,9.525,*,0.432,0.508,10000,20000,roughing DOC must also pass power/deflection; community row only constrains nominal fz,apply radial chip-thinning correction for sim; adaptive target should not burn from too-low chip thickness,,,,,,"feed/(rpm*flutes) inside this nominal community chipload band before machine caps are applied; if cap prevents min chipload, suggest a larger tool/less HSM rather than a burn-prone feed","if project settings are in this nominal band, engagement-corrected sim chipload should generally report Within or explain mismatch as calibration gap",optimizer must not lower corrected chip thickness below burn floor to chase cycle time,b,cutter_shop_chip_load_chart;idc_woodcraft_chipload_calculator,https://cutter-shop.com/chip-load-chart/ ; https://idcwoodcraft.com/pages/chipload-calculator,community chart; not operation-specific; use as broad first-shot nominal fz goal
community-chipload-zigzag-plywood_softwood-9.525,community_nominal_chipload,suggest,pocket,roughing,zigzag,flat_end|bull_nose,plywood_softwood,9.525,*,0.432,0.508,10000,20000,roughing DOC must also pass power/deflection; community row only constrains nominal fz,apply radial chip-thinning correction for sim; adaptive target should not burn from too-low chip thickness,,,,,,"feed/(rpm*flutes) inside this nominal community chipload band before machine caps are applied; if cap prevents min chipload, suggest a larger tool/less HSM rather than a burn-prone feed","if project settings are in this nominal band, engagement-corrected sim chipload should generally report Within or explain mismatch as calibration gap",optimizer must not lower corrected chip thickness below burn floor to chase cycle time,b,cutter_shop_chip_load_chart;idc_woodcraft_chipload_calculator,https://cutter-shop.com/chip-load-chart/ ; https://idcwoodcraft.com/pages/chipload-calculator,community chart; not operation-specific; use as broad first-shot nominal fz goal
community-chipload-adaptive3d-plywood_softwood-9.525,community_nominal_chipload,suggest,adaptive,roughing,adaptive3d,flat_end|bull_nose,plywood_softwood,9.525,*,0.432,0.508,10000,20000,roughing DOC must also pass power/deflection; community row only constrains nominal fz,apply radial chip-thinning correction for sim; adaptive target should not burn from too-low chip thickness,,,,,,"feed/(rpm*flutes) inside this nominal community chipload band before machine caps are applied; if cap prevents min chipload, suggest a larger tool/less HSM rather than a burn-prone feed","if project settings are in this nominal band, engagement-corrected sim chipload should generally report Within or explain mismatch as calibration gap",optimizer must not lower corrected chip thickness below burn floor to chase cycle time,b,cutter_shop_chip_load_chart;idc_woodcraft_chipload_calculator,https://cutter-shop.com/chip-load-chart/ ; https://idcwoodcraft.com/pages/chipload-calculator,community chart; not operation-specific; use as broad first-shot nominal fz goal
community-chipload-face-plywood_hardwood-9.525,community_nominal_chipload,suggest,pocket,roughing,face,flat_end|facing_bit,plywood_hardwood,9.525,*,0.432,0.508,10000,20000,roughing DOC must also pass power/deflection; community row only constrains nominal fz,apply radial chip-thinning correction for sim; adaptive target should not burn from too-low chip thickness,,,,,,"feed/(rpm*flutes) inside this nominal community chipload band before machine caps are applied; if cap prevents min chipload, suggest a larger tool/less HSM rather than a burn-prone feed","if project settings are in this nominal band, engagement-corrected sim chipload should generally report Within or explain mismatch as calibration gap",optimizer must not lower corrected chip thickness below burn floor to chase cycle time,b,cutter_shop_chip_load_chart;idc_woodcraft_chipload_calculator,https://cutter-shop.com/chip-load-chart/ ; https://idcwoodcraft.com/pages/chipload-calculator,community chart; not operation-specific; use as broad first-shot nominal fz goal
community-chipload-pocket-plywood_hardwood-9.525,community_nominal_chipload,suggest,pocket,roughing,pocket,flat_end|bull_nose,plywood_hardwood,9.525,*,0.432,0.508,10000,20000,roughing DOC must also pass power/deflection; community row only constrains nominal fz,apply radial chip-thinning correction for sim; adaptive target should not burn from too-low chip thickness,,,,,,"feed/(rpm*flutes) inside this nominal community chipload band before machine caps are applied; if cap prevents min chipload, suggest a larger tool/less HSM rather than a burn-prone feed","if project settings are in this nominal band, engagement-corrected sim chipload should generally report Within or explain mismatch as calibration gap",optimizer must not lower corrected chip thickness below burn floor to chase cycle time,b,cutter_shop_chip_load_chart;idc_woodcraft_chipload_calculator,https://cutter-shop.com/chip-load-chart/ ; https://idcwoodcraft.com/pages/chipload-calculator,community chart; not operation-specific; use as broad first-shot nominal fz goal
community-chipload-profile-plywood_hardwood-9.525,community_nominal_chipload,suggest,contour,roughing,profile,flat_end|bull_nose,plywood_hardwood,9.525,*,0.432,0.508,10000,20000,roughing DOC must also pass power/deflection; community row only constrains nominal fz,apply radial chip-thinning correction for sim; adaptive target should not burn from too-low chip thickness,,,,,,"feed/(rpm*flutes) inside this nominal community chipload band before machine caps are applied; if cap prevents min chipload, suggest a larger tool/less HSM rather than a burn-prone feed","if project settings are in this nominal band, engagement-corrected sim chipload should generally report Within or explain mismatch as calibration gap",optimizer must not lower corrected chip thickness below burn floor to chase cycle time,b,cutter_shop_chip_load_chart;idc_woodcraft_chipload_calculator,https://cutter-shop.com/chip-load-chart/ ; https://idcwoodcraft.com/pages/chipload-calculator,community chart; not operation-specific; use as broad first-shot nominal fz goal
community-chipload-adaptive-plywood_hardwood-9.525,community_nominal_chipload,suggest,adaptive,roughing,adaptive,flat_end|bull_nose,plywood_hardwood,9.525,*,0.432,0.508,10000,20000,roughing DOC must also pass power/deflection; community row only constrains nominal fz,apply radial chip-thinning correction for sim; adaptive target should not burn from too-low chip thickness,,,,,,"feed/(rpm*flutes) inside this nominal community chipload band before machine caps are applied; if cap prevents min chipload, suggest a larger tool/less HSM rather than a burn-prone feed","if project settings are in this nominal band, engagement-corrected sim chipload should generally report Within or explain mismatch as calibration gap",optimizer must not lower corrected chip thickness below burn floor to chase cycle time,b,cutter_shop_chip_load_chart;idc_woodcraft_chipload_calculator,https://cutter-shop.com/chip-load-chart/ ; https://idcwoodcraft.com/pages/chipload-calculator,community chart; not operation-specific; use as broad first-shot nominal fz goal
community-chipload-rest-plywood_hardwood-9.525,community_nominal_chipload,suggest,pocket,roughing,rest,flat_end|bull_nose,plywood_hardwood,9.525,*,0.432,0.508,10000,20000,roughing DOC must also pass power/deflection; community row only constrains nominal fz,apply radial chip-thinning correction for sim; adaptive target should not burn from too-low chip thickness,,,,,,"feed/(rpm*flutes) inside this nominal community chipload band before machine caps are applied; if cap prevents min chipload, suggest a larger tool/less HSM rather than a burn-prone feed","if project settings are in this nominal band, engagement-corrected sim chipload should generally report Within or explain mismatch as calibration gap",optimizer must not lower corrected chip thickness below burn floor to chase cycle time,b,cutter_shop_chip_load_chart;idc_woodcraft_chipload_calculator,https://cutter-shop.com/chip-load-chart/ ; https://idcwoodcraft.com/pages/chipload-calculator,community chart; not operation-specific; use as broad first-shot nominal fz goal
community-chipload-zigzag-plywood_hardwood-9.525,community_nominal_chipload,suggest,pocket,roughing,zigzag,flat_end|bull_nose,plywood_hardwood,9.525,*,0.432,0.508,10000,20000,roughing DOC must also pass power/deflection; community row only constrains nominal fz,apply radial chip-thinning correction for sim; adaptive target should not burn from too-low chip thickness,,,,,,"feed/(rpm*flutes) inside this nominal community chipload band before machine caps are applied; if cap prevents min chipload, suggest a larger tool/less HSM rather than a burn-prone feed","if project settings are in this nominal band, engagement-corrected sim chipload should generally report Within or explain mismatch as calibration gap",optimizer must not lower corrected chip thickness below burn floor to chase cycle time,b,cutter_shop_chip_load_chart;idc_woodcraft_chipload_calculator,https://cutter-shop.com/chip-load-chart/ ; https://idcwoodcraft.com/pages/chipload-calculator,community chart; not operation-specific; use as broad first-shot nominal fz goal
community-chipload-adaptive3d-plywood_hardwood-9.525,community_nominal_chipload,suggest,adaptive,roughing,adaptive3d,flat_end|bull_nose,plywood_hardwood,9.525,*,0.432,0.508,10000,20000,roughing DOC must also pass power/deflection; community row only constrains nominal fz,apply radial chip-thinning correction for sim; adaptive target should not burn from too-low chip thickness,,,,,,"feed/(rpm*flutes) inside this nominal community chipload band before machine caps are applied; if cap prevents min chipload, suggest a larger tool/less HSM rather than a burn-prone feed","if project settings are in this nominal band, engagement-corrected sim chipload should generally report Within or explain mismatch as calibration gap",optimizer must not lower corrected chip thickness below burn floor to chase cycle time,b,cutter_shop_chip_load_chart;idc_woodcraft_chipload_calculator,https://cutter-shop.com/chip-load-chart/ ; https://idcwoodcraft.com/pages/chipload-calculator,community chart; not operation-specific; use as broad first-shot nominal fz goal
community-chipload-face-mdf-9.525,community_nominal_chipload,suggest,pocket,roughing,face,flat_end|facing_bit,mdf,9.525,*,0.508,0.584,10000,20000,roughing DOC must also pass power/deflection; community row only constrains nominal fz,apply radial chip-thinning correction for sim; adaptive target should not burn from too-low chip thickness,,,,,,"feed/(rpm*flutes) inside this nominal community chipload band before machine caps are applied; if cap prevents min chipload, suggest a larger tool/less HSM rather than a burn-prone feed","if project settings are in this nominal band, engagement-corrected sim chipload should generally report Within or explain mismatch as calibration gap",optimizer must not lower corrected chip thickness below burn floor to chase cycle time,b,cutter_shop_chip_load_chart;idc_woodcraft_chipload_calculator,https://cutter-shop.com/chip-load-chart/ ; https://idcwoodcraft.com/pages/chipload-calculator,community chart; not operation-specific; use as broad first-shot nominal fz goal
community-chipload-pocket-mdf-9.525,community_nominal_chipload,suggest,pocket,roughing,pocket,flat_end|bull_nose,mdf,9.525,*,0.508,0.584,10000,20000,roughing DOC must also pass power/deflection; community row only constrains nominal fz,apply radial chip-thinning correction for sim; adaptive target should not burn from too-low chip thickness,,,,,,"feed/(rpm*flutes) inside this nominal community chipload band before machine caps are applied; if cap prevents min chipload, suggest a larger tool/less HSM rather than a burn-prone feed","if project settings are in this nominal band, engagement-corrected sim chipload should generally report Within or explain mismatch as calibration gap",optimizer must not lower corrected chip thickness below burn floor to chase cycle time,b,cutter_shop_chip_load_chart;idc_woodcraft_chipload_calculator,https://cutter-shop.com/chip-load-chart/ ; https://idcwoodcraft.com/pages/chipload-calculator,community chart; not operation-specific; use as broad first-shot nominal fz goal
community-chipload-profile-mdf-9.525,community_nominal_chipload,suggest,contour,roughing,profile,flat_end|bull_nose,mdf,9.525,*,0.508,0.584,10000,20000,roughing DOC must also pass power/deflection; community row only constrains nominal fz,apply radial chip-thinning correction for sim; adaptive target should not burn from too-low chip thickness,,,,,,"feed/(rpm*flutes) inside this nominal community chipload band before machine caps are applied; if cap prevents min chipload, suggest a larger tool/less HSM rather than a burn-prone feed","if project settings are in this nominal band, engagement-corrected sim chipload should generally report Within or explain mismatch as calibration gap",optimizer must not lower corrected chip thickness below burn floor to chase cycle time,b,cutter_shop_chip_load_chart;idc_woodcraft_chipload_calculator,https://cutter-shop.com/chip-load-chart/ ; https://idcwoodcraft.com/pages/chipload-calculator,community chart; not operation-specific; use as broad first-shot nominal fz goal
community-chipload-adaptive-mdf-9.525,community_nominal_chipload,suggest,adaptive,roughing,adaptive,flat_end|bull_nose,mdf,9.525,*,0.508,0.584,10000,20000,roughing DOC must also pass power/deflection; community row only constrains nominal fz,apply radial chip-thinning correction for sim; adaptive target should not burn from too-low chip thickness,,,,,,"feed/(rpm*flutes) inside this nominal community chipload band before machine caps are applied; if cap prevents min chipload, suggest a larger tool/less HSM rather than a burn-prone feed","if project settings are in this nominal band, engagement-corrected sim chipload should generally report Within or explain mismatch as calibration gap",optimizer must not lower corrected chip thickness below burn floor to chase cycle time,b,cutter_shop_chip_load_chart;idc_woodcraft_chipload_calculator,https://cutter-shop.com/chip-load-chart/ ; https://idcwoodcraft.com/pages/chipload-calculator,community chart; not operation-specific; use as broad first-shot nominal fz goal
community-chipload-rest-mdf-9.525,community_nominal_chipload,suggest,pocket,roughing,rest,flat_end|bull_nose,mdf,9.525,*,0.508,0.584,10000,20000,roughing DOC must also pass power/deflection; community row only constrains nominal fz,apply radial chip-thinning correction for sim; adaptive target should not burn from too-low chip thickness,,,,,,"feed/(rpm*flutes) inside this nominal community chipload band before machine caps are applied; if cap prevents min chipload, suggest a larger tool/less HSM rather than a burn-prone feed","if project settings are in this nominal band, engagement-corrected sim chipload should generally report Within or explain mismatch as calibration gap",optimizer must not lower corrected chip thickness below burn floor to chase cycle time,b,cutter_shop_chip_load_chart;idc_woodcraft_chipload_calculator,https://cutter-shop.com/chip-load-chart/ ; https://idcwoodcraft.com/pages/chipload-calculator,community chart; not operation-specific; use as broad first-shot nominal fz goal
community-chipload-zigzag-mdf-9.525,community_nominal_chipload,suggest,pocket,roughing,zigzag,flat_end|bull_nose,mdf,9.525,*,0.508,0.584,10000,20000,roughing DOC must also pass power/deflection; community row only constrains nominal fz,apply radial chip-thinning correction for sim; adaptive target should not burn from too-low chip thickness,,,,,,"feed/(rpm*flutes) inside this nominal community chipload band before machine caps are applied; if cap prevents min chipload, suggest a larger tool/less HSM rather than a burn-prone feed","if project settings are in this nominal band, engagement-corrected sim chipload should generally report Within or explain mismatch as calibration gap",optimizer must not lower corrected chip thickness below burn floor to chase cycle time,b,cutter_shop_chip_load_chart;idc_woodcraft_chipload_calculator,https://cutter-shop.com/chip-load-chart/ ; https://idcwoodcraft.com/pages/chipload-calculator,community chart; not operation-specific; use as broad first-shot nominal fz goal
community-chipload-adaptive3d-mdf-9.525,community_nominal_chipload,suggest,adaptive,roughing,adaptive3d,flat_end|bull_nose,mdf,9.525,*,0.508,0.584,10000,20000,roughing DOC must also pass power/deflection; community row only constrains nominal fz,apply radial chip-thinning correction for sim; adaptive target should not burn from too-low chip thickness,,,,,,"feed/(rpm*flutes) inside this nominal community chipload band before machine caps are applied; if cap prevents min chipload, suggest a larger tool/less HSM rather than a burn-prone feed","if project settings are in this nominal band, engagement-corrected sim chipload should generally report Within or explain mismatch as calibration gap",optimizer must not lower corrected chip thickness below burn floor to chase cycle time,b,cutter_shop_chip_load_chart;idc_woodcraft_chipload_calculator,https://cutter-shop.com/chip-load-chart/ ; https://idcwoodcraft.com/pages/chipload-calculator,community chart; not operation-specific; use as broad first-shot nominal fz goal
community-chipload-face-hardwood-12.7,community_nominal_chipload,suggest,pocket,roughing,face,flat_end|facing_bit,hardwood,12.7,*,0.483,0.533,10000,20000,roughing DOC must also pass power/deflection; community row only constrains nominal fz,apply radial chip-thinning correction for sim; adaptive target should not burn from too-low chip thickness,,,,,,"feed/(rpm*flutes) inside this nominal community chipload band before machine caps are applied; if cap prevents min chipload, suggest a larger tool/less HSM rather than a burn-prone feed","if project settings are in this nominal band, engagement-corrected sim chipload should generally report Within or explain mismatch as calibration gap",optimizer must not lower corrected chip thickness below burn floor to chase cycle time,b,cutter_shop_chip_load_chart;idc_woodcraft_chipload_calculator,https://cutter-shop.com/chip-load-chart/ ; https://idcwoodcraft.com/pages/chipload-calculator,community chart; not operation-specific; use as broad first-shot nominal fz goal
community-chipload-pocket-hardwood-12.7,community_nominal_chipload,suggest,pocket,roughing,pocket,flat_end|bull_nose,hardwood,12.7,*,0.483,0.533,10000,20000,roughing DOC must also pass power/deflection; community row only constrains nominal fz,apply radial chip-thinning correction for sim; adaptive target should not burn from too-low chip thickness,,,,,,"feed/(rpm*flutes) inside this nominal community chipload band before machine caps are applied; if cap prevents min chipload, suggest a larger tool/less HSM rather than a burn-prone feed","if project settings are in this nominal band, engagement-corrected sim chipload should generally report Within or explain mismatch as calibration gap",optimizer must not lower corrected chip thickness below burn floor to chase cycle time,b,cutter_shop_chip_load_chart;idc_woodcraft_chipload_calculator,https://cutter-shop.com/chip-load-chart/ ; https://idcwoodcraft.com/pages/chipload-calculator,community chart; not operation-specific; use as broad first-shot nominal fz goal
community-chipload-profile-hardwood-12.7,community_nominal_chipload,suggest,contour,roughing,profile,flat_end|bull_nose,hardwood,12.7,*,0.483,0.533,10000,20000,roughing DOC must also pass power/deflection; community row only constrains nominal fz,apply radial chip-thinning correction for sim; adaptive target should not burn from too-low chip thickness,,,,,,"feed/(rpm*flutes) inside this nominal community chipload band before machine caps are applied; if cap prevents min chipload, suggest a larger tool/less HSM rather than a burn-prone feed","if project settings are in this nominal band, engagement-corrected sim chipload should generally report Within or explain mismatch as calibration gap",optimizer must not lower corrected chip thickness below burn floor to chase cycle time,b,cutter_shop_chip_load_chart;idc_woodcraft_chipload_calculator,https://cutter-shop.com/chip-load-chart/ ; https://idcwoodcraft.com/pages/chipload-calculator,community chart; not operation-specific; use as broad first-shot nominal fz goal
community-chipload-adaptive-hardwood-12.7,community_nominal_chipload,suggest,adaptive,roughing,adaptive,flat_end|bull_nose,hardwood,12.7,*,0.483,0.533,10000,20000,roughing DOC must also pass power/deflection; community row only constrains nominal fz,apply radial chip-thinning correction for sim; adaptive target should not burn from too-low chip thickness,,,,,,"feed/(rpm*flutes) inside this nominal community chipload band before machine caps are applied; if cap prevents min chipload, suggest a larger tool/less HSM rather than a burn-prone feed","if project settings are in this nominal band, engagement-corrected sim chipload should generally report Within or explain mismatch as calibration gap",optimizer must not lower corrected chip thickness below burn floor to chase cycle time,b,cutter_shop_chip_load_chart;idc_woodcraft_chipload_calculator,https://cutter-shop.com/chip-load-chart/ ; https://idcwoodcraft.com/pages/chipload-calculator,community chart; not operation-specific; use as broad first-shot nominal fz goal
community-chipload-rest-hardwood-12.7,community_nominal_chipload,suggest,pocket,roughing,rest,flat_end|bull_nose,hardwood,12.7,*,0.483,0.533,10000,20000,roughing DOC must also pass power/deflection; community row only constrains nominal fz,apply radial chip-thinning correction for sim; adaptive target should not burn from too-low chip thickness,,,,,,"feed/(rpm*flutes) inside this nominal community chipload band before machine caps are applied; if cap prevents min chipload, suggest a larger tool/less HSM rather than a burn-prone feed","if project settings are in this nominal band, engagement-corrected sim chipload should generally report Within or explain mismatch as calibration gap",optimizer must not lower corrected chip thickness below burn floor to chase cycle time,b,cutter_shop_chip_load_chart;idc_woodcraft_chipload_calculator,https://cutter-shop.com/chip-load-chart/ ; https://idcwoodcraft.com/pages/chipload-calculator,community chart; not operation-specific; use as broad first-shot nominal fz goal
community-chipload-zigzag-hardwood-12.7,community_nominal_chipload,suggest,pocket,roughing,zigzag,flat_end|bull_nose,hardwood,12.7,*,0.483,0.533,10000,20000,roughing DOC must also pass power/deflection; community row only constrains nominal fz,apply radial chip-thinning correction for sim; adaptive target should not burn from too-low chip thickness,,,,,,"feed/(rpm*flutes) inside this nominal community chipload band before machine caps are applied; if cap prevents min chipload, suggest a larger tool/less HSM rather than a burn-prone feed","if project settings are in this nominal band, engagement-corrected sim chipload should generally report Within or explain mismatch as calibration gap",optimizer must not lower corrected chip thickness below burn floor to chase cycle time,b,cutter_shop_chip_load_chart;idc_woodcraft_chipload_calculator,https://cutter-shop.com/chip-load-chart/ ; https://idcwoodcraft.com/pages/chipload-calculator,community chart; not operation-specific; use as broad first-shot nominal fz goal
community-chipload-adaptive3d-hardwood-12.7,community_nominal_chipload,suggest,adaptive,roughing,adaptive3d,flat_end|bull_nose,hardwood,12.7,*,0.483,0.533,10000,20000,roughing DOC must also pass power/deflection; community row only constrains nominal fz,apply radial chip-thinning correction for sim; adaptive target should not burn from too-low chip thickness,,,,,,"feed/(rpm*flutes) inside this nominal community chipload band before machine caps are applied; if cap prevents min chipload, suggest a larger tool/less HSM rather than a burn-prone feed","if project settings are in this nominal band, engagement-corrected sim chipload should generally report Within or explain mismatch as calibration gap",optimizer must not lower corrected chip thickness below burn floor to chase cycle time,b,cutter_shop_chip_load_chart;idc_woodcraft_chipload_calculator,https://cutter-shop.com/chip-load-chart/ ; https://idcwoodcraft.com/pages/chipload-calculator,community chart; not operation-specific; use as broad first-shot nominal fz goal
community-effective-dia-trace-hardwood-12.7,community_effective_diameter_chipload,suggest+sim,trace,finish,trace,v_bit|chamfer_vbit|tapered_ball_nose|flat_end,hardwood,12.7,*,0.483,0.533,10000,20000,effective cutting diameter must be computed from actual depth/profile before comparing,,,,,,,use effective engaged diameter as a sanity band; do not claim high-confidence vendor accuracy for V-bit chipload without a V-bit source row,chipload gate may be advisory unless exact V-bit vendor LUT exists,feed/RPM-only optimizer changes must be conservative and may refuse when effective diameter is ambiguous,c,carbide3d_community_vbit_discussion;cutter_shop_chip_load_chart,https://community.carbide3d.com/t/feeds-and-speeds-guide/17048 ; https://cutter-shop.com/chip-load-chart/,community rule-of-thumb; V-bit chipload is depth-dependent and lower confidence
community-effective-dia-v_carve-hardwood-12.7,community_effective_diameter_chipload,suggest+sim,trace,finish,v_carve,v_bit|chamfer_vbit|tapered_ball_nose|flat_end,hardwood,12.7,*,0.483,0.533,10000,20000,effective cutting diameter must be computed from actual depth/profile before comparing,,,,,,,use effective engaged diameter as a sanity band; do not claim high-confidence vendor accuracy for V-bit chipload without a V-bit source row,chipload gate may be advisory unless exact V-bit vendor LUT exists,feed/RPM-only optimizer changes must be conservative and may refuse when effective diameter is ambiguous,c,carbide3d_community_vbit_discussion;cutter_shop_chip_load_chart,https://community.carbide3d.com/t/feeds-and-speeds-guide/17048 ; https://cutter-shop.com/chip-load-chart/,community rule-of-thumb; V-bit chipload is depth-dependent and lower confidence
community-effective-dia-inlay-hardwood-12.7,community_effective_diameter_chipload,suggest+sim,trace,finish,inlay,v_bit|chamfer_vbit|tapered_ball_nose|flat_end,hardwood,12.7,*,0.483,0.533,10000,20000,effective cutting diameter must be computed from actual depth/profile before comparing,,,,,,,use effective engaged diameter as a sanity band; do not claim high-confidence vendor accuracy for V-bit chipload without a V-bit source row,chipload gate may be advisory unless exact V-bit vendor LUT exists,feed/RPM-only optimizer changes must be conservative and may refuse when effective diameter is ambiguous,c,carbide3d_community_vbit_discussion;cutter_shop_chip_load_chart,https://community.carbide3d.com/t/feeds-and-speeds-guide/17048 ; https://cutter-shop.com/chip-load-chart/,community rule-of-thumb; V-bit chipload is depth-dependent and lower confidence
community-effective-dia-chamfer-hardwood-12.7,community_effective_diameter_chipload,suggest+sim,trace,finish,chamfer,v_bit|chamfer_vbit|tapered_ball_nose|flat_end,hardwood,12.7,*,0.483,0.533,10000,20000,effective cutting diameter must be computed from actual depth/profile before comparing,,,,,,,use effective engaged diameter as a sanity band; do not claim high-confidence vendor accuracy for V-bit chipload without a V-bit source row,chipload gate may be advisory unless exact V-bit vendor LUT exists,feed/RPM-only optimizer changes must be conservative and may refuse when effective diameter is ambiguous,c,carbide3d_community_vbit_discussion;cutter_shop_chip_load_chart,https://community.carbide3d.com/t/feeds-and-speeds-guide/17048 ; https://cutter-shop.com/chip-load-chart/,community rule-of-thumb; V-bit chipload is depth-dependent and lower confidence
community-effective-dia-project_curve-hardwood-12.7,community_effective_diameter_chipload,suggest+sim,trace,finish,project_curve,v_bit|chamfer_vbit|tapered_ball_nose|flat_end,hardwood,12.7,*,0.483,0.533,10000,20000,effective cutting diameter must be computed from actual depth/profile before comparing,,,,,,,use effective engaged diameter as a sanity band; do not claim high-confidence vendor accuracy for V-bit chipload without a V-bit source row,chipload gate may be advisory unless exact V-bit vendor LUT exists,feed/RPM-only optimizer changes must be conservative and may refuse when effective diameter is ambiguous,c,carbide3d_community_vbit_discussion;cutter_shop_chip_load_chart,https://community.carbide3d.com/t/feeds-and-speeds-guide/17048 ; https://cutter-shop.com/chip-load-chart/,community rule-of-thumb; V-bit chipload is depth-dependent and lower confidence
community-chipload-face-softwood-12.7,community_nominal_chipload,suggest,pocket,roughing,face,flat_end|facing_bit,softwood,12.7,*,0.533,0.584,10000,20000,roughing DOC must also pass power/deflection; community row only constrains nominal fz,apply radial chip-thinning correction for sim; adaptive target should not burn from too-low chip thickness,,,,,,"feed/(rpm*flutes) inside this nominal community chipload band before machine caps are applied; if cap prevents min chipload, suggest a larger tool/less HSM rather than a burn-prone feed","if project settings are in this nominal band, engagement-corrected sim chipload should generally report Within or explain mismatch as calibration gap",optimizer must not lower corrected chip thickness below burn floor to chase cycle time,b,cutter_shop_chip_load_chart;idc_woodcraft_chipload_calculator,https://cutter-shop.com/chip-load-chart/ ; https://idcwoodcraft.com/pages/chipload-calculator,community chart; not operation-specific; use as broad first-shot nominal fz goal
community-chipload-pocket-softwood-12.7,community_nominal_chipload,suggest,pocket,roughing,pocket,flat_end|bull_nose,softwood,12.7,*,0.533,0.584,10000,20000,roughing DOC must also pass power/deflection; community row only constrains nominal fz,apply radial chip-thinning correction for sim; adaptive target should not burn from too-low chip thickness,,,,,,"feed/(rpm*flutes) inside this nominal community chipload band before machine caps are applied; if cap prevents min chipload, suggest a larger tool/less HSM rather than a burn-prone feed","if project settings are in this nominal band, engagement-corrected sim chipload should generally report Within or explain mismatch as calibration gap",optimizer must not lower corrected chip thickness below burn floor to chase cycle time,b,cutter_shop_chip_load_chart;idc_woodcraft_chipload_calculator,https://cutter-shop.com/chip-load-chart/ ; https://idcwoodcraft.com/pages/chipload-calculator,community chart; not operation-specific; use as broad first-shot nominal fz goal
community-chipload-profile-softwood-12.7,community_nominal_chipload,suggest,contour,roughing,profile,flat_end|bull_nose,softwood,12.7,*,0.533,0.584,10000,20000,roughing DOC must also pass power/deflection; community row only constrains nominal fz,apply radial chip-thinning correction for sim; adaptive target should not burn from too-low chip thickness,,,,,,"feed/(rpm*flutes) inside this nominal community chipload band before machine caps are applied; if cap prevents min chipload, suggest a larger tool/less HSM rather than a burn-prone feed","if project settings are in this nominal band, engagement-corrected sim chipload should generally report Within or explain mismatch as calibration gap",optimizer must not lower corrected chip thickness below burn floor to chase cycle time,b,cutter_shop_chip_load_chart;idc_woodcraft_chipload_calculator,https://cutter-shop.com/chip-load-chart/ ; https://idcwoodcraft.com/pages/chipload-calculator,community chart; not operation-specific; use as broad first-shot nominal fz goal
community-chipload-adaptive-softwood-12.7,community_nominal_chipload,suggest,adaptive,roughing,adaptive,flat_end|bull_nose,softwood,12.7,*,0.533,0.584,10000,20000,roughing DOC must also pass power/deflection; community row only constrains nominal fz,apply radial chip-thinning correction for sim; adaptive target should not burn from too-low chip thickness,,,,,,"feed/(rpm*flutes) inside this nominal community chipload band before machine caps are applied; if cap prevents min chipload, suggest a larger tool/less HSM rather than a burn-prone feed","if project settings are in this nominal band, engagement-corrected sim chipload should generally report Within or explain mismatch as calibration gap",optimizer must not lower corrected chip thickness below burn floor to chase cycle time,b,cutter_shop_chip_load_chart;idc_woodcraft_chipload_calculator,https://cutter-shop.com/chip-load-chart/ ; https://idcwoodcraft.com/pages/chipload-calculator,community chart; not operation-specific; use as broad first-shot nominal fz goal
community-chipload-rest-softwood-12.7,community_nominal_chipload,suggest,pocket,roughing,rest,flat_end|bull_nose,softwood,12.7,*,0.533,0.584,10000,20000,roughing DOC must also pass power/deflection; community row only constrains nominal fz,apply radial chip-thinning correction for sim; adaptive target should not burn from too-low chip thickness,,,,,,"feed/(rpm*flutes) inside this nominal community chipload band before machine caps are applied; if cap prevents min chipload, suggest a larger tool/less HSM rather than a burn-prone feed","if project settings are in this nominal band, engagement-corrected sim chipload should generally report Within or explain mismatch as calibration gap",optimizer must not lower corrected chip thickness below burn floor to chase cycle time,b,cutter_shop_chip_load_chart;idc_woodcraft_chipload_calculator,https://cutter-shop.com/chip-load-chart/ ; https://idcwoodcraft.com/pages/chipload-calculator,community chart; not operation-specific; use as broad first-shot nominal fz goal
community-chipload-zigzag-softwood-12.7,community_nominal_chipload,suggest,pocket,roughing,zigzag,flat_end|bull_nose,softwood,12.7,*,0.533,0.584,10000,20000,roughing DOC must also pass power/deflection; community row only constrains nominal fz,apply radial chip-thinning correction for sim; adaptive target should not burn from too-low chip thickness,,,,,,"feed/(rpm*flutes) inside this nominal community chipload band before machine caps are applied; if cap prevents min chipload, suggest a larger tool/less HSM rather than a burn-prone feed","if project settings are in this nominal band, engagement-corrected sim chipload should generally report Within or explain mismatch as calibration gap",optimizer must not lower corrected chip thickness below burn floor to chase cycle time,b,cutter_shop_chip_load_chart;idc_woodcraft_chipload_calculator,https://cutter-shop.com/chip-load-chart/ ; https://idcwoodcraft.com/pages/chipload-calculator,community chart; not operation-specific; use as broad first-shot nominal fz goal
community-chipload-adaptive3d-softwood-12.7,community_nominal_chipload,suggest,adaptive,roughing,adaptive3d,flat_end|bull_nose,softwood,12.7,*,0.533,0.584,10000,20000,roughing DOC must also pass power/deflection; community row only constrains nominal fz,apply radial chip-thinning correction for sim; adaptive target should not burn from too-low chip thickness,,,,,,"feed/(rpm*flutes) inside this nominal community chipload band before machine caps are applied; if cap prevents min chipload, suggest a larger tool/less HSM rather than a burn-prone feed","if project settings are in this nominal band, engagement-corrected sim chipload should generally report Within or explain mismatch as calibration gap",optimizer must not lower corrected chip thickness below burn floor to chase cycle time,b,cutter_shop_chip_load_chart;idc_woodcraft_chipload_calculator,https://cutter-shop.com/chip-load-chart/ ; https://idcwoodcraft.com/pages/chipload-calculator,community chart; not operation-specific; use as broad first-shot nominal fz goal
community-effective-dia-trace-softwood-12.7,community_effective_diameter_chipload,suggest+sim,trace,finish,trace,v_bit|chamfer_vbit|tapered_ball_nose|flat_end,softwood,12.7,*,0.533,0.584,10000,20000,effective cutting diameter must be computed from actual depth/profile before comparing,,,,,,,use effective engaged diameter as a sanity band; do not claim high-confidence vendor accuracy for V-bit chipload without a V-bit source row,chipload gate may be advisory unless exact V-bit vendor LUT exists,feed/RPM-only optimizer changes must be conservative and may refuse when effective diameter is ambiguous,c,carbide3d_community_vbit_discussion;cutter_shop_chip_load_chart,https://community.carbide3d.com/t/feeds-and-speeds-guide/17048 ; https://cutter-shop.com/chip-load-chart/,community rule-of-thumb; V-bit chipload is depth-dependent and lower confidence
community-effective-dia-v_carve-softwood-12.7,community_effective_diameter_chipload,suggest+sim,trace,finish,v_carve,v_bit|chamfer_vbit|tapered_ball_nose|flat_end,softwood,12.7,*,0.533,0.584,10000,20000,effective cutting diameter must be computed from actual depth/profile before comparing,,,,,,,use effective engaged diameter as a sanity band; do not claim high-confidence vendor accuracy for V-bit chipload without a V-bit source row,chipload gate may be advisory unless exact V-bit vendor LUT exists,feed/RPM-only optimizer changes must be conservative and may refuse when effective diameter is ambiguous,c,carbide3d_community_vbit_discussion;cutter_shop_chip_load_chart,https://community.carbide3d.com/t/feeds-and-speeds-guide/17048 ; https://cutter-shop.com/chip-load-chart/,community rule-of-thumb; V-bit chipload is depth-dependent and lower confidence
community-effective-dia-inlay-softwood-12.7,community_effective_diameter_chipload,suggest+sim,trace,finish,inlay,v_bit|chamfer_vbit|tapered_ball_nose|flat_end,softwood,12.7,*,0.533,0.584,10000,20000,effective cutting diameter must be computed from actual depth/profile before comparing,,,,,,,use effective engaged diameter as a sanity band; do not claim high-confidence vendor accuracy for V-bit chipload without a V-bit source row,chipload gate may be advisory unless exact V-bit vendor LUT exists,feed/RPM-only optimizer changes must be conservative and may refuse when effective diameter is ambiguous,c,carbide3d_community_vbit_discussion;cutter_shop_chip_load_chart,https://community.carbide3d.com/t/feeds-and-speeds-guide/17048 ; https://cutter-shop.com/chip-load-chart/,community rule-of-thumb; V-bit chipload is depth-dependent and lower confidence
community-effective-dia-chamfer-softwood-12.7,community_effective_diameter_chipload,suggest+sim,trace,finish,chamfer,v_bit|chamfer_vbit|tapered_ball_nose|flat_end,softwood,12.7,*,0.533,0.584,10000,20000,effective cutting diameter must be computed from actual depth/profile before comparing,,,,,,,use effective engaged diameter as a sanity band; do not claim high-confidence vendor accuracy for V-bit chipload without a V-bit source row,chipload gate may be advisory unless exact V-bit vendor LUT exists,feed/RPM-only optimizer changes must be conservative and may refuse when effective diameter is ambiguous,c,carbide3d_community_vbit_discussion;cutter_shop_chip_load_chart,https://community.carbide3d.com/t/feeds-and-speeds-guide/17048 ; https://cutter-shop.com/chip-load-chart/,community rule-of-thumb; V-bit chipload is depth-dependent and lower confidence
community-effective-dia-project_curve-softwood-12.7,community_effective_diameter_chipload,suggest+sim,trace,finish,project_curve,v_bit|chamfer_vbit|tapered_ball_nose|flat_end,softwood,12.7,*,0.533,0.584,10000,20000,effective cutting diameter must be computed from actual depth/profile before comparing,,,,,,,use effective engaged diameter as a sanity band; do not claim high-confidence vendor accuracy for V-bit chipload without a V-bit source row,chipload gate may be advisory unless exact V-bit vendor LUT exists,feed/RPM-only optimizer changes must be conservative and may refuse when effective diameter is ambiguous,c,carbide3d_community_vbit_discussion;cutter_shop_chip_load_chart,https://community.carbide3d.com/t/feeds-and-speeds-guide/17048 ; https://cutter-shop.com/chip-load-chart/,community rule-of-thumb; V-bit chipload is depth-dependent and lower confidence
community-chipload-face-plywood_softwood-12.7,community_nominal_chipload,suggest,pocket,roughing,face,flat_end|facing_bit,plywood_softwood,12.7,*,0.533,0.584,10000,20000,roughing DOC must also pass power/deflection; community row only constrains nominal fz,apply radial chip-thinning correction for sim; adaptive target should not burn from too-low chip thickness,,,,,,"feed/(rpm*flutes) inside this nominal community chipload band before machine caps are applied; if cap prevents min chipload, suggest a larger tool/less HSM rather than a burn-prone feed","if project settings are in this nominal band, engagement-corrected sim chipload should generally report Within or explain mismatch as calibration gap",optimizer must not lower corrected chip thickness below burn floor to chase cycle time,b,cutter_shop_chip_load_chart;idc_woodcraft_chipload_calculator,https://cutter-shop.com/chip-load-chart/ ; https://idcwoodcraft.com/pages/chipload-calculator,community chart; not operation-specific; use as broad first-shot nominal fz goal
community-chipload-pocket-plywood_softwood-12.7,community_nominal_chipload,suggest,pocket,roughing,pocket,flat_end|bull_nose,plywood_softwood,12.7,*,0.533,0.584,10000,20000,roughing DOC must also pass power/deflection; community row only constrains nominal fz,apply radial chip-thinning correction for sim; adaptive target should not burn from too-low chip thickness,,,,,,"feed/(rpm*flutes) inside this nominal community chipload band before machine caps are applied; if cap prevents min chipload, suggest a larger tool/less HSM rather than a burn-prone feed","if project settings are in this nominal band, engagement-corrected sim chipload should generally report Within or explain mismatch as calibration gap",optimizer must not lower corrected chip thickness below burn floor to chase cycle time,b,cutter_shop_chip_load_chart;idc_woodcraft_chipload_calculator,https://cutter-shop.com/chip-load-chart/ ; https://idcwoodcraft.com/pages/chipload-calculator,community chart; not operation-specific; use as broad first-shot nominal fz goal
community-chipload-profile-plywood_softwood-12.7,community_nominal_chipload,suggest,contour,roughing,profile,flat_end|bull_nose,plywood_softwood,12.7,*,0.533,0.584,10000,20000,roughing DOC must also pass power/deflection; community row only constrains nominal fz,apply radial chip-thinning correction for sim; adaptive target should not burn from too-low chip thickness,,,,,,"feed/(rpm*flutes) inside this nominal community chipload band before machine caps are applied; if cap prevents min chipload, suggest a larger tool/less HSM rather than a burn-prone feed","if project settings are in this nominal band, engagement-corrected sim chipload should generally report Within or explain mismatch as calibration gap",optimizer must not lower corrected chip thickness below burn floor to chase cycle time,b,cutter_shop_chip_load_chart;idc_woodcraft_chipload_calculator,https://cutter-shop.com/chip-load-chart/ ; https://idcwoodcraft.com/pages/chipload-calculator,community chart; not operation-specific; use as broad first-shot nominal fz goal
community-chipload-adaptive-plywood_softwood-12.7,community_nominal_chipload,suggest,adaptive,roughing,adaptive,flat_end|bull_nose,plywood_softwood,12.7,*,0.533,0.584,10000,20000,roughing DOC must also pass power/deflection; community row only constrains nominal fz,apply radial chip-thinning correction for sim; adaptive target should not burn from too-low chip thickness,,,,,,"feed/(rpm*flutes) inside this nominal community chipload band before machine caps are applied; if cap prevents min chipload, suggest a larger tool/less HSM rather than a burn-prone feed","if project settings are in this nominal band, engagement-corrected sim chipload should generally report Within or explain mismatch as calibration gap",optimizer must not lower corrected chip thickness below burn floor to chase cycle time,b,cutter_shop_chip_load_chart;idc_woodcraft_chipload_calculator,https://cutter-shop.com/chip-load-chart/ ; https://idcwoodcraft.com/pages/chipload-calculator,community chart; not operation-specific; use as broad first-shot nominal fz goal
community-chipload-rest-plywood_softwood-12.7,community_nominal_chipload,suggest,pocket,roughing,rest,flat_end|bull_nose,plywood_softwood,12.7,*,0.533,0.584,10000,20000,roughing DOC must also pass power/deflection; community row only constrains nominal fz,apply radial chip-thinning correction for sim; adaptive target should not burn from too-low chip thickness,,,,,,"feed/(rpm*flutes) inside this nominal community chipload band before machine caps are applied; if cap prevents min chipload, suggest a larger tool/less HSM rather than a burn-prone feed","if project settings are in this nominal band, engagement-corrected sim chipload should generally report Within or explain mismatch as calibration gap",optimizer must not lower corrected chip thickness below burn floor to chase cycle time,b,cutter_shop_chip_load_chart;idc_woodcraft_chipload_calculator,https://cutter-shop.com/chip-load-chart/ ; https://idcwoodcraft.com/pages/chipload-calculator,community chart; not operation-specific; use as broad first-shot nominal fz goal
community-chipload-zigzag-plywood_softwood-12.7,community_nominal_chipload,suggest,pocket,roughing,zigzag,flat_end|bull_nose,plywood_softwood,12.7,*,0.533,0.584,10000,20000,roughing DOC must also pass power/deflection; community row only constrains nominal fz,apply radial chip-thinning correction for sim; adaptive target should not burn from too-low chip thickness,,,,,,"feed/(rpm*flutes) inside this nominal community chipload band before machine caps are applied; if cap prevents min chipload, suggest a larger tool/less HSM rather than a burn-prone feed","if project settings are in this nominal band, engagement-corrected sim chipload should generally report Within or explain mismatch as calibration gap",optimizer must not lower corrected chip thickness below burn floor to chase cycle time,b,cutter_shop_chip_load_chart;idc_woodcraft_chipload_calculator,https://cutter-shop.com/chip-load-chart/ ; https://idcwoodcraft.com/pages/chipload-calculator,community chart; not operation-specific; use as broad first-shot nominal fz goal
community-chipload-adaptive3d-plywood_softwood-12.7,community_nominal_chipload,suggest,adaptive,roughing,adaptive3d,flat_end|bull_nose,plywood_softwood,12.7,*,0.533,0.584,10000,20000,roughing DOC must also pass power/deflection; community row only constrains nominal fz,apply radial chip-thinning correction for sim; adaptive target should not burn from too-low chip thickness,,,,,,"feed/(rpm*flutes) inside this nominal community chipload band before machine caps are applied; if cap prevents min chipload, suggest a larger tool/less HSM rather than a burn-prone feed","if project settings are in this nominal band, engagement-corrected sim chipload should generally report Within or explain mismatch as calibration gap",optimizer must not lower corrected chip thickness below burn floor to chase cycle time,b,cutter_shop_chip_load_chart;idc_woodcraft_chipload_calculator,https://cutter-shop.com/chip-load-chart/ ; https://idcwoodcraft.com/pages/chipload-calculator,community chart; not operation-specific; use as broad first-shot nominal fz goal
community-effective-dia-trace-plywood_softwood-12.7,community_effective_diameter_chipload,suggest+sim,trace,finish,trace,v_bit|chamfer_vbit|tapered_ball_nose|flat_end,plywood_softwood,12.7,*,0.533,0.584,10000,20000,effective cutting diameter must be computed from actual depth/profile before comparing,,,,,,,use effective engaged diameter as a sanity band; do not claim high-confidence vendor accuracy for V-bit chipload without a V-bit source row,chipload gate may be advisory unless exact V-bit vendor LUT exists,feed/RPM-only optimizer changes must be conservative and may refuse when effective diameter is ambiguous,c,carbide3d_community_vbit_discussion;cutter_shop_chip_load_chart,https://community.carbide3d.com/t/feeds-and-speeds-guide/17048 ; https://cutter-shop.com/chip-load-chart/,community rule-of-thumb; V-bit chipload is depth-dependent and lower confidence
community-effective-dia-v_carve-plywood_softwood-12.7,community_effective_diameter_chipload,suggest+sim,trace,finish,v_carve,v_bit|chamfer_vbit|tapered_ball_nose|flat_end,plywood_softwood,12.7,*,0.533,0.584,10000,20000,effective cutting diameter must be computed from actual depth/profile before comparing,,,,,,,use effective engaged diameter as a sanity band; do not claim high-confidence vendor accuracy for V-bit chipload without a V-bit source row,chipload gate may be advisory unless exact V-bit vendor LUT exists,feed/RPM-only optimizer changes must be conservative and may refuse when effective diameter is ambiguous,c,carbide3d_community_vbit_discussion;cutter_shop_chip_load_chart,https://community.carbide3d.com/t/feeds-and-speeds-guide/17048 ; https://cutter-shop.com/chip-load-chart/,community rule-of-thumb; V-bit chipload is depth-dependent and lower confidence
community-effective-dia-inlay-plywood_softwood-12.7,community_effective_diameter_chipload,suggest+sim,trace,finish,inlay,v_bit|chamfer_vbit|tapered_ball_nose|flat_end,plywood_softwood,12.7,*,0.533,0.584,10000,20000,effective cutting diameter must be computed from actual depth/profile before comparing,,,,,,,use effective engaged diameter as a sanity band; do not claim high-confidence vendor accuracy for V-bit chipload without a V-bit source row,chipload gate may be advisory unless exact V-bit vendor LUT exists,feed/RPM-only optimizer changes must be conservative and may refuse when effective diameter is ambiguous,c,carbide3d_community_vbit_discussion;cutter_shop_chip_load_chart,https://community.carbide3d.com/t/feeds-and-speeds-guide/17048 ; https://cutter-shop.com/chip-load-chart/,community rule-of-thumb; V-bit chipload is depth-dependent and lower confidence
community-effective-dia-chamfer-plywood_softwood-12.7,community_effective_diameter_chipload,suggest+sim,trace,finish,chamfer,v_bit|chamfer_vbit|tapered_ball_nose|flat_end,plywood_softwood,12.7,*,0.533,0.584,10000,20000,effective cutting diameter must be computed from actual depth/profile before comparing,,,,,,,use effective engaged diameter as a sanity band; do not claim high-confidence vendor accuracy for V-bit chipload without a V-bit source row,chipload gate may be advisory unless exact V-bit vendor LUT exists,feed/RPM-only optimizer changes must be conservative and may refuse when effective diameter is ambiguous,c,carbide3d_community_vbit_discussion;cutter_shop_chip_load_chart,https://community.carbide3d.com/t/feeds-and-speeds-guide/17048 ; https://cutter-shop.com/chip-load-chart/,community rule-of-thumb; V-bit chipload is depth-dependent and lower confidence
community-effective-dia-project_curve-plywood_softwood-12.7,community_effective_diameter_chipload,suggest+sim,trace,finish,project_curve,v_bit|chamfer_vbit|tapered_ball_nose|flat_end,plywood_softwood,12.7,*,0.533,0.584,10000,20000,effective cutting diameter must be computed from actual depth/profile before comparing,,,,,,,use effective engaged diameter as a sanity band; do not claim high-confidence vendor accuracy for V-bit chipload without a V-bit source row,chipload gate may be advisory unless exact V-bit vendor LUT exists,feed/RPM-only optimizer changes must be conservative and may refuse when effective diameter is ambiguous,c,carbide3d_community_vbit_discussion;cutter_shop_chip_load_chart,https://community.carbide3d.com/t/feeds-and-speeds-guide/17048 ; https://cutter-shop.com/chip-load-chart/,community rule-of-thumb; V-bit chipload is depth-dependent and lower confidence
community-chipload-face-plywood_hardwood-12.7,community_nominal_chipload,suggest,pocket,roughing,face,flat_end|facing_bit,plywood_hardwood,12.7,*,0.533,0.584,10000,20000,roughing DOC must also pass power/deflection; community row only constrains nominal fz,apply radial chip-thinning correction for sim; adaptive target should not burn from too-low chip thickness,,,,,,"feed/(rpm*flutes) inside this nominal community chipload band before machine caps are applied; if cap prevents min chipload, suggest a larger tool/less HSM rather than a burn-prone feed","if project settings are in this nominal band, engagement-corrected sim chipload should generally report Within or explain mismatch as calibration gap",optimizer must not lower corrected chip thickness below burn floor to chase cycle time,b,cutter_shop_chip_load_chart;idc_woodcraft_chipload_calculator,https://cutter-shop.com/chip-load-chart/ ; https://idcwoodcraft.com/pages/chipload-calculator,community chart; not operation-specific; use as broad first-shot nominal fz goal
community-chipload-pocket-plywood_hardwood-12.7,community_nominal_chipload,suggest,pocket,roughing,pocket,flat_end|bull_nose,plywood_hardwood,12.7,*,0.533,0.584,10000,20000,roughing DOC must also pass power/deflection; community row only constrains nominal fz,apply radial chip-thinning correction for sim; adaptive target should not burn from too-low chip thickness,,,,,,"feed/(rpm*flutes) inside this nominal community chipload band before machine caps are applied; if cap prevents min chipload, suggest a larger tool/less HSM rather than a burn-prone feed","if project settings are in this nominal band, engagement-corrected sim chipload should generally report Within or explain mismatch as calibration gap",optimizer must not lower corrected chip thickness below burn floor to chase cycle time,b,cutter_shop_chip_load_chart;idc_woodcraft_chipload_calculator,https://cutter-shop.com/chip-load-chart/ ; https://idcwoodcraft.com/pages/chipload-calculator,community chart; not operation-specific; use as broad first-shot nominal fz goal
community-chipload-profile-plywood_hardwood-12.7,community_nominal_chipload,suggest,contour,roughing,profile,flat_end|bull_nose,plywood_hardwood,12.7,*,0.533,0.584,10000,20000,roughing DOC must also pass power/deflection; community row only constrains nominal fz,apply radial chip-thinning correction for sim; adaptive target should not burn from too-low chip thickness,,,,,,"feed/(rpm*flutes) inside this nominal community chipload band before machine caps are applied; if cap prevents min chipload, suggest a larger tool/less HSM rather than a burn-prone feed","if project settings are in this nominal band, engagement-corrected sim chipload should generally report Within or explain mismatch as calibration gap",optimizer must not lower corrected chip thickness below burn floor to chase cycle time,b,cutter_shop_chip_load_chart;idc_woodcraft_chipload_calculator,https://cutter-shop.com/chip-load-chart/ ; https://idcwoodcraft.com/pages/chipload-calculator,community chart; not operation-specific; use as broad first-shot nominal fz goal
community-chipload-adaptive-plywood_hardwood-12.7,community_nominal_chipload,suggest,adaptive,roughing,adaptive,flat_end|bull_nose,plywood_hardwood,12.7,*,0.533,0.584,10000,20000,roughing DOC must also pass power/deflection; community row only constrains nominal fz,apply radial chip-thinning correction for sim; adaptive target should not burn from too-low chip thickness,,,,,,"feed/(rpm*flutes) inside this nominal community chipload band before machine caps are applied; if cap prevents min chipload, suggest a larger tool/less HSM rather than a burn-prone feed","if project settings are in this nominal band, engagement-corrected sim chipload should generally report Within or explain mismatch as calibration gap",optimizer must not lower corrected chip thickness below burn floor to chase cycle time,b,cutter_shop_chip_load_chart;idc_woodcraft_chipload_calculator,https://cutter-shop.com/chip-load-chart/ ; https://idcwoodcraft.com/pages/chipload-calculator,community chart; not operation-specific; use as broad first-shot nominal fz goal
community-chipload-rest-plywood_hardwood-12.7,community_nominal_chipload,suggest,pocket,roughing,rest,flat_end|bull_nose,plywood_hardwood,12.7,*,0.533,0.584,10000,20000,roughing DOC must also pass power/deflection; community row only constrains nominal fz,apply radial chip-thinning correction for sim; adaptive target should not burn from too-low chip thickness,,,,,,"feed/(rpm*flutes) inside this nominal community chipload band before machine caps are applied; if cap prevents min chipload, suggest a larger tool/less HSM rather than a burn-prone feed","if project settings are in this nominal band, engagement-corrected sim chipload should generally report Within or explain mismatch as calibration gap",optimizer must not lower corrected chip thickness below burn floor to chase cycle time,b,cutter_shop_chip_load_chart;idc_woodcraft_chipload_calculator,https://cutter-shop.com/chip-load-chart/ ; https://idcwoodcraft.com/pages/chipload-calculator,community chart; not operation-specific; use as broad first-shot nominal fz goal
community-chipload-zigzag-plywood_hardwood-12.7,community_nominal_chipload,suggest,pocket,roughing,zigzag,flat_end|bull_nose,plywood_hardwood,12.7,*,0.533,0.584,10000,20000,roughing DOC must also pass power/deflection; community row only constrains nominal fz,apply radial chip-thinning correction for sim; adaptive target should not burn from too-low chip thickness,,,,,,"feed/(rpm*flutes) inside this nominal community chipload band before machine caps are applied; if cap prevents min chipload, suggest a larger tool/less HSM rather than a burn-prone feed","if project settings are in this nominal band, engagement-corrected sim chipload should generally report Within or explain mismatch as calibration gap",optimizer must not lower corrected chip thickness below burn floor to chase cycle time,b,cutter_shop_chip_load_chart;idc_woodcraft_chipload_calculator,https://cutter-shop.com/chip-load-chart/ ; https://idcwoodcraft.com/pages/chipload-calculator,community chart; not operation-specific; use as broad first-shot nominal fz goal
community-chipload-adaptive3d-plywood_hardwood-12.7,community_nominal_chipload,suggest,adaptive,roughing,adaptive3d,flat_end|bull_nose,plywood_hardwood,12.7,*,0.533,0.584,10000,20000,roughing DOC must also pass power/deflection; community row only constrains nominal fz,apply radial chip-thinning correction for sim; adaptive target should not burn from too-low chip thickness,,,,,,"feed/(rpm*flutes) inside this nominal community chipload band before machine caps are applied; if cap prevents min chipload, suggest a larger tool/less HSM rather than a burn-prone feed","if project settings are in this nominal band, engagement-corrected sim chipload should generally report Within or explain mismatch as calibration gap",optimizer must not lower corrected chip thickness below burn floor to chase cycle time,b,cutter_shop_chip_load_chart;idc_woodcraft_chipload_calculator,https://cutter-shop.com/chip-load-chart/ ; https://idcwoodcraft.com/pages/chipload-calculator,community chart; not operation-specific; use as broad first-shot nominal fz goal
community-effective-dia-trace-plywood_hardwood-12.7,community_effective_diameter_chipload,suggest+sim,trace,finish,trace,v_bit|chamfer_vbit|tapered_ball_nose|flat_end,plywood_hardwood,12.7,*,0.533,0.584,10000,20000,effective cutting diameter must be computed from actual depth/profile before comparing,,,,,,,use effective engaged diameter as a sanity band; do not claim high-confidence vendor accuracy for V-bit chipload without a V-bit source row,chipload gate may be advisory unless exact V-bit vendor LUT exists,feed/RPM-only optimizer changes must be conservative and may refuse when effective diameter is ambiguous,c,carbide3d_community_vbit_discussion;cutter_shop_chip_load_chart,https://community.carbide3d.com/t/feeds-and-speeds-guide/17048 ; https://cutter-shop.com/chip-load-chart/,community rule-of-thumb; V-bit chipload is depth-dependent and lower confidence
community-effective-dia-v_carve-plywood_hardwood-12.7,community_effective_diameter_chipload,suggest+sim,trace,finish,v_carve,v_bit|chamfer_vbit|tapered_ball_nose|flat_end,plywood_hardwood,12.7,*,0.533,0.584,10000,20000,effective cutting diameter must be computed from actual depth/profile before comparing,,,,,,,use effective engaged diameter as a sanity band; do not claim high-confidence vendor accuracy for V-bit chipload without a V-bit source row,chipload gate may be advisory unless exact V-bit vendor LUT exists,feed/RPM-only optimizer changes must be conservative and may refuse when effective diameter is ambiguous,c,carbide3d_community_vbit_discussion;cutter_shop_chip_load_chart,https://community.carbide3d.com/t/feeds-and-speeds-guide/17048 ; https://cutter-shop.com/chip-load-chart/,community rule-of-thumb; V-bit chipload is depth-dependent and lower confidence
community-effective-dia-inlay-plywood_hardwood-12.7,community_effective_diameter_chipload,suggest+sim,trace,finish,inlay,v_bit|chamfer_vbit|tapered_ball_nose|flat_end,plywood_hardwood,12.7,*,0.533,0.584,10000,20000,effective cutting diameter must be computed from actual depth/profile before comparing,,,,,,,use effective engaged diameter as a sanity band; do not claim high-confidence vendor accuracy for V-bit chipload without a V-bit source row,chipload gate may be advisory unless exact V-bit vendor LUT exists,feed/RPM-only optimizer changes must be conservative and may refuse when effective diameter is ambiguous,c,carbide3d_community_vbit_discussion;cutter_shop_chip_load_chart,https://community.carbide3d.com/t/feeds-and-speeds-guide/17048 ; https://cutter-shop.com/chip-load-chart/,community rule-of-thumb; V-bit chipload is depth-dependent and lower confidence
community-effective-dia-chamfer-plywood_hardwood-12.7,community_effective_diameter_chipload,suggest+sim,trace,finish,chamfer,v_bit|chamfer_vbit|tapered_ball_nose|flat_end,plywood_hardwood,12.7,*,0.533,0.584,10000,20000,effective cutting diameter must be computed from actual depth/profile before comparing,,,,,,,use effective engaged diameter as a sanity band; do not claim high-confidence vendor accuracy for V-bit chipload without a V-bit source row,chipload gate may be advisory unless exact V-bit vendor LUT exists,feed/RPM-only optimizer changes must be conservative and may refuse when effective diameter is ambiguous,c,carbide3d_community_vbit_discussion;cutter_shop_chip_load_chart,https://community.carbide3d.com/t/feeds-and-speeds-guide/17048 ; https://cutter-shop.com/chip-load-chart/,community rule-of-thumb; V-bit chipload is depth-dependent and lower confidence
community-effective-dia-project_curve-plywood_hardwood-12.7,community_effective_diameter_chipload,suggest+sim,trace,finish,project_curve,v_bit|chamfer_vbit|tapered_ball_nose|flat_end,plywood_hardwood,12.7,*,0.533,0.584,10000,20000,effective cutting diameter must be computed from actual depth/profile before comparing,,,,,,,use effective engaged diameter as a sanity band; do not claim high-confidence vendor accuracy for V-bit chipload without a V-bit source row,chipload gate may be advisory unless exact V-bit vendor LUT exists,feed/RPM-only optimizer changes must be conservative and may refuse when effective diameter is ambiguous,c,carbide3d_community_vbit_discussion;cutter_shop_chip_load_chart,https://community.carbide3d.com/t/feeds-and-speeds-guide/17048 ; https://cutter-shop.com/chip-load-chart/,community rule-of-thumb; V-bit chipload is depth-dependent and lower confidence
community-chipload-face-mdf-12.7,community_nominal_chipload,suggest,pocket,roughing,face,flat_end|facing_bit,mdf,12.7,*,0.635,0.686,10000,20000,roughing DOC must also pass power/deflection; community row only constrains nominal fz,apply radial chip-thinning correction for sim; adaptive target should not burn from too-low chip thickness,,,,,,"feed/(rpm*flutes) inside this nominal community chipload band before machine caps are applied; if cap prevents min chipload, suggest a larger tool/less HSM rather than a burn-prone feed","if project settings are in this nominal band, engagement-corrected sim chipload should generally report Within or explain mismatch as calibration gap",optimizer must not lower corrected chip thickness below burn floor to chase cycle time,b,cutter_shop_chip_load_chart;idc_woodcraft_chipload_calculator,https://cutter-shop.com/chip-load-chart/ ; https://idcwoodcraft.com/pages/chipload-calculator,community chart; not operation-specific; use as broad first-shot nominal fz goal
community-chipload-pocket-mdf-12.7,community_nominal_chipload,suggest,pocket,roughing,pocket,flat_end|bull_nose,mdf,12.7,*,0.635,0.686,10000,20000,roughing DOC must also pass power/deflection; community row only constrains nominal fz,apply radial chip-thinning correction for sim; adaptive target should not burn from too-low chip thickness,,,,,,"feed/(rpm*flutes) inside this nominal community chipload band before machine caps are applied; if cap prevents min chipload, suggest a larger tool/less HSM rather than a burn-prone feed","if project settings are in this nominal band, engagement-corrected sim chipload should generally report Within or explain mismatch as calibration gap",optimizer must not lower corrected chip thickness below burn floor to chase cycle time,b,cutter_shop_chip_load_chart;idc_woodcraft_chipload_calculator,https://cutter-shop.com/chip-load-chart/ ; https://idcwoodcraft.com/pages/chipload-calculator,community chart; not operation-specific; use as broad first-shot nominal fz goal
community-chipload-profile-mdf-12.7,community_nominal_chipload,suggest,contour,roughing,profile,flat_end|bull_nose,mdf,12.7,*,0.635,0.686,10000,20000,roughing DOC must also pass power/deflection; community row only constrains nominal fz,apply radial chip-thinning correction for sim; adaptive target should not burn from too-low chip thickness,,,,,,"feed/(rpm*flutes) inside this nominal community chipload band before machine caps are applied; if cap prevents min chipload, suggest a larger tool/less HSM rather than a burn-prone feed","if project settings are in this nominal band, engagement-corrected sim chipload should generally report Within or explain mismatch as calibration gap",optimizer must not lower corrected chip thickness below burn floor to chase cycle time,b,cutter_shop_chip_load_chart;idc_woodcraft_chipload_calculator,https://cutter-shop.com/chip-load-chart/ ; https://idcwoodcraft.com/pages/chipload-calculator,community chart; not operation-specific; use as broad first-shot nominal fz goal
community-chipload-adaptive-mdf-12.7,community_nominal_chipload,suggest,adaptive,roughing,adaptive,flat_end|bull_nose,mdf,12.7,*,0.635,0.686,10000,20000,roughing DOC must also pass power/deflection; community row only constrains nominal fz,apply radial chip-thinning correction for sim; adaptive target should not burn from too-low chip thickness,,,,,,"feed/(rpm*flutes) inside this nominal community chipload band before machine caps are applied; if cap prevents min chipload, suggest a larger tool/less HSM rather than a burn-prone feed","if project settings are in this nominal band, engagement-corrected sim chipload should generally report Within or explain mismatch as calibration gap",optimizer must not lower corrected chip thickness below burn floor to chase cycle time,b,cutter_shop_chip_load_chart;idc_woodcraft_chipload_calculator,https://cutter-shop.com/chip-load-chart/ ; https://idcwoodcraft.com/pages/chipload-calculator,community chart; not operation-specific; use as broad first-shot nominal fz goal
community-chipload-rest-mdf-12.7,community_nominal_chipload,suggest,pocket,roughing,rest,flat_end|bull_nose,mdf,12.7,*,0.635,0.686,10000,20000,roughing DOC must also pass power/deflection; community row only constrains nominal fz,apply radial chip-thinning correction for sim; adaptive target should not burn from too-low chip thickness,,,,,,"feed/(rpm*flutes) inside this nominal community chipload band before machine caps are applied; if cap prevents min chipload, suggest a larger tool/less HSM rather than a burn-prone feed","if project settings are in this nominal band, engagement-corrected sim chipload should generally report Within or explain mismatch as calibration gap",optimizer must not lower corrected chip thickness below burn floor to chase cycle time,b,cutter_shop_chip_load_chart;idc_woodcraft_chipload_calculator,https://cutter-shop.com/chip-load-chart/ ; https://idcwoodcraft.com/pages/chipload-calculator,community chart; not operation-specific; use as broad first-shot nominal fz goal
community-chipload-zigzag-mdf-12.7,community_nominal_chipload,suggest,pocket,roughing,zigzag,flat_end|bull_nose,mdf,12.7,*,0.635,0.686,10000,20000,roughing DOC must also pass power/deflection; community row only constrains nominal fz,apply radial chip-thinning correction for sim; adaptive target should not burn from too-low chip thickness,,,,,,"feed/(rpm*flutes) inside this nominal community chipload band before machine caps are applied; if cap prevents min chipload, suggest a larger tool/less HSM rather than a burn-prone feed","if project settings are in this nominal band, engagement-corrected sim chipload should generally report Within or explain mismatch as calibration gap",optimizer must not lower corrected chip thickness below burn floor to chase cycle time,b,cutter_shop_chip_load_chart;idc_woodcraft_chipload_calculator,https://cutter-shop.com/chip-load-chart/ ; https://idcwoodcraft.com/pages/chipload-calculator,community chart; not operation-specific; use as broad first-shot nominal fz goal
community-chipload-adaptive3d-mdf-12.7,community_nominal_chipload,suggest,adaptive,roughing,adaptive3d,flat_end|bull_nose,mdf,12.7,*,0.635,0.686,10000,20000,roughing DOC must also pass power/deflection; community row only constrains nominal fz,apply radial chip-thinning correction for sim; adaptive target should not burn from too-low chip thickness,,,,,,"feed/(rpm*flutes) inside this nominal community chipload band before machine caps are applied; if cap prevents min chipload, suggest a larger tool/less HSM rather than a burn-prone feed","if project settings are in this nominal band, engagement-corrected sim chipload should generally report Within or explain mismatch as calibration gap",optimizer must not lower corrected chip thickness below burn floor to chase cycle time,b,cutter_shop_chip_load_chart;idc_woodcraft_chipload_calculator,https://cutter-shop.com/chip-load-chart/ ; https://idcwoodcraft.com/pages/chipload-calculator,community chart; not operation-specific; use as broad first-shot nominal fz goal
community-effective-dia-trace-mdf-12.7,community_effective_diameter_chipload,suggest+sim,trace,finish,trace,v_bit|chamfer_vbit|tapered_ball_nose|flat_end,mdf,12.7,*,0.635,0.686,10000,20000,effective cutting diameter must be computed from actual depth/profile before comparing,,,,,,,use effective engaged diameter as a sanity band; do not claim high-confidence vendor accuracy for V-bit chipload without a V-bit source row,chipload gate may be advisory unless exact V-bit vendor LUT exists,feed/RPM-only optimizer changes must be conservative and may refuse when effective diameter is ambiguous,c,carbide3d_community_vbit_discussion;cutter_shop_chip_load_chart,https://community.carbide3d.com/t/feeds-and-speeds-guide/17048 ; https://cutter-shop.com/chip-load-chart/,community rule-of-thumb; V-bit chipload is depth-dependent and lower confidence
community-effective-dia-v_carve-mdf-12.7,community_effective_diameter_chipload,suggest+sim,trace,finish,v_carve,v_bit|chamfer_vbit|tapered_ball_nose|flat_end,mdf,12.7,*,0.635,0.686,10000,20000,effective cutting diameter must be computed from actual depth/profile before comparing,,,,,,,use effective engaged diameter as a sanity band; do not claim high-confidence vendor accuracy for V-bit chipload without a V-bit source row,chipload gate may be advisory unless exact V-bit vendor LUT exists,feed/RPM-only optimizer changes must be conservative and may refuse when effective diameter is ambiguous,c,carbide3d_community_vbit_discussion;cutter_shop_chip_load_chart,https://community.carbide3d.com/t/feeds-and-speeds-guide/17048 ; https://cutter-shop.com/chip-load-chart/,community rule-of-thumb; V-bit chipload is depth-dependent and lower confidence
community-effective-dia-inlay-mdf-12.7,community_effective_diameter_chipload,suggest+sim,trace,finish,inlay,v_bit|chamfer_vbit|tapered_ball_nose|flat_end,mdf,12.7,*,0.635,0.686,10000,20000,effective cutting diameter must be computed from actual depth/profile before comparing,,,,,,,use effective engaged diameter as a sanity band; do not claim high-confidence vendor accuracy for V-bit chipload without a V-bit source row,chipload gate may be advisory unless exact V-bit vendor LUT exists,feed/RPM-only optimizer changes must be conservative and may refuse when effective diameter is ambiguous,c,carbide3d_community_vbit_discussion;cutter_shop_chip_load_chart,https://community.carbide3d.com/t/feeds-and-speeds-guide/17048 ; https://cutter-shop.com/chip-load-chart/,community rule-of-thumb; V-bit chipload is depth-dependent and lower confidence
community-effective-dia-chamfer-mdf-12.7,community_effective_diameter_chipload,suggest+sim,trace,finish,chamfer,v_bit|chamfer_vbit|tapered_ball_nose|flat_end,mdf,12.7,*,0.635,0.686,10000,20000,effective cutting diameter must be computed from actual depth/profile before comparing,,,,,,,use effective engaged diameter as a sanity band; do not claim high-confidence vendor accuracy for V-bit chipload without a V-bit source row,chipload gate may be advisory unless exact V-bit vendor LUT exists,feed/RPM-only optimizer changes must be conservative and may refuse when effective diameter is ambiguous,c,carbide3d_community_vbit_discussion;cutter_shop_chip_load_chart,https://community.carbide3d.com/t/feeds-and-speeds-guide/17048 ; https://cutter-shop.com/chip-load-chart/,community rule-of-thumb; V-bit chipload is depth-dependent and lower confidence
community-effective-dia-project_curve-mdf-12.7,community_effective_diameter_chipload,suggest+sim,trace,finish,project_curve,v_bit|chamfer_vbit|tapered_ball_nose|flat_end,mdf,12.7,*,0.635,0.686,10000,20000,effective cutting diameter must be computed from actual depth/profile before comparing,,,,,,,use effective engaged diameter as a sanity band; do not claim high-confidence vendor accuracy for V-bit chipload without a V-bit source row,chipload gate may be advisory unless exact V-bit vendor LUT exists,feed/RPM-only optimizer changes must be conservative and may refuse when effective diameter is ambiguous,c,carbide3d_community_vbit_discussion;cutter_shop_chip_load_chart,https://community.carbide3d.com/t/feeds-and-speeds-guide/17048 ; https://cutter-shop.com/chip-load-chart/,community rule-of-thumb; V-bit chipload is depth-dependent and lower confidence
finish-quality-drop_cutter-fine_visible_finish,surface_finish_stepover_scallop,suggest+optimize,parallel,finish,drop_cutter,ball_nose|tapered_ball_nose,all_wood,*,*,,,,,finish DOC must remain low enough for deflection gate; quality row does not license heavy cuts,,5,10,0.01,,,default final finishing should land in fine/good band unless user selects semi-finish,"load gates still apply, but cannot be the only pass/fail criterion for final finish",optimizer may not recommend a coarser finish band as a safe improvement unless quality objective explicitly permits it,b,cutviewer_ball_nose_stepover;rs_cam_scallop_math,https://cutviewer.com/tools/stepover-calculator/ ; crates/rs_cam_core/src/scallop_math.rs,visible/mold-like finish; minimal sanding
finish-quality-drop_cutter-good_light_sanding,surface_finish_stepover_scallop,suggest+optimize,parallel,finish,drop_cutter,ball_nose|tapered_ball_nose,all_wood,*,*,,,,,finish DOC must remain low enough for deflection gate; quality row does not license heavy cuts,,10,20,0.05,,,default final finishing should land in fine/good band unless user selects semi-finish,"load gates still apply, but cannot be the only pass/fail criterion for final finish",optimizer may not recommend a coarser finish band as a safe improvement unless quality objective explicitly permits it,b,cutviewer_ball_nose_stepover;rs_cam_scallop_math,https://cutviewer.com/tools/stepover-calculator/ ; crates/rs_cam_core/src/scallop_math.rs,normal visible wood finish; light sanding expected
finish-quality-drop_cutter-semi_finish,surface_finish_stepover_scallop,suggest+optimize,parallel,finish,drop_cutter,ball_nose|tapered_ball_nose,all_wood,*,*,,,,,finish DOC must remain low enough for deflection gate; quality row does not license heavy cuts,,20,35,0.15,,,default final finishing should land in fine/good band unless user selects semi-finish,"load gates still apply, but cannot be the only pass/fail criterion for final finish",optimizer may not recommend a coarser finish band as a safe improvement unless quality objective explicitly permits it,b,cutviewer_ball_nose_stepover;rs_cam_scallop_math,https://cutviewer.com/tools/stepover-calculator/ ; crates/rs_cam_core/src/scallop_math.rs,semi-finish only; should not be optimizer final-pass default without user acceptance
finish-quality-waterline-fine_visible_finish,surface_finish_stepover_scallop,suggest+optimize,parallel,finish,waterline,ball_nose|tapered_ball_nose,all_wood,*,*,,,,,finish DOC must remain low enough for deflection gate; quality row does not license heavy cuts,,5,10,0.01,,,default final finishing should land in fine/good band unless user selects semi-finish,"load gates still apply, but cannot be the only pass/fail criterion for final finish",optimizer may not recommend a coarser finish band as a safe improvement unless quality objective explicitly permits it,b,cutviewer_ball_nose_stepover;rs_cam_scallop_math,https://cutviewer.com/tools/stepover-calculator/ ; crates/rs_cam_core/src/scallop_math.rs,visible/mold-like finish; minimal sanding
finish-quality-waterline-good_light_sanding,surface_finish_stepover_scallop,suggest+optimize,parallel,finish,waterline,ball_nose|tapered_ball_nose,all_wood,*,*,,,,,finish DOC must remain low enough for deflection gate; quality row does not license heavy cuts,,10,20,0.05,,,default final finishing should land in fine/good band unless user selects semi-finish,"load gates still apply, but cannot be the only pass/fail criterion for final finish",optimizer may not recommend a coarser finish band as a safe improvement unless quality objective explicitly permits it,b,cutviewer_ball_nose_stepover;rs_cam_scallop_math,https://cutviewer.com/tools/stepover-calculator/ ; crates/rs_cam_core/src/scallop_math.rs,normal visible wood finish; light sanding expected
finish-quality-waterline-semi_finish,surface_finish_stepover_scallop,suggest+optimize,parallel,finish,waterline,ball_nose|tapered_ball_nose,all_wood,*,*,,,,,finish DOC must remain low enough for deflection gate; quality row does not license heavy cuts,,20,35,0.15,,,default final finishing should land in fine/good band unless user selects semi-finish,"load gates still apply, but cannot be the only pass/fail criterion for final finish",optimizer may not recommend a coarser finish band as a safe improvement unless quality objective explicitly permits it,b,cutviewer_ball_nose_stepover;rs_cam_scallop_math,https://cutviewer.com/tools/stepover-calculator/ ; crates/rs_cam_core/src/scallop_math.rs,semi-finish only; should not be optimizer final-pass default without user acceptance
finish-quality-pencil-fine_visible_finish,surface_finish_stepover_scallop,suggest+optimize,trace,finish,pencil,ball_nose|tapered_ball_nose,all_wood,*,*,,,,,finish DOC must remain low enough for deflection gate; quality row does not license heavy cuts,,5,10,0.01,,,default final finishing should land in fine/good band unless user selects semi-finish,"load gates still apply, but cannot be the only pass/fail criterion for final finish",optimizer may not recommend a coarser finish band as a safe improvement unless quality objective explicitly permits it,b,cutviewer_ball_nose_stepover;rs_cam_scallop_math,https://cutviewer.com/tools/stepover-calculator/ ; crates/rs_cam_core/src/scallop_math.rs,visible/mold-like finish; minimal sanding
finish-quality-pencil-good_light_sanding,surface_finish_stepover_scallop,suggest+optimize,trace,finish,pencil,ball_nose|tapered_ball_nose,all_wood,*,*,,,,,finish DOC must remain low enough for deflection gate; quality row does not license heavy cuts,,10,20,0.05,,,default final finishing should land in fine/good band unless user selects semi-finish,"load gates still apply, but cannot be the only pass/fail criterion for final finish",optimizer may not recommend a coarser finish band as a safe improvement unless quality objective explicitly permits it,b,cutviewer_ball_nose_stepover;rs_cam_scallop_math,https://cutviewer.com/tools/stepover-calculator/ ; crates/rs_cam_core/src/scallop_math.rs,normal visible wood finish; light sanding expected
finish-quality-pencil-semi_finish,surface_finish_stepover_scallop,suggest+optimize,trace,finish,pencil,ball_nose|tapered_ball_nose,all_wood,*,*,,,,,finish DOC must remain low enough for deflection gate; quality row does not license heavy cuts,,20,35,0.15,,,default final finishing should land in fine/good band unless user selects semi-finish,"load gates still apply, but cannot be the only pass/fail criterion for final finish",optimizer may not recommend a coarser finish band as a safe improvement unless quality objective explicitly permits it,b,cutviewer_ball_nose_stepover;rs_cam_scallop_math,https://cutviewer.com/tools/stepover-calculator/ ; crates/rs_cam_core/src/scallop_math.rs,semi-finish only; should not be optimizer final-pass default without user acceptance
finish-quality-scallop-fine_visible_finish,surface_finish_stepover_scallop,suggest+optimize,scallop,finish,scallop,ball_nose|tapered_ball_nose,all_wood,*,*,,,,,finish DOC must remain low enough for deflection gate; quality row does not license heavy cuts,,5,10,0.01,,,default final finishing should land in fine/good band unless user selects semi-finish,"load gates still apply, but cannot be the only pass/fail criterion for final finish",optimizer may not recommend a coarser finish band as a safe improvement unless quality objective explicitly permits it,b,cutviewer_ball_nose_stepover;rs_cam_scallop_math,https://cutviewer.com/tools/stepover-calculator/ ; crates/rs_cam_core/src/scallop_math.rs,visible/mold-like finish; minimal sanding
finish-quality-scallop-good_light_sanding,surface_finish_stepover_scallop,suggest+optimize,scallop,finish,scallop,ball_nose|tapered_ball_nose,all_wood,*,*,,,,,finish DOC must remain low enough for deflection gate; quality row does not license heavy cuts,,10,20,0.05,,,default final finishing should land in fine/good band unless user selects semi-finish,"load gates still apply, but cannot be the only pass/fail criterion for final finish",optimizer may not recommend a coarser finish band as a safe improvement unless quality objective explicitly permits it,b,cutviewer_ball_nose_stepover;rs_cam_scallop_math,https://cutviewer.com/tools/stepover-calculator/ ; crates/rs_cam_core/src/scallop_math.rs,normal visible wood finish; light sanding expected
finish-quality-scallop-semi_finish,surface_finish_stepover_scallop,suggest+optimize,scallop,finish,scallop,ball_nose|tapered_ball_nose,all_wood,*,*,,,,,finish DOC must remain low enough for deflection gate; quality row does not license heavy cuts,,20,35,0.15,,,default final finishing should land in fine/good band unless user selects semi-finish,"load gates still apply, but cannot be the only pass/fail criterion for final finish",optimizer may not recommend a coarser finish band as a safe improvement unless quality objective explicitly permits it,b,cutviewer_ball_nose_stepover;rs_cam_scallop_math,https://cutviewer.com/tools/stepover-calculator/ ; crates/rs_cam_core/src/scallop_math.rs,semi-finish only; should not be optimizer final-pass default without user acceptance
finish-quality-steep_shallow-fine_visible_finish,surface_finish_stepover_scallop,suggest+optimize,parallel,finish,steep_shallow,ball_nose|tapered_ball_nose,all_wood,*,*,,,,,finish DOC must remain low enough for deflection gate; quality row does not license heavy cuts,,5,10,0.01,,,default final finishing should land in fine/good band unless user selects semi-finish,"load gates still apply, but cannot be the only pass/fail criterion for final finish",optimizer may not recommend a coarser finish band as a safe improvement unless quality objective explicitly permits it,b,cutviewer_ball_nose_stepover;rs_cam_scallop_math,https://cutviewer.com/tools/stepover-calculator/ ; crates/rs_cam_core/src/scallop_math.rs,visible/mold-like finish; minimal sanding
finish-quality-steep_shallow-good_light_sanding,surface_finish_stepover_scallop,suggest+optimize,parallel,finish,steep_shallow,ball_nose|tapered_ball_nose,all_wood,*,*,,,,,finish DOC must remain low enough for deflection gate; quality row does not license heavy cuts,,10,20,0.05,,,default final finishing should land in fine/good band unless user selects semi-finish,"load gates still apply, but cannot be the only pass/fail criterion for final finish",optimizer may not recommend a coarser finish band as a safe improvement unless quality objective explicitly permits it,b,cutviewer_ball_nose_stepover;rs_cam_scallop_math,https://cutviewer.com/tools/stepover-calculator/ ; crates/rs_cam_core/src/scallop_math.rs,normal visible wood finish; light sanding expected
finish-quality-steep_shallow-semi_finish,surface_finish_stepover_scallop,suggest+optimize,parallel,finish,steep_shallow,ball_nose|tapered_ball_nose,all_wood,*,*,,,,,finish DOC must remain low enough for deflection gate; quality row does not license heavy cuts,,20,35,0.15,,,default final finishing should land in fine/good band unless user selects semi-finish,"load gates still apply, but cannot be the only pass/fail criterion for final finish",optimizer may not recommend a coarser finish band as a safe improvement unless quality objective explicitly permits it,b,cutviewer_ball_nose_stepover;rs_cam_scallop_math,https://cutviewer.com/tools/stepover-calculator/ ; crates/rs_cam_core/src/scallop_math.rs,semi-finish only; should not be optimizer final-pass default without user acceptance
finish-quality-ramp_finish-fine_visible_finish,surface_finish_stepover_scallop,suggest+optimize,parallel,finish,ramp_finish,ball_nose|tapered_ball_nose,all_wood,*,*,,,,,finish DOC must remain low enough for deflection gate; quality row does not license heavy cuts,,5,10,0.01,,,default final finishing should land in fine/good band unless user selects semi-finish,"load gates still apply, but cannot be the only pass/fail criterion for final finish",optimizer may not recommend a coarser finish band as a safe improvement unless quality objective explicitly permits it,b,cutviewer_ball_nose_stepover;rs_cam_scallop_math,https://cutviewer.com/tools/stepover-calculator/ ; crates/rs_cam_core/src/scallop_math.rs,visible/mold-like finish; minimal sanding
finish-quality-ramp_finish-good_light_sanding,surface_finish_stepover_scallop,suggest+optimize,parallel,finish,ramp_finish,ball_nose|tapered_ball_nose,all_wood,*,*,,,,,finish DOC must remain low enough for deflection gate; quality row does not license heavy cuts,,10,20,0.05,,,default final finishing should land in fine/good band unless user selects semi-finish,"load gates still apply, but cannot be the only pass/fail criterion for final finish",optimizer may not recommend a coarser finish band as a safe improvement unless quality objective explicitly permits it,b,cutviewer_ball_nose_stepover;rs_cam_scallop_math,https://cutviewer.com/tools/stepover-calculator/ ; crates/rs_cam_core/src/scallop_math.rs,normal visible wood finish; light sanding expected
finish-quality-ramp_finish-semi_finish,surface_finish_stepover_scallop,suggest+optimize,parallel,finish,ramp_finish,ball_nose|tapered_ball_nose,all_wood,*,*,,,,,finish DOC must remain low enough for deflection gate; quality row does not license heavy cuts,,20,35,0.15,,,default final finishing should land in fine/good band unless user selects semi-finish,"load gates still apply, but cannot be the only pass/fail criterion for final finish",optimizer may not recommend a coarser finish band as a safe improvement unless quality objective explicitly permits it,b,cutviewer_ball_nose_stepover;rs_cam_scallop_math,https://cutviewer.com/tools/stepover-calculator/ ; crates/rs_cam_core/src/scallop_math.rs,semi-finish only; should not be optimizer final-pass default without user acceptance
finish-quality-spiral_finish-fine_visible_finish,surface_finish_stepover_scallop,suggest+optimize,scallop,finish,spiral_finish,ball_nose|tapered_ball_nose,all_wood,*,*,,,,,finish DOC must remain low enough for deflection gate; quality row does not license heavy cuts,,5,10,0.01,,,default final finishing should land in fine/good band unless user selects semi-finish,"load gates still apply, but cannot be the only pass/fail criterion for final finish",optimizer may not recommend a coarser finish band as a safe improvement unless quality objective explicitly permits it,b,cutviewer_ball_nose_stepover;rs_cam_scallop_math,https://cutviewer.com/tools/stepover-calculator/ ; crates/rs_cam_core/src/scallop_math.rs,visible/mold-like finish; minimal sanding
finish-quality-spiral_finish-good_light_sanding,surface_finish_stepover_scallop,suggest+optimize,scallop,finish,spiral_finish,ball_nose|tapered_ball_nose,all_wood,*,*,,,,,finish DOC must remain low enough for deflection gate; quality row does not license heavy cuts,,10,20,0.05,,,default final finishing should land in fine/good band unless user selects semi-finish,"load gates still apply, but cannot be the only pass/fail criterion for final finish",optimizer may not recommend a coarser finish band as a safe improvement unless quality objective explicitly permits it,b,cutviewer_ball_nose_stepover;rs_cam_scallop_math,https://cutviewer.com/tools/stepover-calculator/ ; crates/rs_cam_core/src/scallop_math.rs,normal visible wood finish; light sanding expected
finish-quality-spiral_finish-semi_finish,surface_finish_stepover_scallop,suggest+optimize,scallop,finish,spiral_finish,ball_nose|tapered_ball_nose,all_wood,*,*,,,,,finish DOC must remain low enough for deflection gate; quality row does not license heavy cuts,,20,35,0.15,,,default final finishing should land in fine/good band unless user selects semi-finish,"load gates still apply, but cannot be the only pass/fail criterion for final finish",optimizer may not recommend a coarser finish band as a safe improvement unless quality objective explicitly permits it,b,cutviewer_ball_nose_stepover;rs_cam_scallop_math,https://cutviewer.com/tools/stepover-calculator/ ; crates/rs_cam_core/src/scallop_math.rs,semi-finish only; should not be optimizer final-pass default without user acceptance
finish-quality-radial_finish-fine_visible_finish,surface_finish_stepover_scallop,suggest+optimize,parallel,finish,radial_finish,ball_nose|tapered_ball_nose,all_wood,*,*,,,,,finish DOC must remain low enough for deflection gate; quality row does not license heavy cuts,,5,10,0.01,,,default final finishing should land in fine/good band unless user selects semi-finish,"load gates still apply, but cannot be the only pass/fail criterion for final finish",optimizer may not recommend a coarser finish band as a safe improvement unless quality objective explicitly permits it,b,cutviewer_ball_nose_stepover;rs_cam_scallop_math,https://cutviewer.com/tools/stepover-calculator/ ; crates/rs_cam_core/src/scallop_math.rs,visible/mold-like finish; minimal sanding
finish-quality-radial_finish-good_light_sanding,surface_finish_stepover_scallop,suggest+optimize,parallel,finish,radial_finish,ball_nose|tapered_ball_nose,all_wood,*,*,,,,,finish DOC must remain low enough for deflection gate; quality row does not license heavy cuts,,10,20,0.05,,,default final finishing should land in fine/good band unless user selects semi-finish,"load gates still apply, but cannot be the only pass/fail criterion for final finish",optimizer may not recommend a coarser finish band as a safe improvement unless quality objective explicitly permits it,b,cutviewer_ball_nose_stepover;rs_cam_scallop_math,https://cutviewer.com/tools/stepover-calculator/ ; crates/rs_cam_core/src/scallop_math.rs,normal visible wood finish; light sanding expected
finish-quality-radial_finish-semi_finish,surface_finish_stepover_scallop,suggest+optimize,parallel,finish,radial_finish,ball_nose|tapered_ball_nose,all_wood,*,*,,,,,finish DOC must remain low enough for deflection gate; quality row does not license heavy cuts,,20,35,0.15,,,default final finishing should land in fine/good band unless user selects semi-finish,"load gates still apply, but cannot be the only pass/fail criterion for final finish",optimizer may not recommend a coarser finish band as a safe improvement unless quality objective explicitly permits it,b,cutviewer_ball_nose_stepover;rs_cam_scallop_math,https://cutviewer.com/tools/stepover-calculator/ ; crates/rs_cam_core/src/scallop_math.rs,semi-finish only; should not be optimizer final-pass default without user acceptance
finish-quality-horizontal_finish-fine_visible_finish,surface_finish_stepover_scallop,suggest+optimize,parallel,finish,horizontal_finish,ball_nose|tapered_ball_nose,all_wood,*,*,,,,,finish DOC must remain low enough for deflection gate; quality row does not license heavy cuts,,5,10,0.01,,,default final finishing should land in fine/good band unless user selects semi-finish,"load gates still apply, but cannot be the only pass/fail criterion for final finish",optimizer may not recommend a coarser finish band as a safe improvement unless quality objective explicitly permits it,b,cutviewer_ball_nose_stepover;rs_cam_scallop_math,https://cutviewer.com/tools/stepover-calculator/ ; crates/rs_cam_core/src/scallop_math.rs,visible/mold-like finish; minimal sanding
finish-quality-horizontal_finish-good_light_sanding,surface_finish_stepover_scallop,suggest+optimize,parallel,finish,horizontal_finish,ball_nose|tapered_ball_nose,all_wood,*,*,,,,,finish DOC must remain low enough for deflection gate; quality row does not license heavy cuts,,10,20,0.05,,,default final finishing should land in fine/good band unless user selects semi-finish,"load gates still apply, but cannot be the only pass/fail criterion for final finish",optimizer may not recommend a coarser finish band as a safe improvement unless quality objective explicitly permits it,b,cutviewer_ball_nose_stepover;rs_cam_scallop_math,https://cutviewer.com/tools/stepover-calculator/ ; crates/rs_cam_core/src/scallop_math.rs,normal visible wood finish; light sanding expected
finish-quality-horizontal_finish-semi_finish,surface_finish_stepover_scallop,suggest+optimize,parallel,finish,horizontal_finish,ball_nose|tapered_ball_nose,all_wood,*,*,,,,,finish DOC must remain low enough for deflection gate; quality row does not license heavy cuts,,20,35,0.15,,,default final finishing should land in fine/good band unless user selects semi-finish,"load gates still apply, but cannot be the only pass/fail criterion for final finish",optimizer may not recommend a coarser finish band as a safe improvement unless quality objective explicitly permits it,b,cutviewer_ball_nose_stepover;rs_cam_scallop_math,https://cutviewer.com/tools/stepover-calculator/ ; crates/rs_cam_core/src/scallop_math.rs,semi-finish only; should not be optimizer final-pass default without user acceptance
finish-quality-project_curve-fine_visible_finish,surface_finish_stepover_scallop,suggest+optimize,trace,finish,project_curve,ball_nose|tapered_ball_nose,all_wood,*,*,,,,,finish DOC must remain low enough for deflection gate; quality row does not license heavy cuts,,5,10,0.01,,,default final finishing should land in fine/good band unless user selects semi-finish,"load gates still apply, but cannot be the only pass/fail criterion for final finish",optimizer may not recommend a coarser finish band as a safe improvement unless quality objective explicitly permits it,b,cutviewer_ball_nose_stepover;rs_cam_scallop_math,https://cutviewer.com/tools/stepover-calculator/ ; crates/rs_cam_core/src/scallop_math.rs,visible/mold-like finish; minimal sanding
finish-quality-project_curve-good_light_sanding,surface_finish_stepover_scallop,suggest+optimize,trace,finish,project_curve,ball_nose|tapered_ball_nose,all_wood,*,*,,,,,finish DOC must remain low enough for deflection gate; quality row does not license heavy cuts,,10,20,0.05,,,default final finishing should land in fine/good band unless user selects semi-finish,"load gates still apply, but cannot be the only pass/fail criterion for final finish",optimizer may not recommend a coarser finish band as a safe improvement unless quality objective explicitly permits it,b,cutviewer_ball_nose_stepover;rs_cam_scallop_math,https://cutviewer.com/tools/stepover-calculator/ ; crates/rs_cam_core/src/scallop_math.rs,normal visible wood finish; light sanding expected
finish-quality-project_curve-semi_finish,surface_finish_stepover_scallop,suggest+optimize,trace,finish,project_curve,ball_nose|tapered_ball_nose,all_wood,*,*,,,,,finish DOC must remain low enough for deflection gate; quality row does not license heavy cuts,,20,35,0.15,,,default final finishing should land in fine/good band unless user selects semi-finish,"load gates still apply, but cannot be the only pass/fail criterion for final finish",optimizer may not recommend a coarser finish band as a safe improvement unless quality objective explicitly permits it,b,cutviewer_ball_nose_stepover;rs_cam_scallop_math,https://cutviewer.com/tools/stepover-calculator/ ; crates/rs_cam_core/src/scallop_math.rs,semi-finish only; should not be optimizer final-pass default without user acceptance
drill-gates-drill-softwood,drill_native_gates,sim+optimize,pocket,roughing,drill,drill|flat_end,softwood,*,*,,,,,total hole D/d warn at 6; fail at 8,,,,,6,8,"suggest peck strategy/plunge feed, not milling chipload",drill_gates Within below fail threshold; single peck should not exceed about 2.0D without explicit acceptance,not optimizable by feed/RPM/DOC loop; return skipped/refusal with drill-native explanation,b,rs_cam_drill_thresholds;cnccookbook_deep_hole_drilling,planning/PROGRESS.md ; https://www.cnccookbook.com/deep-hole-drilling/,CNCCookbook frames >3-4D as deep-hole territory; rs_cam material thresholds are the current acceptance targets
drill-gates-alignment_pin_drill-softwood,drill_native_gates,sim+optimize,pocket,roughing,alignment_pin_drill,drill|flat_end,softwood,*,*,,,,,total hole D/d warn at 6; fail at 8,,,,,6,8,"suggest peck strategy/plunge feed, not milling chipload",drill_gates Within below fail threshold; single peck should not exceed about 2.0D without explicit acceptance,not optimizable by feed/RPM/DOC loop; return skipped/refusal with drill-native explanation,b,rs_cam_drill_thresholds;cnccookbook_deep_hole_drilling,planning/PROGRESS.md ; https://www.cnccookbook.com/deep-hole-drilling/,CNCCookbook frames >3-4D as deep-hole territory; rs_cam material thresholds are the current acceptance targets
drill-gates-drill-hardwood,drill_native_gates,sim+optimize,pocket,roughing,drill,drill|flat_end,hardwood,*,*,,,,,total hole D/d warn at 3.75; fail at 5,,,,,3.75,5,"suggest peck strategy/plunge feed, not milling chipload",drill_gates Within below fail threshold; single peck should not exceed about 1.5D without explicit acceptance,not optimizable by feed/RPM/DOC loop; return skipped/refusal with drill-native explanation,b,rs_cam_drill_thresholds;cnccookbook_deep_hole_drilling,planning/PROGRESS.md ; https://www.cnccookbook.com/deep-hole-drilling/,CNCCookbook frames >3-4D as deep-hole territory; rs_cam material thresholds are the current acceptance targets
drill-gates-alignment_pin_drill-hardwood,drill_native_gates,sim+optimize,pocket,roughing,alignment_pin_drill,drill|flat_end,hardwood,*,*,,,,,total hole D/d warn at 3.75; fail at 5,,,,,3.75,5,"suggest peck strategy/plunge feed, not milling chipload",drill_gates Within below fail threshold; single peck should not exceed about 1.5D without explicit acceptance,not optimizable by feed/RPM/DOC loop; return skipped/refusal with drill-native explanation,b,rs_cam_drill_thresholds;cnccookbook_deep_hole_drilling,planning/PROGRESS.md ; https://www.cnccookbook.com/deep-hole-drilling/,CNCCookbook frames >3-4D as deep-hole territory; rs_cam material thresholds are the current acceptance targets
drill-gates-drill-plywood_softwood,drill_native_gates,sim+optimize,pocket,roughing,drill,drill|flat_end,plywood_softwood,*,*,,,,,total hole D/d warn at 6; fail at 8,,,,,6,8,"suggest peck strategy/plunge feed, not milling chipload",drill_gates Within below fail threshold; single peck should not exceed about 2.0D without explicit acceptance,not optimizable by feed/RPM/DOC loop; return skipped/refusal with drill-native explanation,b,rs_cam_drill_thresholds;cnccookbook_deep_hole_drilling,planning/PROGRESS.md ; https://www.cnccookbook.com/deep-hole-drilling/,CNCCookbook frames >3-4D as deep-hole territory; rs_cam material thresholds are the current acceptance targets
drill-gates-alignment_pin_drill-plywood_softwood,drill_native_gates,sim+optimize,pocket,roughing,alignment_pin_drill,drill|flat_end,plywood_softwood,*,*,,,,,total hole D/d warn at 6; fail at 8,,,,,6,8,"suggest peck strategy/plunge feed, not milling chipload",drill_gates Within below fail threshold; single peck should not exceed about 2.0D without explicit acceptance,not optimizable by feed/RPM/DOC loop; return skipped/refusal with drill-native explanation,b,rs_cam_drill_thresholds;cnccookbook_deep_hole_drilling,planning/PROGRESS.md ; https://www.cnccookbook.com/deep-hole-drilling/,CNCCookbook frames >3-4D as deep-hole territory; rs_cam material thresholds are the current acceptance targets
drill-gates-drill-plywood_hardwood,drill_native_gates,sim+optimize,pocket,roughing,drill,drill|flat_end,plywood_hardwood,*,*,,,,,total hole D/d warn at 3.75; fail at 5,,,,,3.75,5,"suggest peck strategy/plunge feed, not milling chipload",drill_gates Within below fail threshold; single peck should not exceed about 1.5D without explicit acceptance,not optimizable by feed/RPM/DOC loop; return skipped/refusal with drill-native explanation,b,rs_cam_drill_thresholds;cnccookbook_deep_hole_drilling,planning/PROGRESS.md ; https://www.cnccookbook.com/deep-hole-drilling/,CNCCookbook frames >3-4D as deep-hole territory; rs_cam material thresholds are the current acceptance targets
drill-gates-alignment_pin_drill-plywood_hardwood,drill_native_gates,sim+optimize,pocket,roughing,alignment_pin_drill,drill|flat_end,plywood_hardwood,*,*,,,,,total hole D/d warn at 3.75; fail at 5,,,,,3.75,5,"suggest peck strategy/plunge feed, not milling chipload",drill_gates Within below fail threshold; single peck should not exceed about 1.5D without explicit acceptance,not optimizable by feed/RPM/DOC loop; return skipped/refusal with drill-native explanation,b,rs_cam_drill_thresholds;cnccookbook_deep_hole_drilling,planning/PROGRESS.md ; https://www.cnccookbook.com/deep-hole-drilling/,CNCCookbook frames >3-4D as deep-hole territory; rs_cam material thresholds are the current acceptance targets
drill-gates-drill-mdf,drill_native_gates,sim+optimize,pocket,roughing,drill,drill|flat_end,mdf,*,*,,,,,total hole D/d warn at 3.75; fail at 5,,,,,3.75,5,"suggest peck strategy/plunge feed, not milling chipload",drill_gates Within below fail threshold; single peck should not exceed about 1.5D without explicit acceptance,not optimizable by feed/RPM/DOC loop; return skipped/refusal with drill-native explanation,b,rs_cam_drill_thresholds;cnccookbook_deep_hole_drilling,planning/PROGRESS.md ; https://www.cnccookbook.com/deep-hole-drilling/,CNCCookbook frames >3-4D as deep-hole territory; rs_cam material thresholds are the current acceptance targets
drill-gates-alignment_pin_drill-mdf,drill_native_gates,sim+optimize,pocket,roughing,alignment_pin_drill,drill|flat_end,mdf,*,*,,,,,total hole D/d warn at 3.75; fail at 5,,,,,3.75,5,"suggest peck strategy/plunge feed, not milling chipload",drill_gates Within below fail threshold; single peck should not exceed about 1.5D without explicit acceptance,not optimizable by feed/RPM/DOC loop; return skipped/refusal with drill-native explanation,b,rs_cam_drill_thresholds;cnccookbook_deep_hole_drilling,planning/PROGRESS.md ; https://www.cnccookbook.com/deep-hole-drilling/,CNCCookbook frames >3-4D as deep-hole territory; rs_cam material thresholds are the current acceptance targets
drill-gates-drill-plastic,drill_native_gates,sim+optimize,pocket,roughing,drill,drill|flat_end,plastic,*,*,,,,,total hole D/d warn at 3; fail at 4,,,,,3,4,"suggest peck strategy/plunge feed, not milling chipload",drill_gates Within below fail threshold; single peck should not exceed about 1.0D without explicit acceptance,not optimizable by feed/RPM/DOC loop; return skipped/refusal with drill-native explanation,b,rs_cam_drill_thresholds;cnccookbook_deep_hole_drilling,planning/PROGRESS.md ; https://www.cnccookbook.com/deep-hole-drilling/,CNCCookbook frames >3-4D as deep-hole territory; rs_cam material thresholds are the current acceptance targets
drill-gates-alignment_pin_drill-plastic,drill_native_gates,sim+optimize,pocket,roughing,alignment_pin_drill,drill|flat_end,plastic,*,*,,,,,total hole D/d warn at 3; fail at 4,,,,,3,4,"suggest peck strategy/plunge feed, not milling chipload",drill_gates Within below fail threshold; single peck should not exceed about 1.0D without explicit acceptance,not optimizable by feed/RPM/DOC loop; return skipped/refusal with drill-native explanation,b,rs_cam_drill_thresholds;cnccookbook_deep_hole_drilling,planning/PROGRESS.md ; https://www.cnccookbook.com/deep-hole-drilling/,CNCCookbook frames >3-4D as deep-hole territory; rs_cam material thresholds are the current acceptance targets
