tool_type,diameter_mm,flutes,operation,material,status,entry_class,registry_tools,entry_style_default,ramp_angle_deg,helix_radius_mm,helix_pitch_mm,plunge_mm_min_csv,feed_mm_min_csv,rpm_csv,plunge_rule,ramp_feed_today_derived,dressup_entry_feed_derived,ramp_feed_approved_derived,ramp_feed_approved_basis,suggest_rewrote_style
EndMill,3.1750,2,Face,softwood,ok,"E1 2.5D rough, dressup Ramp on",any,ramp (dressup),3.0,,,529.0000,3657.0000,18000.0000,material base,794,264,3657,G6 axial chip 0.0508 mm,
EndMill,3.1750,2,Face,hardwood,ok,"E1 2.5D rough, dressup Ramp on",any,ramp (dressup),3.0,,,371.0000,3657.0000,18000.0000,material base,558,186,3657,G6 axial chip 0.0508 mm,
EndMill,3.1750,2,Face,mdf,ok,"E1 2.5D rough, dressup Ramp on",any,ramp (dressup),3.0,,,373.0000,3999.0000,15748.0000,material base,561,186,3999,G6 axial chip 0.0635 mm,
EndMill,3.1750,2,Face,plywood_hardwood,ok,"E1 2.5D rough, dressup Ramp on",any,ramp (dressup),3.0,,,360.0000,3657.0000,18000.0000,material base,541,180,3657,G6 axial chip 0.0508 mm,
EndMill,3.1750,2,Pocket,softwood,ok,"E1 2.5D rough, dressup Ramp on",any,ramp (dressup),3.0,,,529.0000,3657.0000,18000.0000,material base,794,264,3657,G6 axial chip 0.0508 mm,
EndMill,3.1750,2,Pocket,hardwood,ok,"E1 2.5D rough, dressup Ramp on",any,ramp (dressup),3.0,,,371.0000,3657.0000,18000.0000,material base,558,186,3657,G6 axial chip 0.0508 mm,
EndMill,3.1750,2,Pocket,mdf,ok,"E1 2.5D rough, dressup Ramp on",any,ramp (dressup),3.0,,,373.0000,3999.0000,15748.0000,material base,561,186,3999,G6 axial chip 0.0635 mm,
EndMill,3.1750,2,Pocket,plywood_hardwood,ok,"E1 2.5D rough, dressup Ramp on",any,ramp (dressup),3.0,,,360.0000,3657.0000,18000.0000,material base,541,180,3657,G6 axial chip 0.0508 mm,
EndMill,3.1750,2,Profile,softwood,ok,"E1 2.5D rough, dressup Ramp on",any,ramp (dressup),3.0,,,529.0000,4000.0000,8000.0000,material base,794,264,4000,G6 axial chip 0.0508 mm,
EndMill,3.1750,2,Profile,hardwood,ok,"E1 2.5D rough, dressup Ramp on",any,ramp (dressup),3.0,,,371.0000,954.0000,21000.0000,material base,477,186,954,G6 axial chip 0.0508 mm,
EndMill,3.1750,2,Profile,mdf,ok,"E1 2.5D rough, dressup Ramp on",any,ramp (dressup),3.0,,,373.0000,4000.0000,8000.0000,material base,561,186,4000,G6 axial chip 0.0635 mm,
EndMill,3.1750,2,Profile,plywood_hardwood,ok,"E1 2.5D rough, dressup Ramp on",any,ramp (dressup),3.0,,,360.0000,4000.0000,8000.0000,material base,541,180,4000,G6 axial chip 0.0508 mm,
EndMill,3.1750,2,Adaptive,softwood,ok,"E2 2D adaptive, dressup Helix on",any,helix (dressup),,2.00,1.0,529.0000,3657.6000,18000.0000,material base,794,264,3658,G6 axial chip 0.0508 mm,
EndMill,3.1750,2,Adaptive,hardwood,ok,"E2 2D adaptive, dressup Helix on",any,helix (dressup),,2.00,1.0,371.0000,3657.6000,18000.0000,material base,558,186,3658,G6 axial chip 0.0508 mm,
EndMill,3.1750,2,Adaptive,mdf,ok,"E2 2D adaptive, dressup Helix on",any,helix (dressup),,2.00,1.0,373.0000,4000.0000,17997.0000,material base,561,186,4000,G6 axial chip 0.0635 mm,
EndMill,3.1750,2,Adaptive,plywood_hardwood,ok,"E2 2D adaptive, dressup Helix on",any,helix (dressup),,2.00,1.0,360.0000,3657.6000,18000.0000,material base,541,180,3658,G6 axial chip 0.0508 mm,
EndMill,3.1750,2,VCarve,softwood,refused,"E4a V-bit ops, dressup entry off (operator may set)",VBit,none (operator may set ramp or helix),,,,,,,,,,,,
EndMill,3.1750,2,VCarve,hardwood,refused,"E4a V-bit ops, dressup entry off (operator may set)",VBit,none (operator may set ramp or helix),,,,,,,,,,,,
EndMill,3.1750,2,VCarve,mdf,refused,"E4a V-bit ops, dressup entry off (operator may set)",VBit,none (operator may set ramp or helix),,,,,,,,,,,,
EndMill,3.1750,2,VCarve,plywood_hardwood,refused,"E4a V-bit ops, dressup entry off (operator may set)",VBit,none (operator may set ramp or helix),,,,,,,,,,,,
EndMill,3.1750,2,Rest,softwood,ok,"E1 2.5D rough, dressup Ramp on",any,ramp (dressup),3.0,,,529.0000,3657.0000,18000.0000,material base,794,264,3657,G6 axial chip 0.0508 mm,
EndMill,3.1750,2,Rest,hardwood,ok,"E1 2.5D rough, dressup Ramp on",any,ramp (dressup),3.0,,,371.0000,3657.0000,18000.0000,material base,558,186,3657,G6 axial chip 0.0508 mm,
EndMill,3.1750,2,Rest,mdf,ok,"E1 2.5D rough, dressup Ramp on",any,ramp (dressup),3.0,,,373.0000,3999.0000,15748.0000,material base,561,186,3999,G6 axial chip 0.0635 mm,
EndMill,3.1750,2,Rest,plywood_hardwood,ok,"E1 2.5D rough, dressup Ramp on",any,ramp (dressup),3.0,,,360.0000,3657.0000,18000.0000,material base,541,180,3657,G6 axial chip 0.0508 mm,
EndMill,3.1750,2,Inlay,softwood,refused,"E4a V-bit ops, dressup entry off (operator may set)",VBit,none (operator may set ramp or helix),,,,,,,,,,,,
EndMill,3.1750,2,Inlay,hardwood,refused,"E4a V-bit ops, dressup entry off (operator may set)",VBit,none (operator may set ramp or helix),,,,,,,,,,,,
EndMill,3.1750,2,Inlay,mdf,refused,"E4a V-bit ops, dressup entry off (operator may set)",VBit,none (operator may set ramp or helix),,,,,,,,,,,,
EndMill,3.1750,2,Inlay,plywood_hardwood,refused,"E4a V-bit ops, dressup entry off (operator may set)",VBit,none (operator may set ramp or helix),,,,,,,,,,,,
EndMill,3.1750,2,Zigzag,softwood,ok,"E1 2.5D rough, dressup Ramp on",any,ramp (dressup),3.0,,,529.0000,3657.0000,18000.0000,material base,794,264,3657,G6 axial chip 0.0508 mm,
EndMill,3.1750,2,Zigzag,hardwood,ok,"E1 2.5D rough, dressup Ramp on",any,ramp (dressup),3.0,,,371.0000,3657.0000,18000.0000,material base,558,186,3657,G6 axial chip 0.0508 mm,
EndMill,3.1750,2,Zigzag,mdf,ok,"E1 2.5D rough, dressup Ramp on",any,ramp (dressup),3.0,,,373.0000,3999.0000,15748.0000,material base,561,186,3999,G6 axial chip 0.0635 mm,
EndMill,3.1750,2,Zigzag,plywood_hardwood,ok,"E1 2.5D rough, dressup Ramp on",any,ramp (dressup),3.0,,,360.0000,3657.0000,18000.0000,material base,541,180,3657,G6 axial chip 0.0508 mm,
EndMill,3.1750,2,Trace,softwood,ok,E5 no entry (forced none),any,none,,,,529.0000,1947.0000,20051.0000,material base,794,,,,
EndMill,3.1750,2,Trace,hardwood,ok,E5 no entry (forced none),any,none,,,,371.0000,1248.0000,20051.0000,material base,558,,,,
EndMill,3.1750,2,Trace,mdf,ok,E5 no entry (forced none),any,none,,,,373.0000,1219.0000,17043.0000,material base,561,,,,
EndMill,3.1750,2,Trace,plywood_hardwood,ok,E5 no entry (forced none),any,none,,,,360.0000,1235.0000,18046.0000,material base,541,,,,
EndMill,3.1750,2,Drill,softwood,ok,E7 drill (no entry; plunge = drill feed),any,none,,,,1422.0000,1422.0000,14000.0000,drill feed (G6 claim),711,,,,
EndMill,3.1750,2,Drill,hardwood,ok,E7 drill (no entry; plunge = drill feed),any,none,,,,1422.0000,1422.0000,14000.0000,drill feed (G6 claim),558,,,,
EndMill,3.1750,2,Drill,mdf,ok,E7 drill (no entry; plunge = drill feed),any,none,,,,1778.0000,1778.0000,14000.0000,drill feed (G6 claim),561,,,,
EndMill,3.1750,2,Drill,plywood_hardwood,ok,E7 drill (no entry; plunge = drill feed),any,none,,,,1422.0000,1422.0000,14000.0000,drill feed (G6 claim),541,,,,
EndMill,3.1750,2,Chamfer,softwood,refused,"E4a V-bit ops, dressup entry off (operator may set)",VBit,none (operator may set ramp or helix),,,,,,,,,,,,
EndMill,3.1750,2,Chamfer,hardwood,refused,"E4a V-bit ops, dressup entry off (operator may set)",VBit,none (operator may set ramp or helix),,,,,,,,,,,,
EndMill,3.1750,2,Chamfer,mdf,refused,"E4a V-bit ops, dressup entry off (operator may set)",VBit,none (operator may set ramp or helix),,,,,,,,,,,,
EndMill,3.1750,2,Chamfer,plywood_hardwood,refused,"E4a V-bit ops, dressup entry off (operator may set)",VBit,none (operator may set ramp or helix),,,,,,,,,,,,
EndMill,3.1750,2,DropCutter,softwood,ok,E6 no entry (strip all),any,none,,,,529.0000,3657.0000,18000.0000,material base,794,,,,
EndMill,3.1750,2,DropCutter,hardwood,ok,E6 no entry (strip all),any,none,,,,371.0000,3657.0000,18000.0000,material base,558,,,,
EndMill,3.1750,2,DropCutter,mdf,ok,E6 no entry (strip all),any,none,,,,373.0000,3999.0000,15748.0000,material base,561,,,,
EndMill,3.1750,2,DropCutter,plywood_hardwood,ok,E6 no entry (strip all),any,none,,,,360.0000,3657.0000,18000.0000,material base,541,,,,
EndMill,3.1750,2,Adaptive3d,softwood,ok,E3 adaptive3d planner entry,any,ramp (Suggest rewrite),10.0,,,529.0000,3657.6000,18000.0000,material base,794,,3658,G6 axial chip 0.0508 mm,yes
EndMill,3.1750,2,Adaptive3d,hardwood,ok,E3 adaptive3d planner entry,any,ramp (Suggest rewrite),10.0,,,371.0000,3657.6000,18000.0000,material base,558,,3658,G6 axial chip 0.0508 mm,yes
EndMill,3.1750,2,Adaptive3d,mdf,ok,E3 adaptive3d planner entry,any,ramp (Suggest rewrite),10.0,,,373.0000,4000.0000,17997.0000,material base,561,,4000,G6 axial chip 0.0635 mm,yes
EndMill,3.1750,2,Adaptive3d,plywood_hardwood,ok,E3 adaptive3d planner entry,any,ramp (Suggest rewrite),10.0,,,360.0000,3657.6000,18000.0000,material base,541,,3658,G6 axial chip 0.0508 mm,yes
EndMill,3.1750,2,Waterline,softwood,ok,"E4b 3D finishes, dressup entry off (operator may set)",any,none (operator may set ramp or helix),,,,529.0000,4000.0000,8000.0000,material base,794,,,,
EndMill,3.1750,2,Waterline,hardwood,ok,"E4b 3D finishes, dressup entry off (operator may set)",any,none (operator may set ramp or helix),,,,371.0000,954.0000,21000.0000,material base,477,,,,
EndMill,3.1750,2,Waterline,mdf,ok,"E4b 3D finishes, dressup entry off (operator may set)",any,none (operator may set ramp or helix),,,,373.0000,4000.0000,8000.0000,material base,561,,,,
EndMill,3.1750,2,Waterline,plywood_hardwood,ok,"E4b 3D finishes, dressup entry off (operator may set)",any,none (operator may set ramp or helix),,,,360.0000,4000.0000,8000.0000,material base,541,,,,
EndMill,3.1750,2,Pencil,softwood,refused,"E4b 3D finishes, dressup entry off (operator may set)","Ball, TaperedBall",none (operator may set ramp or helix),,,,,,,,,,,,
EndMill,3.1750,2,Pencil,hardwood,refused,"E4b 3D finishes, dressup entry off (operator may set)","Ball, TaperedBall",none (operator may set ramp or helix),,,,,,,,,,,,
EndMill,3.1750,2,Pencil,mdf,refused,"E4b 3D finishes, dressup entry off (operator may set)","Ball, TaperedBall",none (operator may set ramp or helix),,,,,,,,,,,,
EndMill,3.1750,2,Pencil,plywood_hardwood,refused,"E4b 3D finishes, dressup entry off (operator may set)","Ball, TaperedBall",none (operator may set ramp or helix),,,,,,,,,,,,
EndMill,3.1750,2,Scallop,softwood,refused,"E4b 3D finishes, dressup entry off (operator may set)","Ball, TaperedBall",none (operator may set ramp or helix),,,,,,,,,,,,
EndMill,3.1750,2,Scallop,hardwood,refused,"E4b 3D finishes, dressup entry off (operator may set)","Ball, TaperedBall",none (operator may set ramp or helix),,,,,,,,,,,,
EndMill,3.1750,2,Scallop,mdf,refused,"E4b 3D finishes, dressup entry off (operator may set)","Ball, TaperedBall",none (operator may set ramp or helix),,,,,,,,,,,,
EndMill,3.1750,2,Scallop,plywood_hardwood,refused,"E4b 3D finishes, dressup entry off (operator may set)","Ball, TaperedBall",none (operator may set ramp or helix),,,,,,,,,,,,
EndMill,3.1750,2,UnifiedFinish,softwood,refused,E6 no entry (strip all),"Ball, TaperedBall",none,,,,,,,,,,,,
EndMill,3.1750,2,UnifiedFinish,hardwood,refused,E6 no entry (strip all),"Ball, TaperedBall",none,,,,,,,,,,,,
EndMill,3.1750,2,UnifiedFinish,mdf,refused,E6 no entry (strip all),"Ball, TaperedBall",none,,,,,,,,,,,,
EndMill,3.1750,2,UnifiedFinish,plywood_hardwood,refused,E6 no entry (strip all),"Ball, TaperedBall",none,,,,,,,,,,,,
EndMill,3.1750,2,SteepShallow,softwood,ok,"E4b 3D finishes, dressup entry off (operator may set)",any,none (operator may set ramp or helix),,,,529.0000,4000.0000,8000.0000,material base,794,,,,
EndMill,3.1750,2,SteepShallow,hardwood,ok,"E4b 3D finishes, dressup entry off (operator may set)",any,none (operator may set ramp or helix),,,,371.0000,954.0000,21000.0000,material base,477,,,,
EndMill,3.1750,2,SteepShallow,mdf,ok,"E4b 3D finishes, dressup entry off (operator may set)",any,none (operator may set ramp or helix),,,,373.0000,4000.0000,8000.0000,material base,561,,,,
EndMill,3.1750,2,SteepShallow,plywood_hardwood,ok,"E4b 3D finishes, dressup entry off (operator may set)",any,none (operator may set ramp or helix),,,,360.0000,4000.0000,8000.0000,material base,541,,,,
EndMill,3.1750,2,RampFinish,softwood,ok,"E4b 3D finishes, dressup entry off (operator may set)",any,none (operator may set ramp or helix),,,,529.0000,1947.0000,20051.0000,material base,794,,,,
EndMill,3.1750,2,RampFinish,hardwood,ok,"E4b 3D finishes, dressup entry off (operator may set)",any,none (operator may set ramp or helix),,,,371.0000,1248.0000,20051.0000,material base,558,,,,
EndMill,3.1750,2,RampFinish,mdf,ok,"E4b 3D finishes, dressup entry off (operator may set)",any,none (operator may set ramp or helix),,,,373.0000,1219.0000,17043.0000,material base,561,,,,
EndMill,3.1750,2,RampFinish,plywood_hardwood,ok,"E4b 3D finishes, dressup entry off (operator may set)",any,none (operator may set ramp or helix),,,,360.0000,1235.0000,18046.0000,material base,541,,,,
EndMill,3.1750,2,SpiralFinish,softwood,refused,"E4b 3D finishes, dressup entry off (operator may set)","Ball, TaperedBall",none (operator may set ramp or helix),,,,,,,,,,,,
EndMill,3.1750,2,SpiralFinish,hardwood,refused,"E4b 3D finishes, dressup entry off (operator may set)","Ball, TaperedBall",none (operator may set ramp or helix),,,,,,,,,,,,
EndMill,3.1750,2,SpiralFinish,mdf,refused,"E4b 3D finishes, dressup entry off (operator may set)","Ball, TaperedBall",none (operator may set ramp or helix),,,,,,,,,,,,
EndMill,3.1750,2,SpiralFinish,plywood_hardwood,refused,"E4b 3D finishes, dressup entry off (operator may set)","Ball, TaperedBall",none (operator may set ramp or helix),,,,,,,,,,,,
EndMill,3.1750,2,RadialFinish,softwood,ok,"E4b 3D finishes, dressup entry off (operator may set)",any,none (operator may set ramp or helix),,,,529.0000,1947.0000,20051.0000,material base,794,,,,
EndMill,3.1750,2,RadialFinish,hardwood,ok,"E4b 3D finishes, dressup entry off (operator may set)",any,none (operator may set ramp or helix),,,,371.0000,1248.0000,20051.0000,material base,558,,,,
EndMill,3.1750,2,RadialFinish,mdf,ok,"E4b 3D finishes, dressup entry off (operator may set)",any,none (operator may set ramp or helix),,,,373.0000,1219.0000,17043.0000,material base,561,,,,
EndMill,3.1750,2,RadialFinish,plywood_hardwood,ok,"E4b 3D finishes, dressup entry off (operator may set)",any,none (operator may set ramp or helix),,,,360.0000,1235.0000,18046.0000,material base,541,,,,
EndMill,3.1750,2,HorizontalFinish,softwood,ok,"E4b 3D finishes, dressup entry off (operator may set)",any,none (operator may set ramp or helix),,,,529.0000,1947.0000,20051.0000,material base,794,,,,
EndMill,3.1750,2,HorizontalFinish,hardwood,ok,"E4b 3D finishes, dressup entry off (operator may set)",any,none (operator may set ramp or helix),,,,371.0000,1248.0000,20051.0000,material base,558,,,,
EndMill,3.1750,2,HorizontalFinish,mdf,ok,"E4b 3D finishes, dressup entry off (operator may set)",any,none (operator may set ramp or helix),,,,373.0000,1219.0000,17043.0000,material base,561,,,,
EndMill,3.1750,2,HorizontalFinish,plywood_hardwood,ok,"E4b 3D finishes, dressup entry off (operator may set)",any,none (operator may set ramp or helix),,,,360.0000,1235.0000,18046.0000,material base,541,,,,
EndMill,3.1750,2,ProjectCurve,softwood,ok,E6 no entry (strip all),any,none,,,,529.0000,4000.0000,8000.0000,material base,794,,,,
EndMill,3.1750,2,ProjectCurve,hardwood,ok,E6 no entry (strip all),any,none,,,,371.0000,954.0000,21000.0000,material base,477,,,,
EndMill,3.1750,2,ProjectCurve,mdf,ok,E6 no entry (strip all),any,none,,,,373.0000,4000.0000,8000.0000,material base,561,,,,
EndMill,3.1750,2,ProjectCurve,plywood_hardwood,ok,E6 no entry (strip all),any,none,,,,360.0000,4000.0000,8000.0000,material base,541,,,,
EndMill,3.1750,2,AlignmentPinDrill,softwood,ok,E7 drill (no entry; plunge = drill feed),any,none,,,,1422.0000,1422.0000,14000.0000,drill feed (G6 claim),711,,,,
EndMill,3.1750,2,AlignmentPinDrill,hardwood,ok,E7 drill (no entry; plunge = drill feed),any,none,,,,1422.0000,1422.0000,14000.0000,drill feed (G6 claim),558,,,,
EndMill,3.1750,2,AlignmentPinDrill,mdf,ok,E7 drill (no entry; plunge = drill feed),any,none,,,,1778.0000,1778.0000,14000.0000,drill feed (G6 claim),561,,,,
EndMill,3.1750,2,AlignmentPinDrill,plywood_hardwood,ok,E7 drill (no entry; plunge = drill feed),any,none,,,,1422.0000,1422.0000,14000.0000,drill feed (G6 claim),541,,,,
EndMill,6.0000,2,Face,softwood,ok,"E1 2.5D rough, dressup Ramp on",any,ramp (dressup),3.0,,,1000.0000,3999.0000,9842.0000,material base,1500,500,3999,G6 axial chip 0.0635 mm,
EndMill,6.0000,2,Face,hardwood,ok,"E1 2.5D rough, dressup Ramp on",any,ramp (dressup),3.0,,,702.0000,3999.0000,15748.0000,material base,1054,351,3999,G6 axial chip 0.0635 mm,
EndMill,6.0000,2,Face,mdf,ok,"E1 2.5D rough, dressup Ramp on",any,ramp (dressup),3.0,,,706.0000,3999.0000,13123.0000,material base,1059,353,3999,G6 axial chip 0.0762 mm,
EndMill,6.0000,2,Face,plywood_hardwood,ok,"E1 2.5D rough, dressup Ramp on",any,ramp (dressup),3.0,,,682.0000,3999.0000,15748.0000,material base,1023,341,3999,G6 axial chip 0.0635 mm,
EndMill,6.0000,2,Pocket,softwood,ok,"E1 2.5D rough, dressup Ramp on",any,ramp (dressup),3.0,,,1000.0000,3999.0000,9842.0000,material base,1500,500,3999,G6 axial chip 0.0635 mm,
EndMill,6.0000,2,Pocket,hardwood,ok,"E1 2.5D rough, dressup Ramp on",any,ramp (dressup),3.0,,,702.0000,3999.0000,15748.0000,material base,1054,351,3999,G6 axial chip 0.0635 mm,
EndMill,6.0000,2,Pocket,mdf,ok,"E1 2.5D rough, dressup Ramp on",any,ramp (dressup),3.0,,,706.0000,3999.0000,13123.0000,material base,1059,353,3999,G6 axial chip 0.0762 mm,
EndMill,6.0000,2,Pocket,plywood_hardwood,ok,"E1 2.5D rough, dressup Ramp on",any,ramp (dressup),3.0,,,682.0000,3999.0000,15748.0000,material base,1023,341,3999,G6 axial chip 0.0635 mm,
EndMill,6.0000,2,Profile,softwood,ok,"E1 2.5D rough, dressup Ramp on",any,ramp (dressup),3.0,,,1000.0000,3165.0000,10610.0000,material base,1500,500,3165,G6 axial chip 0.0635 mm,
EndMill,6.0000,2,Profile,hardwood,ok,"E1 2.5D rough, dressup Ramp on",any,ramp (dressup),3.0,,,702.0000,4000.0000,8000.0000,material base,1054,351,4000,G6 axial chip 0.0635 mm,
EndMill,6.0000,2,Profile,mdf,ok,"E1 2.5D rough, dressup Ramp on",any,ramp (dressup),3.0,,,706.0000,4000.0000,8000.0000,material base,1059,353,4000,G6 axial chip 0.0762 mm,
EndMill,6.0000,2,Profile,plywood_hardwood,ok,"E1 2.5D rough, dressup Ramp on",any,ramp (dressup),3.0,,,682.0000,4000.0000,8000.0000,material base,1023,341,4000,G6 axial chip 0.0635 mm,
EndMill,6.0000,2,Adaptive,softwood,ok,"E2 2D adaptive, dressup Helix on",any,helix (dressup),,2.00,1.0,1000.0000,4000.0000,17997.0000,material base,1500,500,4000,G6 axial chip 0.0635 mm,
EndMill,6.0000,2,Adaptive,hardwood,ok,"E2 2D adaptive, dressup Helix on",any,helix (dressup),,2.00,1.0,702.0000,4000.0000,17997.0000,material base,1054,351,4000,G6 axial chip 0.0635 mm,
EndMill,6.0000,2,Adaptive,mdf,ok,"E2 2D adaptive, dressup Helix on",any,helix (dressup),,2.00,1.0,706.0000,4000.0000,14998.0000,material base,1059,353,4000,G6 axial chip 0.0762 mm,
EndMill,6.0000,2,Adaptive,plywood_hardwood,ok,"E2 2D adaptive, dressup Helix on",any,helix (dressup),,2.00,1.0,682.0000,4000.0000,17997.0000,material base,1023,341,4000,G6 axial chip 0.0635 mm,
EndMill,6.0000,2,VCarve,softwood,refused,"E4a V-bit ops, dressup entry off (operator may set)",VBit,none (operator may set ramp or helix),,,,,,,,,,,,
EndMill,6.0000,2,VCarve,hardwood,refused,"E4a V-bit ops, dressup entry off (operator may set)",VBit,none (operator may set ramp or helix),,,,,,,,,,,,
EndMill,6.0000,2,VCarve,mdf,refused,"E4a V-bit ops, dressup entry off (operator may set)",VBit,none (operator may set ramp or helix),,,,,,,,,,,,
EndMill,6.0000,2,VCarve,plywood_hardwood,refused,"E4a V-bit ops, dressup entry off (operator may set)",VBit,none (operator may set ramp or helix),,,,,,,,,,,,
EndMill,6.0000,2,Rest,softwood,ok,"E1 2.5D rough, dressup Ramp on",any,ramp (dressup),3.0,,,1000.0000,3999.0000,9842.0000,material base,1500,500,3999,G6 axial chip 0.0635 mm,
EndMill,6.0000,2,Rest,hardwood,ok,"E1 2.5D rough, dressup Ramp on",any,ramp (dressup),3.0,,,702.0000,3999.0000,15748.0000,material base,1054,351,3999,G6 axial chip 0.0635 mm,
EndMill,6.0000,2,Rest,mdf,ok,"E1 2.5D rough, dressup Ramp on",any,ramp (dressup),3.0,,,706.0000,3999.0000,13123.0000,material base,1059,353,3999,G6 axial chip 0.0762 mm,
EndMill,6.0000,2,Rest,plywood_hardwood,ok,"E1 2.5D rough, dressup Ramp on",any,ramp (dressup),3.0,,,682.0000,3999.0000,15748.0000,material base,1023,341,3999,G6 axial chip 0.0635 mm,
EndMill,6.0000,2,Inlay,softwood,refused,"E4a V-bit ops, dressup entry off (operator may set)",VBit,none (operator may set ramp or helix),,,,,,,,,,,,
EndMill,6.0000,2,Inlay,hardwood,refused,"E4a V-bit ops, dressup entry off (operator may set)",VBit,none (operator may set ramp or helix),,,,,,,,,,,,
EndMill,6.0000,2,Inlay,mdf,refused,"E4a V-bit ops, dressup entry off (operator may set)",VBit,none (operator may set ramp or helix),,,,,,,,,,,,
EndMill,6.0000,2,Inlay,plywood_hardwood,refused,"E4a V-bit ops, dressup entry off (operator may set)",VBit,none (operator may set ramp or helix),,,,,,,,,,,,
EndMill,6.0000,2,Zigzag,softwood,ok,"E1 2.5D rough, dressup Ramp on",any,ramp (dressup),3.0,,,1000.0000,3999.0000,9842.0000,material base,1500,500,3999,G6 axial chip 0.0635 mm,
EndMill,6.0000,2,Zigzag,hardwood,ok,"E1 2.5D rough, dressup Ramp on",any,ramp (dressup),3.0,,,702.0000,3999.0000,15748.0000,material base,1054,351,3999,G6 axial chip 0.0635 mm,
EndMill,6.0000,2,Zigzag,mdf,ok,"E1 2.5D rough, dressup Ramp on",any,ramp (dressup),3.0,,,706.0000,3999.0000,13123.0000,material base,1059,353,3999,G6 axial chip 0.0762 mm,
EndMill,6.0000,2,Zigzag,plywood_hardwood,ok,"E1 2.5D rough, dressup Ramp on",any,ramp (dressup),3.0,,,682.0000,3999.0000,15748.0000,material base,1023,341,3999,G6 axial chip 0.0635 mm,
EndMill,6.0000,2,Trace,softwood,ok,E5 no entry (forced none),any,none,,,,1000.0000,1519.0000,10610.0000,material base,1000,,,,
EndMill,6.0000,2,Trace,hardwood,ok,E5 no entry (forced none),any,none,,,,702.0000,973.0000,10610.0000,material base,703,,,,
EndMill,6.0000,2,Trace,mdf,ok,E5 no entry (forced none),any,none,,,,706.0000,951.0000,9019.0000,material base,706,,,,
EndMill,6.0000,2,Trace,plywood_hardwood,ok,E5 no entry (forced none),any,none,,,,682.0000,964.0000,9549.0000,material base,682,,,,
EndMill,6.0000,2,Drill,softwood,ok,E7 drill (no entry; plunge = drill feed),any,none,,,,1778.0000,1778.0000,14000.0000,drill feed (G6 claim),1000,,,,
EndMill,6.0000,2,Drill,hardwood,ok,E7 drill (no entry; plunge = drill feed),any,none,,,,1778.0000,1778.0000,14000.0000,drill feed (G6 claim),889,,,,
EndMill,6.0000,2,Drill,mdf,ok,E7 drill (no entry; plunge = drill feed),any,none,,,,2133.0000,2133.0000,14000.0000,drill feed (G6 claim),1059,,,,
EndMill,6.0000,2,Drill,plywood_hardwood,ok,E7 drill (no entry; plunge = drill feed),any,none,,,,1778.0000,1778.0000,14000.0000,drill feed (G6 claim),889,,,,
EndMill,6.0000,2,Chamfer,softwood,refused,"E4a V-bit ops, dressup entry off (operator may set)",VBit,none (operator may set ramp or helix),,,,,,,,,,,,
EndMill,6.0000,2,Chamfer,hardwood,refused,"E4a V-bit ops, dressup entry off (operator may set)",VBit,none (operator may set ramp or helix),,,,,,,,,,,,
EndMill,6.0000,2,Chamfer,mdf,refused,"E4a V-bit ops, dressup entry off (operator may set)",VBit,none (operator may set ramp or helix),,,,,,,,,,,,
EndMill,6.0000,2,Chamfer,plywood_hardwood,refused,"E4a V-bit ops, dressup entry off (operator may set)",VBit,none (operator may set ramp or helix),,,,,,,,,,,,
EndMill,6.0000,2,DropCutter,softwood,ok,E6 no entry (strip all),any,none,,,,1000.0000,3999.0000,9842.0000,material base,1500,,,,
EndMill,6.0000,2,DropCutter,hardwood,ok,E6 no entry (strip all),any,none,,,,702.0000,3999.0000,15748.0000,material base,1054,,,,
EndMill,6.0000,2,DropCutter,mdf,ok,E6 no entry (strip all),any,none,,,,706.0000,3999.0000,13123.0000,material base,1059,,,,
EndMill,6.0000,2,DropCutter,plywood_hardwood,ok,E6 no entry (strip all),any,none,,,,682.0000,3999.0000,15748.0000,material base,1023,,,,
EndMill,6.0000,2,Adaptive3d,softwood,ok,E3 adaptive3d planner entry,any,ramp (Suggest rewrite),10.0,,,1000.0000,4000.0000,11248.0000,material base,1500,,4000,G6 axial chip 0.0635 mm,yes
EndMill,6.0000,2,Adaptive3d,hardwood,ok,E3 adaptive3d planner entry,any,ramp (Suggest rewrite),10.0,,,702.0000,4000.0000,17997.0000,material base,1054,,4000,G6 axial chip 0.0635 mm,yes
EndMill,6.0000,2,Adaptive3d,mdf,ok,E3 adaptive3d planner entry,any,ramp (Suggest rewrite),10.0,,,706.0000,4000.0000,14998.0000,material base,1059,,4000,G6 axial chip 0.0762 mm,yes
EndMill,6.0000,2,Adaptive3d,plywood_hardwood,ok,E3 adaptive3d planner entry,any,ramp (Suggest rewrite),10.0,,,682.0000,4000.0000,17997.0000,material base,1023,,4000,G6 axial chip 0.0635 mm,yes
EndMill,6.0000,2,Waterline,softwood,ok,"E4b 3D finishes, dressup entry off (operator may set)",any,none (operator may set ramp or helix),,,,1000.0000,3165.0000,10610.0000,material base,1500,,,,
EndMill,6.0000,2,Waterline,hardwood,ok,"E4b 3D finishes, dressup entry off (operator may set)",any,none (operator may set ramp or helix),,,,702.0000,4000.0000,8000.0000,material base,1054,,,,
EndMill,6.0000,2,Waterline,mdf,ok,"E4b 3D finishes, dressup entry off (operator may set)",any,none (operator may set ramp or helix),,,,706.0000,4000.0000,8000.0000,material base,1059,,,,
EndMill,6.0000,2,Waterline,plywood_hardwood,ok,"E4b 3D finishes, dressup entry off (operator may set)",any,none (operator may set ramp or helix),,,,682.0000,4000.0000,8000.0000,material base,1023,,,,
EndMill,6.0000,2,Pencil,softwood,refused,"E4b 3D finishes, dressup entry off (operator may set)","Ball, TaperedBall",none (operator may set ramp or helix),,,,,,,,,,,,
EndMill,6.0000,2,Pencil,hardwood,refused,"E4b 3D finishes, dressup entry off (operator may set)","Ball, TaperedBall",none (operator may set ramp or helix),,,,,,,,,,,,
EndMill,6.0000,2,Pencil,mdf,refused,"E4b 3D finishes, dressup entry off (operator may set)","Ball, TaperedBall",none (operator may set ramp or helix),,,,,,,,,,,,
EndMill,6.0000,2,Pencil,plywood_hardwood,refused,"E4b 3D finishes, dressup entry off (operator may set)","Ball, TaperedBall",none (operator may set ramp or helix),,,,,,,,,,,,
EndMill,6.0000,2,Scallop,softwood,refused,"E4b 3D finishes, dressup entry off (operator may set)","Ball, TaperedBall",none (operator may set ramp or helix),,,,,,,,,,,,
EndMill,6.0000,2,Scallop,hardwood,refused,"E4b 3D finishes, dressup entry off (operator may set)","Ball, TaperedBall",none (operator may set ramp or helix),,,,,,,,,,,,
EndMill,6.0000,2,Scallop,mdf,refused,"E4b 3D finishes, dressup entry off (operator may set)","Ball, TaperedBall",none (operator may set ramp or helix),,,,,,,,,,,,
EndMill,6.0000,2,Scallop,plywood_hardwood,refused,"E4b 3D finishes, dressup entry off (operator may set)","Ball, TaperedBall",none (operator may set ramp or helix),,,,,,,,,,,,
EndMill,6.0000,2,UnifiedFinish,softwood,refused,E6 no entry (strip all),"Ball, TaperedBall",none,,,,,,,,,,,,
EndMill,6.0000,2,UnifiedFinish,hardwood,refused,E6 no entry (strip all),"Ball, TaperedBall",none,,,,,,,,,,,,
EndMill,6.0000,2,UnifiedFinish,mdf,refused,E6 no entry (strip all),"Ball, TaperedBall",none,,,,,,,,,,,,
EndMill,6.0000,2,UnifiedFinish,plywood_hardwood,refused,E6 no entry (strip all),"Ball, TaperedBall",none,,,,,,,,,,,,
EndMill,6.0000,2,SteepShallow,softwood,ok,"E4b 3D finishes, dressup entry off (operator may set)",any,none (operator may set ramp or helix),,,,1000.0000,3165.0000,10610.0000,material base,1500,,,,
EndMill,6.0000,2,SteepShallow,hardwood,ok,"E4b 3D finishes, dressup entry off (operator may set)",any,none (operator may set ramp or helix),,,,702.0000,4000.0000,8000.0000,material base,1054,,,,
EndMill,6.0000,2,SteepShallow,mdf,ok,"E4b 3D finishes, dressup entry off (operator may set)",any,none (operator may set ramp or helix),,,,706.0000,4000.0000,8000.0000,material base,1059,,,,
EndMill,6.0000,2,SteepShallow,plywood_hardwood,ok,"E4b 3D finishes, dressup entry off (operator may set)",any,none (operator may set ramp or helix),,,,682.0000,4000.0000,8000.0000,material base,1023,,,,
EndMill,6.0000,2,RampFinish,softwood,ok,"E4b 3D finishes, dressup entry off (operator may set)",any,none (operator may set ramp or helix),,,,1000.0000,1519.0000,10610.0000,material base,1000,,,,
EndMill,6.0000,2,RampFinish,hardwood,ok,"E4b 3D finishes, dressup entry off (operator may set)",any,none (operator may set ramp or helix),,,,702.0000,973.0000,10610.0000,material base,703,,,,
EndMill,6.0000,2,RampFinish,mdf,ok,"E4b 3D finishes, dressup entry off (operator may set)",any,none (operator may set ramp or helix),,,,706.0000,951.0000,9019.0000,material base,706,,,,
EndMill,6.0000,2,RampFinish,plywood_hardwood,ok,"E4b 3D finishes, dressup entry off (operator may set)",any,none (operator may set ramp or helix),,,,682.0000,964.0000,9549.0000,material base,682,,,,
EndMill,6.0000,2,SpiralFinish,softwood,refused,"E4b 3D finishes, dressup entry off (operator may set)","Ball, TaperedBall",none (operator may set ramp or helix),,,,,,,,,,,,
EndMill,6.0000,2,SpiralFinish,hardwood,refused,"E4b 3D finishes, dressup entry off (operator may set)","Ball, TaperedBall",none (operator may set ramp or helix),,,,,,,,,,,,
EndMill,6.0000,2,SpiralFinish,mdf,refused,"E4b 3D finishes, dressup entry off (operator may set)","Ball, TaperedBall",none (operator may set ramp or helix),,,,,,,,,,,,
EndMill,6.0000,2,SpiralFinish,plywood_hardwood,refused,"E4b 3D finishes, dressup entry off (operator may set)","Ball, TaperedBall",none (operator may set ramp or helix),,,,,,,,,,,,
EndMill,6.0000,2,RadialFinish,softwood,ok,"E4b 3D finishes, dressup entry off (operator may set)",any,none (operator may set ramp or helix),,,,1000.0000,1519.0000,10610.0000,material base,1000,,,,
EndMill,6.0000,2,RadialFinish,hardwood,ok,"E4b 3D finishes, dressup entry off (operator may set)",any,none (operator may set ramp or helix),,,,702.0000,973.0000,10610.0000,material base,703,,,,
EndMill,6.0000,2,RadialFinish,mdf,ok,"E4b 3D finishes, dressup entry off (operator may set)",any,none (operator may set ramp or helix),,,,706.0000,951.0000,9019.0000,material base,706,,,,
EndMill,6.0000,2,RadialFinish,plywood_hardwood,ok,"E4b 3D finishes, dressup entry off (operator may set)",any,none (operator may set ramp or helix),,,,682.0000,964.0000,9549.0000,material base,682,,,,
EndMill,6.0000,2,HorizontalFinish,softwood,ok,"E4b 3D finishes, dressup entry off (operator may set)",any,none (operator may set ramp or helix),,,,1000.0000,1519.0000,10610.0000,material base,1000,,,,
EndMill,6.0000,2,HorizontalFinish,hardwood,ok,"E4b 3D finishes, dressup entry off (operator may set)",any,none (operator may set ramp or helix),,,,702.0000,973.0000,10610.0000,material base,703,,,,
EndMill,6.0000,2,HorizontalFinish,mdf,ok,"E4b 3D finishes, dressup entry off (operator may set)",any,none (operator may set ramp or helix),,,,706.0000,951.0000,9019.0000,material base,706,,,,
EndMill,6.0000,2,HorizontalFinish,plywood_hardwood,ok,"E4b 3D finishes, dressup entry off (operator may set)",any,none (operator may set ramp or helix),,,,682.0000,964.0000,9549.0000,material base,682,,,,
EndMill,6.0000,2,ProjectCurve,softwood,ok,E6 no entry (strip all),any,none,,,,1000.0000,3165.0000,10610.0000,material base,1500,,,,
EndMill,6.0000,2,ProjectCurve,hardwood,ok,E6 no entry (strip all),any,none,,,,702.0000,4000.0000,8000.0000,material base,1054,,,,
EndMill,6.0000,2,ProjectCurve,mdf,ok,E6 no entry (strip all),any,none,,,,706.0000,4000.0000,8000.0000,material base,1059,,,,
EndMill,6.0000,2,ProjectCurve,plywood_hardwood,ok,E6 no entry (strip all),any,none,,,,682.0000,4000.0000,8000.0000,material base,1023,,,,
EndMill,6.0000,2,AlignmentPinDrill,softwood,ok,E7 drill (no entry; plunge = drill feed),any,none,,,,1778.0000,1778.0000,14000.0000,drill feed (G6 claim),1000,,,,
EndMill,6.0000,2,AlignmentPinDrill,hardwood,ok,E7 drill (no entry; plunge = drill feed),any,none,,,,1778.0000,1778.0000,14000.0000,drill feed (G6 claim),889,,,,
EndMill,6.0000,2,AlignmentPinDrill,mdf,ok,E7 drill (no entry; plunge = drill feed),any,none,,,,2133.0000,2133.0000,14000.0000,drill feed (G6 claim),1059,,,,
EndMill,6.0000,2,AlignmentPinDrill,plywood_hardwood,ok,E7 drill (no entry; plunge = drill feed),any,none,,,,1778.0000,1778.0000,14000.0000,drill feed (G6 claim),889,,,,
BallNose,3.1750,2,Face,softwood,ok,"E1 2.5D rough, dressup Ramp on",any,ramp (dressup),3.0,,,476.0000,3999.0000,13123.0000,ball tip cap,794,238,476,plunge fallback (no printed axial chip),
BallNose,3.1750,2,Face,hardwood,ok,"E1 2.5D rough, dressup Ramp on",any,ramp (dressup),3.0,,,371.0000,3657.0000,18000.0000,material base,558,186,371,plunge fallback (no printed axial chip),
BallNose,3.1750,2,Face,mdf,ok,"E1 2.5D rough, dressup Ramp on",any,ramp (dressup),3.0,,,373.0000,3999.0000,13123.0000,material base,561,186,373,plunge fallback (no printed axial chip),
BallNose,3.1750,2,Face,plywood_hardwood,refused,"E1 2.5D rough, dressup Ramp on",any,ramp (dressup),3.0,,,,,,,,,,,
BallNose,3.1750,2,Pocket,softwood,ok,"E1 2.5D rough, dressup Ramp on",any,ramp (dressup),3.0,,,476.0000,3999.0000,13123.0000,ball tip cap,794,238,476,plunge fallback (no printed axial chip),
BallNose,3.1750,2,Pocket,hardwood,ok,"E1 2.5D rough, dressup Ramp on",any,ramp (dressup),3.0,,,371.0000,3657.0000,18000.0000,material base,558,186,371,plunge fallback (no printed axial chip),
BallNose,3.1750,2,Pocket,mdf,ok,"E1 2.5D rough, dressup Ramp on",any,ramp (dressup),3.0,,,373.0000,3999.0000,13123.0000,material base,561,186,373,plunge fallback (no printed axial chip),
BallNose,3.1750,2,Pocket,plywood_hardwood,refused,"E1 2.5D rough, dressup Ramp on",any,ramp (dressup),3.0,,,,,,,,,,,
BallNose,3.1750,2,Profile,softwood,ok,"E1 2.5D rough, dressup Ramp on",any,ramp (dressup),3.0,,,476.0000,1947.0000,20051.0000,ball tip cap,794,238,476,plunge fallback (no printed axial chip),
BallNose,3.1750,2,Profile,hardwood,ok,"E1 2.5D rough, dressup Ramp on",any,ramp (dressup),3.0,,,371.0000,1248.0000,20051.0000,material base,558,186,371,plunge fallback (no printed axial chip),
BallNose,3.1750,2,Profile,mdf,refused,"E1 2.5D rough, dressup Ramp on",any,ramp (dressup),3.0,,,,,,,,,,,
BallNose,3.1750,2,Profile,plywood_hardwood,refused,"E1 2.5D rough, dressup Ramp on",any,ramp (dressup),3.0,,,,,,,,,,,
BallNose,3.1750,2,Adaptive,softwood,ok,"E2 2D adaptive, dressup Helix on",any,helix (dressup),,2.00,1.0,476.0000,4000.0000,14998.0000,ball tip cap,794,238,476,plunge fallback (no printed axial chip),
BallNose,3.1750,2,Adaptive,hardwood,ok,"E2 2D adaptive, dressup Helix on",any,helix (dressup),,2.00,1.0,371.0000,3657.6000,18000.0000,material base,558,186,371,plunge fallback (no printed axial chip),
BallNose,3.1750,2,Adaptive,mdf,ok,"E2 2D adaptive, dressup Helix on",any,helix (dressup),,2.00,1.0,373.0000,4000.0000,14998.0000,material base,561,186,373,plunge fallback (no printed axial chip),
BallNose,3.1750,2,Adaptive,plywood_hardwood,refused,"E2 2D adaptive, dressup Helix on",any,helix (dressup),,2.00,1.0,,,,,,,,,
BallNose,3.1750,2,VCarve,softwood,refused,"E4a V-bit ops, dressup entry off (operator may set)",VBit,none (operator may set ramp or helix),,,,,,,,,,,,
BallNose,3.1750,2,VCarve,hardwood,refused,"E4a V-bit ops, dressup entry off (operator may set)",VBit,none (operator may set ramp or helix),,,,,,,,,,,,
BallNose,3.1750,2,VCarve,mdf,refused,"E4a V-bit ops, dressup entry off (operator may set)",VBit,none (operator may set ramp or helix),,,,,,,,,,,,
BallNose,3.1750,2,VCarve,plywood_hardwood,refused,"E4a V-bit ops, dressup entry off (operator may set)",VBit,none (operator may set ramp or helix),,,,,,,,,,,,
BallNose,3.1750,2,Rest,softwood,ok,"E1 2.5D rough, dressup Ramp on",any,ramp (dressup),3.0,,,476.0000,3999.0000,13123.0000,ball tip cap,794,238,476,plunge fallback (no printed axial chip),
BallNose,3.1750,2,Rest,hardwood,ok,"E1 2.5D rough, dressup Ramp on",any,ramp (dressup),3.0,,,371.0000,3657.0000,18000.0000,material base,558,186,371,plunge fallback (no printed axial chip),
BallNose,3.1750,2,Rest,mdf,ok,"E1 2.5D rough, dressup Ramp on",any,ramp (dressup),3.0,,,373.0000,3999.0000,13123.0000,material base,561,186,373,plunge fallback (no printed axial chip),
BallNose,3.1750,2,Rest,plywood_hardwood,refused,"E1 2.5D rough, dressup Ramp on",any,ramp (dressup),3.0,,,,,,,,,,,
BallNose,3.1750,2,Inlay,softwood,refused,"E4a V-bit ops, dressup entry off (operator may set)",VBit,none (operator may set ramp or helix),,,,,,,,,,,,
BallNose,3.1750,2,Inlay,hardwood,refused,"E4a V-bit ops, dressup entry off (operator may set)",VBit,none (operator may set ramp or helix),,,,,,,,,,,,
BallNose,3.1750,2,Inlay,mdf,refused,"E4a V-bit ops, dressup entry off (operator may set)",VBit,none (operator may set ramp or helix),,,,,,,,,,,,
BallNose,3.1750,2,Inlay,plywood_hardwood,refused,"E4a V-bit ops, dressup entry off (operator may set)",VBit,none (operator may set ramp or helix),,,,,,,,,,,,
BallNose,3.1750,2,Zigzag,softwood,ok,"E1 2.5D rough, dressup Ramp on",any,ramp (dressup),3.0,,,476.0000,3999.0000,13123.0000,ball tip cap,794,238,476,plunge fallback (no printed axial chip),
BallNose,3.1750,2,Zigzag,hardwood,ok,"E1 2.5D rough, dressup Ramp on",any,ramp (dressup),3.0,,,371.0000,3657.0000,18000.0000,material base,558,186,371,plunge fallback (no printed axial chip),
BallNose,3.1750,2,Zigzag,mdf,ok,"E1 2.5D rough, dressup Ramp on",any,ramp (dressup),3.0,,,373.0000,3999.0000,13123.0000,material base,561,186,373,plunge fallback (no printed axial chip),
BallNose,3.1750,2,Zigzag,plywood_hardwood,refused,"E1 2.5D rough, dressup Ramp on",any,ramp (dressup),3.0,,,,,,,,,,,
BallNose,3.1750,2,Trace,softwood,ok,E5 no entry (forced none),any,none,,,,476.0000,1947.0000,20051.0000,ball tip cap,794,,,,
BallNose,3.1750,2,Trace,hardwood,ok,E5 no entry (forced none),any,none,,,,371.0000,1248.0000,20051.0000,material base,558,,,,
BallNose,3.1750,2,Trace,mdf,refused,E5 no entry (forced none),any,none,,,,,,,,,,,,
BallNose,3.1750,2,Trace,plywood_hardwood,refused,E5 no entry (forced none),any,none,,,,,,,,,,,,
BallNose,3.1750,2,Drill,softwood,refused,E7 drill (no entry; plunge = drill feed),any,none,,,,,,,,,,,,
BallNose,3.1750,2,Drill,hardwood,refused,E7 drill (no entry; plunge = drill feed),any,none,,,,,,,,,,,,
BallNose,3.1750,2,Drill,mdf,refused,E7 drill (no entry; plunge = drill feed),any,none,,,,,,,,,,,,
BallNose,3.1750,2,Drill,plywood_hardwood,refused,E7 drill (no entry; plunge = drill feed),any,none,,,,,,,,,,,,
BallNose,3.1750,2,Chamfer,softwood,refused,"E4a V-bit ops, dressup entry off (operator may set)",VBit,none (operator may set ramp or helix),,,,,,,,,,,,
BallNose,3.1750,2,Chamfer,hardwood,refused,"E4a V-bit ops, dressup entry off (operator may set)",VBit,none (operator may set ramp or helix),,,,,,,,,,,,
BallNose,3.1750,2,Chamfer,mdf,refused,"E4a V-bit ops, dressup entry off (operator may set)",VBit,none (operator may set ramp or helix),,,,,,,,,,,,
BallNose,3.1750,2,Chamfer,plywood_hardwood,refused,"E4a V-bit ops, dressup entry off (operator may set)",VBit,none (operator may set ramp or helix),,,,,,,,,,,,
BallNose,3.1750,2,DropCutter,softwood,ok,E6 no entry (strip all),any,none,,,,476.0000,1008.0000,21000.0000,ball tip cap,529,,,,
BallNose,3.1750,2,DropCutter,hardwood,ok,E6 no entry (strip all),any,none,,,,371.0000,684.0000,19000.0000,material base,372,,,,
BallNose,3.1750,2,DropCutter,mdf,ok,E6 no entry (strip all),any,none,,,,373.0000,758.0000,18500.0000,material base,379,,,,
BallNose,3.1750,2,DropCutter,plywood_hardwood,refused,E6 no entry (strip all),any,none,,,,,,,,,,,,
BallNose,3.1750,2,Adaptive3d,softwood,ok,E3 adaptive3d planner entry,any,ramp (Suggest rewrite),10.0,,,476.0000,4000.0000,14998.0000,ball tip cap,794,,476,plunge fallback (no printed axial chip),yes
BallNose,3.1750,2,Adaptive3d,hardwood,ok,E3 adaptive3d planner entry,any,ramp (Suggest rewrite),10.0,,,371.0000,3657.6000,18000.0000,material base,558,,371,plunge fallback (no printed axial chip),yes
BallNose,3.1750,2,Adaptive3d,mdf,ok,E3 adaptive3d planner entry,any,ramp (Suggest rewrite),10.0,,,373.0000,4000.0000,14998.0000,material base,561,,373,plunge fallback (no printed axial chip),yes
BallNose,3.1750,2,Adaptive3d,plywood_hardwood,refused,E3 adaptive3d planner entry,any,plunge (peck),,,,,,,,,,,,
BallNose,3.1750,2,Waterline,softwood,ok,"E4b 3D finishes, dressup entry off (operator may set)",any,none (operator may set ramp or helix),,,,476.0000,1947.0000,20051.0000,ball tip cap,794,,,,
BallNose,3.1750,2,Waterline,hardwood,ok,"E4b 3D finishes, dressup entry off (operator may set)",any,none (operator may set ramp or helix),,,,371.0000,1248.0000,20051.0000,material base,558,,,,
BallNose,3.1750,2,Waterline,mdf,refused,"E4b 3D finishes, dressup entry off (operator may set)",any,none (operator may set ramp or helix),,,,,,,,,,,,
BallNose,3.1750,2,Waterline,plywood_hardwood,refused,"E4b 3D finishes, dressup entry off (operator may set)",any,none (operator may set ramp or helix),,,,,,,,,,,,
BallNose,3.1750,2,Pencil,softwood,ok,"E4b 3D finishes, dressup entry off (operator may set)","Ball, TaperedBall",none (operator may set ramp or helix),,,,476.0000,1947.0000,20051.0000,ball tip cap,794,,,,
BallNose,3.1750,2,Pencil,hardwood,ok,"E4b 3D finishes, dressup entry off (operator may set)","Ball, TaperedBall",none (operator may set ramp or helix),,,,371.0000,1248.0000,20051.0000,material base,558,,,,
BallNose,3.1750,2,Pencil,mdf,refused,"E4b 3D finishes, dressup entry off (operator may set)","Ball, TaperedBall",none (operator may set ramp or helix),,,,,,,,,,,,
BallNose,3.1750,2,Pencil,plywood_hardwood,refused,"E4b 3D finishes, dressup entry off (operator may set)","Ball, TaperedBall",none (operator may set ramp or helix),,,,,,,,,,,,
BallNose,3.1750,2,Scallop,softwood,ok,"E4b 3D finishes, dressup entry off (operator may set)","Ball, TaperedBall",none (operator may set ramp or helix),,,,476.0000,1157.0000,17500.0000,ball tip cap,578,,,,
BallNose,3.1750,2,Scallop,hardwood,ok,"E4b 3D finishes, dressup entry off (operator may set)","Ball, TaperedBall",none (operator may set ramp or helix),,,,371.0000,771.0000,17500.0000,material base,386,,,,
BallNose,3.1750,2,Scallop,mdf,refused,"E4b 3D finishes, dressup entry off (operator may set)","Ball, TaperedBall",none (operator may set ramp or helix),,,,,,,,,,,,
BallNose,3.1750,2,Scallop,plywood_hardwood,refused,"E4b 3D finishes, dressup entry off (operator may set)","Ball, TaperedBall",none (operator may set ramp or helix),,,,,,,,,,,,
BallNose,3.1750,2,UnifiedFinish,softwood,ok,E6 no entry (strip all),"Ball, TaperedBall",none,,,,476.0000,1157.0000,17500.0000,ball tip cap,578,,,,
BallNose,3.1750,2,UnifiedFinish,hardwood,ok,E6 no entry (strip all),"Ball, TaperedBall",none,,,,371.0000,771.0000,17500.0000,material base,386,,,,
BallNose,3.1750,2,UnifiedFinish,mdf,refused,E6 no entry (strip all),"Ball, TaperedBall",none,,,,,,,,,,,,
BallNose,3.1750,2,UnifiedFinish,plywood_hardwood,refused,E6 no entry (strip all),"Ball, TaperedBall",none,,,,,,,,,,,,
BallNose,3.1750,2,SteepShallow,softwood,ok,"E4b 3D finishes, dressup entry off (operator may set)",any,none (operator may set ramp or helix),,,,476.0000,1947.0000,20051.0000,ball tip cap,794,,,,
BallNose,3.1750,2,SteepShallow,hardwood,ok,"E4b 3D finishes, dressup entry off (operator may set)",any,none (operator may set ramp or helix),,,,371.0000,1248.0000,20051.0000,material base,558,,,,
BallNose,3.1750,2,SteepShallow,mdf,refused,"E4b 3D finishes, dressup entry off (operator may set)",any,none (operator may set ramp or helix),,,,,,,,,,,,
BallNose,3.1750,2,SteepShallow,plywood_hardwood,refused,"E4b 3D finishes, dressup entry off (operator may set)",any,none (operator may set ramp or helix),,,,,,,,,,,,
BallNose,3.1750,2,RampFinish,softwood,ok,"E4b 3D finishes, dressup entry off (operator may set)",any,none (operator may set ramp or helix),,,,476.0000,1008.0000,21000.0000,ball tip cap,529,,,,
BallNose,3.1750,2,RampFinish,hardwood,ok,"E4b 3D finishes, dressup entry off (operator may set)",any,none (operator may set ramp or helix),,,,371.0000,684.0000,19000.0000,material base,372,,,,
BallNose,3.1750,2,RampFinish,mdf,ok,"E4b 3D finishes, dressup entry off (operator may set)",any,none (operator may set ramp or helix),,,,373.0000,758.0000,18500.0000,material base,379,,,,
BallNose,3.1750,2,RampFinish,plywood_hardwood,refused,"E4b 3D finishes, dressup entry off (operator may set)",any,none (operator may set ramp or helix),,,,,,,,,,,,
BallNose,3.1750,2,SpiralFinish,softwood,ok,"E4b 3D finishes, dressup entry off (operator may set)","Ball, TaperedBall",none (operator may set ramp or helix),,,,476.0000,1157.0000,17500.0000,ball tip cap,578,,,,
BallNose,3.1750,2,SpiralFinish,hardwood,ok,"E4b 3D finishes, dressup entry off (operator may set)","Ball, TaperedBall",none (operator may set ramp or helix),,,,371.0000,771.0000,17500.0000,material base,386,,,,
BallNose,3.1750,2,SpiralFinish,mdf,refused,"E4b 3D finishes, dressup entry off (operator may set)","Ball, TaperedBall",none (operator may set ramp or helix),,,,,,,,,,,,
BallNose,3.1750,2,SpiralFinish,plywood_hardwood,refused,"E4b 3D finishes, dressup entry off (operator may set)","Ball, TaperedBall",none (operator may set ramp or helix),,,,,,,,,,,,
BallNose,3.1750,2,RadialFinish,softwood,ok,"E4b 3D finishes, dressup entry off (operator may set)",any,none (operator may set ramp or helix),,,,476.0000,1008.0000,21000.0000,ball tip cap,529,,,,
BallNose,3.1750,2,RadialFinish,hardwood,ok,"E4b 3D finishes, dressup entry off (operator may set)",any,none (operator may set ramp or helix),,,,371.0000,684.0000,19000.0000,material base,372,,,,
BallNose,3.1750,2,RadialFinish,mdf,ok,"E4b 3D finishes, dressup entry off (operator may set)",any,none (operator may set ramp or helix),,,,373.0000,758.0000,18500.0000,material base,379,,,,
BallNose,3.1750,2,RadialFinish,plywood_hardwood,refused,"E4b 3D finishes, dressup entry off (operator may set)",any,none (operator may set ramp or helix),,,,,,,,,,,,
BallNose,3.1750,2,HorizontalFinish,softwood,ok,"E4b 3D finishes, dressup entry off (operator may set)",any,none (operator may set ramp or helix),,,,476.0000,1008.0000,21000.0000,ball tip cap,529,,,,
BallNose,3.1750,2,HorizontalFinish,hardwood,ok,"E4b 3D finishes, dressup entry off (operator may set)",any,none (operator may set ramp or helix),,,,371.0000,684.0000,19000.0000,material base,372,,,,
BallNose,3.1750,2,HorizontalFinish,mdf,ok,"E4b 3D finishes, dressup entry off (operator may set)",any,none (operator may set ramp or helix),,,,373.0000,758.0000,18500.0000,material base,379,,,,
BallNose,3.1750,2,HorizontalFinish,plywood_hardwood,refused,"E4b 3D finishes, dressup entry off (operator may set)",any,none (operator may set ramp or helix),,,,,,,,,,,,
BallNose,3.1750,2,ProjectCurve,softwood,ok,E6 no entry (strip all),any,none,,,,476.0000,1008.0000,21000.0000,ball tip cap,529,,,,
BallNose,3.1750,2,ProjectCurve,hardwood,ok,E6 no entry (strip all),any,none,,,,371.0000,684.0000,19000.0000,material base,372,,,,
BallNose,3.1750,2,ProjectCurve,mdf,ok,E6 no entry (strip all),any,none,,,,373.0000,758.0000,18500.0000,material base,379,,,,
BallNose,3.1750,2,ProjectCurve,plywood_hardwood,refused,E6 no entry (strip all),any,none,,,,,,,,,,,,
BallNose,3.1750,2,AlignmentPinDrill,softwood,refused,E7 drill (no entry; plunge = drill feed),any,none,,,,,,,,,,,,
BallNose,3.1750,2,AlignmentPinDrill,hardwood,refused,E7 drill (no entry; plunge = drill feed),any,none,,,,,,,,,,,,
BallNose,3.1750,2,AlignmentPinDrill,mdf,refused,E7 drill (no entry; plunge = drill feed),any,none,,,,,,,,,,,,
BallNose,3.1750,2,AlignmentPinDrill,plywood_hardwood,refused,E7 drill (no entry; plunge = drill feed),any,none,,,,,,,,,,,,
BallNose,6.0000,2,Face,softwood,ok,"E1 2.5D rough, dressup Ramp on",any,ramp (dressup),3.0,,,900.0000,3999.0000,10076.0000,ball tip cap,1500,450,900,plunge fallback (no printed axial chip),
BallNose,6.0000,2,Face,hardwood,ok,"E1 2.5D rough, dressup Ramp on",any,ramp (dressup),3.0,,,702.0000,3999.0000,13565.0000,material base,1054,351,702,plunge fallback (no printed axial chip),
BallNose,6.0000,2,Face,mdf,ok,"E1 2.5D rough, dressup Ramp on",any,ramp (dressup),3.0,,,706.0000,3999.0000,11391.0000,material base,1059,353,706,plunge fallback (no printed axial chip),
BallNose,6.0000,2,Face,plywood_hardwood,refused,"E1 2.5D rough, dressup Ramp on",any,ramp (dressup),3.0,,,,,,,,,,,
BallNose,6.0000,2,Pocket,softwood,ok,"E1 2.5D rough, dressup Ramp on",any,ramp (dressup),3.0,,,900.0000,3999.0000,10076.0000,ball tip cap,1500,450,900,plunge fallback (no printed axial chip),
BallNose,6.0000,2,Pocket,hardwood,ok,"E1 2.5D rough, dressup Ramp on",any,ramp (dressup),3.0,,,702.0000,3999.0000,13565.0000,material base,1054,351,702,plunge fallback (no printed axial chip),
BallNose,6.0000,2,Pocket,mdf,ok,"E1 2.5D rough, dressup Ramp on",any,ramp (dressup),3.0,,,706.0000,3999.0000,11391.0000,material base,1059,353,706,plunge fallback (no printed axial chip),
BallNose,6.0000,2,Pocket,plywood_hardwood,refused,"E1 2.5D rough, dressup Ramp on",any,ramp (dressup),3.0,,,,,,,,,,,
BallNose,6.0000,2,Profile,softwood,ok,"E1 2.5D rough, dressup Ramp on",any,ramp (dressup),3.0,,,900.0000,1519.0000,10610.0000,ball tip cap,1000,450,900,plunge fallback (no printed axial chip),
BallNose,6.0000,2,Profile,hardwood,ok,"E1 2.5D rough, dressup Ramp on",any,ramp (dressup),3.0,,,702.0000,973.0000,10610.0000,material base,703,351,702,plunge fallback (no printed axial chip),
BallNose,6.0000,2,Profile,mdf,refused,"E1 2.5D rough, dressup Ramp on",any,ramp (dressup),3.0,,,,,,,,,,,
BallNose,6.0000,2,Profile,plywood_hardwood,refused,"E1 2.5D rough, dressup Ramp on",any,ramp (dressup),3.0,,,,,,,,,,,
BallNose,6.0000,2,Adaptive,softwood,ok,"E2 2D adaptive, dressup Helix on",any,helix (dressup),,2.00,1.0,900.0000,4000.0000,11516.0000,ball tip cap,1500,450,900,plunge fallback (no printed axial chip),
BallNose,6.0000,2,Adaptive,hardwood,ok,"E2 2D adaptive, dressup Helix on",any,helix (dressup),,2.00,1.0,702.0000,4000.0000,15503.0000,material base,1054,351,702,plunge fallback (no printed axial chip),
BallNose,6.0000,2,Adaptive,mdf,ok,"E2 2D adaptive, dressup Helix on",any,helix (dressup),,2.00,1.0,706.0000,4000.0000,13018.0000,material base,1059,353,706,plunge fallback (no printed axial chip),
BallNose,6.0000,2,Adaptive,plywood_hardwood,refused,"E2 2D adaptive, dressup Helix on",any,helix (dressup),,2.00,1.0,,,,,,,,,
BallNose,6.0000,2,VCarve,softwood,refused,"E4a V-bit ops, dressup entry off (operator may set)",VBit,none (operator may set ramp or helix),,,,,,,,,,,,
BallNose,6.0000,2,VCarve,hardwood,refused,"E4a V-bit ops, dressup entry off (operator may set)",VBit,none (operator may set ramp or helix),,,,,,,,,,,,
BallNose,6.0000,2,VCarve,mdf,refused,"E4a V-bit ops, dressup entry off (operator may set)",VBit,none (operator may set ramp or helix),,,,,,,,,,,,
BallNose,6.0000,2,VCarve,plywood_hardwood,refused,"E4a V-bit ops, dressup entry off (operator may set)",VBit,none (operator may set ramp or helix),,,,,,,,,,,,
BallNose,6.0000,2,Rest,softwood,ok,"E1 2.5D rough, dressup Ramp on",any,ramp (dressup),3.0,,,900.0000,3999.0000,10076.0000,ball tip cap,1500,450,900,plunge fallback (no printed axial chip),
BallNose,6.0000,2,Rest,hardwood,ok,"E1 2.5D rough, dressup Ramp on",any,ramp (dressup),3.0,,,702.0000,3999.0000,13565.0000,material base,1054,351,702,plunge fallback (no printed axial chip),
BallNose,6.0000,2,Rest,mdf,ok,"E1 2.5D rough, dressup Ramp on",any,ramp (dressup),3.0,,,706.0000,3999.0000,11391.0000,material base,1059,353,706,plunge fallback (no printed axial chip),
BallNose,6.0000,2,Rest,plywood_hardwood,refused,"E1 2.5D rough, dressup Ramp on",any,ramp (dressup),3.0,,,,,,,,,,,
BallNose,6.0000,2,Inlay,softwood,refused,"E4a V-bit ops, dressup entry off (operator may set)",VBit,none (operator may set ramp or helix),,,,,,,,,,,,
BallNose,6.0000,2,Inlay,hardwood,refused,"E4a V-bit ops, dressup entry off (operator may set)",VBit,none (operator may set ramp or helix),,,,,,,,,,,,
BallNose,6.0000,2,Inlay,mdf,refused,"E4a V-bit ops, dressup entry off (operator may set)",VBit,none (operator may set ramp or helix),,,,,,,,,,,,
BallNose,6.0000,2,Inlay,plywood_hardwood,refused,"E4a V-bit ops, dressup entry off (operator may set)",VBit,none (operator may set ramp or helix),,,,,,,,,,,,
BallNose,6.0000,2,Zigzag,softwood,ok,"E1 2.5D rough, dressup Ramp on",any,ramp (dressup),3.0,,,900.0000,3999.0000,10076.0000,ball tip cap,1500,450,900,plunge fallback (no printed axial chip),
BallNose,6.0000,2,Zigzag,hardwood,ok,"E1 2.5D rough, dressup Ramp on",any,ramp (dressup),3.0,,,702.0000,3999.0000,13565.0000,material base,1054,351,702,plunge fallback (no printed axial chip),
BallNose,6.0000,2,Zigzag,mdf,ok,"E1 2.5D rough, dressup Ramp on",any,ramp (dressup),3.0,,,706.0000,3999.0000,11391.0000,material base,1059,353,706,plunge fallback (no printed axial chip),
BallNose,6.0000,2,Zigzag,plywood_hardwood,refused,"E1 2.5D rough, dressup Ramp on",any,ramp (dressup),3.0,,,,,,,,,,,
BallNose,6.0000,2,Trace,softwood,ok,E5 no entry (forced none),any,none,,,,900.0000,1519.0000,10610.0000,ball tip cap,1000,,,,
BallNose,6.0000,2,Trace,hardwood,ok,E5 no entry (forced none),any,none,,,,702.0000,973.0000,10610.0000,material base,703,,,,
BallNose,6.0000,2,Trace,mdf,refused,E5 no entry (forced none),any,none,,,,,,,,,,,,
BallNose,6.0000,2,Trace,plywood_hardwood,refused,E5 no entry (forced none),any,none,,,,,,,,,,,,
BallNose,6.0000,2,Drill,softwood,refused,E7 drill (no entry; plunge = drill feed),any,none,,,,,,,,,,,,
BallNose,6.0000,2,Drill,hardwood,refused,E7 drill (no entry; plunge = drill feed),any,none,,,,,,,,,,,,
BallNose,6.0000,2,Drill,mdf,refused,E7 drill (no entry; plunge = drill feed),any,none,,,,,,,,,,,,
BallNose,6.0000,2,Drill,plywood_hardwood,refused,E7 drill (no entry; plunge = drill feed),any,none,,,,,,,,,,,,
BallNose,6.0000,2,Chamfer,softwood,refused,"E4a V-bit ops, dressup entry off (operator may set)",VBit,none (operator may set ramp or helix),,,,,,,,,,,,
BallNose,6.0000,2,Chamfer,hardwood,refused,"E4a V-bit ops, dressup entry off (operator may set)",VBit,none (operator may set ramp or helix),,,,,,,,,,,,
BallNose,6.0000,2,Chamfer,mdf,refused,"E4a V-bit ops, dressup entry off (operator may set)",VBit,none (operator may set ramp or helix),,,,,,,,,,,,
BallNose,6.0000,2,Chamfer,plywood_hardwood,refused,"E4a V-bit ops, dressup entry off (operator may set)",VBit,none (operator may set ramp or helix),,,,,,,,,,,,
BallNose,6.0000,2,DropCutter,softwood,ok,E6 no entry (strip all),any,none,,,,900.0000,1440.0000,18000.0000,ball tip cap,1000,,,,
BallNose,6.0000,2,DropCutter,hardwood,ok,E6 no entry (strip all),any,none,,,,702.0000,1116.0000,18000.0000,material base,703,,,,
BallNose,6.0000,2,DropCutter,mdf,ok,E6 no entry (strip all),any,none,,,,706.0000,1139.0000,17000.0000,material base,706,,,,
BallNose,6.0000,2,DropCutter,plywood_hardwood,refused,E6 no entry (strip all),any,none,,,,,,,,,,,,
BallNose,6.0000,2,Adaptive3d,softwood,ok,E3 adaptive3d planner entry,any,ramp (Suggest rewrite),10.0,,,900.0000,4000.0000,11516.0000,ball tip cap,1500,,900,plunge fallback (no printed axial chip),yes
BallNose,6.0000,2,Adaptive3d,hardwood,ok,E3 adaptive3d planner entry,any,ramp (Suggest rewrite),10.0,,,702.0000,4000.0000,15503.0000,material base,1054,,702,plunge fallback (no printed axial chip),yes
BallNose,6.0000,2,Adaptive3d,mdf,ok,E3 adaptive3d planner entry,any,ramp (Suggest rewrite),10.0,,,706.0000,4000.0000,13018.0000,material base,1059,,706,plunge fallback (no printed axial chip),yes
BallNose,6.0000,2,Adaptive3d,plywood_hardwood,refused,E3 adaptive3d planner entry,any,plunge (peck),,,,,,,,,,,,
BallNose,6.0000,2,Waterline,softwood,ok,"E4b 3D finishes, dressup entry off (operator may set)",any,none (operator may set ramp or helix),,,,900.0000,1519.0000,10610.0000,ball tip cap,1000,,,,
BallNose,6.0000,2,Waterline,hardwood,ok,"E4b 3D finishes, dressup entry off (operator may set)",any,none (operator may set ramp or helix),,,,702.0000,973.0000,10610.0000,material base,703,,,,
BallNose,6.0000,2,Waterline,mdf,refused,"E4b 3D finishes, dressup entry off (operator may set)",any,none (operator may set ramp or helix),,,,,,,,,,,,
BallNose,6.0000,2,Waterline,plywood_hardwood,refused,"E4b 3D finishes, dressup entry off (operator may set)",any,none (operator may set ramp or helix),,,,,,,,,,,,
BallNose,6.0000,2,Pencil,softwood,ok,"E4b 3D finishes, dressup entry off (operator may set)","Ball, TaperedBall",none (operator may set ramp or helix),,,,900.0000,1519.0000,10610.0000,ball tip cap,1000,,,,
BallNose,6.0000,2,Pencil,hardwood,ok,"E4b 3D finishes, dressup entry off (operator may set)","Ball, TaperedBall",none (operator may set ramp or helix),,,,702.0000,973.0000,10610.0000,material base,703,,,,
BallNose,6.0000,2,Pencil,mdf,refused,"E4b 3D finishes, dressup entry off (operator may set)","Ball, TaperedBall",none (operator may set ramp or helix),,,,,,,,,,,,
BallNose,6.0000,2,Pencil,plywood_hardwood,refused,"E4b 3D finishes, dressup entry off (operator may set)","Ball, TaperedBall",none (operator may set ramp or helix),,,,,,,,,,,,
BallNose,6.0000,2,Scallop,softwood,ok,"E4b 3D finishes, dressup entry off (operator may set)","Ball, TaperedBall",none (operator may set ramp or helix),,,,900.0000,1706.0000,17500.0000,ball tip cap,1000,,,,
BallNose,6.0000,2,Scallop,hardwood,ok,"E4b 3D finishes, dressup entry off (operator may set)","Ball, TaperedBall",none (operator may set ramp or helix),,,,702.0000,1137.0000,17500.0000,material base,703,,,,
BallNose,6.0000,2,Scallop,mdf,refused,"E4b 3D finishes, dressup entry off (operator may set)","Ball, TaperedBall",none (operator may set ramp or helix),,,,,,,,,,,,
BallNose,6.0000,2,Scallop,plywood_hardwood,refused,"E4b 3D finishes, dressup entry off (operator may set)","Ball, TaperedBall",none (operator may set ramp or helix),,,,,,,,,,,,
BallNose,6.0000,2,UnifiedFinish,softwood,ok,E6 no entry (strip all),"Ball, TaperedBall",none,,,,900.0000,1706.0000,17500.0000,ball tip cap,1000,,,,
BallNose,6.0000,2,UnifiedFinish,hardwood,ok,E6 no entry (strip all),"Ball, TaperedBall",none,,,,702.0000,1137.0000,17500.0000,material base,703,,,,
BallNose,6.0000,2,UnifiedFinish,mdf,refused,E6 no entry (strip all),"Ball, TaperedBall",none,,,,,,,,,,,,
BallNose,6.0000,2,UnifiedFinish,plywood_hardwood,refused,E6 no entry (strip all),"Ball, TaperedBall",none,,,,,,,,,,,,
BallNose,6.0000,2,SteepShallow,softwood,ok,"E4b 3D finishes, dressup entry off (operator may set)",any,none (operator may set ramp or helix),,,,900.0000,1519.0000,10610.0000,ball tip cap,1000,,,,
BallNose,6.0000,2,SteepShallow,hardwood,ok,"E4b 3D finishes, dressup entry off (operator may set)",any,none (operator may set ramp or helix),,,,702.0000,973.0000,10610.0000,material base,703,,,,
BallNose,6.0000,2,SteepShallow,mdf,refused,"E4b 3D finishes, dressup entry off (operator may set)",any,none (operator may set ramp or helix),,,,,,,,,,,,
BallNose,6.0000,2,SteepShallow,plywood_hardwood,refused,"E4b 3D finishes, dressup entry off (operator may set)",any,none (operator may set ramp or helix),,,,,,,,,,,,
BallNose,6.0000,2,RampFinish,softwood,ok,"E4b 3D finishes, dressup entry off (operator may set)",any,none (operator may set ramp or helix),,,,900.0000,1440.0000,18000.0000,ball tip cap,1000,,,,
BallNose,6.0000,2,RampFinish,hardwood,ok,"E4b 3D finishes, dressup entry off (operator may set)",any,none (operator may set ramp or helix),,,,702.0000,1116.0000,18000.0000,material base,703,,,,
BallNose,6.0000,2,RampFinish,mdf,ok,"E4b 3D finishes, dressup entry off (operator may set)",any,none (operator may set ramp or helix),,,,706.0000,1139.0000,17000.0000,material base,706,,,,
BallNose,6.0000,2,RampFinish,plywood_hardwood,refused,"E4b 3D finishes, dressup entry off (operator may set)",any,none (operator may set ramp or helix),,,,,,,,,,,,
BallNose,6.0000,2,SpiralFinish,softwood,ok,"E4b 3D finishes, dressup entry off (operator may set)","Ball, TaperedBall",none (operator may set ramp or helix),,,,900.0000,1706.0000,17500.0000,ball tip cap,1000,,,,
BallNose,6.0000,2,SpiralFinish,hardwood,ok,"E4b 3D finishes, dressup entry off (operator may set)","Ball, TaperedBall",none (operator may set ramp or helix),,,,702.0000,1137.0000,17500.0000,material base,703,,,,
BallNose,6.0000,2,SpiralFinish,mdf,refused,"E4b 3D finishes, dressup entry off (operator may set)","Ball, TaperedBall",none (operator may set ramp or helix),,,,,,,,,,,,
BallNose,6.0000,2,SpiralFinish,plywood_hardwood,refused,"E4b 3D finishes, dressup entry off (operator may set)","Ball, TaperedBall",none (operator may set ramp or helix),,,,,,,,,,,,
BallNose,6.0000,2,RadialFinish,softwood,ok,"E4b 3D finishes, dressup entry off (operator may set)",any,none (operator may set ramp or helix),,,,900.0000,1440.0000,18000.0000,ball tip cap,1000,,,,
BallNose,6.0000,2,RadialFinish,hardwood,ok,"E4b 3D finishes, dressup entry off (operator may set)",any,none (operator may set ramp or helix),,,,702.0000,1116.0000,18000.0000,material base,703,,,,
BallNose,6.0000,2,RadialFinish,mdf,ok,"E4b 3D finishes, dressup entry off (operator may set)",any,none (operator may set ramp or helix),,,,706.0000,1139.0000,17000.0000,material base,706,,,,
BallNose,6.0000,2,RadialFinish,plywood_hardwood,refused,"E4b 3D finishes, dressup entry off (operator may set)",any,none (operator may set ramp or helix),,,,,,,,,,,,
BallNose,6.0000,2,HorizontalFinish,softwood,ok,"E4b 3D finishes, dressup entry off (operator may set)",any,none (operator may set ramp or helix),,,,900.0000,1440.0000,18000.0000,ball tip cap,1000,,,,
BallNose,6.0000,2,HorizontalFinish,hardwood,ok,"E4b 3D finishes, dressup entry off (operator may set)",any,none (operator may set ramp or helix),,,,702.0000,1116.0000,18000.0000,material base,703,,,,
BallNose,6.0000,2,HorizontalFinish,mdf,ok,"E4b 3D finishes, dressup entry off (operator may set)",any,none (operator may set ramp or helix),,,,706.0000,1139.0000,17000.0000,material base,706,,,,
BallNose,6.0000,2,HorizontalFinish,plywood_hardwood,refused,"E4b 3D finishes, dressup entry off (operator may set)",any,none (operator may set ramp or helix),,,,,,,,,,,,
BallNose,6.0000,2,ProjectCurve,softwood,ok,E6 no entry (strip all),any,none,,,,900.0000,1440.0000,18000.0000,ball tip cap,1000,,,,
BallNose,6.0000,2,ProjectCurve,hardwood,ok,E6 no entry (strip all),any,none,,,,702.0000,1116.0000,18000.0000,material base,703,,,,
BallNose,6.0000,2,ProjectCurve,mdf,ok,E6 no entry (strip all),any,none,,,,706.0000,1139.0000,17000.0000,material base,706,,,,
BallNose,6.0000,2,ProjectCurve,plywood_hardwood,refused,E6 no entry (strip all),any,none,,,,,,,,,,,,
BallNose,6.0000,2,AlignmentPinDrill,softwood,refused,E7 drill (no entry; plunge = drill feed),any,none,,,,,,,,,,,,
BallNose,6.0000,2,AlignmentPinDrill,hardwood,refused,E7 drill (no entry; plunge = drill feed),any,none,,,,,,,,,,,,
BallNose,6.0000,2,AlignmentPinDrill,mdf,refused,E7 drill (no entry; plunge = drill feed),any,none,,,,,,,,,,,,
BallNose,6.0000,2,AlignmentPinDrill,plywood_hardwood,refused,E7 drill (no entry; plunge = drill feed),any,none,,,,,,,,,,,,
BullNose,3.1750,2,Face,softwood,ok,"E1 2.5D rough, dressup Ramp on",any,ramp (dressup),3.0,,,529.0000,3657.0000,18000.0000,material base,794,264,529,plunge fallback (no printed axial chip),
BullNose,3.1750,2,Face,hardwood,ok,"E1 2.5D rough, dressup Ramp on",any,ramp (dressup),3.0,,,371.0000,3657.0000,18000.0000,material base,558,186,371,plunge fallback (no printed axial chip),
BullNose,3.1750,2,Face,mdf,ok,"E1 2.5D rough, dressup Ramp on",any,ramp (dressup),3.0,,,373.0000,3999.0000,15748.0000,material base,561,186,373,plunge fallback (no printed axial chip),
BullNose,3.1750,2,Face,plywood_hardwood,ok,"E1 2.5D rough, dressup Ramp on",any,ramp (dressup),3.0,,,360.0000,3657.0000,18000.0000,material base,541,180,360,plunge fallback (no printed axial chip),
BullNose,3.1750,2,Pocket,softwood,ok,"E1 2.5D rough, dressup Ramp on",any,ramp (dressup),3.0,,,529.0000,3657.0000,18000.0000,material base,794,264,529,plunge fallback (no printed axial chip),
BullNose,3.1750,2,Pocket,hardwood,ok,"E1 2.5D rough, dressup Ramp on",any,ramp (dressup),3.0,,,371.0000,3657.0000,18000.0000,material base,558,186,371,plunge fallback (no printed axial chip),
BullNose,3.1750,2,Pocket,mdf,ok,"E1 2.5D rough, dressup Ramp on",any,ramp (dressup),3.0,,,373.0000,3999.0000,15748.0000,material base,561,186,373,plunge fallback (no printed axial chip),
BullNose,3.1750,2,Pocket,plywood_hardwood,ok,"E1 2.5D rough, dressup Ramp on",any,ramp (dressup),3.0,,,360.0000,3657.0000,18000.0000,material base,541,180,360,plunge fallback (no printed axial chip),
BullNose,3.1750,2,Profile,softwood,ok,"E1 2.5D rough, dressup Ramp on",any,ramp (dressup),3.0,,,529.0000,3999.0000,15022.0000,material base,794,264,529,plunge fallback (no printed axial chip),
BullNose,3.1750,2,Profile,hardwood,ok,"E1 2.5D rough, dressup Ramp on",any,ramp (dressup),3.0,,,371.0000,3594.0000,18000.0000,material base,558,186,371,plunge fallback (no printed axial chip),
BullNose,3.1750,2,Profile,mdf,ok,"E1 2.5D rough, dressup Ramp on",any,ramp (dressup),3.0,,,373.0000,3999.0000,17168.0000,material base,561,186,373,plunge fallback (no printed axial chip),
BullNose,3.1750,2,Profile,plywood_hardwood,ok,"E1 2.5D rough, dressup Ramp on",any,ramp (dressup),3.0,,,360.0000,4000.0000,8000.0000,material base,541,180,360,plunge fallback (no printed axial chip),
BullNose,3.1750,2,Adaptive,softwood,ok,"E2 2D adaptive, dressup Helix on",any,helix (dressup),,2.00,1.0,529.0000,3657.6000,18000.0000,material base,794,264,529,plunge fallback (no printed axial chip),
BullNose,3.1750,2,Adaptive,hardwood,ok,"E2 2D adaptive, dressup Helix on",any,helix (dressup),,2.00,1.0,371.0000,3657.6000,18000.0000,material base,558,186,371,plunge fallback (no printed axial chip),
BullNose,3.1750,2,Adaptive,mdf,ok,"E2 2D adaptive, dressup Helix on",any,helix (dressup),,2.00,1.0,373.0000,4000.0000,17997.0000,material base,561,186,373,plunge fallback (no printed axial chip),
BullNose,3.1750,2,Adaptive,plywood_hardwood,ok,"E2 2D adaptive, dressup Helix on",any,helix (dressup),,2.00,1.0,360.0000,3657.6000,18000.0000,material base,541,180,360,plunge fallback (no printed axial chip),
BullNose,3.1750,2,VCarve,softwood,refused,"E4a V-bit ops, dressup entry off (operator may set)",VBit,none (operator may set ramp or helix),,,,,,,,,,,,
BullNose,3.1750,2,VCarve,hardwood,refused,"E4a V-bit ops, dressup entry off (operator may set)",VBit,none (operator may set ramp or helix),,,,,,,,,,,,
BullNose,3.1750,2,VCarve,mdf,refused,"E4a V-bit ops, dressup entry off (operator may set)",VBit,none (operator may set ramp or helix),,,,,,,,,,,,
BullNose,3.1750,2,VCarve,plywood_hardwood,refused,"E4a V-bit ops, dressup entry off (operator may set)",VBit,none (operator may set ramp or helix),,,,,,,,,,,,
BullNose,3.1750,2,Rest,softwood,ok,"E1 2.5D rough, dressup Ramp on",any,ramp (dressup),3.0,,,529.0000,3657.0000,18000.0000,material base,794,264,529,plunge fallback (no printed axial chip),
BullNose,3.1750,2,Rest,hardwood,ok,"E1 2.5D rough, dressup Ramp on",any,ramp (dressup),3.0,,,371.0000,3657.0000,18000.0000,material base,558,186,371,plunge fallback (no printed axial chip),
BullNose,3.1750,2,Rest,mdf,ok,"E1 2.5D rough, dressup Ramp on",any,ramp (dressup),3.0,,,373.0000,3999.0000,15748.0000,material base,561,186,373,plunge fallback (no printed axial chip),
BullNose,3.1750,2,Rest,plywood_hardwood,ok,"E1 2.5D rough, dressup Ramp on",any,ramp (dressup),3.0,,,360.0000,3657.0000,18000.0000,material base,541,180,360,plunge fallback (no printed axial chip),
BullNose,3.1750,2,Inlay,softwood,refused,"E4a V-bit ops, dressup entry off (operator may set)",VBit,none (operator may set ramp or helix),,,,,,,,,,,,
BullNose,3.1750,2,Inlay,hardwood,refused,"E4a V-bit ops, dressup entry off (operator may set)",VBit,none (operator may set ramp or helix),,,,,,,,,,,,
BullNose,3.1750,2,Inlay,mdf,refused,"E4a V-bit ops, dressup entry off (operator may set)",VBit,none (operator may set ramp or helix),,,,,,,,,,,,
BullNose,3.1750,2,Inlay,plywood_hardwood,refused,"E4a V-bit ops, dressup entry off (operator may set)",VBit,none (operator may set ramp or helix),,,,,,,,,,,,
BullNose,3.1750,2,Zigzag,softwood,ok,"E1 2.5D rough, dressup Ramp on",any,ramp (dressup),3.0,,,529.0000,3657.0000,18000.0000,material base,794,264,529,plunge fallback (no printed axial chip),
BullNose,3.1750,2,Zigzag,hardwood,ok,"E1 2.5D rough, dressup Ramp on",any,ramp (dressup),3.0,,,371.0000,3657.0000,18000.0000,material base,558,186,371,plunge fallback (no printed axial chip),
BullNose,3.1750,2,Zigzag,mdf,ok,"E1 2.5D rough, dressup Ramp on",any,ramp (dressup),3.0,,,373.0000,3999.0000,15748.0000,material base,561,186,373,plunge fallback (no printed axial chip),
BullNose,3.1750,2,Zigzag,plywood_hardwood,ok,"E1 2.5D rough, dressup Ramp on",any,ramp (dressup),3.0,,,360.0000,3657.0000,18000.0000,material base,541,180,360,plunge fallback (no printed axial chip),
BullNose,3.1750,2,Trace,softwood,ok,E5 no entry (forced none),any,none,,,,529.0000,3999.0000,15022.0000,material base,794,,,,
BullNose,3.1750,2,Trace,hardwood,ok,E5 no entry (forced none),any,none,,,,371.0000,3594.0000,18000.0000,material base,558,,,,
BullNose,3.1750,2,Trace,mdf,ok,E5 no entry (forced none),any,none,,,,373.0000,3999.0000,17168.0000,material base,561,,,,
BullNose,3.1750,2,Trace,plywood_hardwood,refused,E5 no entry (forced none),any,none,,,,,,,,,,,,
BullNose,3.1750,2,Drill,softwood,refused,E7 drill (no entry; plunge = drill feed),any,none,,,,,,,,,,,,
BullNose,3.1750,2,Drill,hardwood,refused,E7 drill (no entry; plunge = drill feed),any,none,,,,,,,,,,,,
BullNose,3.1750,2,Drill,mdf,refused,E7 drill (no entry; plunge = drill feed),any,none,,,,,,,,,,,,
BullNose,3.1750,2,Drill,plywood_hardwood,refused,E7 drill (no entry; plunge = drill feed),any,none,,,,,,,,,,,,
BullNose,3.1750,2,Chamfer,softwood,refused,"E4a V-bit ops, dressup entry off (operator may set)",VBit,none (operator may set ramp or helix),,,,,,,,,,,,
BullNose,3.1750,2,Chamfer,hardwood,refused,"E4a V-bit ops, dressup entry off (operator may set)",VBit,none (operator may set ramp or helix),,,,,,,,,,,,
BullNose,3.1750,2,Chamfer,mdf,refused,"E4a V-bit ops, dressup entry off (operator may set)",VBit,none (operator may set ramp or helix),,,,,,,,,,,,
BullNose,3.1750,2,Chamfer,plywood_hardwood,refused,"E4a V-bit ops, dressup entry off (operator may set)",VBit,none (operator may set ramp or helix),,,,,,,,,,,,
BullNose,3.1750,2,DropCutter,softwood,ok,E6 no entry (strip all),any,none,,,,529.0000,3999.0000,15022.0000,material base,794,,,,
BullNose,3.1750,2,DropCutter,hardwood,ok,E6 no entry (strip all),any,none,,,,371.0000,3594.0000,18000.0000,material base,558,,,,
BullNose,3.1750,2,DropCutter,mdf,ok,E6 no entry (strip all),any,none,,,,373.0000,3999.0000,17168.0000,material base,561,,,,
BullNose,3.1750,2,DropCutter,plywood_hardwood,refused,E6 no entry (strip all),any,none,,,,,,,,,,,,
BullNose,3.1750,2,Adaptive3d,softwood,ok,E3 adaptive3d planner entry,any,ramp (Suggest rewrite),10.0,,,529.0000,3657.6000,18000.0000,material base,794,,529,plunge fallback (no printed axial chip),yes
BullNose,3.1750,2,Adaptive3d,hardwood,ok,E3 adaptive3d planner entry,any,ramp (Suggest rewrite),10.0,,,371.0000,3657.6000,18000.0000,material base,558,,371,plunge fallback (no printed axial chip),yes
BullNose,3.1750,2,Adaptive3d,mdf,ok,E3 adaptive3d planner entry,any,ramp (Suggest rewrite),10.0,,,373.0000,4000.0000,17997.0000,material base,561,,373,plunge fallback (no printed axial chip),yes
BullNose,3.1750,2,Adaptive3d,plywood_hardwood,ok,E3 adaptive3d planner entry,any,ramp (Suggest rewrite),10.0,,,360.0000,3657.6000,18000.0000,material base,541,,360,plunge fallback (no printed axial chip),yes
BullNose,3.1750,2,Waterline,softwood,ok,"E4b 3D finishes, dressup entry off (operator may set)",any,none (operator may set ramp or helix),,,,529.0000,3999.0000,15022.0000,material base,794,,,,
BullNose,3.1750,2,Waterline,hardwood,ok,"E4b 3D finishes, dressup entry off (operator may set)",any,none (operator may set ramp or helix),,,,371.0000,3594.0000,18000.0000,material base,558,,,,
BullNose,3.1750,2,Waterline,mdf,ok,"E4b 3D finishes, dressup entry off (operator may set)",any,none (operator may set ramp or helix),,,,373.0000,3999.0000,17168.0000,material base,561,,,,
BullNose,3.1750,2,Waterline,plywood_hardwood,ok,"E4b 3D finishes, dressup entry off (operator may set)",any,none (operator may set ramp or helix),,,,360.0000,4000.0000,8000.0000,material base,541,,,,
BullNose,3.1750,2,Pencil,softwood,refused,"E4b 3D finishes, dressup entry off (operator may set)","Ball, TaperedBall",none (operator may set ramp or helix),,,,,,,,,,,,
BullNose,3.1750,2,Pencil,hardwood,refused,"E4b 3D finishes, dressup entry off (operator may set)","Ball, TaperedBall",none (operator may set ramp or helix),,,,,,,,,,,,
BullNose,3.1750,2,Pencil,mdf,refused,"E4b 3D finishes, dressup entry off (operator may set)","Ball, TaperedBall",none (operator may set ramp or helix),,,,,,,,,,,,
BullNose,3.1750,2,Pencil,plywood_hardwood,refused,"E4b 3D finishes, dressup entry off (operator may set)","Ball, TaperedBall",none (operator may set ramp or helix),,,,,,,,,,,,
BullNose,3.1750,2,Scallop,softwood,refused,"E4b 3D finishes, dressup entry off (operator may set)","Ball, TaperedBall",none (operator may set ramp or helix),,,,,,,,,,,,
BullNose,3.1750,2,Scallop,hardwood,refused,"E4b 3D finishes, dressup entry off (operator may set)","Ball, TaperedBall",none (operator may set ramp or helix),,,,,,,,,,,,
BullNose,3.1750,2,Scallop,mdf,refused,"E4b 3D finishes, dressup entry off (operator may set)","Ball, TaperedBall",none (operator may set ramp or helix),,,,,,,,,,,,
BullNose,3.1750,2,Scallop,plywood_hardwood,refused,"E4b 3D finishes, dressup entry off (operator may set)","Ball, TaperedBall",none (operator may set ramp or helix),,,,,,,,,,,,
BullNose,3.1750,2,UnifiedFinish,softwood,refused,E6 no entry (strip all),"Ball, TaperedBall",none,,,,,,,,,,,,
BullNose,3.1750,2,UnifiedFinish,hardwood,refused,E6 no entry (strip all),"Ball, TaperedBall",none,,,,,,,,,,,,
BullNose,3.1750,2,UnifiedFinish,mdf,refused,E6 no entry (strip all),"Ball, TaperedBall",none,,,,,,,,,,,,
BullNose,3.1750,2,UnifiedFinish,plywood_hardwood,refused,E6 no entry (strip all),"Ball, TaperedBall",none,,,,,,,,,,,,
BullNose,3.1750,2,SteepShallow,softwood,ok,"E4b 3D finishes, dressup entry off (operator may set)",any,none (operator may set ramp or helix),,,,529.0000,3999.0000,15022.0000,material base,794,,,,
BullNose,3.1750,2,SteepShallow,hardwood,ok,"E4b 3D finishes, dressup entry off (operator may set)",any,none (operator may set ramp or helix),,,,371.0000,3594.0000,18000.0000,material base,558,,,,
BullNose,3.1750,2,SteepShallow,mdf,ok,"E4b 3D finishes, dressup entry off (operator may set)",any,none (operator may set ramp or helix),,,,373.0000,3999.0000,17168.0000,material base,561,,,,
BullNose,3.1750,2,SteepShallow,plywood_hardwood,ok,"E4b 3D finishes, dressup entry off (operator may set)",any,none (operator may set ramp or helix),,,,360.0000,4000.0000,8000.0000,material base,541,,,,
BullNose,3.1750,2,RampFinish,softwood,ok,"E4b 3D finishes, dressup entry off (operator may set)",any,none (operator may set ramp or helix),,,,529.0000,3999.0000,15022.0000,material base,794,,,,
BullNose,3.1750,2,RampFinish,hardwood,ok,"E4b 3D finishes, dressup entry off (operator may set)",any,none (operator may set ramp or helix),,,,371.0000,3594.0000,18000.0000,material base,558,,,,
BullNose,3.1750,2,RampFinish,mdf,ok,"E4b 3D finishes, dressup entry off (operator may set)",any,none (operator may set ramp or helix),,,,373.0000,3999.0000,17168.0000,material base,561,,,,
BullNose,3.1750,2,RampFinish,plywood_hardwood,refused,"E4b 3D finishes, dressup entry off (operator may set)",any,none (operator may set ramp or helix),,,,,,,,,,,,
BullNose,3.1750,2,SpiralFinish,softwood,refused,"E4b 3D finishes, dressup entry off (operator may set)","Ball, TaperedBall",none (operator may set ramp or helix),,,,,,,,,,,,
BullNose,3.1750,2,SpiralFinish,hardwood,refused,"E4b 3D finishes, dressup entry off (operator may set)","Ball, TaperedBall",none (operator may set ramp or helix),,,,,,,,,,,,
BullNose,3.1750,2,SpiralFinish,mdf,refused,"E4b 3D finishes, dressup entry off (operator may set)","Ball, TaperedBall",none (operator may set ramp or helix),,,,,,,,,,,,
BullNose,3.1750,2,SpiralFinish,plywood_hardwood,refused,"E4b 3D finishes, dressup entry off (operator may set)","Ball, TaperedBall",none (operator may set ramp or helix),,,,,,,,,,,,
BullNose,3.1750,2,RadialFinish,softwood,ok,"E4b 3D finishes, dressup entry off (operator may set)",any,none (operator may set ramp or helix),,,,529.0000,3999.0000,15022.0000,material base,794,,,,
BullNose,3.1750,2,RadialFinish,hardwood,ok,"E4b 3D finishes, dressup entry off (operator may set)",any,none (operator may set ramp or helix),,,,371.0000,3594.0000,18000.0000,material base,558,,,,
BullNose,3.1750,2,RadialFinish,mdf,ok,"E4b 3D finishes, dressup entry off (operator may set)",any,none (operator may set ramp or helix),,,,373.0000,3999.0000,17168.0000,material base,561,,,,
BullNose,3.1750,2,RadialFinish,plywood_hardwood,refused,"E4b 3D finishes, dressup entry off (operator may set)",any,none (operator may set ramp or helix),,,,,,,,,,,,
BullNose,3.1750,2,HorizontalFinish,softwood,ok,"E4b 3D finishes, dressup entry off (operator may set)",any,none (operator may set ramp or helix),,,,529.0000,3999.0000,15022.0000,material base,794,,,,
BullNose,3.1750,2,HorizontalFinish,hardwood,ok,"E4b 3D finishes, dressup entry off (operator may set)",any,none (operator may set ramp or helix),,,,371.0000,3594.0000,18000.0000,material base,558,,,,
BullNose,3.1750,2,HorizontalFinish,mdf,ok,"E4b 3D finishes, dressup entry off (operator may set)",any,none (operator may set ramp or helix),,,,373.0000,3999.0000,17168.0000,material base,561,,,,
BullNose,3.1750,2,HorizontalFinish,plywood_hardwood,refused,"E4b 3D finishes, dressup entry off (operator may set)",any,none (operator may set ramp or helix),,,,,,,,,,,,
BullNose,3.1750,2,ProjectCurve,softwood,ok,E6 no entry (strip all),any,none,,,,529.0000,3999.0000,15022.0000,material base,794,,,,
BullNose,3.1750,2,ProjectCurve,hardwood,ok,E6 no entry (strip all),any,none,,,,371.0000,3594.0000,18000.0000,material base,558,,,,
BullNose,3.1750,2,ProjectCurve,mdf,ok,E6 no entry (strip all),any,none,,,,373.0000,3999.0000,17168.0000,material base,561,,,,
BullNose,3.1750,2,ProjectCurve,plywood_hardwood,refused,E6 no entry (strip all),any,none,,,,,,,,,,,,
BullNose,3.1750,2,AlignmentPinDrill,softwood,refused,E7 drill (no entry; plunge = drill feed),any,none,,,,,,,,,,,,
BullNose,3.1750,2,AlignmentPinDrill,hardwood,refused,E7 drill (no entry; plunge = drill feed),any,none,,,,,,,,,,,,
BullNose,3.1750,2,AlignmentPinDrill,mdf,refused,E7 drill (no entry; plunge = drill feed),any,none,,,,,,,,,,,,
BullNose,3.1750,2,AlignmentPinDrill,plywood_hardwood,refused,E7 drill (no entry; plunge = drill feed),any,none,,,,,,,,,,,,
BullNose,6.0000,2,Face,softwood,ok,"E1 2.5D rough, dressup Ramp on",any,ramp (dressup),3.0,,,1000.0000,3999.0000,10188.0000,material base,1500,500,1000,plunge fallback (no printed axial chip),
BullNose,6.0000,2,Face,hardwood,ok,"E1 2.5D rough, dressup Ramp on",any,ramp (dressup),3.0,,,702.0000,3999.0000,13585.0000,material base,1054,351,702,plunge fallback (no printed axial chip),
BullNose,6.0000,2,Face,mdf,ok,"E1 2.5D rough, dressup Ramp on",any,ramp (dressup),3.0,,,706.0000,3999.0000,11644.0000,material base,1059,353,706,plunge fallback (no printed axial chip),
BullNose,6.0000,2,Face,plywood_hardwood,ok,"E1 2.5D rough, dressup Ramp on",any,ramp (dressup),3.0,,,682.0000,1600.0000,16000.0000,material base,800,341,682,plunge fallback (no printed axial chip),
BullNose,6.0000,2,Pocket,softwood,ok,"E1 2.5D rough, dressup Ramp on",any,ramp (dressup),3.0,,,1000.0000,3999.0000,10188.0000,material base,1500,500,1000,plunge fallback (no printed axial chip),
BullNose,6.0000,2,Pocket,hardwood,ok,"E1 2.5D rough, dressup Ramp on",any,ramp (dressup),3.0,,,702.0000,3999.0000,13585.0000,material base,1054,351,702,plunge fallback (no printed axial chip),
BullNose,6.0000,2,Pocket,mdf,ok,"E1 2.5D rough, dressup Ramp on",any,ramp (dressup),3.0,,,706.0000,3999.0000,11644.0000,material base,1059,353,706,plunge fallback (no printed axial chip),
BullNose,6.0000,2,Pocket,plywood_hardwood,ok,"E1 2.5D rough, dressup Ramp on",any,ramp (dressup),3.0,,,682.0000,1600.0000,16000.0000,material base,800,341,682,plunge fallback (no printed axial chip),
BullNose,6.0000,2,Profile,softwood,ok,"E1 2.5D rough, dressup Ramp on",any,ramp (dressup),3.0,,,1000.0000,3999.0000,10188.0000,material base,1500,500,1000,plunge fallback (no printed axial chip),
BullNose,6.0000,2,Profile,hardwood,ok,"E1 2.5D rough, dressup Ramp on",any,ramp (dressup),3.0,,,702.0000,3999.0000,13585.0000,material base,1054,351,702,plunge fallback (no printed axial chip),
BullNose,6.0000,2,Profile,mdf,ok,"E1 2.5D rough, dressup Ramp on",any,ramp (dressup),3.0,,,706.0000,3999.0000,11644.0000,material base,1059,353,706,plunge fallback (no printed axial chip),
BullNose,6.0000,2,Profile,plywood_hardwood,ok,"E1 2.5D rough, dressup Ramp on",any,ramp (dressup),3.0,,,682.0000,4000.0000,8000.0000,material base,1023,341,682,plunge fallback (no printed axial chip),
BullNose,6.0000,2,Adaptive,softwood,ok,"E2 2D adaptive, dressup Helix on",any,helix (dressup),,2.00,1.0,1000.0000,4000.0000,11644.0000,material base,1500,500,1000,plunge fallback (no printed axial chip),
BullNose,6.0000,2,Adaptive,hardwood,ok,"E2 2D adaptive, dressup Helix on",any,helix (dressup),,2.00,1.0,702.0000,4000.0000,15525.0000,material base,1054,351,702,plunge fallback (no printed axial chip),
BullNose,6.0000,2,Adaptive,mdf,ok,"E2 2D adaptive, dressup Helix on",any,helix (dressup),,2.00,1.0,706.0000,4000.0000,13307.0000,material base,1059,353,706,plunge fallback (no printed axial chip),
BullNose,6.0000,2,Adaptive,plywood_hardwood,ok,"E2 2D adaptive, dressup Helix on",any,helix (dressup),,2.00,1.0,682.0000,4000.0000,17997.0000,material base,1023,341,682,plunge fallback (no printed axial chip),
BullNose,6.0000,2,VCarve,softwood,refused,"E4a V-bit ops, dressup entry off (operator may set)",VBit,none (operator may set ramp or helix),,,,,,,,,,,,
BullNose,6.0000,2,VCarve,hardwood,refused,"E4a V-bit ops, dressup entry off (operator may set)",VBit,none (operator may set ramp or helix),,,,,,,,,,,,
BullNose,6.0000,2,VCarve,mdf,refused,"E4a V-bit ops, dressup entry off (operator may set)",VBit,none (operator may set ramp or helix),,,,,,,,,,,,
BullNose,6.0000,2,VCarve,plywood_hardwood,refused,"E4a V-bit ops, dressup entry off (operator may set)",VBit,none (operator may set ramp or helix),,,,,,,,,,,,
BullNose,6.0000,2,Rest,softwood,ok,"E1 2.5D rough, dressup Ramp on",any,ramp (dressup),3.0,,,1000.0000,3999.0000,10188.0000,material base,1500,500,1000,plunge fallback (no printed axial chip),
BullNose,6.0000,2,Rest,hardwood,ok,"E1 2.5D rough, dressup Ramp on",any,ramp (dressup),3.0,,,702.0000,3999.0000,13585.0000,material base,1054,351,702,plunge fallback (no printed axial chip),
BullNose,6.0000,2,Rest,mdf,ok,"E1 2.5D rough, dressup Ramp on",any,ramp (dressup),3.0,,,706.0000,3999.0000,11644.0000,material base,1059,353,706,plunge fallback (no printed axial chip),
BullNose,6.0000,2,Rest,plywood_hardwood,ok,"E1 2.5D rough, dressup Ramp on",any,ramp (dressup),3.0,,,682.0000,1600.0000,16000.0000,material base,800,341,682,plunge fallback (no printed axial chip),
BullNose,6.0000,2,Inlay,softwood,refused,"E4a V-bit ops, dressup entry off (operator may set)",VBit,none (operator may set ramp or helix),,,,,,,,,,,,
BullNose,6.0000,2,Inlay,hardwood,refused,"E4a V-bit ops, dressup entry off (operator may set)",VBit,none (operator may set ramp or helix),,,,,,,,,,,,
BullNose,6.0000,2,Inlay,mdf,refused,"E4a V-bit ops, dressup entry off (operator may set)",VBit,none (operator may set ramp or helix),,,,,,,,,,,,
BullNose,6.0000,2,Inlay,plywood_hardwood,refused,"E4a V-bit ops, dressup entry off (operator may set)",VBit,none (operator may set ramp or helix),,,,,,,,,,,,
BullNose,6.0000,2,Zigzag,softwood,ok,"E1 2.5D rough, dressup Ramp on",any,ramp (dressup),3.0,,,1000.0000,3999.0000,10188.0000,material base,1500,500,1000,plunge fallback (no printed axial chip),
BullNose,6.0000,2,Zigzag,hardwood,ok,"E1 2.5D rough, dressup Ramp on",any,ramp (dressup),3.0,,,702.0000,3999.0000,13585.0000,material base,1054,351,702,plunge fallback (no printed axial chip),
BullNose,6.0000,2,Zigzag,mdf,ok,"E1 2.5D rough, dressup Ramp on",any,ramp (dressup),3.0,,,706.0000,3999.0000,11644.0000,material base,1059,353,706,plunge fallback (no printed axial chip),
BullNose,6.0000,2,Zigzag,plywood_hardwood,ok,"E1 2.5D rough, dressup Ramp on",any,ramp (dressup),3.0,,,682.0000,1600.0000,16000.0000,material base,800,341,682,plunge fallback (no printed axial chip),
BullNose,6.0000,2,Trace,softwood,ok,E5 no entry (forced none),any,none,,,,1000.0000,3999.0000,10188.0000,material base,1500,,,,
BullNose,6.0000,2,Trace,hardwood,ok,E5 no entry (forced none),any,none,,,,702.0000,3999.0000,13585.0000,material base,1054,,,,
BullNose,6.0000,2,Trace,mdf,ok,E5 no entry (forced none),any,none,,,,706.0000,3999.0000,11644.0000,material base,1059,,,,
BullNose,6.0000,2,Trace,plywood_hardwood,refused,E5 no entry (forced none),any,none,,,,,,,,,,,,
BullNose,6.0000,2,Drill,softwood,refused,E7 drill (no entry; plunge = drill feed),any,none,,,,,,,,,,,,
BullNose,6.0000,2,Drill,hardwood,refused,E7 drill (no entry; plunge = drill feed),any,none,,,,,,,,,,,,
BullNose,6.0000,2,Drill,mdf,refused,E7 drill (no entry; plunge = drill feed),any,none,,,,,,,,,,,,
BullNose,6.0000,2,Drill,plywood_hardwood,refused,E7 drill (no entry; plunge = drill feed),any,none,,,,,,,,,,,,
BullNose,6.0000,2,Chamfer,softwood,refused,"E4a V-bit ops, dressup entry off (operator may set)",VBit,none (operator may set ramp or helix),,,,,,,,,,,,
BullNose,6.0000,2,Chamfer,hardwood,refused,"E4a V-bit ops, dressup entry off (operator may set)",VBit,none (operator may set ramp or helix),,,,,,,,,,,,
BullNose,6.0000,2,Chamfer,mdf,refused,"E4a V-bit ops, dressup entry off (operator may set)",VBit,none (operator may set ramp or helix),,,,,,,,,,,,
BullNose,6.0000,2,Chamfer,plywood_hardwood,refused,"E4a V-bit ops, dressup entry off (operator may set)",VBit,none (operator may set ramp or helix),,,,,,,,,,,,
BullNose,6.0000,2,DropCutter,softwood,ok,E6 no entry (strip all),any,none,,,,1000.0000,3999.0000,10188.0000,material base,1500,,,,
BullNose,6.0000,2,DropCutter,hardwood,ok,E6 no entry (strip all),any,none,,,,702.0000,3999.0000,13585.0000,material base,1054,,,,
BullNose,6.0000,2,DropCutter,mdf,ok,E6 no entry (strip all),any,none,,,,706.0000,3999.0000,11644.0000,material base,1059,,,,
BullNose,6.0000,2,DropCutter,plywood_hardwood,refused,E6 no entry (strip all),any,none,,,,,,,,,,,,
BullNose,6.0000,2,Adaptive3d,softwood,ok,E3 adaptive3d planner entry,any,ramp (Suggest rewrite),10.0,,,1000.0000,4000.0000,11644.0000,material base,1500,,1000,plunge fallback (no printed axial chip),yes
BullNose,6.0000,2,Adaptive3d,hardwood,ok,E3 adaptive3d planner entry,any,ramp (Suggest rewrite),10.0,,,702.0000,4000.0000,15525.0000,material base,1054,,702,plunge fallback (no printed axial chip),yes
BullNose,6.0000,2,Adaptive3d,mdf,ok,E3 adaptive3d planner entry,any,ramp (Suggest rewrite),10.0,,,706.0000,4000.0000,13307.0000,material base,1059,,706,plunge fallback (no printed axial chip),yes
BullNose,6.0000,2,Adaptive3d,plywood_hardwood,ok,E3 adaptive3d planner entry,any,ramp (Suggest rewrite),10.0,,,682.0000,1600.0000,16000.0000,material base,800,,682,plunge fallback (no printed axial chip),yes
BullNose,6.0000,2,Waterline,softwood,ok,"E4b 3D finishes, dressup entry off (operator may set)",any,none (operator may set ramp or helix),,,,1000.0000,3999.0000,10188.0000,material base,1500,,,,
BullNose,6.0000,2,Waterline,hardwood,ok,"E4b 3D finishes, dressup entry off (operator may set)",any,none (operator may set ramp or helix),,,,702.0000,3999.0000,13585.0000,material base,1054,,,,
BullNose,6.0000,2,Waterline,mdf,ok,"E4b 3D finishes, dressup entry off (operator may set)",any,none (operator may set ramp or helix),,,,706.0000,3999.0000,11644.0000,material base,1059,,,,
BullNose,6.0000,2,Waterline,plywood_hardwood,ok,"E4b 3D finishes, dressup entry off (operator may set)",any,none (operator may set ramp or helix),,,,682.0000,4000.0000,8000.0000,material base,1023,,,,
BullNose,6.0000,2,Pencil,softwood,refused,"E4b 3D finishes, dressup entry off (operator may set)","Ball, TaperedBall",none (operator may set ramp or helix),,,,,,,,,,,,
BullNose,6.0000,2,Pencil,hardwood,refused,"E4b 3D finishes, dressup entry off (operator may set)","Ball, TaperedBall",none (operator may set ramp or helix),,,,,,,,,,,,
BullNose,6.0000,2,Pencil,mdf,refused,"E4b 3D finishes, dressup entry off (operator may set)","Ball, TaperedBall",none (operator may set ramp or helix),,,,,,,,,,,,
BullNose,6.0000,2,Pencil,plywood_hardwood,refused,"E4b 3D finishes, dressup entry off (operator may set)","Ball, TaperedBall",none (operator may set ramp or helix),,,,,,,,,,,,
BullNose,6.0000,2,Scallop,softwood,refused,"E4b 3D finishes, dressup entry off (operator may set)","Ball, TaperedBall",none (operator may set ramp or helix),,,,,,,,,,,,
BullNose,6.0000,2,Scallop,hardwood,refused,"E4b 3D finishes, dressup entry off (operator may set)","Ball, TaperedBall",none (operator may set ramp or helix),,,,,,,,,,,,
BullNose,6.0000,2,Scallop,mdf,refused,"E4b 3D finishes, dressup entry off (operator may set)","Ball, TaperedBall",none (operator may set ramp or helix),,,,,,,,,,,,
BullNose,6.0000,2,Scallop,plywood_hardwood,refused,"E4b 3D finishes, dressup entry off (operator may set)","Ball, TaperedBall",none (operator may set ramp or helix),,,,,,,,,,,,
BullNose,6.0000,2,UnifiedFinish,softwood,refused,E6 no entry (strip all),"Ball, TaperedBall",none,,,,,,,,,,,,
BullNose,6.0000,2,UnifiedFinish,hardwood,refused,E6 no entry (strip all),"Ball, TaperedBall",none,,,,,,,,,,,,
BullNose,6.0000,2,UnifiedFinish,mdf,refused,E6 no entry (strip all),"Ball, TaperedBall",none,,,,,,,,,,,,
BullNose,6.0000,2,UnifiedFinish,plywood_hardwood,refused,E6 no entry (strip all),"Ball, TaperedBall",none,,,,,,,,,,,,
BullNose,6.0000,2,SteepShallow,softwood,ok,"E4b 3D finishes, dressup entry off (operator may set)",any,none (operator may set ramp or helix),,,,1000.0000,3999.0000,10188.0000,material base,1500,,,,
BullNose,6.0000,2,SteepShallow,hardwood,ok,"E4b 3D finishes, dressup entry off (operator may set)",any,none (operator may set ramp or helix),,,,702.0000,3999.0000,13585.0000,material base,1054,,,,
BullNose,6.0000,2,SteepShallow,mdf,ok,"E4b 3D finishes, dressup entry off (operator may set)",any,none (operator may set ramp or helix),,,,706.0000,3999.0000,11644.0000,material base,1059,,,,
BullNose,6.0000,2,SteepShallow,plywood_hardwood,ok,"E4b 3D finishes, dressup entry off (operator may set)",any,none (operator may set ramp or helix),,,,682.0000,4000.0000,8000.0000,material base,1023,,,,
BullNose,6.0000,2,RampFinish,softwood,ok,"E4b 3D finishes, dressup entry off (operator may set)",any,none (operator may set ramp or helix),,,,1000.0000,3999.0000,10188.0000,material base,1500,,,,
BullNose,6.0000,2,RampFinish,hardwood,ok,"E4b 3D finishes, dressup entry off (operator may set)",any,none (operator may set ramp or helix),,,,702.0000,3999.0000,13585.0000,material base,1054,,,,
BullNose,6.0000,2,RampFinish,mdf,ok,"E4b 3D finishes, dressup entry off (operator may set)",any,none (operator may set ramp or helix),,,,706.0000,3999.0000,11644.0000,material base,1059,,,,
BullNose,6.0000,2,RampFinish,plywood_hardwood,refused,"E4b 3D finishes, dressup entry off (operator may set)",any,none (operator may set ramp or helix),,,,,,,,,,,,
BullNose,6.0000,2,SpiralFinish,softwood,refused,"E4b 3D finishes, dressup entry off (operator may set)","Ball, TaperedBall",none (operator may set ramp or helix),,,,,,,,,,,,
BullNose,6.0000,2,SpiralFinish,hardwood,refused,"E4b 3D finishes, dressup entry off (operator may set)","Ball, TaperedBall",none (operator may set ramp or helix),,,,,,,,,,,,
BullNose,6.0000,2,SpiralFinish,mdf,refused,"E4b 3D finishes, dressup entry off (operator may set)","Ball, TaperedBall",none (operator may set ramp or helix),,,,,,,,,,,,
BullNose,6.0000,2,SpiralFinish,plywood_hardwood,refused,"E4b 3D finishes, dressup entry off (operator may set)","Ball, TaperedBall",none (operator may set ramp or helix),,,,,,,,,,,,
BullNose,6.0000,2,RadialFinish,softwood,ok,"E4b 3D finishes, dressup entry off (operator may set)",any,none (operator may set ramp or helix),,,,1000.0000,3999.0000,10188.0000,material base,1500,,,,
BullNose,6.0000,2,RadialFinish,hardwood,ok,"E4b 3D finishes, dressup entry off (operator may set)",any,none (operator may set ramp or helix),,,,702.0000,3999.0000,13585.0000,material base,1054,,,,
BullNose,6.0000,2,RadialFinish,mdf,ok,"E4b 3D finishes, dressup entry off (operator may set)",any,none (operator may set ramp or helix),,,,706.0000,3999.0000,11644.0000,material base,1059,,,,
BullNose,6.0000,2,RadialFinish,plywood_hardwood,refused,"E4b 3D finishes, dressup entry off (operator may set)",any,none (operator may set ramp or helix),,,,,,,,,,,,
BullNose,6.0000,2,HorizontalFinish,softwood,ok,"E4b 3D finishes, dressup entry off (operator may set)",any,none (operator may set ramp or helix),,,,1000.0000,3999.0000,10188.0000,material base,1500,,,,
BullNose,6.0000,2,HorizontalFinish,hardwood,ok,"E4b 3D finishes, dressup entry off (operator may set)",any,none (operator may set ramp or helix),,,,702.0000,3999.0000,13585.0000,material base,1054,,,,
BullNose,6.0000,2,HorizontalFinish,mdf,ok,"E4b 3D finishes, dressup entry off (operator may set)",any,none (operator may set ramp or helix),,,,706.0000,3999.0000,11644.0000,material base,1059,,,,
BullNose,6.0000,2,HorizontalFinish,plywood_hardwood,refused,"E4b 3D finishes, dressup entry off (operator may set)",any,none (operator may set ramp or helix),,,,,,,,,,,,
BullNose,6.0000,2,ProjectCurve,softwood,ok,E6 no entry (strip all),any,none,,,,1000.0000,3999.0000,10188.0000,material base,1500,,,,
BullNose,6.0000,2,ProjectCurve,hardwood,ok,E6 no entry (strip all),any,none,,,,702.0000,3999.0000,13585.0000,material base,1054,,,,
BullNose,6.0000,2,ProjectCurve,mdf,ok,E6 no entry (strip all),any,none,,,,706.0000,3999.0000,11644.0000,material base,1059,,,,
BullNose,6.0000,2,ProjectCurve,plywood_hardwood,refused,E6 no entry (strip all),any,none,,,,,,,,,,,,
BullNose,6.0000,2,AlignmentPinDrill,softwood,refused,E7 drill (no entry; plunge = drill feed),any,none,,,,,,,,,,,,
BullNose,6.0000,2,AlignmentPinDrill,hardwood,refused,E7 drill (no entry; plunge = drill feed),any,none,,,,,,,,,,,,
BullNose,6.0000,2,AlignmentPinDrill,mdf,refused,E7 drill (no entry; plunge = drill feed),any,none,,,,,,,,,,,,
BullNose,6.0000,2,AlignmentPinDrill,plywood_hardwood,refused,E7 drill (no entry; plunge = drill feed),any,none,,,,,,,,,,,,
VBit,6.3500,2,Face,softwood,ok,"E1 2.5D rough, dressup Ramp on",any,ramp (dressup),3.0,,,1058.0000,1486.0000,10026.0000,material base,1058,529,1058,plunge fallback (no printed axial chip),
VBit,6.3500,2,Face,hardwood,ok,"E1 2.5D rough, dressup Ramp on",any,ramp (dressup),3.0,,,743.0000,952.0000,10026.0000,material base,744,372,743,plunge fallback (no printed axial chip),
VBit,6.3500,2,Face,mdf,refused,"E1 2.5D rough, dressup Ramp on",any,ramp (dressup),3.0,,,,,,,,,,,
VBit,6.3500,2,Face,plywood_hardwood,refused,"E1 2.5D rough, dressup Ramp on",any,ramp (dressup),3.0,,,,,,,,,,,
VBit,6.3500,2,Pocket,softwood,ok,"E1 2.5D rough, dressup Ramp on",any,ramp (dressup),3.0,,,1058.0000,1486.0000,10026.0000,material base,1058,529,1058,plunge fallback (no printed axial chip),
VBit,6.3500,2,Pocket,hardwood,ok,"E1 2.5D rough, dressup Ramp on",any,ramp (dressup),3.0,,,743.0000,952.0000,10026.0000,material base,744,372,743,plunge fallback (no printed axial chip),
VBit,6.3500,2,Pocket,mdf,refused,"E1 2.5D rough, dressup Ramp on",any,ramp (dressup),3.0,,,,,,,,,,,
VBit,6.3500,2,Pocket,plywood_hardwood,refused,"E1 2.5D rough, dressup Ramp on",any,ramp (dressup),3.0,,,,,,,,,,,
VBit,6.3500,2,Profile,softwood,ok,"E1 2.5D rough, dressup Ramp on",any,ramp (dressup),3.0,,,1058.0000,1486.0000,10026.0000,material base,1058,529,1058,plunge fallback (no printed axial chip),
VBit,6.3500,2,Profile,hardwood,ok,"E1 2.5D rough, dressup Ramp on",any,ramp (dressup),3.0,,,743.0000,952.0000,10026.0000,material base,744,372,743,plunge fallback (no printed axial chip),
VBit,6.3500,2,Profile,mdf,refused,"E1 2.5D rough, dressup Ramp on",any,ramp (dressup),3.0,,,,,,,,,,,
VBit,6.3500,2,Profile,plywood_hardwood,refused,"E1 2.5D rough, dressup Ramp on",any,ramp (dressup),3.0,,,,,,,,,,,
VBit,6.3500,2,Adaptive,softwood,refused,"E2 2D adaptive, dressup Helix on",any,helix (dressup),,2.00,1.0,,,,,,,,,
VBit,6.3500,2,Adaptive,hardwood,refused,"E2 2D adaptive, dressup Helix on",any,helix (dressup),,2.00,1.0,,,,,,,,,
VBit,6.3500,2,Adaptive,mdf,refused,"E2 2D adaptive, dressup Helix on",any,helix (dressup),,2.00,1.0,,,,,,,,,
VBit,6.3500,2,Adaptive,plywood_hardwood,refused,"E2 2D adaptive, dressup Helix on",any,helix (dressup),,2.00,1.0,,,,,,,,,
VBit,6.3500,2,VCarve,softwood,ok,"E4a V-bit ops, dressup entry off (operator may set)",VBit,none (operator may set ramp or helix),,,,1058.0000,2743.0000,18000.0000,material base,1372,,,,
VBit,6.3500,2,VCarve,hardwood,ok,"E4a V-bit ops, dressup entry off (operator may set)",VBit,none (operator may set ramp or helix),,,,743.0000,2743.0000,18000.0000,material base,1115,,,,
VBit,6.3500,2,VCarve,mdf,refused,"E4a V-bit ops, dressup entry off (operator may set)",VBit,none (operator may set ramp or helix),,,,,,,,,,,,
VBit,6.3500,2,VCarve,plywood_hardwood,refused,"E4a V-bit ops, dressup entry off (operator may set)",VBit,none (operator may set ramp or helix),,,,,,,,,,,,
VBit,6.3500,2,Rest,softwood,ok,"E1 2.5D rough, dressup Ramp on",any,ramp (dressup),3.0,,,1058.0000,1486.0000,10026.0000,material base,1058,529,1058,plunge fallback (no printed axial chip),
VBit,6.3500,2,Rest,hardwood,ok,"E1 2.5D rough, dressup Ramp on",any,ramp (dressup),3.0,,,743.0000,952.0000,10026.0000,material base,744,372,743,plunge fallback (no printed axial chip),
VBit,6.3500,2,Rest,mdf,refused,"E1 2.5D rough, dressup Ramp on",any,ramp (dressup),3.0,,,,,,,,,,,
VBit,6.3500,2,Rest,plywood_hardwood,refused,"E1 2.5D rough, dressup Ramp on",any,ramp (dressup),3.0,,,,,,,,,,,
VBit,6.3500,2,Inlay,softwood,ok,"E4a V-bit ops, dressup entry off (operator may set)",VBit,none (operator may set ramp or helix),,,,1058.0000,2743.0000,18000.0000,material base,1372,,,,
VBit,6.3500,2,Inlay,hardwood,ok,"E4a V-bit ops, dressup entry off (operator may set)",VBit,none (operator may set ramp or helix),,,,743.0000,2743.0000,18000.0000,material base,1115,,,,
VBit,6.3500,2,Inlay,mdf,refused,"E4a V-bit ops, dressup entry off (operator may set)",VBit,none (operator may set ramp or helix),,,,,,,,,,,,
VBit,6.3500,2,Inlay,plywood_hardwood,refused,"E4a V-bit ops, dressup entry off (operator may set)",VBit,none (operator may set ramp or helix),,,,,,,,,,,,
VBit,6.3500,2,Zigzag,softwood,ok,"E1 2.5D rough, dressup Ramp on",any,ramp (dressup),3.0,,,1058.0000,1486.0000,10026.0000,material base,1058,529,1058,plunge fallback (no printed axial chip),
VBit,6.3500,2,Zigzag,hardwood,ok,"E1 2.5D rough, dressup Ramp on",any,ramp (dressup),3.0,,,743.0000,952.0000,10026.0000,material base,744,372,743,plunge fallback (no printed axial chip),
VBit,6.3500,2,Zigzag,mdf,refused,"E1 2.5D rough, dressup Ramp on",any,ramp (dressup),3.0,,,,,,,,,,,
VBit,6.3500,2,Zigzag,plywood_hardwood,refused,"E1 2.5D rough, dressup Ramp on",any,ramp (dressup),3.0,,,,,,,,,,,
VBit,6.3500,2,Trace,softwood,ok,E5 no entry (forced none),any,none,,,,1058.0000,2743.0000,18000.0000,material base,1372,,,,
VBit,6.3500,2,Trace,hardwood,ok,E5 no entry (forced none),any,none,,,,743.0000,2743.0000,18000.0000,material base,1115,,,,
VBit,6.3500,2,Trace,mdf,refused,E5 no entry (forced none),any,none,,,,,,,,,,,,
VBit,6.3500,2,Trace,plywood_hardwood,refused,E5 no entry (forced none),any,none,,,,,,,,,,,,
VBit,6.3500,2,Drill,softwood,refused,E7 drill (no entry; plunge = drill feed),any,none,,,,,,,,,,,,
VBit,6.3500,2,Drill,hardwood,refused,E7 drill (no entry; plunge = drill feed),any,none,,,,,,,,,,,,
VBit,6.3500,2,Drill,mdf,refused,E7 drill (no entry; plunge = drill feed),any,none,,,,,,,,,,,,
VBit,6.3500,2,Drill,plywood_hardwood,refused,E7 drill (no entry; plunge = drill feed),any,none,,,,,,,,,,,,
VBit,6.3500,2,Chamfer,softwood,ok,"E4a V-bit ops, dressup entry off (operator may set)",VBit,none (operator may set ramp or helix),,,,1058.0000,2743.0000,18000.0000,material base,1372,,,,
VBit,6.3500,2,Chamfer,hardwood,ok,"E4a V-bit ops, dressup entry off (operator may set)",VBit,none (operator may set ramp or helix),,,,743.0000,2743.0000,18000.0000,material base,1115,,,,
VBit,6.3500,2,Chamfer,mdf,refused,"E4a V-bit ops, dressup entry off (operator may set)",VBit,none (operator may set ramp or helix),,,,,,,,,,,,
VBit,6.3500,2,Chamfer,plywood_hardwood,refused,"E4a V-bit ops, dressup entry off (operator may set)",VBit,none (operator may set ramp or helix),,,,,,,,,,,,
VBit,6.3500,2,DropCutter,softwood,refused,E6 no entry (strip all),any,none,,,,,,,,,,,,
VBit,6.3500,2,DropCutter,hardwood,refused,E6 no entry (strip all),any,none,,,,,,,,,,,,
VBit,6.3500,2,DropCutter,mdf,refused,E6 no entry (strip all),any,none,,,,,,,,,,,,
VBit,6.3500,2,DropCutter,plywood_hardwood,refused,E6 no entry (strip all),any,none,,,,,,,,,,,,
VBit,6.3500,2,Adaptive3d,softwood,refused,E3 adaptive3d planner entry,any,plunge (peck),,,,,,,,,,,,
VBit,6.3500,2,Adaptive3d,hardwood,refused,E3 adaptive3d planner entry,any,plunge (peck),,,,,,,,,,,,
VBit,6.3500,2,Adaptive3d,mdf,refused,E3 adaptive3d planner entry,any,plunge (peck),,,,,,,,,,,,
VBit,6.3500,2,Adaptive3d,plywood_hardwood,refused,E3 adaptive3d planner entry,any,plunge (peck),,,,,,,,,,,,
VBit,6.3500,2,Waterline,softwood,refused,"E4b 3D finishes, dressup entry off (operator may set)",any,none (operator may set ramp or helix),,,,,,,,,,,,
VBit,6.3500,2,Waterline,hardwood,refused,"E4b 3D finishes, dressup entry off (operator may set)",any,none (operator may set ramp or helix),,,,,,,,,,,,
VBit,6.3500,2,Waterline,mdf,refused,"E4b 3D finishes, dressup entry off (operator may set)",any,none (operator may set ramp or helix),,,,,,,,,,,,
VBit,6.3500,2,Waterline,plywood_hardwood,refused,"E4b 3D finishes, dressup entry off (operator may set)",any,none (operator may set ramp or helix),,,,,,,,,,,,
VBit,6.3500,2,Pencil,softwood,refused,"E4b 3D finishes, dressup entry off (operator may set)","Ball, TaperedBall",none (operator may set ramp or helix),,,,,,,,,,,,
VBit,6.3500,2,Pencil,hardwood,refused,"E4b 3D finishes, dressup entry off (operator may set)","Ball, TaperedBall",none (operator may set ramp or helix),,,,,,,,,,,,
VBit,6.3500,2,Pencil,mdf,refused,"E4b 3D finishes, dressup entry off (operator may set)","Ball, TaperedBall",none (operator may set ramp or helix),,,,,,,,,,,,
VBit,6.3500,2,Pencil,plywood_hardwood,refused,"E4b 3D finishes, dressup entry off (operator may set)","Ball, TaperedBall",none (operator may set ramp or helix),,,,,,,,,,,,
VBit,6.3500,2,Scallop,softwood,refused,"E4b 3D finishes, dressup entry off (operator may set)","Ball, TaperedBall",none (operator may set ramp or helix),,,,,,,,,,,,
VBit,6.3500,2,Scallop,hardwood,refused,"E4b 3D finishes, dressup entry off (operator may set)","Ball, TaperedBall",none (operator may set ramp or helix),,,,,,,,,,,,
VBit,6.3500,2,Scallop,mdf,refused,"E4b 3D finishes, dressup entry off (operator may set)","Ball, TaperedBall",none (operator may set ramp or helix),,,,,,,,,,,,
VBit,6.3500,2,Scallop,plywood_hardwood,refused,"E4b 3D finishes, dressup entry off (operator may set)","Ball, TaperedBall",none (operator may set ramp or helix),,,,,,,,,,,,
VBit,6.3500,2,UnifiedFinish,softwood,refused,E6 no entry (strip all),"Ball, TaperedBall",none,,,,,,,,,,,,
VBit,6.3500,2,UnifiedFinish,hardwood,refused,E6 no entry (strip all),"Ball, TaperedBall",none,,,,,,,,,,,,
VBit,6.3500,2,UnifiedFinish,mdf,refused,E6 no entry (strip all),"Ball, TaperedBall",none,,,,,,,,,,,,
VBit,6.3500,2,UnifiedFinish,plywood_hardwood,refused,E6 no entry (strip all),"Ball, TaperedBall",none,,,,,,,,,,,,
VBit,6.3500,2,SteepShallow,softwood,refused,"E4b 3D finishes, dressup entry off (operator may set)",any,none (operator may set ramp or helix),,,,,,,,,,,,
VBit,6.3500,2,SteepShallow,hardwood,refused,"E4b 3D finishes, dressup entry off (operator may set)",any,none (operator may set ramp or helix),,,,,,,,,,,,
VBit,6.3500,2,SteepShallow,mdf,refused,"E4b 3D finishes, dressup entry off (operator may set)",any,none (operator may set ramp or helix),,,,,,,,,,,,
VBit,6.3500,2,SteepShallow,plywood_hardwood,refused,"E4b 3D finishes, dressup entry off (operator may set)",any,none (operator may set ramp or helix),,,,,,,,,,,,
VBit,6.3500,2,RampFinish,softwood,refused,"E4b 3D finishes, dressup entry off (operator may set)",any,none (operator may set ramp or helix),,,,,,,,,,,,
VBit,6.3500,2,RampFinish,hardwood,refused,"E4b 3D finishes, dressup entry off (operator may set)",any,none (operator may set ramp or helix),,,,,,,,,,,,
VBit,6.3500,2,RampFinish,mdf,refused,"E4b 3D finishes, dressup entry off (operator may set)",any,none (operator may set ramp or helix),,,,,,,,,,,,
VBit,6.3500,2,RampFinish,plywood_hardwood,refused,"E4b 3D finishes, dressup entry off (operator may set)",any,none (operator may set ramp or helix),,,,,,,,,,,,
VBit,6.3500,2,SpiralFinish,softwood,refused,"E4b 3D finishes, dressup entry off (operator may set)","Ball, TaperedBall",none (operator may set ramp or helix),,,,,,,,,,,,
VBit,6.3500,2,SpiralFinish,hardwood,refused,"E4b 3D finishes, dressup entry off (operator may set)","Ball, TaperedBall",none (operator may set ramp or helix),,,,,,,,,,,,
VBit,6.3500,2,SpiralFinish,mdf,refused,"E4b 3D finishes, dressup entry off (operator may set)","Ball, TaperedBall",none (operator may set ramp or helix),,,,,,,,,,,,
VBit,6.3500,2,SpiralFinish,plywood_hardwood,refused,"E4b 3D finishes, dressup entry off (operator may set)","Ball, TaperedBall",none (operator may set ramp or helix),,,,,,,,,,,,
VBit,6.3500,2,RadialFinish,softwood,refused,"E4b 3D finishes, dressup entry off (operator may set)",any,none (operator may set ramp or helix),,,,,,,,,,,,
VBit,6.3500,2,RadialFinish,hardwood,refused,"E4b 3D finishes, dressup entry off (operator may set)",any,none (operator may set ramp or helix),,,,,,,,,,,,
VBit,6.3500,2,RadialFinish,mdf,refused,"E4b 3D finishes, dressup entry off (operator may set)",any,none (operator may set ramp or helix),,,,,,,,,,,,
VBit,6.3500,2,RadialFinish,plywood_hardwood,refused,"E4b 3D finishes, dressup entry off (operator may set)",any,none (operator may set ramp or helix),,,,,,,,,,,,
VBit,6.3500,2,HorizontalFinish,softwood,refused,"E4b 3D finishes, dressup entry off (operator may set)",any,none (operator may set ramp or helix),,,,,,,,,,,,
VBit,6.3500,2,HorizontalFinish,hardwood,refused,"E4b 3D finishes, dressup entry off (operator may set)",any,none (operator may set ramp or helix),,,,,,,,,,,,
VBit,6.3500,2,HorizontalFinish,mdf,refused,"E4b 3D finishes, dressup entry off (operator may set)",any,none (operator may set ramp or helix),,,,,,,,,,,,
VBit,6.3500,2,HorizontalFinish,plywood_hardwood,refused,"E4b 3D finishes, dressup entry off (operator may set)",any,none (operator may set ramp or helix),,,,,,,,,,,,
VBit,6.3500,2,ProjectCurve,softwood,ok,E6 no entry (strip all),any,none,,,,1058.0000,1486.0000,10026.0000,material base,1058,,,,
VBit,6.3500,2,ProjectCurve,hardwood,ok,E6 no entry (strip all),any,none,,,,743.0000,952.0000,10026.0000,material base,744,,,,
VBit,6.3500,2,ProjectCurve,mdf,refused,E6 no entry (strip all),any,none,,,,,,,,,,,,
VBit,6.3500,2,ProjectCurve,plywood_hardwood,refused,E6 no entry (strip all),any,none,,,,,,,,,,,,
VBit,6.3500,2,AlignmentPinDrill,softwood,refused,E7 drill (no entry; plunge = drill feed),any,none,,,,,,,,,,,,
VBit,6.3500,2,AlignmentPinDrill,hardwood,refused,E7 drill (no entry; plunge = drill feed),any,none,,,,,,,,,,,,
VBit,6.3500,2,AlignmentPinDrill,mdf,refused,E7 drill (no entry; plunge = drill feed),any,none,,,,,,,,,,,,
VBit,6.3500,2,AlignmentPinDrill,plywood_hardwood,refused,E7 drill (no entry; plunge = drill feed),any,none,,,,,,,,,,,,
VBit,12.7000,2,Face,softwood,ok,"E1 2.5D rough, dressup Ramp on",any,ramp (dressup),3.0,,,1809.0000,1809.0000,8000.0000,clamped to feed,2117,904,1809,plunge fallback (no printed axial chip),
VBit,12.7000,2,Face,hardwood,ok,"E1 2.5D rough, dressup Ramp on",any,ramp (dressup),3.0,,,1160.0000,1160.0000,8000.0000,clamped to feed,1487,580,1160,plunge fallback (no printed axial chip),
VBit,12.7000,2,Face,mdf,refused,"E1 2.5D rough, dressup Ramp on",any,ramp (dressup),3.0,,,,,,,,,,,
VBit,12.7000,2,Face,plywood_hardwood,refused,"E1 2.5D rough, dressup Ramp on",any,ramp (dressup),3.0,,,,,,,,,,,
VBit,12.7000,2,Pocket,softwood,ok,"E1 2.5D rough, dressup Ramp on",any,ramp (dressup),3.0,,,1809.0000,1809.0000,8000.0000,clamped to feed,2117,904,1809,plunge fallback (no printed axial chip),
VBit,12.7000,2,Pocket,hardwood,ok,"E1 2.5D rough, dressup Ramp on",any,ramp (dressup),3.0,,,1160.0000,1160.0000,8000.0000,clamped to feed,1487,580,1160,plunge fallback (no printed axial chip),
VBit,12.7000,2,Pocket,mdf,refused,"E1 2.5D rough, dressup Ramp on",any,ramp (dressup),3.0,,,,,,,,,,,
VBit,12.7000,2,Pocket,plywood_hardwood,refused,"E1 2.5D rough, dressup Ramp on",any,ramp (dressup),3.0,,,,,,,,,,,
VBit,12.7000,2,Profile,softwood,ok,"E1 2.5D rough, dressup Ramp on",any,ramp (dressup),3.0,,,1809.0000,1809.0000,8000.0000,clamped to feed,2117,904,1809,plunge fallback (no printed axial chip),
VBit,12.7000,2,Profile,hardwood,ok,"E1 2.5D rough, dressup Ramp on",any,ramp (dressup),3.0,,,1160.0000,1160.0000,8000.0000,clamped to feed,1487,580,1160,plunge fallback (no printed axial chip),
VBit,12.7000,2,Profile,mdf,refused,"E1 2.5D rough, dressup Ramp on",any,ramp (dressup),3.0,,,,,,,,,,,
VBit,12.7000,2,Profile,plywood_hardwood,refused,"E1 2.5D rough, dressup Ramp on",any,ramp (dressup),3.0,,,,,,,,,,,
VBit,12.7000,2,Adaptive,softwood,refused,"E2 2D adaptive, dressup Helix on",any,helix (dressup),,2.00,1.0,,,,,,,,,
VBit,12.7000,2,Adaptive,hardwood,refused,"E2 2D adaptive, dressup Helix on",any,helix (dressup),,2.00,1.0,,,,,,,,,
VBit,12.7000,2,Adaptive,mdf,refused,"E2 2D adaptive, dressup Helix on",any,helix (dressup),,2.00,1.0,,,,,,,,,
VBit,12.7000,2,Adaptive,plywood_hardwood,refused,"E2 2D adaptive, dressup Helix on",any,helix (dressup),,2.00,1.0,,,,,,,,,
VBit,12.7000,2,VCarve,softwood,ok,"E4a V-bit ops, dressup entry off (operator may set)",VBit,none (operator may set ramp or helix),,,,2116.0000,2743.0000,18000.0000,material base,2117,,,,
VBit,12.7000,2,VCarve,hardwood,ok,"E4a V-bit ops, dressup entry off (operator may set)",VBit,none (operator may set ramp or helix),,,,1487.0000,2743.0000,18000.0000,material base,1487,,,,
VBit,12.7000,2,VCarve,mdf,ok,"E4a V-bit ops, dressup entry off (operator may set)",VBit,none (operator may set ramp or helix),,,,1494.0000,1559.0000,9373.0000,material base,1495,,,,
VBit,12.7000,2,VCarve,plywood_hardwood,ok,"E4a V-bit ops, dressup entry off (operator may set)",VBit,none (operator may set ramp or helix),,,,1443.0000,1651.0000,9924.0000,material base,1444,,,,
VBit,12.7000,2,Rest,softwood,ok,"E1 2.5D rough, dressup Ramp on",any,ramp (dressup),3.0,,,1809.0000,1809.0000,8000.0000,clamped to feed,2117,904,1809,plunge fallback (no printed axial chip),
VBit,12.7000,2,Rest,hardwood,ok,"E1 2.5D rough, dressup Ramp on",any,ramp (dressup),3.0,,,1160.0000,1160.0000,8000.0000,clamped to feed,1487,580,1160,plunge fallback (no printed axial chip),
VBit,12.7000,2,Rest,mdf,refused,"E1 2.5D rough, dressup Ramp on",any,ramp (dressup),3.0,,,,,,,,,,,
VBit,12.7000,2,Rest,plywood_hardwood,refused,"E1 2.5D rough, dressup Ramp on",any,ramp (dressup),3.0,,,,,,,,,,,
VBit,12.7000,2,Inlay,softwood,ok,"E4a V-bit ops, dressup entry off (operator may set)",VBit,none (operator may set ramp or helix),,,,2116.0000,2743.0000,18000.0000,material base,2117,,,,
VBit,12.7000,2,Inlay,hardwood,ok,"E4a V-bit ops, dressup entry off (operator may set)",VBit,none (operator may set ramp or helix),,,,1487.0000,2743.0000,18000.0000,material base,1487,,,,
VBit,12.7000,2,Inlay,mdf,ok,"E4a V-bit ops, dressup entry off (operator may set)",VBit,none (operator may set ramp or helix),,,,1331.0000,1331.0000,8000.0000,clamped to feed,1495,,,,
VBit,12.7000,2,Inlay,plywood_hardwood,ok,"E4a V-bit ops, dressup entry off (operator may set)",VBit,none (operator may set ramp or helix),,,,1331.0000,1331.0000,8000.0000,clamped to feed,1444,,,,
VBit,12.7000,2,Zigzag,softwood,ok,"E1 2.5D rough, dressup Ramp on",any,ramp (dressup),3.0,,,1809.0000,1809.0000,8000.0000,clamped to feed,2117,904,1809,plunge fallback (no printed axial chip),
VBit,12.7000,2,Zigzag,hardwood,ok,"E1 2.5D rough, dressup Ramp on",any,ramp (dressup),3.0,,,1160.0000,1160.0000,8000.0000,clamped to feed,1487,580,1160,plunge fallback (no printed axial chip),
VBit,12.7000,2,Zigzag,mdf,refused,"E1 2.5D rough, dressup Ramp on",any,ramp (dressup),3.0,,,,,,,,,,,
VBit,12.7000,2,Zigzag,plywood_hardwood,refused,"E1 2.5D rough, dressup Ramp on",any,ramp (dressup),3.0,,,,,,,,,,,
VBit,12.7000,2,Trace,softwood,ok,E5 no entry (forced none),any,none,,,,2116.0000,2743.0000,18000.0000,material base,2117,,,,
VBit,12.7000,2,Trace,hardwood,ok,E5 no entry (forced none),any,none,,,,1487.0000,2743.0000,18000.0000,material base,1487,,,,
VBit,12.7000,2,Trace,mdf,ok,E5 no entry (forced none),any,none,,,,1331.0000,1331.0000,8000.0000,clamped to feed,1495,,,,
VBit,12.7000,2,Trace,plywood_hardwood,ok,E5 no entry (forced none),any,none,,,,1331.0000,1331.0000,8000.0000,clamped to feed,1444,,,,
VBit,12.7000,2,Drill,softwood,refused,E7 drill (no entry; plunge = drill feed),any,none,,,,,,,,,,,,
VBit,12.7000,2,Drill,hardwood,refused,E7 drill (no entry; plunge = drill feed),any,none,,,,,,,,,,,,
VBit,12.7000,2,Drill,mdf,refused,E7 drill (no entry; plunge = drill feed),any,none,,,,,,,,,,,,
VBit,12.7000,2,Drill,plywood_hardwood,refused,E7 drill (no entry; plunge = drill feed),any,none,,,,,,,,,,,,
VBit,12.7000,2,Chamfer,softwood,ok,"E4a V-bit ops, dressup entry off (operator may set)",VBit,none (operator may set ramp or helix),,,,2116.0000,2743.0000,18000.0000,material base,2117,,,,
VBit,12.7000,2,Chamfer,hardwood,ok,"E4a V-bit ops, dressup entry off (operator may set)",VBit,none (operator may set ramp or helix),,,,1487.0000,2743.0000,18000.0000,material base,1487,,,,
VBit,12.7000,2,Chamfer,mdf,ok,"E4a V-bit ops, dressup entry off (operator may set)",VBit,none (operator may set ramp or helix),,,,1331.0000,1331.0000,8000.0000,clamped to feed,1495,,,,
VBit,12.7000,2,Chamfer,plywood_hardwood,ok,"E4a V-bit ops, dressup entry off (operator may set)",VBit,none (operator may set ramp or helix),,,,1331.0000,1331.0000,8000.0000,clamped to feed,1444,,,,
VBit,12.7000,2,DropCutter,softwood,refused,E6 no entry (strip all),any,none,,,,,,,,,,,,
VBit,12.7000,2,DropCutter,hardwood,refused,E6 no entry (strip all),any,none,,,,,,,,,,,,
VBit,12.7000,2,DropCutter,mdf,refused,E6 no entry (strip all),any,none,,,,,,,,,,,,
VBit,12.7000,2,DropCutter,plywood_hardwood,refused,E6 no entry (strip all),any,none,,,,,,,,,,,,
VBit,12.7000,2,Adaptive3d,softwood,refused,E3 adaptive3d planner entry,any,plunge (peck),,,,,,,,,,,,
VBit,12.7000,2,Adaptive3d,hardwood,refused,E3 adaptive3d planner entry,any,plunge (peck),,,,,,,,,,,,
VBit,12.7000,2,Adaptive3d,mdf,refused,E3 adaptive3d planner entry,any,plunge (peck),,,,,,,,,,,,
VBit,12.7000,2,Adaptive3d,plywood_hardwood,refused,E3 adaptive3d planner entry,any,plunge (peck),,,,,,,,,,,,
VBit,12.7000,2,Waterline,softwood,refused,"E4b 3D finishes, dressup entry off (operator may set)",any,none (operator may set ramp or helix),,,,,,,,,,,,
VBit,12.7000,2,Waterline,hardwood,refused,"E4b 3D finishes, dressup entry off (operator may set)",any,none (operator may set ramp or helix),,,,,,,,,,,,
VBit,12.7000,2,Waterline,mdf,refused,"E4b 3D finishes, dressup entry off (operator may set)",any,none (operator may set ramp or helix),,,,,,,,,,,,
VBit,12.7000,2,Waterline,plywood_hardwood,refused,"E4b 3D finishes, dressup entry off (operator may set)",any,none (operator may set ramp or helix),,,,,,,,,,,,
VBit,12.7000,2,Pencil,softwood,refused,"E4b 3D finishes, dressup entry off (operator may set)","Ball, TaperedBall",none (operator may set ramp or helix),,,,,,,,,,,,
VBit,12.7000,2,Pencil,hardwood,refused,"E4b 3D finishes, dressup entry off (operator may set)","Ball, TaperedBall",none (operator may set ramp or helix),,,,,,,,,,,,
VBit,12.7000,2,Pencil,mdf,refused,"E4b 3D finishes, dressup entry off (operator may set)","Ball, TaperedBall",none (operator may set ramp or helix),,,,,,,,,,,,
VBit,12.7000,2,Pencil,plywood_hardwood,refused,"E4b 3D finishes, dressup entry off (operator may set)","Ball, TaperedBall",none (operator may set ramp or helix),,,,,,,,,,,,
VBit,12.7000,2,Scallop,softwood,refused,"E4b 3D finishes, dressup entry off (operator may set)","Ball, TaperedBall",none (operator may set ramp or helix),,,,,,,,,,,,
VBit,12.7000,2,Scallop,hardwood,refused,"E4b 3D finishes, dressup entry off (operator may set)","Ball, TaperedBall",none (operator may set ramp or helix),,,,,,,,,,,,
VBit,12.7000,2,Scallop,mdf,refused,"E4b 3D finishes, dressup entry off (operator may set)","Ball, TaperedBall",none (operator may set ramp or helix),,,,,,,,,,,,
VBit,12.7000,2,Scallop,plywood_hardwood,refused,"E4b 3D finishes, dressup entry off (operator may set)","Ball, TaperedBall",none (operator may set ramp or helix),,,,,,,,,,,,
VBit,12.7000,2,UnifiedFinish,softwood,refused,E6 no entry (strip all),"Ball, TaperedBall",none,,,,,,,,,,,,
VBit,12.7000,2,UnifiedFinish,hardwood,refused,E6 no entry (strip all),"Ball, TaperedBall",none,,,,,,,,,,,,
VBit,12.7000,2,UnifiedFinish,mdf,refused,E6 no entry (strip all),"Ball, TaperedBall",none,,,,,,,,,,,,
VBit,12.7000,2,UnifiedFinish,plywood_hardwood,refused,E6 no entry (strip all),"Ball, TaperedBall",none,,,,,,,,,,,,
VBit,12.7000,2,SteepShallow,softwood,refused,"E4b 3D finishes, dressup entry off (operator may set)",any,none (operator may set ramp or helix),,,,,,,,,,,,
VBit,12.7000,2,SteepShallow,hardwood,refused,"E4b 3D finishes, dressup entry off (operator may set)",any,none (operator may set ramp or helix),,,,,,,,,,,,
VBit,12.7000,2,SteepShallow,mdf,refused,"E4b 3D finishes, dressup entry off (operator may set)",any,none (operator may set ramp or helix),,,,,,,,,,,,
VBit,12.7000,2,SteepShallow,plywood_hardwood,refused,"E4b 3D finishes, dressup entry off (operator may set)",any,none (operator may set ramp or helix),,,,,,,,,,,,
VBit,12.7000,2,RampFinish,softwood,refused,"E4b 3D finishes, dressup entry off (operator may set)",any,none (operator may set ramp or helix),,,,,,,,,,,,
VBit,12.7000,2,RampFinish,hardwood,refused,"E4b 3D finishes, dressup entry off (operator may set)",any,none (operator may set ramp or helix),,,,,,,,,,,,
VBit,12.7000,2,RampFinish,mdf,refused,"E4b 3D finishes, dressup entry off (operator may set)",any,none (operator may set ramp or helix),,,,,,,,,,,,
VBit,12.7000,2,RampFinish,plywood_hardwood,refused,"E4b 3D finishes, dressup entry off (operator may set)",any,none (operator may set ramp or helix),,,,,,,,,,,,
VBit,12.7000,2,SpiralFinish,softwood,refused,"E4b 3D finishes, dressup entry off (operator may set)","Ball, TaperedBall",none (operator may set ramp or helix),,,,,,,,,,,,
VBit,12.7000,2,SpiralFinish,hardwood,refused,"E4b 3D finishes, dressup entry off (operator may set)","Ball, TaperedBall",none (operator may set ramp or helix),,,,,,,,,,,,
VBit,12.7000,2,SpiralFinish,mdf,refused,"E4b 3D finishes, dressup entry off (operator may set)","Ball, TaperedBall",none (operator may set ramp or helix),,,,,,,,,,,,
VBit,12.7000,2,SpiralFinish,plywood_hardwood,refused,"E4b 3D finishes, dressup entry off (operator may set)","Ball, TaperedBall",none (operator may set ramp or helix),,,,,,,,,,,,
VBit,12.7000,2,RadialFinish,softwood,refused,"E4b 3D finishes, dressup entry off (operator may set)",any,none (operator may set ramp or helix),,,,,,,,,,,,
VBit,12.7000,2,RadialFinish,hardwood,refused,"E4b 3D finishes, dressup entry off (operator may set)",any,none (operator may set ramp or helix),,,,,,,,,,,,
VBit,12.7000,2,RadialFinish,mdf,refused,"E4b 3D finishes, dressup entry off (operator may set)",any,none (operator may set ramp or helix),,,,,,,,,,,,
VBit,12.7000,2,RadialFinish,plywood_hardwood,refused,"E4b 3D finishes, dressup entry off (operator may set)",any,none (operator may set ramp or helix),,,,,,,,,,,,
VBit,12.7000,2,HorizontalFinish,softwood,refused,"E4b 3D finishes, dressup entry off (operator may set)",any,none (operator may set ramp or helix),,,,,,,,,,,,
VBit,12.7000,2,HorizontalFinish,hardwood,refused,"E4b 3D finishes, dressup entry off (operator may set)",any,none (operator may set ramp or helix),,,,,,,,,,,,
VBit,12.7000,2,HorizontalFinish,mdf,refused,"E4b 3D finishes, dressup entry off (operator may set)",any,none (operator may set ramp or helix),,,,,,,,,,,,
VBit,12.7000,2,HorizontalFinish,plywood_hardwood,refused,"E4b 3D finishes, dressup entry off (operator may set)",any,none (operator may set ramp or helix),,,,,,,,,,,,
VBit,12.7000,2,ProjectCurve,softwood,ok,E6 no entry (strip all),any,none,,,,1809.0000,1809.0000,8000.0000,clamped to feed,2117,,,,
VBit,12.7000,2,ProjectCurve,hardwood,ok,E6 no entry (strip all),any,none,,,,1160.0000,1160.0000,8000.0000,clamped to feed,1487,,,,
VBit,12.7000,2,ProjectCurve,mdf,refused,E6 no entry (strip all),any,none,,,,,,,,,,,,
VBit,12.7000,2,ProjectCurve,plywood_hardwood,refused,E6 no entry (strip all),any,none,,,,,,,,,,,,
VBit,12.7000,2,AlignmentPinDrill,softwood,refused,E7 drill (no entry; plunge = drill feed),any,none,,,,,,,,,,,,
VBit,12.7000,2,AlignmentPinDrill,hardwood,refused,E7 drill (no entry; plunge = drill feed),any,none,,,,,,,,,,,,
VBit,12.7000,2,AlignmentPinDrill,mdf,refused,E7 drill (no entry; plunge = drill feed),any,none,,,,,,,,,,,,
VBit,12.7000,2,AlignmentPinDrill,plywood_hardwood,refused,E7 drill (no entry; plunge = drill feed),any,none,,,,,,,,,,,,
TaperedBallNose,3.1750,2,Face,softwood,ok,"E1 2.5D rough, dressup Ramp on",any,ramp (dressup),3.0,,,476.0000,3604.0000,17740.0000,ball tip cap,794,238,476,plunge fallback (no printed axial chip),
TaperedBallNose,3.1750,2,Face,hardwood,ok,"E1 2.5D rough, dressup Ramp on",any,ramp (dressup),3.0,,,371.0000,3604.0000,17740.0000,material base,558,186,371,plunge fallback (no printed axial chip),
TaperedBallNose,3.1750,2,Face,mdf,ok,"E1 2.5D rough, dressup Ramp on",any,ramp (dressup),3.0,,,373.0000,3063.0000,15079.0000,material base,561,186,373,plunge fallback (no printed axial chip),
TaperedBallNose,3.1750,2,Face,plywood_hardwood,ok,"E1 2.5D rough, dressup Ramp on",any,ramp (dressup),3.0,,,360.0000,3244.0000,15966.0000,material base,541,180,360,plunge fallback (no printed axial chip),
TaperedBallNose,3.1750,2,Pocket,softwood,ok,"E1 2.5D rough, dressup Ramp on",any,ramp (dressup),3.0,,,476.0000,3604.0000,17740.0000,ball tip cap,794,238,476,plunge fallback (no printed axial chip),
TaperedBallNose,3.1750,2,Pocket,hardwood,ok,"E1 2.5D rough, dressup Ramp on",any,ramp (dressup),3.0,,,371.0000,3604.0000,17740.0000,material base,558,186,371,plunge fallback (no printed axial chip),
TaperedBallNose,3.1750,2,Pocket,mdf,ok,"E1 2.5D rough, dressup Ramp on",any,ramp (dressup),3.0,,,373.0000,3063.0000,15079.0000,material base,561,186,373,plunge fallback (no printed axial chip),
TaperedBallNose,3.1750,2,Pocket,plywood_hardwood,ok,"E1 2.5D rough, dressup Ramp on",any,ramp (dressup),3.0,,,360.0000,3244.0000,15966.0000,material base,541,180,360,plunge fallback (no printed axial chip),
TaperedBallNose,3.1750,2,Profile,softwood,ok,"E1 2.5D rough, dressup Ramp on",any,ramp (dressup),3.0,,,476.0000,3604.0000,17740.0000,ball tip cap,794,238,476,plunge fallback (no printed axial chip),
TaperedBallNose,3.1750,2,Profile,hardwood,ok,"E1 2.5D rough, dressup Ramp on",any,ramp (dressup),3.0,,,371.0000,3604.0000,17740.0000,material base,558,186,371,plunge fallback (no printed axial chip),
TaperedBallNose,3.1750,2,Profile,mdf,ok,"E1 2.5D rough, dressup Ramp on",any,ramp (dressup),3.0,,,373.0000,3063.0000,15079.0000,material base,561,186,373,plunge fallback (no printed axial chip),
TaperedBallNose,3.1750,2,Profile,plywood_hardwood,ok,"E1 2.5D rough, dressup Ramp on",any,ramp (dressup),3.0,,,360.0000,3244.0000,15966.0000,material base,541,180,360,plunge fallback (no printed axial chip),
TaperedBallNose,3.1750,2,Adaptive,softwood,ok,"E2 2D adaptive, dressup Helix on",any,helix (dressup),,2.00,1.0,476.0000,3604.7680,17740.0000,ball tip cap,794,238,476,plunge fallback (no printed axial chip),
TaperedBallNose,3.1750,2,Adaptive,hardwood,ok,"E2 2D adaptive, dressup Helix on",any,helix (dressup),,2.00,1.0,371.0000,3604.7680,17740.0000,material base,558,186,371,plunge fallback (no printed axial chip),
TaperedBallNose,3.1750,2,Adaptive,mdf,ok,"E2 2D adaptive, dressup Helix on",any,helix (dressup),,2.00,1.0,373.0000,3064.0528,15079.0000,material base,561,186,373,plunge fallback (no printed axial chip),
TaperedBallNose,3.1750,2,Adaptive,plywood_hardwood,ok,"E2 2D adaptive, dressup Helix on",any,helix (dressup),,2.00,1.0,360.0000,3244.2912,15966.0000,material base,541,180,360,plunge fallback (no printed axial chip),
TaperedBallNose,3.1750,2,VCarve,softwood,refused,"E4a V-bit ops, dressup entry off (operator may set)",VBit,none (operator may set ramp or helix),,,,,,,,,,,,
TaperedBallNose,3.1750,2,VCarve,hardwood,refused,"E4a V-bit ops, dressup entry off (operator may set)",VBit,none (operator may set ramp or helix),,,,,,,,,,,,
TaperedBallNose,3.1750,2,VCarve,mdf,refused,"E4a V-bit ops, dressup entry off (operator may set)",VBit,none (operator may set ramp or helix),,,,,,,,,,,,
TaperedBallNose,3.1750,2,VCarve,plywood_hardwood,refused,"E4a V-bit ops, dressup entry off (operator may set)",VBit,none (operator may set ramp or helix),,,,,,,,,,,,
TaperedBallNose,3.1750,2,Rest,softwood,ok,"E1 2.5D rough, dressup Ramp on",any,ramp (dressup),3.0,,,476.0000,3604.0000,17740.0000,ball tip cap,794,238,476,plunge fallback (no printed axial chip),
TaperedBallNose,3.1750,2,Rest,hardwood,ok,"E1 2.5D rough, dressup Ramp on",any,ramp (dressup),3.0,,,371.0000,3604.0000,17740.0000,material base,558,186,371,plunge fallback (no printed axial chip),
TaperedBallNose,3.1750,2,Rest,mdf,ok,"E1 2.5D rough, dressup Ramp on",any,ramp (dressup),3.0,,,373.0000,3063.0000,15079.0000,material base,561,186,373,plunge fallback (no printed axial chip),
TaperedBallNose,3.1750,2,Rest,plywood_hardwood,ok,"E1 2.5D rough, dressup Ramp on",any,ramp (dressup),3.0,,,360.0000,3244.0000,15966.0000,material base,541,180,360,plunge fallback (no printed axial chip),
TaperedBallNose,3.1750,2,Inlay,softwood,refused,"E4a V-bit ops, dressup entry off (operator may set)",VBit,none (operator may set ramp or helix),,,,,,,,,,,,
TaperedBallNose,3.1750,2,Inlay,hardwood,refused,"E4a V-bit ops, dressup entry off (operator may set)",VBit,none (operator may set ramp or helix),,,,,,,,,,,,
TaperedBallNose,3.1750,2,Inlay,mdf,refused,"E4a V-bit ops, dressup entry off (operator may set)",VBit,none (operator may set ramp or helix),,,,,,,,,,,,
TaperedBallNose,3.1750,2,Inlay,plywood_hardwood,refused,"E4a V-bit ops, dressup entry off (operator may set)",VBit,none (operator may set ramp or helix),,,,,,,,,,,,
TaperedBallNose,3.1750,2,Zigzag,softwood,ok,"E1 2.5D rough, dressup Ramp on",any,ramp (dressup),3.0,,,476.0000,3604.0000,17740.0000,ball tip cap,794,238,476,plunge fallback (no printed axial chip),
TaperedBallNose,3.1750,2,Zigzag,hardwood,ok,"E1 2.5D rough, dressup Ramp on",any,ramp (dressup),3.0,,,371.0000,3604.0000,17740.0000,material base,558,186,371,plunge fallback (no printed axial chip),
TaperedBallNose,3.1750,2,Zigzag,mdf,ok,"E1 2.5D rough, dressup Ramp on",any,ramp (dressup),3.0,,,373.0000,3063.0000,15079.0000,material base,561,186,373,plunge fallback (no printed axial chip),
TaperedBallNose,3.1750,2,Zigzag,plywood_hardwood,ok,"E1 2.5D rough, dressup Ramp on",any,ramp (dressup),3.0,,,360.0000,3244.0000,15966.0000,material base,541,180,360,plunge fallback (no printed axial chip),
TaperedBallNose,3.1750,2,Trace,softwood,ok,E5 no entry (forced none),any,none,,,,476.0000,3604.0000,17740.0000,ball tip cap,794,,,,
TaperedBallNose,3.1750,2,Trace,hardwood,ok,E5 no entry (forced none),any,none,,,,371.0000,3604.0000,17740.0000,material base,558,,,,
TaperedBallNose,3.1750,2,Trace,mdf,ok,E5 no entry (forced none),any,none,,,,373.0000,3063.0000,15079.0000,material base,561,,,,
TaperedBallNose,3.1750,2,Trace,plywood_hardwood,ok,E5 no entry (forced none),any,none,,,,360.0000,3244.0000,15966.0000,material base,541,,,,
TaperedBallNose,3.1750,2,Drill,softwood,refused,E7 drill (no entry; plunge = drill feed),any,none,,,,,,,,,,,,
TaperedBallNose,3.1750,2,Drill,hardwood,refused,E7 drill (no entry; plunge = drill feed),any,none,,,,,,,,,,,,
TaperedBallNose,3.1750,2,Drill,mdf,refused,E7 drill (no entry; plunge = drill feed),any,none,,,,,,,,,,,,
TaperedBallNose,3.1750,2,Drill,plywood_hardwood,refused,E7 drill (no entry; plunge = drill feed),any,none,,,,,,,,,,,,
TaperedBallNose,3.1750,2,Chamfer,softwood,refused,"E4a V-bit ops, dressup entry off (operator may set)",VBit,none (operator may set ramp or helix),,,,,,,,,,,,
TaperedBallNose,3.1750,2,Chamfer,hardwood,refused,"E4a V-bit ops, dressup entry off (operator may set)",VBit,none (operator may set ramp or helix),,,,,,,,,,,,
TaperedBallNose,3.1750,2,Chamfer,mdf,refused,"E4a V-bit ops, dressup entry off (operator may set)",VBit,none (operator may set ramp or helix),,,,,,,,,,,,
TaperedBallNose,3.1750,2,Chamfer,plywood_hardwood,refused,"E4a V-bit ops, dressup entry off (operator may set)",VBit,none (operator may set ramp or helix),,,,,,,,,,,,
TaperedBallNose,3.1750,2,DropCutter,softwood,ok,E6 no entry (strip all),any,none,,,,476.0000,3604.0000,17740.0000,ball tip cap,794,,,,
TaperedBallNose,3.1750,2,DropCutter,hardwood,ok,E6 no entry (strip all),any,none,,,,371.0000,3604.0000,17740.0000,material base,558,,,,
TaperedBallNose,3.1750,2,DropCutter,mdf,ok,E6 no entry (strip all),any,none,,,,373.0000,3657.0000,18000.0000,material base,561,,,,
TaperedBallNose,3.1750,2,DropCutter,plywood_hardwood,ok,E6 no entry (strip all),any,none,,,,360.0000,3244.0000,15966.0000,material base,541,,,,
TaperedBallNose,3.1750,2,Adaptive3d,softwood,ok,E3 adaptive3d planner entry,any,ramp (Suggest rewrite),10.0,,,476.0000,3604.7680,17740.0000,ball tip cap,794,,476,plunge fallback (no printed axial chip),yes
TaperedBallNose,3.1750,2,Adaptive3d,hardwood,ok,E3 adaptive3d planner entry,any,ramp (Suggest rewrite),10.0,,,371.0000,3604.7680,17740.0000,material base,558,,371,plunge fallback (no printed axial chip),yes
TaperedBallNose,3.1750,2,Adaptive3d,mdf,ok,E3 adaptive3d planner entry,any,ramp (Suggest rewrite),10.0,,,373.0000,3064.0528,15079.0000,material base,561,,373,plunge fallback (no printed axial chip),yes
TaperedBallNose,3.1750,2,Adaptive3d,plywood_hardwood,ok,E3 adaptive3d planner entry,any,ramp (Suggest rewrite),10.0,,,360.0000,3244.2912,15966.0000,material base,541,,360,plunge fallback (no printed axial chip),yes
TaperedBallNose,3.1750,2,Waterline,softwood,ok,"E4b 3D finishes, dressup entry off (operator may set)",any,none (operator may set ramp or helix),,,,476.0000,3999.0000,19685.0000,ball tip cap,794,,,,
TaperedBallNose,3.1750,2,Waterline,hardwood,ok,"E4b 3D finishes, dressup entry off (operator may set)",any,none (operator may set ramp or helix),,,,371.0000,3999.0000,19685.0000,material base,558,,,,
TaperedBallNose,3.1750,2,Waterline,mdf,ok,"E4b 3D finishes, dressup entry off (operator may set)",any,none (operator may set ramp or helix),,,,373.0000,3727.0000,18346.0000,material base,561,,,,
TaperedBallNose,3.1750,2,Waterline,plywood_hardwood,ok,"E4b 3D finishes, dressup entry off (operator may set)",any,none (operator may set ramp or helix),,,,360.0000,3947.0000,19425.0000,material base,541,,,,
TaperedBallNose,3.1750,2,Pencil,softwood,ok,"E4b 3D finishes, dressup entry off (operator may set)","Ball, TaperedBall",none (operator may set ramp or helix),,,,476.0000,3604.0000,17740.0000,ball tip cap,794,,,,
TaperedBallNose,3.1750,2,Pencil,hardwood,ok,"E4b 3D finishes, dressup entry off (operator may set)","Ball, TaperedBall",none (operator may set ramp or helix),,,,371.0000,3604.0000,17740.0000,material base,558,,,,
TaperedBallNose,3.1750,2,Pencil,mdf,ok,"E4b 3D finishes, dressup entry off (operator may set)","Ball, TaperedBall",none (operator may set ramp or helix),,,,373.0000,3063.0000,15079.0000,material base,561,,,,
TaperedBallNose,3.1750,2,Pencil,plywood_hardwood,ok,"E4b 3D finishes, dressup entry off (operator may set)","Ball, TaperedBall",none (operator may set ramp or helix),,,,360.0000,3244.0000,15966.0000,material base,541,,,,
TaperedBallNose,3.1750,2,Scallop,softwood,ok,"E4b 3D finishes, dressup entry off (operator may set)","Ball, TaperedBall",none (operator may set ramp or helix),,,,476.0000,3604.0000,17740.0000,ball tip cap,794,,,,
TaperedBallNose,3.1750,2,Scallop,hardwood,ok,"E4b 3D finishes, dressup entry off (operator may set)","Ball, TaperedBall",none (operator may set ramp or helix),,,,371.0000,3604.0000,17740.0000,material base,558,,,,
TaperedBallNose,3.1750,2,Scallop,mdf,ok,"E4b 3D finishes, dressup entry off (operator may set)","Ball, TaperedBall",none (operator may set ramp or helix),,,,373.0000,3063.0000,15079.0000,material base,561,,,,
TaperedBallNose,3.1750,2,Scallop,plywood_hardwood,ok,"E4b 3D finishes, dressup entry off (operator may set)","Ball, TaperedBall",none (operator may set ramp or helix),,,,360.0000,3244.0000,15966.0000,material base,541,,,,
TaperedBallNose,3.1750,2,UnifiedFinish,softwood,ok,E6 no entry (strip all),"Ball, TaperedBall",none,,,,476.0000,3604.0000,17740.0000,ball tip cap,794,,,,
TaperedBallNose,3.1750,2,UnifiedFinish,hardwood,ok,E6 no entry (strip all),"Ball, TaperedBall",none,,,,371.0000,3604.0000,17740.0000,material base,558,,,,
TaperedBallNose,3.1750,2,UnifiedFinish,mdf,ok,E6 no entry (strip all),"Ball, TaperedBall",none,,,,373.0000,3063.0000,15079.0000,material base,561,,,,
TaperedBallNose,3.1750,2,UnifiedFinish,plywood_hardwood,ok,E6 no entry (strip all),"Ball, TaperedBall",none,,,,360.0000,3244.0000,15966.0000,material base,541,,,,
TaperedBallNose,3.1750,2,SteepShallow,softwood,ok,"E4b 3D finishes, dressup entry off (operator may set)",any,none (operator may set ramp or helix),,,,476.0000,3999.0000,19685.0000,ball tip cap,794,,,,
TaperedBallNose,3.1750,2,SteepShallow,hardwood,ok,"E4b 3D finishes, dressup entry off (operator may set)",any,none (operator may set ramp or helix),,,,371.0000,3999.0000,19685.0000,material base,558,,,,
TaperedBallNose,3.1750,2,SteepShallow,mdf,ok,"E4b 3D finishes, dressup entry off (operator may set)",any,none (operator may set ramp or helix),,,,373.0000,3727.0000,18346.0000,material base,561,,,,
TaperedBallNose,3.1750,2,SteepShallow,plywood_hardwood,ok,"E4b 3D finishes, dressup entry off (operator may set)",any,none (operator may set ramp or helix),,,,360.0000,3947.0000,19425.0000,material base,541,,,,
TaperedBallNose,3.1750,2,RampFinish,softwood,ok,"E4b 3D finishes, dressup entry off (operator may set)",any,none (operator may set ramp or helix),,,,476.0000,3999.0000,19685.0000,ball tip cap,794,,,,
TaperedBallNose,3.1750,2,RampFinish,hardwood,ok,"E4b 3D finishes, dressup entry off (operator may set)",any,none (operator may set ramp or helix),,,,371.0000,3999.0000,19685.0000,material base,558,,,,
TaperedBallNose,3.1750,2,RampFinish,mdf,ok,"E4b 3D finishes, dressup entry off (operator may set)",any,none (operator may set ramp or helix),,,,373.0000,3657.0000,18000.0000,material base,561,,,,
TaperedBallNose,3.1750,2,RampFinish,plywood_hardwood,ok,"E4b 3D finishes, dressup entry off (operator may set)",any,none (operator may set ramp or helix),,,,360.0000,3999.0000,19685.0000,material base,541,,,,
TaperedBallNose,3.1750,2,SpiralFinish,softwood,ok,"E4b 3D finishes, dressup entry off (operator may set)","Ball, TaperedBall",none (operator may set ramp or helix),,,,476.0000,3604.0000,17740.0000,ball tip cap,794,,,,
TaperedBallNose,3.1750,2,SpiralFinish,hardwood,ok,"E4b 3D finishes, dressup entry off (operator may set)","Ball, TaperedBall",none (operator may set ramp or helix),,,,371.0000,3604.0000,17740.0000,material base,558,,,,
TaperedBallNose,3.1750,2,SpiralFinish,mdf,ok,"E4b 3D finishes, dressup entry off (operator may set)","Ball, TaperedBall",none (operator may set ramp or helix),,,,373.0000,3063.0000,15079.0000,material base,561,,,,
TaperedBallNose,3.1750,2,SpiralFinish,plywood_hardwood,ok,"E4b 3D finishes, dressup entry off (operator may set)","Ball, TaperedBall",none (operator may set ramp or helix),,,,360.0000,3244.0000,15966.0000,material base,541,,,,
TaperedBallNose,3.1750,2,RadialFinish,softwood,ok,"E4b 3D finishes, dressup entry off (operator may set)",any,none (operator may set ramp or helix),,,,476.0000,3604.0000,17740.0000,ball tip cap,794,,,,
TaperedBallNose,3.1750,2,RadialFinish,hardwood,ok,"E4b 3D finishes, dressup entry off (operator may set)",any,none (operator may set ramp or helix),,,,371.0000,3604.0000,17740.0000,material base,558,,,,
TaperedBallNose,3.1750,2,RadialFinish,mdf,ok,"E4b 3D finishes, dressup entry off (operator may set)",any,none (operator may set ramp or helix),,,,373.0000,3657.0000,18000.0000,material base,561,,,,
TaperedBallNose,3.1750,2,RadialFinish,plywood_hardwood,ok,"E4b 3D finishes, dressup entry off (operator may set)",any,none (operator may set ramp or helix),,,,360.0000,3244.0000,15966.0000,material base,541,,,,
TaperedBallNose,3.1750,2,HorizontalFinish,softwood,ok,"E4b 3D finishes, dressup entry off (operator may set)",any,none (operator may set ramp or helix),,,,476.0000,3604.0000,17740.0000,ball tip cap,794,,,,
TaperedBallNose,3.1750,2,HorizontalFinish,hardwood,ok,"E4b 3D finishes, dressup entry off (operator may set)",any,none (operator may set ramp or helix),,,,371.0000,3604.0000,17740.0000,material base,558,,,,
TaperedBallNose,3.1750,2,HorizontalFinish,mdf,ok,"E4b 3D finishes, dressup entry off (operator may set)",any,none (operator may set ramp or helix),,,,373.0000,3657.0000,18000.0000,material base,561,,,,
TaperedBallNose,3.1750,2,HorizontalFinish,plywood_hardwood,ok,"E4b 3D finishes, dressup entry off (operator may set)",any,none (operator may set ramp or helix),,,,360.0000,3244.0000,15966.0000,material base,541,,,,
TaperedBallNose,3.1750,2,ProjectCurve,softwood,ok,E6 no entry (strip all),any,none,,,,476.0000,3604.0000,17740.0000,ball tip cap,794,,,,
TaperedBallNose,3.1750,2,ProjectCurve,hardwood,ok,E6 no entry (strip all),any,none,,,,371.0000,3604.0000,17740.0000,material base,558,,,,
TaperedBallNose,3.1750,2,ProjectCurve,mdf,ok,E6 no entry (strip all),any,none,,,,373.0000,3657.0000,18000.0000,material base,561,,,,
TaperedBallNose,3.1750,2,ProjectCurve,plywood_hardwood,ok,E6 no entry (strip all),any,none,,,,360.0000,3244.0000,15966.0000,material base,541,,,,
TaperedBallNose,3.1750,2,AlignmentPinDrill,softwood,refused,E7 drill (no entry; plunge = drill feed),any,none,,,,,,,,,,,,
TaperedBallNose,3.1750,2,AlignmentPinDrill,hardwood,refused,E7 drill (no entry; plunge = drill feed),any,none,,,,,,,,,,,,
TaperedBallNose,3.1750,2,AlignmentPinDrill,mdf,refused,E7 drill (no entry; plunge = drill feed),any,none,,,,,,,,,,,,
TaperedBallNose,3.1750,2,AlignmentPinDrill,plywood_hardwood,refused,E7 drill (no entry; plunge = drill feed),any,none,,,,,,,,,,,,
TaperedBallNose,6.0000,2,Face,softwood,ok,"E1 2.5D rough, dressup Ramp on",any,ramp (dressup),3.0,,,900.0000,2763.0000,9387.0000,ball tip cap,1382,450,900,plunge fallback (no printed axial chip),
TaperedBallNose,6.0000,2,Face,hardwood,ok,"E1 2.5D rough, dressup Ramp on",any,ramp (dressup),3.0,,,702.0000,2763.0000,9387.0000,material base,1054,351,702,plunge fallback (no printed axial chip),
TaperedBallNose,6.0000,2,Face,mdf,ok,"E1 2.5D rough, dressup Ramp on",any,ramp (dressup),3.0,,,706.0000,2355.0000,8000.0000,material base,1059,353,706,plunge fallback (no printed axial chip),
TaperedBallNose,6.0000,2,Face,plywood_hardwood,ok,"E1 2.5D rough, dressup Ramp on",any,ramp (dressup),3.0,,,682.0000,2487.0000,8449.0000,material base,1023,341,682,plunge fallback (no printed axial chip),
TaperedBallNose,6.0000,2,Pocket,softwood,ok,"E1 2.5D rough, dressup Ramp on",any,ramp (dressup),3.0,,,900.0000,2763.0000,9387.0000,ball tip cap,1382,450,900,plunge fallback (no printed axial chip),
TaperedBallNose,6.0000,2,Pocket,hardwood,ok,"E1 2.5D rough, dressup Ramp on",any,ramp (dressup),3.0,,,702.0000,2763.0000,9387.0000,material base,1054,351,702,plunge fallback (no printed axial chip),
TaperedBallNose,6.0000,2,Pocket,mdf,ok,"E1 2.5D rough, dressup Ramp on",any,ramp (dressup),3.0,,,706.0000,2355.0000,8000.0000,material base,1059,353,706,plunge fallback (no printed axial chip),
TaperedBallNose,6.0000,2,Pocket,plywood_hardwood,ok,"E1 2.5D rough, dressup Ramp on",any,ramp (dressup),3.0,,,682.0000,2487.0000,8449.0000,material base,1023,341,682,plunge fallback (no printed axial chip),
TaperedBallNose,6.0000,2,Profile,softwood,ok,"E1 2.5D rough, dressup Ramp on",any,ramp (dressup),3.0,,,900.0000,2763.0000,9387.0000,ball tip cap,1382,450,900,plunge fallback (no printed axial chip),
TaperedBallNose,6.0000,2,Profile,hardwood,ok,"E1 2.5D rough, dressup Ramp on",any,ramp (dressup),3.0,,,702.0000,2763.0000,9387.0000,material base,1054,351,702,plunge fallback (no printed axial chip),
TaperedBallNose,6.0000,2,Profile,mdf,ok,"E1 2.5D rough, dressup Ramp on",any,ramp (dressup),3.0,,,706.0000,2355.0000,8000.0000,material base,1059,353,706,plunge fallback (no printed axial chip),
TaperedBallNose,6.0000,2,Profile,plywood_hardwood,ok,"E1 2.5D rough, dressup Ramp on",any,ramp (dressup),3.0,,,682.0000,2487.0000,8449.0000,material base,1023,341,682,plunge fallback (no printed axial chip),
TaperedBallNose,6.0000,2,Adaptive,softwood,ok,"E2 2D adaptive, dressup Helix on",any,helix (dressup),,2.00,1.0,900.0000,2763.8984,9387.0000,ball tip cap,1382,450,900,plunge fallback (no printed axial chip),
TaperedBallNose,6.0000,2,Adaptive,hardwood,ok,"E2 2D adaptive, dressup Helix on",any,helix (dressup),,2.00,1.0,702.0000,2763.8984,9387.0000,material base,1054,351,702,plunge fallback (no printed axial chip),
TaperedBallNose,6.0000,2,Adaptive,mdf,ok,"E2 2D adaptive, dressup Helix on",any,helix (dressup),,2.00,1.0,706.0000,2355.5116,8000.0000,material base,1059,353,706,plunge fallback (no printed axial chip),
TaperedBallNose,6.0000,2,Adaptive,plywood_hardwood,ok,"E2 2D adaptive, dressup Helix on",any,helix (dressup),,2.00,1.0,682.0000,2487.7146,8449.0000,material base,1023,341,682,plunge fallback (no printed axial chip),
TaperedBallNose,6.0000,2,VCarve,softwood,refused,"E4a V-bit ops, dressup entry off (operator may set)",VBit,none (operator may set ramp or helix),,,,,,,,,,,,
TaperedBallNose,6.0000,2,VCarve,hardwood,refused,"E4a V-bit ops, dressup entry off (operator may set)",VBit,none (operator may set ramp or helix),,,,,,,,,,,,
TaperedBallNose,6.0000,2,VCarve,mdf,refused,"E4a V-bit ops, dressup entry off (operator may set)",VBit,none (operator may set ramp or helix),,,,,,,,,,,,
TaperedBallNose,6.0000,2,VCarve,plywood_hardwood,refused,"E4a V-bit ops, dressup entry off (operator may set)",VBit,none (operator may set ramp or helix),,,,,,,,,,,,
TaperedBallNose,6.0000,2,Rest,softwood,ok,"E1 2.5D rough, dressup Ramp on",any,ramp (dressup),3.0,,,900.0000,2763.0000,9387.0000,ball tip cap,1382,450,900,plunge fallback (no printed axial chip),
TaperedBallNose,6.0000,2,Rest,hardwood,ok,"E1 2.5D rough, dressup Ramp on",any,ramp (dressup),3.0,,,702.0000,2763.0000,9387.0000,material base,1054,351,702,plunge fallback (no printed axial chip),
TaperedBallNose,6.0000,2,Rest,mdf,ok,"E1 2.5D rough, dressup Ramp on",any,ramp (dressup),3.0,,,706.0000,2355.0000,8000.0000,material base,1059,353,706,plunge fallback (no printed axial chip),
TaperedBallNose,6.0000,2,Rest,plywood_hardwood,ok,"E1 2.5D rough, dressup Ramp on",any,ramp (dressup),3.0,,,682.0000,2487.0000,8449.0000,material base,1023,341,682,plunge fallback (no printed axial chip),
TaperedBallNose,6.0000,2,Inlay,softwood,refused,"E4a V-bit ops, dressup entry off (operator may set)",VBit,none (operator may set ramp or helix),,,,,,,,,,,,
TaperedBallNose,6.0000,2,Inlay,hardwood,refused,"E4a V-bit ops, dressup entry off (operator may set)",VBit,none (operator may set ramp or helix),,,,,,,,,,,,
TaperedBallNose,6.0000,2,Inlay,mdf,refused,"E4a V-bit ops, dressup entry off (operator may set)",VBit,none (operator may set ramp or helix),,,,,,,,,,,,
TaperedBallNose,6.0000,2,Inlay,plywood_hardwood,refused,"E4a V-bit ops, dressup entry off (operator may set)",VBit,none (operator may set ramp or helix),,,,,,,,,,,,
TaperedBallNose,6.0000,2,Zigzag,softwood,ok,"E1 2.5D rough, dressup Ramp on",any,ramp (dressup),3.0,,,900.0000,2763.0000,9387.0000,ball tip cap,1382,450,900,plunge fallback (no printed axial chip),
TaperedBallNose,6.0000,2,Zigzag,hardwood,ok,"E1 2.5D rough, dressup Ramp on",any,ramp (dressup),3.0,,,702.0000,2763.0000,9387.0000,material base,1054,351,702,plunge fallback (no printed axial chip),
TaperedBallNose,6.0000,2,Zigzag,mdf,ok,"E1 2.5D rough, dressup Ramp on",any,ramp (dressup),3.0,,,706.0000,2355.0000,8000.0000,material base,1059,353,706,plunge fallback (no printed axial chip),
TaperedBallNose,6.0000,2,Zigzag,plywood_hardwood,ok,"E1 2.5D rough, dressup Ramp on",any,ramp (dressup),3.0,,,682.0000,2487.0000,8449.0000,material base,1023,341,682,plunge fallback (no printed axial chip),
TaperedBallNose,6.0000,2,Trace,softwood,ok,E5 no entry (forced none),any,none,,,,900.0000,2763.0000,9387.0000,ball tip cap,1382,,,,
TaperedBallNose,6.0000,2,Trace,hardwood,ok,E5 no entry (forced none),any,none,,,,702.0000,2763.0000,9387.0000,material base,1054,,,,
TaperedBallNose,6.0000,2,Trace,mdf,ok,E5 no entry (forced none),any,none,,,,706.0000,2355.0000,8000.0000,material base,1059,,,,
TaperedBallNose,6.0000,2,Trace,plywood_hardwood,ok,E5 no entry (forced none),any,none,,,,682.0000,2487.0000,8449.0000,material base,1023,,,,
TaperedBallNose,6.0000,2,Drill,softwood,refused,E7 drill (no entry; plunge = drill feed),any,none,,,,,,,,,,,,
TaperedBallNose,6.0000,2,Drill,hardwood,refused,E7 drill (no entry; plunge = drill feed),any,none,,,,,,,,,,,,
TaperedBallNose,6.0000,2,Drill,mdf,refused,E7 drill (no entry; plunge = drill feed),any,none,,,,,,,,,,,,
TaperedBallNose,6.0000,2,Drill,plywood_hardwood,refused,E7 drill (no entry; plunge = drill feed),any,none,,,,,,,,,,,,
TaperedBallNose,6.0000,2,Chamfer,softwood,refused,"E4a V-bit ops, dressup entry off (operator may set)",VBit,none (operator may set ramp or helix),,,,,,,,,,,,
TaperedBallNose,6.0000,2,Chamfer,hardwood,refused,"E4a V-bit ops, dressup entry off (operator may set)",VBit,none (operator may set ramp or helix),,,,,,,,,,,,
TaperedBallNose,6.0000,2,Chamfer,mdf,refused,"E4a V-bit ops, dressup entry off (operator may set)",VBit,none (operator may set ramp or helix),,,,,,,,,,,,
TaperedBallNose,6.0000,2,Chamfer,plywood_hardwood,refused,"E4a V-bit ops, dressup entry off (operator may set)",VBit,none (operator may set ramp or helix),,,,,,,,,,,,
TaperedBallNose,6.0000,2,DropCutter,softwood,ok,E6 no entry (strip all),any,none,,,,900.0000,2763.0000,9387.0000,ball tip cap,1382,,,,
TaperedBallNose,6.0000,2,DropCutter,hardwood,ok,E6 no entry (strip all),any,none,,,,702.0000,2763.0000,9387.0000,material base,1054,,,,
TaperedBallNose,6.0000,2,DropCutter,mdf,ok,E6 no entry (strip all),any,none,,,,706.0000,3999.0000,10125.0000,material base,1059,,,,
TaperedBallNose,6.0000,2,DropCutter,plywood_hardwood,ok,E6 no entry (strip all),any,none,,,,682.0000,2487.0000,8449.0000,material base,1023,,,,
TaperedBallNose,6.0000,2,Adaptive3d,softwood,ok,E3 adaptive3d planner entry,any,ramp (Suggest rewrite),10.0,,,900.0000,2763.8984,9387.0000,ball tip cap,1382,,900,plunge fallback (no printed axial chip),yes
TaperedBallNose,6.0000,2,Adaptive3d,hardwood,ok,E3 adaptive3d planner entry,any,ramp (Suggest rewrite),10.0,,,702.0000,2763.8984,9387.0000,material base,1054,,702,plunge fallback (no printed axial chip),yes
TaperedBallNose,6.0000,2,Adaptive3d,mdf,ok,E3 adaptive3d planner entry,any,ramp (Suggest rewrite),10.0,,,706.0000,2355.5116,8000.0000,material base,1059,,706,plunge fallback (no printed axial chip),yes
TaperedBallNose,6.0000,2,Adaptive3d,plywood_hardwood,ok,E3 adaptive3d planner entry,any,ramp (Suggest rewrite),10.0,,,682.0000,2487.7146,8449.0000,material base,1023,,682,plunge fallback (no printed axial chip),yes
TaperedBallNose,6.0000,2,Waterline,softwood,ok,"E4b 3D finishes, dressup entry off (operator may set)",any,none (operator may set ramp or helix),,,,900.0000,3999.0000,13585.0000,ball tip cap,1500,,,,
TaperedBallNose,6.0000,2,Waterline,hardwood,ok,"E4b 3D finishes, dressup entry off (operator may set)",any,none (operator may set ramp or helix),,,,702.0000,3999.0000,13585.0000,material base,1054,,,,
TaperedBallNose,6.0000,2,Waterline,mdf,ok,"E4b 3D finishes, dressup entry off (operator may set)",any,none (operator may set ramp or helix),,,,706.0000,3562.0000,12100.0000,material base,1059,,,,
TaperedBallNose,6.0000,2,Waterline,plywood_hardwood,ok,"E4b 3D finishes, dressup entry off (operator may set)",any,none (operator may set ramp or helix),,,,682.0000,3772.0000,12812.0000,material base,1023,,,,
TaperedBallNose,6.0000,2,Pencil,softwood,ok,"E4b 3D finishes, dressup entry off (operator may set)","Ball, TaperedBall",none (operator may set ramp or helix),,,,900.0000,2763.0000,9387.0000,ball tip cap,1382,,,,
TaperedBallNose,6.0000,2,Pencil,hardwood,ok,"E4b 3D finishes, dressup entry off (operator may set)","Ball, TaperedBall",none (operator may set ramp or helix),,,,702.0000,2763.0000,9387.0000,material base,1054,,,,
TaperedBallNose,6.0000,2,Pencil,mdf,ok,"E4b 3D finishes, dressup entry off (operator may set)","Ball, TaperedBall",none (operator may set ramp or helix),,,,706.0000,2355.0000,8000.0000,material base,1059,,,,
TaperedBallNose,6.0000,2,Pencil,plywood_hardwood,ok,"E4b 3D finishes, dressup entry off (operator may set)","Ball, TaperedBall",none (operator may set ramp or helix),,,,682.0000,2487.0000,8449.0000,material base,1023,,,,
TaperedBallNose,6.0000,2,Scallop,softwood,ok,"E4b 3D finishes, dressup entry off (operator may set)","Ball, TaperedBall",none (operator may set ramp or helix),,,,900.0000,2763.0000,9387.0000,ball tip cap,1382,,,,
TaperedBallNose,6.0000,2,Scallop,hardwood,ok,"E4b 3D finishes, dressup entry off (operator may set)","Ball, TaperedBall",none (operator may set ramp or helix),,,,702.0000,2763.0000,9387.0000,material base,1054,,,,
TaperedBallNose,6.0000,2,Scallop,mdf,ok,"E4b 3D finishes, dressup entry off (operator may set)","Ball, TaperedBall",none (operator may set ramp or helix),,,,706.0000,2355.0000,8000.0000,material base,1059,,,,
TaperedBallNose,6.0000,2,Scallop,plywood_hardwood,ok,"E4b 3D finishes, dressup entry off (operator may set)","Ball, TaperedBall",none (operator may set ramp or helix),,,,682.0000,2487.0000,8449.0000,material base,1023,,,,
TaperedBallNose,6.0000,2,UnifiedFinish,softwood,ok,E6 no entry (strip all),"Ball, TaperedBall",none,,,,900.0000,2763.0000,9387.0000,ball tip cap,1382,,,,
TaperedBallNose,6.0000,2,UnifiedFinish,hardwood,ok,E6 no entry (strip all),"Ball, TaperedBall",none,,,,702.0000,2763.0000,9387.0000,material base,1054,,,,
TaperedBallNose,6.0000,2,UnifiedFinish,mdf,ok,E6 no entry (strip all),"Ball, TaperedBall",none,,,,706.0000,2355.0000,8000.0000,material base,1059,,,,
TaperedBallNose,6.0000,2,UnifiedFinish,plywood_hardwood,ok,E6 no entry (strip all),"Ball, TaperedBall",none,,,,682.0000,2487.0000,8449.0000,material base,1023,,,,
TaperedBallNose,6.0000,2,SteepShallow,softwood,ok,"E4b 3D finishes, dressup entry off (operator may set)",any,none (operator may set ramp or helix),,,,900.0000,3999.0000,13585.0000,ball tip cap,1500,,,,
TaperedBallNose,6.0000,2,SteepShallow,hardwood,ok,"E4b 3D finishes, dressup entry off (operator may set)",any,none (operator may set ramp or helix),,,,702.0000,3999.0000,13585.0000,material base,1054,,,,
TaperedBallNose,6.0000,2,SteepShallow,mdf,ok,"E4b 3D finishes, dressup entry off (operator may set)",any,none (operator may set ramp or helix),,,,706.0000,3562.0000,12100.0000,material base,1059,,,,
TaperedBallNose,6.0000,2,SteepShallow,plywood_hardwood,ok,"E4b 3D finishes, dressup entry off (operator may set)",any,none (operator may set ramp or helix),,,,682.0000,3772.0000,12812.0000,material base,1023,,,,
TaperedBallNose,6.0000,2,RampFinish,softwood,ok,"E4b 3D finishes, dressup entry off (operator may set)",any,none (operator may set ramp or helix),,,,900.0000,3999.0000,13585.0000,ball tip cap,1500,,,,
TaperedBallNose,6.0000,2,RampFinish,hardwood,ok,"E4b 3D finishes, dressup entry off (operator may set)",any,none (operator may set ramp or helix),,,,702.0000,3999.0000,13585.0000,material base,1054,,,,
TaperedBallNose,6.0000,2,RampFinish,mdf,ok,"E4b 3D finishes, dressup entry off (operator may set)",any,none (operator may set ramp or helix),,,,706.0000,3999.0000,10125.0000,material base,1059,,,,
TaperedBallNose,6.0000,2,RampFinish,plywood_hardwood,ok,"E4b 3D finishes, dressup entry off (operator may set)",any,none (operator may set ramp or helix),,,,682.0000,3999.0000,13585.0000,material base,1023,,,,
TaperedBallNose,6.0000,2,SpiralFinish,softwood,ok,"E4b 3D finishes, dressup entry off (operator may set)","Ball, TaperedBall",none (operator may set ramp or helix),,,,900.0000,2763.0000,9387.0000,ball tip cap,1382,,,,
TaperedBallNose,6.0000,2,SpiralFinish,hardwood,ok,"E4b 3D finishes, dressup entry off (operator may set)","Ball, TaperedBall",none (operator may set ramp or helix),,,,702.0000,2763.0000,9387.0000,material base,1054,,,,
TaperedBallNose,6.0000,2,SpiralFinish,mdf,ok,"E4b 3D finishes, dressup entry off (operator may set)","Ball, TaperedBall",none (operator may set ramp or helix),,,,706.0000,2355.0000,8000.0000,material base,1059,,,,
TaperedBallNose,6.0000,2,SpiralFinish,plywood_hardwood,ok,"E4b 3D finishes, dressup entry off (operator may set)","Ball, TaperedBall",none (operator may set ramp or helix),,,,682.0000,2487.0000,8449.0000,material base,1023,,,,
TaperedBallNose,6.0000,2,RadialFinish,softwood,ok,"E4b 3D finishes, dressup entry off (operator may set)",any,none (operator may set ramp or helix),,,,900.0000,2763.0000,9387.0000,ball tip cap,1382,,,,
TaperedBallNose,6.0000,2,RadialFinish,hardwood,ok,"E4b 3D finishes, dressup entry off (operator may set)",any,none (operator may set ramp or helix),,,,702.0000,2763.0000,9387.0000,material base,1054,,,,
TaperedBallNose,6.0000,2,RadialFinish,mdf,ok,"E4b 3D finishes, dressup entry off (operator may set)",any,none (operator may set ramp or helix),,,,706.0000,3999.0000,10125.0000,material base,1059,,,,
TaperedBallNose,6.0000,2,RadialFinish,plywood_hardwood,ok,"E4b 3D finishes, dressup entry off (operator may set)",any,none (operator may set ramp or helix),,,,682.0000,2487.0000,8449.0000,material base,1023,,,,
TaperedBallNose,6.0000,2,HorizontalFinish,softwood,ok,"E4b 3D finishes, dressup entry off (operator may set)",any,none (operator may set ramp or helix),,,,900.0000,2763.0000,9387.0000,ball tip cap,1382,,,,
TaperedBallNose,6.0000,2,HorizontalFinish,hardwood,ok,"E4b 3D finishes, dressup entry off (operator may set)",any,none (operator may set ramp or helix),,,,702.0000,2763.0000,9387.0000,material base,1054,,,,
TaperedBallNose,6.0000,2,HorizontalFinish,mdf,ok,"E4b 3D finishes, dressup entry off (operator may set)",any,none (operator may set ramp or helix),,,,706.0000,3999.0000,10125.0000,material base,1059,,,,
TaperedBallNose,6.0000,2,HorizontalFinish,plywood_hardwood,ok,"E4b 3D finishes, dressup entry off (operator may set)",any,none (operator may set ramp or helix),,,,682.0000,2487.0000,8449.0000,material base,1023,,,,
TaperedBallNose,6.0000,2,ProjectCurve,softwood,ok,E6 no entry (strip all),any,none,,,,900.0000,2763.0000,9387.0000,ball tip cap,1382,,,,
TaperedBallNose,6.0000,2,ProjectCurve,hardwood,ok,E6 no entry (strip all),any,none,,,,702.0000,2763.0000,9387.0000,material base,1054,,,,
TaperedBallNose,6.0000,2,ProjectCurve,mdf,ok,E6 no entry (strip all),any,none,,,,706.0000,3999.0000,10125.0000,material base,1059,,,,
TaperedBallNose,6.0000,2,ProjectCurve,plywood_hardwood,ok,E6 no entry (strip all),any,none,,,,682.0000,2487.0000,8449.0000,material base,1023,,,,
TaperedBallNose,6.0000,2,AlignmentPinDrill,softwood,refused,E7 drill (no entry; plunge = drill feed),any,none,,,,,,,,,,,,
TaperedBallNose,6.0000,2,AlignmentPinDrill,hardwood,refused,E7 drill (no entry; plunge = drill feed),any,none,,,,,,,,,,,,
TaperedBallNose,6.0000,2,AlignmentPinDrill,mdf,refused,E7 drill (no entry; plunge = drill feed),any,none,,,,,,,,,,,,
TaperedBallNose,6.0000,2,AlignmentPinDrill,plywood_hardwood,refused,E7 drill (no entry; plunge = drill feed),any,none,,,,,,,,,,,,
