0
SECTION
2
HEADER
9
$ACADVER
1
AC1015
9
$INSUNITS
70
4
0
ENDSEC
0
SECTION
2
TABLES
0
TABLE
2
LAYER
70
1
0
LAYER
2
RIVERS
70
0
62
5
6
CONTINUOUS
0
ENDTAB
0
ENDSEC
0
SECTION
2
ENTITIES
0
LWPOLYLINE
8
RIVERS
90
34
70
0
10
343.069307
20
500.495050
10
343.564356
20
500.495050
10
344.059406
20
500.000000
10
344.554455
20
500.000000
10
344.554455
20
499.504950
10
345.049505
20
499.009901
10
345.049505
20
498.514851
10
345.544554
20
498.019802
10
345.544554
20
497.524752
10
346.039604
20
497.524752
10
346.039604
20
494.059406
10
347.029703
20
494.059406
10
347.029703
20
493.564356
10
348.514851
20
493.564356
10
349.009901
20
493.069307
10
349.009901
20
491.584158
10
349.504950
20
491.089109
10
349.504950
20
490.594059
10
350.000000
20
490.594059
10
350.000000
20
489.108911
10
349.009901
20
488.118812
10
349.009901
20
487.623762
10
348.514851
20
487.128713
10
348.514851
20
486.633663
10
349.009901
20
486.138614
10
349.009901
20
485.643564
10
349.504950
20
485.148515
10
347.524752
20
483.168317
10
348.019802
20
482.673267
10
348.514851
20
482.673267
10
349.009901
20
482.178218
10
349.504950
20
482.178218
10
349.504950
20
481.683168
10
350.000000
20
481.188119
0
LWPOLYLINE
8
RIVERS
90
49
70
0
10
328.217822
20
488.613861
10
327.227723
20
487.623762
10
327.227723
20
487.128713
10
327.722772
20
487.128713
10
327.722772
20
486.633663
10
329.207921
20
486.633663
10
329.207921
20
486.138614
10
330.198020
20
486.138614
10
330.693069
20
486.633663
10
331.188119
20
486.633663
10
331.188119
20
486.138614
10
331.683168
20
486.138614
10
332.178218
20
485.643564
10
332.178218
20
485.148515
10
332.673267
20
485.148515
10
332.673267
20
484.653465
10
333.663366
20
483.663366
10
334.653465
20
483.663366
10
334.653465
20
483.168317
10
335.148515
20
482.673267
10
335.148515
20
482.178218
10
336.633663
20
482.178218
10
337.128713
20
482.673267
10
337.623762
20
482.673267
10
338.118812
20
483.168317
10
338.613861
20
482.673267
10
339.603960
20
482.673267
10
340.099010
20
482.178218
10
340.099010
20
481.683168
10
340.594059
20
481.683168
10
340.594059
20
481.188119
10
341.089109
20
480.693069
10
341.089109
20
479.702970
10
340.594059
20
479.702970
10
340.594059
20
478.712871
10
340.099010
20
478.712871
10
339.108911
20
477.722772
10
338.613861
20
477.722772
10
338.613861
20
476.732673
10
338.118812
20
476.237624
10
338.118812
20
475.742574
10
337.128713
20
474.752475
10
338.118812
20
473.762376
10
338.118812
20
473.267327
10
338.613861
20
473.267327
10
338.613861
20
472.772277
10
339.108911
20
472.772277
10
339.108911
20
472.277228
10
339.603960
20
471.782178
0
LWPOLYLINE
8
RIVERS
90
66
70
0
10
322.772277
20
482.673267
10
323.267327
20
482.673267
10
323.762376
20
483.168317
10
324.257426
20
483.168317
10
324.752475
20
483.663366
10
325.247525
20
483.663366
10
326.732673
20
482.178218
10
327.227723
20
482.178218
10
327.227723
20
481.683168
10
327.722772
20
481.683168
10
328.712871
20
480.693069
10
328.712871
20
480.198020
10
329.207921
20
479.702970
10
329.207921
20
478.712871
10
328.712871
20
478.712871
10
328.712871
20
477.722772
10
329.702970
20
476.732673
10
329.702970
20
476.237624
10
329.207921
20
475.742574
10
329.207921
20
473.762376
10
328.712871
20
473.267327
10
328.712871
20
472.277228
10
329.207921
20
472.277228
10
329.207921
20
471.782178
10
329.702970
20
471.287129
10
329.702970
20
470.297030
10
329.207921
20
470.297030
10
329.207921
20
468.316832
10
328.712871
20
468.316832
10
328.712871
20
467.821782
10
329.207921
20
467.326733
10
329.207921
20
466.831683
10
329.702970
20
466.831683
10
329.702970
20
466.336634
10
330.198020
20
465.841584
10
330.198020
20
465.346535
10
330.693069
20
465.346535
10
331.683168
20
464.356436
10
331.683168
20
463.861386
10
332.178218
20
463.861386
10
332.178218
20
462.871287
10
332.673267
20
462.376238
10
332.673267
20
461.881188
10
333.663366
20
460.891089
10
334.158416
20
460.891089
10
334.158416
20
460.396040
10
334.653465
20
460.396040
10
334.653465
20
459.900990
10
335.643564
20
459.900990
10
335.643564
20
459.405941
10
336.633663
20
459.405941
10
336.633663
20
458.910891
10
337.623762
20
458.910891
10
337.623762
20
459.900990
10
338.118812
20
460.396040
10
338.118812
20
461.881188
10
338.613861
20
462.376238
10
338.613861
20
462.871287
10
338.118812
20
463.366337
10
338.613861
20
463.861386
10
338.613861
20
464.356436
10
339.108911
20
464.356436
10
339.108911
20
465.346535
10
339.603960
20
465.346535
10
340.099010
20
465.841584
10
340.594059
20
465.841584
0
LWPOLYLINE
8
RIVERS
90
39
70
0
10
309.900990
20
475.247525
10
309.900990
20
472.772277
10
310.396040
20
472.772277
10
310.396040
20
471.782178
10
309.405941
20
471.782178
10
308.910891
20
471.287129
10
308.415842
20
471.287129
10
308.415842
20
470.297030
10
308.910891
20
470.297030
10
308.910891
20
469.801980
10
308.415842
20
469.801980
10
308.415842
20
469.306931
10
307.920792
20
468.811881
10
308.415842
20
468.316832
10
308.415842
20
467.821782
10
308.910891
20
467.821782
10
308.910891
20
467.326733
10
309.405941
20
466.831683
10
309.405941
20
466.336634
10
309.900990
20
465.841584
10
309.900990
20
465.346535
10
310.891089
20
465.346535
10
310.891089
20
464.851485
10
311.386139
20
464.851485
10
311.386139
20
464.356436
10
311.881188
20
464.356436
10
311.881188
20
461.881188
10
312.376238
20
461.386139
10
312.871287
20
461.386139
10
312.871287
20
461.881188
10
314.851485
20
461.881188
10
314.851485
20
461.386139
10
315.346535
20
461.386139
10
315.346535
20
460.891089
10
316.831683
20
459.405941
10
318.811881
20
459.405941
10
319.306931
20
458.910891
10
319.801980
20
458.910891
10
320.297030
20
458.415842
0
LWPOLYLINE
8
RIVERS
90
9
70
0
10
296.039604
20
469.801980
10
296.039604
20
469.306931
10
296.534653
20
469.306931
10
296.534653
20
468.811881
10
297.524752
20
468.811881
10
298.019802
20
468.316832
10
298.019802
20
467.821782
10
298.514851
20
467.326733
10
298.514851
20
466.831683
0
LWPOLYLINE
8
RIVERS
90
90
70
0
10
282.673267
20
467.821782
10
282.673267
20
466.831683
10
283.168317
20
466.336634
10
282.673267
20
465.841584
10
282.673267
20
465.346535
10
282.178218
20
464.851485
10
282.178218
20
462.871287
10
282.673267
20
462.871287
10
282.673267
20
461.386139
10
282.178218
20
460.891089
10
282.178218
20
459.900990
10
281.683168
20
459.405941
10
281.683168
20
457.920792
10
282.673267
20
457.920792
10
282.673267
20
456.930693
10
283.168317
20
456.930693
10
283.168317
20
456.435644
10
283.663366
20
456.435644
10
284.158416
20
455.940594
10
284.653465
20
455.940594
10
285.148515
20
455.445545
10
285.148515
20
454.950495
10
285.643564
20
454.455446
10
285.643564
20
453.960396
10
286.138614
20
453.465347
10
287.623762
20
453.465347
10
288.118812
20
452.970297
10
288.613861
20
452.970297
10
288.613861
20
452.475248
10
289.108911
20
452.475248
10
289.108911
20
451.980198
10
289.603960
20
451.980198
10
289.603960
20
450.990099
10
290.594059
20
450.000000
10
291.089109
20
450.000000
10
291.584158
20
449.504950
10
292.079208
20
449.504950
10
292.574257
20
449.009901
10
292.574257
20
447.524752
10
293.564356
20
447.524752
10
293.564356
20
447.029703
10
294.059406
20
446.534653
10
293.564356
20
446.039604
10
293.564356
20
445.049505
10
293.069307
20
445.049505
10
293.069307
20
444.059406
10
293.564356
20
444.059406
10
293.564356
20
443.564356
10
294.059406
20
443.069307
10
294.059406
20
441.584158
10
294.554455
20
441.584158
10
295.049505
20
441.089109
10
295.049505
20
440.594059
10
295.544554
20
440.099010
10
295.544554
20
439.108911
10
296.039604
20
439.108911
10
296.039604
20
438.613861
10
295.544554
20
438.613861
10
295.544554
20
438.118812
10
295.049505
20
437.623762
10
295.049505
20
436.633663
10
295.544554
20
436.138614
10
295.544554
20
435.148515
10
296.039604
20
434.653465
10
296.039604
20
434.158416
10
298.019802
20
434.158416
10
298.019802
20
433.663366
10
297.029703
20
433.663366
10
297.029703
20
433.168317
10
296.534653
20
432.673267
10
296.534653
20
432.178218
10
298.019802
20
432.178218
10
297.524752
20
431.683168
10
297.524752
20
431.188119
10
297.029703
20
431.188119
10
297.029703
20
430.693069
10
295.544554
20
429.207921
10
295.544554
20
426.237624
10
297.029703
20
424.752475
10
297.029703
20
424.257426
10
297.524752
20
424.257426
10
297.524752
20
423.762376
10
298.019802
20
423.762376
10
298.019802
20
423.267327
10
298.514851
20
423.267327
10
300.000000
20
421.782178
10
300.495050
20
421.782178
10
301.485149
20
420.792079
10
301.485149
20
420.297030
10
301.980198
20
420.297030
0
LWPOLYLINE
8
RIVERS
90
17
70
0
10
309.405941
20
464.851485
10
309.900990
20
464.851485
10
309.900990
20
464.356436
10
310.891089
20
464.356436
10
309.900990
20
463.366337
10
309.900990
20
462.871287
10
310.396040
20
462.376238
10
310.396040
20
460.891089
10
309.900990
20
460.396040
10
309.900990
20
459.900990
10
310.396040
20
459.405941
10
310.891089
20
459.405941
10
310.891089
20
458.910891
10
311.386139
20
458.910891
10
311.881188
20
458.415842
10
311.881188
20
457.920792
10
311.386139
20
457.920792
0
LWPOLYLINE
8
RIVERS
90
15
70
0
10
338.118812
20
459.405941
10
338.118812
20
458.910891
10
339.108911
20
458.910891
10
339.603960
20
459.405941
10
340.099010
20
459.405941
10
340.594059
20
459.900990
10
341.584158
20
459.900990
10
342.079208
20
459.405941
10
343.069307
20
459.405941
10
343.564356
20
458.910891
10
344.059406
20
458.910891
10
344.554455
20
458.415842
10
346.039604
20
458.415842
10
346.039604
20
457.920792
10
346.534653
20
457.920792
0
LWPOLYLINE
8
RIVERS
90
31
70
0
10
337.128713
20
458.415842
10
337.128713
20
457.920792
10
337.623762
20
457.425743
10
337.623762
20
455.940594
10
338.118812
20
455.940594
10
338.118812
20
454.950495
10
338.613861
20
454.950495
10
338.613861
20
454.455446
10
339.108911
20
454.455446
10
339.108911
20
453.465347
10
339.603960
20
453.465347
10
339.603960
20
452.970297
10
341.584158
20
450.990099
10
342.079208
20
450.990099
10
342.574257
20
450.495050
10
343.069307
20
450.495050
10
343.564356
20
450.000000
10
344.059406
20
450.000000
10
344.554455
20
449.504950
10
346.039604
20
449.504950
10
346.039604
20
449.009901
10
346.534653
20
449.009901
10
347.029703
20
448.514851
10
348.019802
20
448.514851
10
348.514851
20
448.019802
10
349.009901
20
448.019802
10
349.009901
20
447.524752
10
349.504950
20
447.524752
10
349.504950
20
447.029703
10
350.000000
20
447.029703
10
350.000000
20
446.534653
0
LWPOLYLINE
8
RIVERS
90
14
70
0
10
281.683168
20
457.425743
10
282.178218
20
456.930693
10
282.178218
20
455.940594
10
281.683168
20
455.445545
10
281.683168
20
453.465347
10
282.673267
20
452.475248
10
282.673267
20
451.485149
10
282.178218
20
450.990099
10
282.178218
20
450.000000
10
282.673267
20
450.000000
10
282.178218
20
449.504950
10
281.683168
20
449.504950
10
280.693069
20
448.514851
10
280.198020
20
448.514851
0
LWPOLYLINE
8
RIVERS
90
61
70
0
10
312.871287
20
457.425743
10
313.366337
20
457.425743
10
313.366337
20
456.435644
10
312.871287
20
455.940594
10
312.871287
20
455.445545
10
313.366337
20
454.950495
10
313.366337
20
453.960396
10
313.861386
20
453.960396
10
313.861386
20
453.465347
10
314.356436
20
453.465347
10
314.356436
20
452.970297
10
317.821782
20
449.504950
10
317.821782
20
449.009901
10
318.316832
20
449.009901
10
318.811881
20
448.514851
10
319.801980
20
448.514851
10
319.801980
20
447.029703
10
320.297030
20
447.029703
10
320.792079
20
446.534653
10
321.287129
20
446.534653
10
321.287129
20
445.049505
10
321.782178
20
444.554455
10
322.277228
20
444.554455
10
322.277228
20
444.059406
10
322.772277
20
444.059406
10
322.772277
20
443.564356
10
323.267327
20
443.069307
10
323.267327
20
442.574257
10
323.762376
20
442.574257
10
323.762376
20
442.079208
10
324.752475
20
442.079208
10
325.247525
20
441.584158
10
326.237624
20
441.584158
10
326.237624
20
442.079208
10
326.732673
20
442.079208
10
326.732673
20
442.574257
10
327.227723
20
442.574257
10
327.227723
20
443.069307
10
328.217822
20
443.069307
10
328.217822
20
442.574257
10
330.198020
20
442.574257
10
330.693069
20
442.079208
10
331.683168
20
442.079208
10
332.178218
20
441.584158
10
332.673267
20
441.584158
10
332.673267
20
441.089109
10
334.653465
20
441.089109
10
334.653465
20
440.594059
10
335.643564
20
440.594059
10
335.643564
20
440.099010
10
336.138614
20
440.099010
10
336.633663
20
439.603960
10
338.613861
20
439.603960
10
338.613861
20
439.108911
10
339.108911
20
439.108911
10
339.108911
20
438.613861
10
340.594059
20
438.613861
10
340.594059
20
438.118812
10
342.079208
20
438.118812
10
342.574257
20
438.613861
10
343.564356
20
438.613861
0
LWPOLYLINE
8
RIVERS
90
72
70
0
10
250.495050
20
450.000000
10
250.495050
20
450.495050
10
250.990099
20
450.000000
10
250.990099
20
446.534653
10
252.475248
20
446.534653
10
252.475248
20
446.039604
10
254.455446
20
444.059406
10
254.950495
20
444.059406
10
254.950495
20
443.564356
10
255.445545
20
443.564356
10
255.445545
20
443.069307
10
255.940594
20
443.069307
10
255.940594
20
442.574257
10
256.435644
20
442.574257
10
256.435644
20
442.079208
10
256.930693
20
442.079208
10
256.930693
20
441.089109
10
257.920792
20
440.099010
10
258.415842
20
440.099010
10
258.415842
20
439.603960
10
258.910891
20
439.603960
10
258.910891
20
439.108911
10
259.405941
20
438.613861
10
260.396040
20
438.613861
10
261.386139
20
437.623762
10
261.386139
20
436.138614
10
262.376238
20
436.138614
10
262.376238
20
435.148515
10
263.366337
20
434.158416
10
263.366337
20
433.663366
10
263.861386
20
433.663366
10
264.356436
20
433.168317
10
265.346535
20
433.168317
10
265.346535
20
432.673267
10
266.336634
20
432.673267
10
266.336634
20
432.178218
10
267.326733
20
432.178218
10
267.326733
20
431.683168
10
267.821782
20
431.188119
10
267.821782
20
429.207921
10
267.326733
20
428.712871
10
267.326733
20
428.217822
10
266.831683
20
428.217822
10
266.831683
20
426.732673
10
268.316832
20
425.247525
10
270.792079
20
425.247525
10
271.782178
20
424.257426
10
271.782178
20
423.762376
10
272.277228
20
423.762376
10
272.772277
20
423.267327
10
273.267327
20
423.267327
10
273.762376
20
422.772277
10
279.207921
20
422.772277
10
279.207921
20
423.267327
10
281.188119
20
423.267327
10
281.188119
20
422.772277
10
281.683168
20
422.772277
10
281.683168
20
422.277228
10
283.168317
20
422.277228
10
283.663366
20
421.782178
10
284.158416
20
421.782178
10
284.158416
20
423.267327
10
284.653465
20
423.762376
10
284.653465
20
426.237624
10
284.158416
20
426.237624
10
284.158416
20
426.732673
10
283.168317
20
427.722772
10
283.168317
20
428.712871
10
282.673267
20
429.207921
10
282.673267
20
430.198020
10
282.178218
20
430.693069
10
282.178218
20
431.188119
0
LWPOLYLINE
8
RIVERS
90
53
70
0
10
248.514851
20
449.009901
10
248.514851
20
448.514851
10
249.009901
20
448.019802
10
249.009901
20
447.029703
10
248.514851
20
446.534653
10
248.514851
20
446.039604
10
248.019802
20
445.544554
10
248.019802
20
445.049505
10
248.514851
20
445.049505
10
248.514851
20
443.069307
10
249.009901
20
443.069307
10
249.504950
20
442.574257
10
249.504950
20
442.079208
10
250.000000
20
441.584158
10
250.000000
20
441.089109
10
250.495050
20
440.594059
10
250.990099
20
440.594059
10
250.990099
20
440.099010
10
251.485149
20
439.603960
10
251.485149
20
438.613861
10
251.980198
20
438.118812
10
251.485149
20
437.623762
10
251.485149
20
437.128713
10
250.990099
20
437.128713
10
250.990099
20
435.148515
10
250.495050
20
435.148515
10
250.495050
20
434.653465
10
250.000000
20
434.158416
10
250.000000
20
432.673267
10
250.495050
20
432.178218
10
250.990099
20
432.178218
10
251.485149
20
431.683168
10
251.980198
20
431.683168
10
251.980198
20
431.188119
10
253.960396
20
431.188119
10
253.960396
20
430.693069
10
254.950495
20
430.693069
10
254.950495
20
430.198020
10
255.940594
20
430.198020
10
255.940594
20
429.702970
10
257.920792
20
429.702970
10
257.920792
20
429.207921
10
258.415842
20
429.207921
10
258.415842
20
428.217822
10
257.920792
20
427.722772
10
257.920792
20
426.732673
10
256.930693
20
425.742574
10
256.930693
20
425.247525
10
256.435644
20
424.752475
10
256.435644
20
424.257426
10
255.940594
20
424.257426
10
254.455446
20
422.772277
10
253.960396
20
422.772277
0
LWPOLYLINE
8
RIVERS
90
8
70
0
10
339.108911
20
438.118812
10
339.108911
20
437.128713
10
338.613861
20
437.128713
10
338.613861
20
436.633663
10
338.118812
20
436.633663
10
338.118812
20
434.653465
10
338.613861
20
434.158416
10
338.613861
20
433.663366
0
LWPOLYLINE
8
RIVERS
90
6
70
0
10
302.970297
20
436.138614
10
302.475248
20
436.138614
10
302.475248
20
435.643564
10
301.980198
20
435.148515
10
299.009901
20
435.148515
10
298.514851
20
434.653465
0
LWPOLYLINE
8
RIVERS
90
39
70
0
10
308.910891
20
435.148515
10
309.405941
20
435.148515
10
309.405941
20
434.653465
10
310.891089
20
434.653465
10
311.386139
20
434.158416
10
311.386139
20
433.663366
10
311.881188
20
433.663366
10
311.881188
20
433.168317
10
312.376238
20
433.168317
10
312.871287
20
432.673267
10
314.356436
20
432.673267
10
315.346535
20
431.683168
10
315.841584
20
431.683168
10
315.841584
20
431.188119
10
316.336634
20
431.188119
10
316.831683
20
430.693069
10
317.821782
20
430.693069
10
317.821782
20
430.198020
10
318.811881
20
430.198020
10
318.811881
20
429.702970
10
319.306931
20
429.207921
10
320.297030
20
429.207921
10
322.772277
20
426.732673
10
324.752475
20
426.732673
10
324.752475
20
426.237624
10
325.742574
20
426.237624
10
327.227723
20
424.752475
10
328.217822
20
424.752475
10
328.712871
20
424.257426
10
328.712871
20
423.267327
10
329.207921
20
423.267327
10
329.207921
20
422.772277
10
329.702970
20
422.772277
10
329.702970
20
422.277228
10
330.198020
20
422.277228
10
330.693069
20
421.782178
10
331.188119
20
421.782178
10
331.188119
20
421.287129
10
331.683168
20
421.287129
0
LWPOLYLINE
8
RIVERS
90
38
70
0
10
225.247525
20
429.207921
10
225.742574
20
429.207921
10
226.237624
20
428.712871
10
226.237624
20
427.722772
10
225.742574
20
427.227723
10
225.742574
20
425.247525
10
226.732673
20
425.247525
10
227.227723
20
424.752475
10
227.722772
20
424.752475
10
228.217822
20
425.247525
10
229.207921
20
424.257426
10
229.207921
20
423.762376
10
229.702970
20
423.762376
10
229.702970
20
423.267327
10
233.168317
20
423.267327
10
233.168317
20
423.762376
10
235.148515
20
423.762376
10
235.148515
20
424.257426
10
238.613861
20
424.257426
10
238.613861
20
423.762376
10
239.108911
20
423.762376
10
239.108911
20
422.772277
10
239.603960
20
422.277228
10
242.079208
20
422.277228
10
242.079208
20
422.772277
10
243.069307
20
422.772277
10
243.564356
20
422.277228
10
244.059406
20
422.277228
10
244.059406
20
421.782178
10
244.554455
20
421.782178
10
245.049505
20
421.287129
10
246.534653
20
421.287129
10
247.029703
20
421.782178
10
247.524752
20
421.782178
10
248.019802
20
422.277228
10
250.000000
20
422.277228
10
250.495050
20
421.782178
10
250.990099
20
421.782178
0
LWPOLYLINE
8
RIVERS
90
18
70
0
10
225.247525
20
425.742574
10
225.247525
20
425.247525
10
224.752475
20
424.752475
10
224.752475
20
423.762376
10
224.257426
20
423.762376
10
224.257426
20
423.267327
10
223.762376
20
423.267327
10
223.762376
20
422.772277
10
222.772277
20
422.772277
10
222.772277
20
422.277228
10
222.277228
20
421.782178
10
222.277228
20
421.287129
10
221.782178
20
421.287129
10
221.782178
20
420.792079
10
221.287129
20
420.297030
10
221.287129
20
419.306931
10
220.792079
20
419.306931
10
220.792079
20
418.811881
0
LWPOLYLINE
8
RIVERS
90
33
70
0
10
350.000000
20
422.277228
10
349.504950
20
422.277228
10
348.514851
20
421.287129
10
348.514851
20
420.792079
10
347.524752
20
420.792079
10
347.029703
20
420.297030
10
347.029703
20
419.306931
10
346.039604
20
418.316832
10
344.554455
20
418.316832
10
343.564356
20
417.326733
10
343.069307
20
417.326733
10
343.069307
20
416.336634
10
342.079208
20
416.336634
10
342.079208
20
414.356436
10
341.584158
20
414.356436
10
341.089109
20
413.861386
10
340.594059
20
413.861386
10
339.603960
20
412.871287
10
339.603960
20
410.891089
10
339.108911
20
410.891089
10
338.613861
20
410.396040
10
338.613861
20
408.910891
10
337.128713
20
408.910891
10
336.633663
20
408.415842
10
336.138614
20
408.415842
10
336.138614
20
407.425743
10
335.643564
20
407.425743
10
335.643564
20
406.435644
10
335.148515
20
406.435644
10
334.158416
20
405.445545
10
334.158416
20
404.455446
10
333.663366
20
404.455446
10
333.663366
20
404.950495
0
LWPOLYLINE
8
RIVERS
90
15
70
0
10
284.653465
20
421.782178
10
285.148515
20
421.287129
10
285.643564
20
421.287129
10
285.643564
20
420.792079
10
286.138614
20
420.297030
10
286.138614
20
418.811881
10
286.633663
20
418.316832
10
286.633663
20
416.831683
10
287.128713
20
416.336634
10
287.128713
20
415.841584
10
288.118812
20
415.841584
10
288.118812
20
415.346535
10
288.613861
20
415.346535
10
289.108911
20
414.851485
10
290.594059
20
414.851485
0
LWPOLYLINE
8
RIVERS
90
113
70
0
10
211.386139
20
417.326733
10
212.871287
20
415.841584
10
212.871287
20
413.366337
10
213.366337
20
412.871287
10
213.366337
20
412.376238
10
213.861386
20
412.376238
10
213.861386
20
411.881188
10
214.356436
20
411.881188
10
214.356436
20
410.891089
10
213.861386
20
410.396040
10
213.861386
20
409.900990
10
214.356436
20
409.900990
10
215.346535
20
408.910891
10
215.346535
20
408.415842
10
215.841584
20
407.920792
10
215.346535
20
407.425743
10
215.346535
20
406.435644
10
214.851485
20
406.435644
10
214.356436
20
405.940594
10
214.356436
20
402.970297
10
214.851485
20
402.970297
10
214.851485
20
402.475248
10
215.346535
20
402.475248
10
215.346535
20
401.980198
10
217.821782
20
401.980198
10
217.821782
20
400.000000
10
218.316832
20
399.504950
10
218.316832
20
399.009901
10
218.811881
20
399.009901
10
218.811881
20
398.019802
10
219.306931
20
397.524752
10
219.306931
20
395.544554
10
219.801980
20
395.049505
10
223.267327
20
395.049505
10
223.267327
20
394.554455
10
223.762376
20
394.059406
10
223.762376
20
393.564356
10
224.257426
20
393.069307
10
228.712871
20
393.069307
10
228.712871
20
392.574257
10
230.198020
20
392.574257
10
230.693069
20
392.079208
10
231.188119
20
392.079208
10
231.188119
20
391.584158
10
232.178218
20
391.584158
10
232.178218
20
392.079208
10
232.673267
20
392.574257
10
233.168317
20
392.574257
10
233.168317
20
394.059406
10
235.643564
20
396.534653
10
235.643564
20
397.029703
10
236.138614
20
397.029703
10
236.138614
20
397.524752
10
236.633663
20
397.524752
10
236.633663
20
398.019802
10
237.128713
20
398.019802
10
237.128713
20
398.514851
10
237.623762
20
398.514851
10
237.623762
20
399.009901
10
238.118812
20
399.504950
10
238.118812
20
401.485149
10
238.613861
20
401.980198
10
239.108911
20
401.980198
10
239.603960
20
402.475248
10
240.099010
20
402.475248
10
241.584158
20
403.960396
10
242.079208
20
403.960396
10
242.079208
20
404.455446
10
244.059406
20
404.455446
10
245.049505
20
405.445545
10
245.544554
20
405.445545
10
245.544554
20
405.940594
10
246.039604
20
405.940594
10
246.534653
20
406.435644
10
248.019802
20
406.435644
10
248.019802
20
406.930693
10
250.495050
20
406.930693
10
250.495050
20
407.425743
10
251.485149
20
407.425743
10
252.475248
20
408.415842
10
252.970297
20
408.415842
10
253.465347
20
408.910891
10
254.455446
20
408.910891
10
254.455446
20
409.405941
10
254.950495
20
409.405941
10
254.950495
20
409.900990
10
255.445545
20
410.396040
10
255.445545
20
410.891089
10
255.940594
20
410.891089
10
255.940594
20
412.871287
10
256.435644
20
412.871287
10
256.435644
20
413.861386
10
256.930693
20
414.356436
10
257.425743
20
414.356436
10
257.425743
20
414.851485
10
257.920792
20
414.851485
10
258.910891
20
415.841584
10
259.900990
20
415.841584
10
260.891089
20
416.831683
10
262.376238
20
416.831683
10
262.871287
20
417.326733
10
264.851485
20
417.326733
10
265.346535
20
417.821782
10
269.306931
20
417.821782
10
269.801980
20
417.326733
10
272.772277
20
417.326733
10
273.267327
20
416.831683
10
273.762376
20
416.831683
10
273.762376
20
416.336634
10
275.247525
20
416.336634
10
275.247525
20
415.841584
10
275.742574
20
415.841584
10
275.742574
20
415.346535
0
LWPOLYLINE
8
RIVERS
90
8
70
0
10
213.366337
20
409.405941
10
213.366337
20
408.910891
10
212.871287
20
408.910891
10
212.871287
20
408.415842
10
213.366337
20
407.920792
10
213.366337
20
405.940594
10
213.861386
20
405.445545
10
213.861386
20
403.960396
0
LWPOLYLINE
8
RIVERS
90
118
70
0
10
280.198020
20
406.435644
10
280.198020
20
405.940594
10
280.693069
20
405.445545
10
280.693069
20
404.950495
10
281.188119
20
404.455446
10
281.188119
20
403.465347
10
281.683168
20
403.465347
10
281.683168
20
402.475248
10
282.178218
20
402.475248
10
282.178218
20
401.980198
10
281.683168
20
401.485149
10
281.683168
20
400.000000
10
281.188119
20
399.504950
10
281.188119
20
399.009901
10
280.693069
20
398.514851
10
280.693069
20
396.039604
10
280.198020
20
395.544554
10
280.198020
20
392.574257
10
281.188119
20
391.584158
10
281.188119
20
391.089109
10
281.683168
20
390.594059
10
281.683168
20
389.603960
10
282.178218
20
389.108911
10
282.178218
20
388.613861
10
282.673267
20
388.118812
10
283.168317
20
388.118812
10
283.168317
20
387.623762
10
283.663366
20
387.623762
10
283.663366
20
387.128713
10
284.158416
20
387.128713
10
284.653465
20
386.633663
10
284.653465
20
385.643564
10
285.148515
20
385.148515
10
285.148515
20
384.158416
10
286.138614
20
384.158416
10
287.128713
20
385.148515
10
287.623762
20
385.148515
10
288.118812
20
385.643564
10
288.613861
20
385.643564
10
288.613861
20
386.138614
10
289.108911
20
386.138614
10
290.099010
20
387.128713
10
290.099010
20
387.623762
10
290.594059
20
388.118812
10
290.594059
20
388.613861
10
291.089109
20
388.613861
10
291.089109
20
389.108911
10
291.584158
20
389.603960
10
291.584158
20
390.099010
10
292.079208
20
390.099010
10
292.079208
20
389.603960
10
293.069307
20
389.603960
10
293.069307
20
389.108911
10
293.564356
20
389.108911
10
293.564356
20
388.613861
10
294.554455
20
387.623762
10
297.029703
20
387.623762
10
297.524752
20
388.118812
10
298.019802
20
388.118812
10
298.019802
20
388.613861
10
298.514851
20
389.108911
10
298.514851
20
390.099010
10
299.009901
20
390.594059
10
299.504950
20
390.594059
10
300.000000
20
391.089109
10
300.495050
20
391.089109
10
300.990099
20
391.584158
10
300.990099
20
392.079208
10
301.485149
20
392.079208
10
301.485149
20
392.574257
10
301.980198
20
392.574257
10
301.980198
20
393.069307
10
302.970297
20
394.059406
10
305.940594
20
394.059406
10
306.435644
20
393.564356
10
306.930693
20
393.564356
10
307.425743
20
394.059406
10
307.920792
20
394.059406
10
308.415842
20
394.554455
10
308.910891
20
394.554455
10
308.910891
20
395.049505
10
309.405941
20
395.049505
10
309.405941
20
395.544554
10
309.900990
20
395.544554
10
310.396040
20
395.049505
10
311.386139
20
395.049505
10
311.881188
20
394.554455
10
312.871287
20
394.554455
10
312.871287
20
395.049505
10
315.841584
20
395.049505
10
316.336634
20
395.544554
10
321.287129
20
395.544554
10
321.287129
20
395.049505
10
322.772277
20
395.049505
10
323.267327
20
395.544554
10
326.732673
20
395.544554
10
326.732673
20
395.049505
10
327.227723
20
395.049505
10
327.722772
20
395.544554
10
327.722772
20
396.039604
10
328.217822
20
396.039604
10
328.217822
20
396.534653
10
328.712871
20
396.534653
10
328.712871
20
397.029703
10
329.702970
20
397.029703
10
330.198020
20
397.524752
10
330.693069
20
397.524752
10
331.188119
20
398.019802
10
331.188119
20
400.495050
10
331.683168
20
400.495050
10
331.683168
20
400.990099
10
332.178218
20
401.485149
10
332.178218
20
401.980198
10
332.673267
20
401.980198
10
332.673267
20
402.475248
10
333.168317
20
402.970297
10
333.168317
20
403.465347
10
333.663366
20
403.960396
0
LWPOLYLINE
8
RIVERS
90
55
70
0
10
314.851485
20
406.435644
10
314.851485
20
405.940594
10
313.861386
20
405.940594
10
313.861386
20
405.445545
10
313.366337
20
405.445545
10
313.366337
20
404.455446
10
312.376238
20
404.455446
10
312.376238
20
403.960396
10
311.386139
20
403.960396
10
311.386139
20
404.455446
10
310.891089
20
404.455446
10
310.891089
20
403.960396
10
310.396040
20
403.465347
10
309.405941
20
403.465347
10
308.910891
20
402.970297
10
308.415842
20
402.970297
10
307.425743
20
401.980198
10
306.930693
20
401.980198
10
306.435644
20
402.475248
10
306.435644
20
402.970297
10
305.940594
20
402.970297
10
305.445545
20
402.475248
10
304.950495
20
402.475248
10
304.950495
20
401.980198
10
303.960396
20
401.980198
10
303.465347
20
401.485149
10
302.970297
20
401.485149
10
302.475248
20
401.980198
10
300.990099
20
401.980198
10
300.990099
20
401.485149
10
299.009901
20
401.485149
10
298.514851
20
400.990099
10
298.514851
20
400.495050
10
298.019802
20
400.000000
10
298.019802
20
399.504950
10
297.524752
20
399.504950
10
297.524752
20
399.009901
10
297.029703
20
398.514851
10
297.029703
20
398.019802
10
296.534653
20
398.019802
10
296.534653
20
397.524752
10
296.039604
20
397.029703
10
296.039604
20
396.534653
10
295.544554
20
396.534653
10
295.544554
20
395.544554
10
295.049505
20
395.049505
10
295.049505
20
394.554455
10
295.544554
20
394.554455
10
295.544554
20
394.059406
10
296.039604
20
393.564356
10
295.544554
20
393.069307
10
295.049505
20
393.069307
10
295.049505
20
392.574257
10
294.554455
20
392.574257
10
292.574257
20
390.594059
0
LWPOLYLINE
8
RIVERS
90
131
70
0
10
188.118812
20
401.485149
10
188.118812
20
401.980198
10
188.613861
20
401.485149
10
188.613861
20
400.990099
10
189.603960
20
400.990099
10
189.603960
20
400.495050
10
190.594059
20
400.495050
10
191.584158
20
399.504950
10
193.069307
20
399.504950
10
193.564356
20
400.000000
10
194.554455
20
400.000000
10
194.554455
20
399.504950
10
195.049505
20
399.504950
10
195.544554
20
399.009901
10
196.039604
20
399.009901
10
196.534653
20
399.504950
10
196.534653
20
400.000000
10
197.524752
20
400.000000
10
197.524752
20
399.504950
10
197.029703
20
399.009901
10
197.029703
20
398.514851
10
197.524752
20
398.019802
10
197.524752
20
396.039604
10
198.019802
20
396.039604
10
198.019802
20
393.564356
10
198.514851
20
393.069307
10
198.514851
20
392.079208
10
199.009901
20
392.079208
10
199.009901
20
390.099010
10
200.000000
20
390.099010
10
200.000000
20
391.089109
10
200.990099
20
391.089109
10
200.990099
20
390.594059
10
201.485149
20
390.594059
10
201.980198
20
390.099010
10
202.475248
20
390.099010
10
202.970297
20
389.603960
10
202.475248
20
389.108911
10
202.475248
20
388.613861
10
201.980198
20
388.613861
10
201.980198
20
387.128713
10
202.475248
20
387.128713
10
202.475248
20
385.643564
10
204.950495
20
385.643564
10
204.950495
20
386.138614
10
205.445545
20
386.138614
10
205.940594
20
386.633663
10
206.435644
20
386.633663
10
206.435644
20
387.128713
10
206.930693
20
386.633663
10
207.425743
20
386.633663
10
207.920792
20
386.138614
10
207.920792
20
385.643564
10
208.415842
20
385.643564
10
208.910891
20
385.148515
10
210.396040
20
385.148515
10
210.396040
20
384.653465
10
210.891089
20
384.653465
10
210.891089
20
384.158416
10
212.376238
20
384.158416
10
213.366337
20
383.168317
10
213.366337
20
382.673267
10
214.356436
20
381.683168
10
214.851485
20
381.683168
10
214.851485
20
380.693069
10
215.346535
20
380.693069
10
215.346535
20
379.207921
10
215.841584
20
379.207921
10
215.841584
20
378.217822
10
216.336634
20
377.722772
10
216.336634
20
376.237624
10
216.831683
20
376.237624
10
216.831683
20
375.742574
10
217.326733
20
375.742574
10
217.326733
20
374.752475
10
216.831683
20
374.257426
10
216.831683
20
373.762376
10
217.326733
20
373.762376
10
217.326733
20
373.267327
10
217.821782
20
373.267327
10
218.316832
20
372.772277
10
218.316832
20
372.277228
10
218.811881
20
372.277228
10
218.811881
20
371.782178
10
219.306931
20
371.782178
10
219.306931
20
371.287129
10
219.801980
20
371.287129
10
219.801980
20
370.792079
10
220.792079
20
370.792079
10
221.287129
20
370.297030
10
222.277228
20
370.297030
10
222.277228
20
369.801980
10
223.267327
20
369.801980
10
223.267327
20
368.811881
10
225.742574
20
366.336634
10
226.732673
20
366.336634
10
227.722772
20
365.346535
10
228.217822
20
365.346535
10
228.217822
20
365.841584
10
228.712871
20
365.841584
10
228.712871
20
365.346535
10
229.207921
20
365.346535
10
229.207921
20
364.851485
10
229.702970
20
364.356436
10
229.702970
20
363.861386
10
230.198020
20
363.861386
10
230.198020
20
363.366337
10
230.693069
20
362.871287
10
230.693069
20
362.376238
10
231.188119
20
362.376238
10
231.188119
20
361.881188
10
231.683168
20
361.386139
10
231.683168
20
360.891089
10
232.178218
20
360.396040
10
233.168317
20
360.396040
10
233.168317
20
359.900990
10
233.663366
20
359.900990
10
234.158416
20
359.405941
10
234.653465
20
359.405941
10
235.148515
20
358.910891
10
237.623762
20
358.910891
10
238.118812
20
359.405941
10
238.613861
20
359.405941
10
239.108911
20
359.900990
10
240.099010
20
359.900990
10
240.594059
20
360.396040
10
241.089109
20
360.396040
10
241.089109
20
360.891089
10
241.584158
20
361.386139
10
241.584158
20
361.881188
10
242.079208
20
361.881188
0
LWPOLYLINE
8
RIVERS
90
58
70
0
10
187.623762
20
400.990099
10
188.118812
20
400.990099
10
187.623762
20
400.495050
10
187.128713
20
400.495050
10
187.128713
20
398.514851
10
186.633663
20
398.019802
10
186.633663
20
397.524752
10
187.623762
20
397.524752
10
187.623762
20
397.029703
10
186.633663
20
396.039604
10
186.633663
20
395.049505
10
187.623762
20
395.049505
10
188.118812
20
395.544554
10
188.613861
20
395.049505
10
188.613861
20
393.564356
10
188.118812
20
393.069307
10
190.099010
20
391.089109
10
189.603960
20
390.594059
10
189.603960
20
389.108911
10
190.099010
20
389.108911
10
190.099010
20
388.613861
10
192.079208
20
388.613861
10
192.079208
20
388.118812
10
191.584158
20
387.623762
10
191.584158
20
386.138614
10
192.079208
20
385.643564
10
192.079208
20
385.148515
10
192.574257
20
384.653465
10
192.574257
20
384.158416
10
193.069307
20
383.663366
10
193.069307
20
383.168317
10
193.564356
20
383.168317
10
194.059406
20
382.673267
10
194.554455
20
382.673267
10
195.544554
20
381.683168
10
195.544554
20
381.188119
10
196.039604
20
381.188119
10
196.039604
20
380.198020
10
195.544554
20
379.702970
10
195.544554
20
377.722772
10
196.534653
20
377.722772
10
196.534653
20
377.227723
10
197.029703
20
377.227723
10
197.524752
20
376.732673
10
197.524752
20
376.237624
10
198.019802
20
376.237624
10
198.019802
20
375.742574
10
199.009901
20
374.752475
10
199.009901
20
374.257426
10
199.504950
20
374.257426
10
199.504950
20
373.762376
10
200.000000
20
373.762376
10
200.000000
20
372.772277
10
200.495050
20
372.772277
10
200.000000
20
372.277228
10
200.000000
20
370.297030
10
199.504950
20
370.297030
10
199.504950
20
372.277228
0
LWPOLYLINE
8
RIVERS
90
11
70
0
10
185.148515
20
398.514851
10
185.643564
20
398.514851
10
185.643564
20
398.019802
10
185.148515
20
398.019802
10
184.653465
20
397.524752
10
184.653465
20
397.029703
10
184.158416
20
396.534653
10
183.663366
20
396.534653
10
183.663366
20
395.544554
10
183.168317
20
395.544554
10
183.168317
20
396.039604
0
LWPOLYLINE
8
RIVERS
90
13
70
0
10
184.158416
20
395.049505
10
184.653465
20
395.049505
10
184.653465
20
393.564356
10
184.158416
20
393.069307
10
184.158416
20
392.574257
10
185.148515
20
392.574257
10
185.148515
20
391.584158
10
186.138614
20
391.584158
10
186.138614
20
390.594059
10
186.633663
20
390.594059
10
186.633663
20
389.108911
10
186.138614
20
389.108911
10
186.138614
20
389.603960
0
LWPOLYLINE
8
RIVERS
90
38
70
0
10
251.980198
20
392.574257
10
253.960396
20
392.574257
10
254.455446
20
392.079208
10
255.940594
20
392.079208
10
256.435644
20
391.584158
10
257.425743
20
391.584158
10
257.425743
20
391.089109
10
257.920792
20
390.594059
10
257.920792
20
390.099010
10
259.405941
20
388.613861
10
261.881188
20
388.613861
10
261.881188
20
388.118812
10
262.376238
20
388.118812
10
262.376238
20
387.623762
10
262.871287
20
387.128713
10
263.861386
20
387.128713
10
263.861386
20
387.623762
10
265.346535
20
387.623762
10
265.346535
20
388.118812
10
266.831683
20
388.118812
10
267.326733
20
388.613861
10
268.316832
20
388.613861
10
268.811881
20
388.118812
10
268.811881
20
387.623762
10
269.306931
20
387.623762
10
269.306931
20
387.128713
10
269.801980
20
387.128713
10
270.297030
20
386.633663
10
271.287129
20
386.633663
10
271.287129
20
386.138614
10
272.772277
20
386.138614
10
273.267327
20
385.643564
10
273.762376
20
385.643564
10
273.762376
20
387.623762
10
274.752475
20
388.613861
10
274.752475
20
390.099010
10
275.247525
20
390.594059
10
275.247525
20
391.089109
0
LWPOLYLINE
8
RIVERS
90
47
70
0
10
251.485149
20
392.079208
10
251.980198
20
392.079208
10
251.485149
20
391.584158
10
250.990099
20
391.584158
10
250.495050
20
391.089109
10
250.495050
20
390.594059
10
250.000000
20
390.099010
10
250.000000
20
389.603960
10
249.504950
20
389.603960
10
249.504950
20
389.108911
10
249.009901
20
389.108911
10
249.009901
20
388.613861
10
248.514851
20
388.613861
10
248.514851
20
388.118812
10
248.019802
20
388.118812
10
248.019802
20
387.623762
10
247.524752
20
387.623762
10
247.524752
20
387.128713
10
247.029703
20
387.128713
10
247.029703
20
386.633663
10
246.039604
20
385.643564
10
245.544554
20
385.643564
10
245.049505
20
385.148515
10
244.554455
20
385.148515
10
244.554455
20
384.653465
10
243.564356
20
384.653465
10
243.564356
20
384.158416
10
242.574257
20
384.158416
10
242.574257
20
383.663366
10
240.099010
20
383.663366
10
240.099010
20
384.158416
10
239.603960
20
384.158416
10
237.623762
20
386.138614
10
237.128713
20
386.138614
10
237.128713
20
386.633663
10
236.138614
20
386.633663
10
235.643564
20
387.128713
10
235.148515
20
387.128713
10
234.653465
20
387.623762
10
233.663366
20
387.623762
10
233.168317
20
388.118812
10
232.673267
20
388.118812
10
232.673267
20
388.613861
10
232.178218
20
389.108911
10
232.178218
20
389.603960
10
231.683168
20
390.099010
10
231.683168
20
391.089109
0
LWPOLYLINE
8
RIVERS
90
31
70
0
10
270.792079
20
386.138614
10
271.287129
20
385.643564
10
271.782178
20
385.643564
10
271.782178
20
385.148515
10
272.277228
20
385.148515
10
272.277228
20
384.653465
10
272.772277
20
384.653465
10
272.772277
20
384.158416
10
273.267327
20
384.158416
10
273.762376
20
384.653465
10
273.762376
20
385.148515
10
274.257426
20
384.653465
10
275.247525
20
384.653465
10
275.247525
20
385.148515
10
275.742574
20
385.148515
10
275.742574
20
384.653465
10
276.237624
20
384.653465
10
277.722772
20
383.168317
10
279.207921
20
383.168317
10
279.207921
20
383.663366
10
280.198020
20
383.663366
10
280.198020
20
382.178218
10
281.188119
20
382.178218
10
281.188119
20
381.683168
10
283.663366
20
381.683168
10
283.663366
20
382.178218
10
284.158416
20
382.178218
10
284.158416
20
382.673267
10
284.653465
20
382.673267
10
284.653465
20
383.168317
10
285.148515
20
383.663366
0
LWPOLYLINE
8
RIVERS
90
40
70
0
10
325.742574
20
383.663366
10
325.247525
20
383.168317
10
324.752475
20
383.168317
10
324.257426
20
382.673267
10
323.762376
20
382.673267
10
323.762376
20
382.178218
10
323.267327
20
382.178218
10
321.287129
20
380.198020
10
321.287129
20
376.237624
10
321.782178
20
376.237624
10
321.782178
20
374.257426
10
321.287129
20
373.762376
10
321.287129
20
372.277228
10
320.792079
20
372.277228
10
320.792079
20
371.782178
10
320.297030
20
371.287129
10
320.297030
20
370.792079
10
319.801980
20
370.792079
10
319.306931
20
370.297030
10
318.811881
20
370.297030
10
318.316832
20
369.801980
10
317.821782
20
369.801980
10
316.831683
20
368.811881
10
316.831683
20
368.316832
10
316.336634
20
368.316832
10
316.336634
20
367.821782
10
315.841584
20
367.821782
10
315.841584
20
372.277228
10
315.346535
20
372.277228
10
315.346535
20
373.267327
10
313.861386
20
374.752475
10
313.861386
20
375.742574
10
313.366337
20
376.237624
10
313.366337
20
377.227723
10
312.871287
20
377.722772
10
312.871287
20
378.712871
10
312.376238
20
378.712871
10
312.376238
20
381.188119
10
312.871287
20
381.683168
10
312.871287
20
382.178218
0
LWPOLYLINE
8
RIVERS
90
84
70
0
10
280.693069
20
381.683168
10
280.198020
20
381.188119
10
280.198020
20
380.693069
10
279.702970
20
380.693069
10
279.702970
20
378.712871
10
279.207921
20
378.712871
10
279.207921
20
378.217822
10
278.712871
20
378.217822
10
278.217822
20
377.722772
10
277.722772
20
377.722772
10
277.227723
20
377.227723
10
277.227723
20
375.247525
10
276.237624
20
375.247525
10
276.237624
20
374.752475
10
275.742574
20
374.752475
10
275.247525
20
374.257426
10
274.752475
20
374.257426
10
274.257426
20
373.762376
10
274.257426
20
373.267327
10
273.762376
20
373.267327
10
273.762376
20
372.772277
10
273.267327
20
372.772277
10
273.267327
20
372.277228
10
272.772277
20
371.782178
10
272.772277
20
371.287129
10
270.792079
20
371.287129
10
270.792079
20
370.792079
10
270.297030
20
370.792079
10
270.297030
20
370.297030
10
269.801980
20
370.297030
10
269.801980
20
369.801980
10
269.306931
20
369.306931
10
269.306931
20
366.831683
10
269.801980
20
366.831683
10
269.801980
20
366.336634
10
270.792079
20
366.336634
10
271.287129
20
365.841584
10
272.772277
20
365.841584
10
273.267327
20
365.346535
10
273.267327
20
364.851485
10
273.762376
20
364.851485
10
273.762376
20
364.356436
10
274.752475
20
364.356436
10
274.752475
20
364.851485
10
277.227723
20
364.851485
10
277.227723
20
365.346535
10
277.722772
20
365.346535
10
278.217822
20
365.841584
10
278.712871
20
365.841584
10
278.712871
20
366.336634
10
280.198020
20
366.336634
10
280.198020
20
365.841584
10
283.663366
20
365.841584
10
283.663366
20
366.336634
10
289.603960
20
366.336634
10
289.603960
20
366.831683
10
290.594059
20
366.831683
10
291.089109
20
367.326733
10
292.574257
20
367.326733
10
292.574257
20
367.821782
10
294.554455
20
367.821782
10
295.544554
20
368.811881
10
297.524752
20
368.811881
10
297.524752
20
369.306931
10
298.019802
20
369.306931
10
298.019802
20
369.801980
10
298.514851
20
369.801980
10
299.504950
20
370.792079
10
300.990099
20
370.792079
10
300.990099
20
371.287129
10
303.465347
20
371.287129
10
304.455446
20
372.277228
10
304.455446
20
372.772277
10
304.950495
20
373.267327
10
304.950495
20
373.762376
10
305.445545
20
373.762376
10
305.445545
20
374.257426
10
306.435644
20
375.247525
10
306.435644
20
375.742574
10
306.930693
20
375.742574
10
306.930693
20
376.237624
10
307.425743
20
376.237624
10
307.425743
20
376.732673
10
308.415842
20
376.732673
0
LWPOLYLINE
8
RIVERS
90
34
70
0
10
167.821782
20
377.227723
10
167.821782
20
376.732673
10
168.316832
20
376.732673
10
168.316832
20
376.237624
10
169.306931
20
376.237624
10
169.801980
20
376.732673
10
170.792079
20
376.732673
10
170.792079
20
375.742574
10
171.287129
20
375.247525
10
171.782178
20
375.247525
10
171.782178
20
374.752475
10
172.772277
20
374.752475
10
173.267327
20
374.257426
10
173.267327
20
373.762376
10
172.772277
20
373.267327
10
172.277228
20
373.762376
10
171.782178
20
373.762376
10
171.287129
20
373.267327
10
170.792079
20
373.267327
10
170.792079
20
371.782178
10
171.782178
20
371.782178
10
171.782178
20
371.287129
10
172.277228
20
371.287129
10
172.277228
20
370.792079
10
173.267327
20
370.792079
10
173.762376
20
370.297030
10
174.752475
20
370.297030
10
175.247525
20
369.801980
10
175.742574
20
369.801980
10
175.742574
20
369.306931
10
176.237624
20
369.306931
10
176.732673
20
368.811881
10
179.702970
20
368.811881
10
179.702970
20
369.306931
0
LWPOLYLINE
8
RIVERS
90
90
70
0
10
144.554455
20
376.732673
10
144.554455
20
373.762376
10
145.049505
20
373.267327
10
145.544554
20
373.267327
10
146.039604
20
372.772277
10
146.534653
20
372.772277
10
147.029703
20
372.277228
10
147.524752
20
372.277228
10
148.019802
20
371.782178
10
149.009901
20
371.782178
10
149.009901
20
371.287129
10
149.504950
20
371.287129
10
149.504950
20
370.792079
10
150.000000
20
370.792079
10
150.990099
20
369.801980
10
151.485149
20
369.801980
10
151.485149
20
369.306931
10
151.980198
20
369.306931
10
151.980198
20
368.316832
10
152.475248
20
368.316832
10
152.475248
20
367.326733
10
152.970297
20
366.831683
10
152.970297
20
366.336634
10
153.465347
20
365.841584
10
153.465347
20
365.346535
10
154.950495
20
363.861386
10
154.950495
20
363.366337
10
154.455446
20
362.871287
10
153.960396
20
362.871287
10
153.960396
20
361.881188
10
153.465347
20
361.881188
10
153.465347
20
362.376238
10
152.970297
20
362.376238
10
152.475248
20
361.881188
10
152.475248
20
361.386139
10
150.495050
20
361.386139
10
150.495050
20
360.891089
10
150.000000
20
360.891089
10
149.009901
20
359.900990
10
149.009901
20
359.405941
10
148.514851
20
358.910891
10
148.514851
20
358.415842
10
148.019802
20
358.415842
10
147.524752
20
357.920792
10
147.029703
20
357.920792
10
146.534653
20
357.425743
10
146.039604
20
357.425743
10
145.544554
20
356.930693
10
145.049505
20
356.930693
10
144.554455
20
356.435644
10
144.059406
20
356.435644
10
144.059406
20
355.940594
10
143.564356
20
355.940594
10
143.564356
20
355.445545
10
143.069307
20
355.445545
10
142.574257
20
354.950495
10
141.584158
20
354.950495
10
141.089109
20
354.455446
10
140.594059
20
354.455446
10
140.594059
20
353.960396
10
140.099010
20
353.465347
10
138.613861
20
353.465347
10
138.613861
20
352.970297
10
138.118812
20
352.970297
10
138.118812
20
352.475248
10
137.623762
20
352.475248
10
136.138614
20
350.990099
10
135.643564
20
350.990099
10
135.643564
20
350.495050
10
134.653465
20
350.495050
10
134.653465
20
349.504950
10
134.158416
20
349.504950
10
134.158416
20
349.009901
10
133.663366
20
348.514851
10
132.673267
20
348.514851
10
132.178218
20
348.019802
10
131.683168
20
348.019802
10
131.683168
20
347.524752
10
131.188119
20
347.524752
10
130.693069
20
347.029703
10
130.198020
20
347.029703
10
130.198020
20
346.534653
10
129.702970
20
346.039604
10
129.702970
20
345.544554
10
129.207921
20
345.049505
10
129.702970
20
344.554455
10
129.702970
20
343.069307
10
130.198020
20
342.574257
10
130.198020
20
342.079208
10
130.693069
20
342.079208
0
LWPOLYLINE
8
RIVERS
90
34
70
0
10
207.920792
20
375.742574
10
208.415842
20
375.247525
10
208.415842
20
374.752475
10
208.910891
20
374.257426
10
208.910891
20
373.267327
10
209.405941
20
373.267327
10
209.405941
20
371.287129
10
208.910891
20
371.287129
10
208.910891
20
369.801980
10
208.415842
20
369.306931
10
208.415842
20
368.316832
10
207.920792
20
368.316832
10
207.920792
20
367.821782
10
207.425743
20
367.326733
10
207.425743
20
366.831683
10
206.930693
20
366.831683
10
206.930693
20
366.336634
10
206.435644
20
366.336634
10
206.435644
20
365.346535
10
205.940594
20
365.346535
10
205.940594
20
364.356436
10
205.445545
20
363.861386
10
205.445545
20
362.376238
10
205.940594
20
362.376238
10
205.940594
20
361.881188
10
206.435644
20
361.881188
10
206.435644
20
360.891089
10
206.930693
20
360.891089
10
206.930693
20
360.396040
10
207.425743
20
359.900990
10
207.920792
20
359.900990
10
207.920792
20
358.415842
10
207.425743
20
358.415842
10
207.425743
20
359.405941
0
LWPOLYLINE
8
RIVERS
90
11
70
0
10
350.000000
20
375.742574
10
349.504950
20
375.742574
10
349.009901
20
375.247525
10
348.019802
20
375.247525
10
348.019802
20
374.752475
10
346.534653
20
374.752475
10
346.534653
20
374.257426
10
342.079208
20
374.257426
10
342.079208
20
373.762376
10
338.613861
20
373.762376
10
338.613861
20
373.267327
0
LWPOLYLINE
8
RIVERS
90
51
70
0
10
199.504950
20
369.801980
10
199.504950
20
367.326733
10
198.514851
20
367.326733
10
198.514851
20
365.346535
10
198.019802
20
365.346535
10
197.524752
20
364.851485
10
197.029703
20
364.851485
10
197.029703
20
364.356436
10
196.534653
20
363.861386
10
194.554455
20
363.861386
10
193.564356
20
362.871287
10
193.069307
20
362.871287
10
193.069307
20
360.396040
10
193.564356
20
359.900990
10
193.564356
20
358.910891
10
194.059406
20
358.910891
10
194.059406
20
357.920792
10
194.554455
20
357.920792
10
194.554455
20
355.940594
10
193.564356
20
355.940594
10
193.564356
20
355.445545
10
193.069307
20
355.445545
10
193.069307
20
353.960396
10
193.564356
20
353.960396
10
193.564356
20
352.475248
10
193.069307
20
351.980198
10
193.069307
20
350.000000
10
193.564356
20
350.000000
10
193.564356
20
348.514851
10
194.059406
20
348.514851
10
194.059406
20
347.029703
10
194.554455
20
346.534653
10
194.554455
20
346.039604
10
197.029703
20
346.039604
10
197.029703
20
346.534653
10
198.019802
20
346.534653
10
198.019802
20
347.029703
10
198.514851
20
346.534653
10
199.009901
20
346.534653
10
199.009901
20
346.039604
10
200.000000
20
346.039604
10
200.495050
20
345.544554
10
200.990099
20
345.544554
10
201.485149
20
345.049505
10
201.980198
20
345.049505
10
202.970297
20
344.059406
10
202.970297
20
343.564356
10
203.465347
20
343.564356
10
202.970297
20
343.069307
10
202.970297
20
342.574257
10
201.980198
20
342.574257
0
LWPOLYLINE
8
RIVERS
90
17
70
0
10
90.594059
20
369.306931
10
91.089109
20
369.306931
10
91.089109
20
368.811881
10
91.584158
20
368.811881
10
91.584158
20
368.316832
10
92.574257
20
368.316832
10
93.069307
20
367.821782
10
93.564356
20
367.821782
10
94.059406
20
367.326733
10
96.039604
20
367.326733
10
97.029703
20
366.336634
10
98.019802
20
366.336634
10
98.019802
20
365.841584
10
99.504950
20
365.841584
10
99.504950
20
365.346535
10
100.000000
20
365.346535
10
100.495050
20
364.851485
0
LWPOLYLINE
8
RIVERS
90
5
70
0
10
264.851485
20
369.306931
10
264.851485
20
368.811881
10
268.316832
20
368.811881
10
268.316832
20
369.306931
10
268.811881
20
369.306931
0
LWPOLYLINE
8
RIVERS
90
30
70
0
10
264.356436
20
368.811881
10
263.366337
20
368.811881
10
261.386139
20
366.831683
10
257.425743
20
366.831683
10
257.425743
20
366.336634
10
256.435644
20
366.336634
10
255.940594
20
365.841584
10
254.950495
20
365.841584
10
254.950495
20
365.346535
10
253.465347
20
365.346535
10
252.970297
20
365.841584
10
251.980198
20
365.841584
10
251.485149
20
366.336634
10
250.990099
20
366.336634
10
250.990099
20
366.831683
10
249.009901
20
366.831683
10
249.009901
20
366.336634
10
248.514851
20
366.336634
10
248.019802
20
365.841584
10
247.029703
20
365.841584
10
247.029703
20
365.346535
10
245.544554
20
365.346535
10
245.049505
20
364.851485
10
243.564356
20
364.851485
10
243.564356
20
365.346535
10
243.069307
20
365.346535
10
243.069307
20
366.336634
10
242.574257
20
366.336634
10
242.574257
20
367.326733
10
242.079208
20
367.326733
0
LWPOLYLINE
8
RIVERS
90
86
70
0
10
179.702970
20
368.316832
10
180.198020
20
368.316832
10
180.198020
20
366.831683
10
180.693069
20
366.831683
10
181.188119
20
367.326733
10
182.178218
20
367.326733
10
182.178218
20
367.821782
10
183.168317
20
367.821782
10
183.168317
20
366.831683
10
182.673267
20
366.831683
10
182.673267
20
365.841584
10
182.178218
20
365.841584
10
182.178218
20
363.366337
10
181.683168
20
363.366337
10
181.683168
20
361.881188
10
181.188119
20
361.881188
10
181.188119
20
361.386139
10
180.693069
20
360.891089
10
180.693069
20
358.415842
10
180.198020
20
358.415842
10
180.198020
20
357.425743
10
179.702970
20
357.425743
10
179.207921
20
356.930693
10
178.712871
20
356.930693
10
178.217822
20
356.435644
10
177.722772
20
356.435644
10
177.722772
20
355.940594
10
177.227723
20
355.940594
10
177.227723
20
354.950495
10
174.752475
20
352.475248
10
174.752475
20
351.980198
10
174.257426
20
351.980198
10
174.257426
20
351.485149
10
173.762376
20
351.485149
10
173.762376
20
350.990099
10
173.267327
20
350.990099
10
173.267327
20
350.495050
10
172.772277
20
350.495050
10
172.772277
20
350.000000
10
172.277228
20
350.000000
10
172.277228
20
349.504950
10
171.782178
20
349.504950
10
171.782178
20
349.009901
10
170.297030
20
347.524752
10
170.297030
20
346.039604
10
172.277228
20
346.039604
10
172.277228
20
346.534653
10
172.772277
20
346.039604
10
173.762376
20
346.039604
10
173.762376
20
346.534653
10
175.742574
20
346.534653
10
175.742574
20
347.029703
10
177.227723
20
347.029703
10
177.227723
20
346.534653
10
178.712871
20
346.534653
10
178.712871
20
346.039604
10
179.207921
20
345.544554
10
179.207921
20
345.049505
10
179.702970
20
345.049505
10
180.198020
20
344.554455
10
180.693069
20
344.554455
10
180.693069
20
343.564356
10
182.673267
20
343.564356
10
182.673267
20
344.059406
10
185.643564
20
344.059406
10
185.643564
20
344.554455
10
186.138614
20
344.554455
10
186.138614
20
344.059406
10
187.128713
20
344.059406
10
187.623762
20
343.564356
10
188.118812
20
343.564356
10
188.118812
20
343.069307
10
188.613861
20
343.069307
10
189.108911
20
342.574257
10
189.108911
20
342.079208
10
189.603960
20
342.079208
10
189.603960
20
341.089109
10
190.099010
20
340.594059
10
190.099010
20
340.099010
10
190.594059
20
339.603960
10
190.594059
20
337.128713
10
191.089109
20
336.633663
10
190.594059
20
336.138614
10
190.594059
20
335.643564
10
190.099010
20
335.148515
10
189.603960
20
335.148515
0
LWPOLYLINE
8
RIVERS
90
12
70
0
10
91.584158
20
367.821782
10
92.079208
20
367.326733
10
92.079208
20
366.831683
10
92.574257
20
366.336634
10
93.564356
20
366.336634
10
93.564356
20
365.841584
10
94.059406
20
365.841584
10
94.059406
20
364.356436
10
94.554455
20
363.861386
10
94.554455
20
362.376238
10
94.059406
20
362.376238
10
94.059406
20
362.871287
0
LWPOLYLINE
8
RIVERS
90
57
70
0
10
315.841584
20
367.326733
10
315.841584
20
365.841584
10
315.346535
20
365.346535
10
315.346535
20
363.366337
10
314.851485
20
363.366337
10
314.851485
20
360.891089
10
314.356436
20
360.396040
10
314.356436
20
359.900990
10
313.861386
20
359.900990
10
313.861386
20
359.405941
10
313.366337
20
358.910891
10
313.366337
20
358.415842
10
312.871287
20
357.920792
10
312.871287
20
357.425743
10
312.376238
20
357.425743
10
312.376238
20
356.435644
10
311.881188
20
356.435644
10
311.881188
20
354.950495
10
311.386139
20
354.950495
10
311.386139
20
354.455446
10
310.891089
20
353.960396
10
310.891089
20
353.465347
10
310.396040
20
352.970297
10
310.396040
20
351.980198
10
309.900990
20
351.485149
10
309.900990
20
350.990099
10
308.415842
20
349.504950
10
307.920792
20
349.504950
10
307.920792
20
349.009901
10
307.425743
20
349.009901
10
307.425743
20
348.514851
10
306.930693
20
348.019802
10
306.930693
20
347.524752
10
305.940594
20
346.534653
10
304.950495
20
346.534653
10
304.950495
20
346.039604
10
304.455446
20
346.039604
10
304.455446
20
345.544554
10
303.960396
20
345.544554
10
303.960396
20
343.564356
10
303.465347
20
343.564356
10
303.465347
20
342.079208
10
302.970297
20
341.584158
10
302.970297
20
340.594059
10
302.475248
20
340.594059
10
302.475248
20
341.089109
10
301.980198
20
340.594059
10
302.475248
20
340.099010
10
302.475248
20
339.603960
10
301.980198
20
339.108911
10
301.485149
20
339.108911
10
301.485149
20
338.613861
10
300.495050
20
338.613861
10
300.495050
20
339.108911
10
300.990099
20
339.603960
10
300.990099
20
340.099010
10
301.485149
20
340.099010
0
LWPOLYLINE
8
RIVERS
90
8
70
0
10
200.000000
20
364.356436
10
200.495050
20
364.356436
10
200.495050
20
363.861386
10
200.990099
20
363.861386
10
201.485149
20
363.366337
10
203.465347
20
363.366337
10
203.465347
20
362.871287
10
204.950495
20
362.871287
0
LWPOLYLINE
8
RIVERS
90
24
70
0
10
273.267327
20
363.861386
10
273.762376
20
363.861386
10
273.267327
20
363.366337
10
273.267327
20
362.871287
10
272.772277
20
362.871287
10
272.772277
20
361.386139
10
273.267327
20
361.386139
10
273.267327
20
359.900990
10
273.762376
20
359.405941
10
273.762376
20
358.415842
10
274.257426
20
357.920792
10
274.257426
20
356.930693
10
272.772277
20
355.445545
10
271.782178
20
355.445545
10
271.782178
20
354.950495
10
271.287129
20
354.950495
10
271.287129
20
354.455446
10
270.792079
20
353.960396
10
270.792079
20
353.465347
10
270.297030
20
352.970297
10
270.297030
20
352.475248
10
269.801980
20
351.980198
10
269.801980
20
351.485149
10
269.306931
20
350.990099
0
LWPOLYLINE
8
RIVERS
90
19
70
0
10
100.495050
20
362.376238
10
101.485149
20
362.376238
10
100.990099
20
361.881188
10
100.495050
20
361.881188
10
100.495050
20
360.396040
10
100.990099
20
360.396040
10
101.980198
20
361.386139
10
102.970297
20
361.386139
10
102.970297
20
360.891089
10
102.475248
20
360.891089
10
102.475248
20
360.396040
10
101.980198
20
360.396040
10
101.980198
20
359.405941
10
102.970297
20
359.405941
10
102.970297
20
358.910891
10
104.455446
20
358.910891
10
104.455446
20
359.900990
10
103.960396
20
360.396040
10
103.465347
20
359.900990
0
LWPOLYLINE
8
RIVERS
90
45
70
0
10
230.198020
20
362.376238
10
230.198020
20
361.881188
10
229.207921
20
360.891089
10
227.722772
20
360.891089
10
227.227723
20
360.396040
10
226.732673
20
360.396040
10
226.732673
20
359.900990
10
226.237624
20
360.396040
10
224.257426
20
358.415842
10
223.267327
20
358.415842
10
223.267327
20
357.920792
10
222.277228
20
357.920792
10
222.277228
20
357.425743
10
221.782178
20
357.425743
10
220.792079
20
356.435644
10
220.297030
20
356.435644
10
219.801980
20
355.940594
10
218.811881
20
355.940594
10
218.811881
20
355.445545
10
217.821782
20
355.445545
10
217.326733
20
354.950495
10
216.831683
20
354.950495
10
216.336634
20
354.455446
10
215.841584
20
354.455446
10
215.841584
20
353.960396
10
215.346535
20
353.960396
10
215.346535
20
353.465347
10
214.851485
20
353.465347
10
214.851485
20
352.970297
10
213.861386
20
351.980198
10
213.366337
20
351.980198
10
213.366337
20
351.485149
10
212.376238
20
351.485149
10
212.376238
20
350.990099
10
211.881188
20
350.990099
10
211.881188
20
350.495050
10
211.386139
20
350.495050
10
211.386139
20
350.000000
10
210.396040
20
350.000000
10
209.900990
20
349.504950
10
209.405941
20
350.000000
10
208.415842
20
350.000000
10
207.425743
20
349.009901
10
206.930693
20
349.009901
10
206.930693
20
349.504950
0
LWPOLYLINE
8
RIVERS
90
11
70
0
10
93.069307
20
361.881188
10
94.059406
20
361.881188
10
94.059406
20
360.396040
10
96.039604
20
360.396040
10
96.534653
20
359.900990
10
97.029703
20
359.900990
10
97.029703
20
359.405941
10
97.524752
20
358.910891
10
100.000000
20
358.910891
10
100.000000
20
361.881188
10
99.504950
20
361.881188
0
LWPOLYLINE
8
RIVERS
90
13
70
0
10
153.465347
20
361.386139
10
153.960396
20
360.891089
10
153.960396
20
359.900990
10
154.455446
20
359.405941
10
154.455446
20
357.920792
10
153.960396
20
357.920792
10
153.960396
20
354.455446
10
154.455446
20
353.960396
10
154.455446
20
353.465347
10
154.950495
20
353.465347
10
154.950495
20
352.475248
10
154.455446
20
352.475248
10
154.455446
20
352.970297
0
LWPOLYLINE
8
RIVERS
90
10
70
0
10
92.574257
20
360.891089
10
92.574257
20
360.396040
10
92.079208
20
360.396040
10
92.079208
20
359.900990
10
90.594059
20
359.900990
10
90.594059
20
359.405941
10
90.099010
20
359.405941
10
89.603960
20
358.910891
10
89.603960
20
358.415842
10
89.108911
20
358.415842
0
LWPOLYLINE
8
RIVERS
90
31
70
0
10
101.485149
20
359.405941
10
101.980198
20
358.910891
10
102.475248
20
358.910891
10
102.970297
20
358.415842
10
102.970297
20
357.920792
10
103.465347
20
357.425743
10
103.465347
20
356.930693
10
103.960396
20
356.930693
10
104.455446
20
357.425743
10
107.425743
20
357.425743
10
107.920792
20
356.930693
10
108.415842
20
356.930693
10
108.910891
20
356.435644
10
108.910891
20
355.940594
10
109.405941
20
355.940594
10
109.405941
20
355.445545
10
109.900990
20
355.445545
10
109.900990
20
354.950495
10
111.386139
20
354.950495
10
111.881188
20
354.455446
10
114.356436
20
354.455446
10
114.851485
20
353.960396
10
115.346535
20
353.960396
10
115.841584
20
353.465347
10
115.841584
20
352.970297
10
116.831683
20
352.970297
10
116.831683
20
353.465347
10
117.326733
20
352.970297
10
118.316832
20
352.970297
10
118.316832
20
352.475248
10
117.821782
20
352.475248
0
LWPOLYLINE
8
RIVERS
90
7
70
0
10
206.930693
20
357.920792
10
207.425743
20
357.920792
10
206.930693
20
357.425743
10
206.435644
20
357.425743
10
206.435644
20
356.930693
10
205.445545
20
355.940594
10
205.445545
20
354.950495
0
LWPOLYLINE
8
RIVERS
90
55
70
0
10
110.396040
20
354.455446
10
110.396040
20
353.465347
10
110.891089
20
353.465347
10
110.891089
20
352.970297
10
111.386139
20
352.970297
10
111.881188
20
352.475248
10
111.881188
20
351.980198
10
112.376238
20
351.485149
10
113.861386
20
351.485149
10
113.861386
20
350.990099
10
114.356436
20
350.495050
10
114.356436
20
349.504950
10
114.851485
20
349.504950
10
114.851485
20
349.009901
10
115.346535
20
348.514851
10
116.336634
20
348.514851
10
117.326733
20
347.524752
10
117.326733
20
347.029703
10
117.821782
20
347.029703
10
117.821782
20
346.534653
10
118.316832
20
346.534653
10
118.811881
20
346.039604
10
119.801980
20
346.039604
10
120.297030
20
345.544554
10
120.297030
20
345.049505
10
120.792079
20
345.049505
10
119.801980
20
344.059406
10
119.801980
20
343.564356
10
119.306931
20
343.564356
10
119.306931
20
341.089109
10
118.316832
20
341.089109
10
118.316832
20
339.603960
10
117.821782
20
339.108911
10
117.326733
20
339.108911
10
114.851485
20
336.633663
10
113.861386
20
336.633663
10
112.376238
20
335.148515
10
112.376238
20
334.653465
10
111.881188
20
334.653465
10
111.881188
20
334.158416
10
111.386139
20
334.158416
10
110.891089
20
333.663366
10
110.396040
20
333.663366
10
110.396040
20
333.168317
10
109.900990
20
332.673267
10
109.900990
20
332.178218
10
109.405941
20
331.683168
10
108.910891
20
331.683168
10
108.415842
20
331.188119
10
105.940594
20
331.188119
10
105.940594
20
330.693069
10
105.445545
20
330.693069
10
105.445545
20
328.712871
10
104.950495
20
328.712871
10
104.950495
20
329.702970
0
LWPOLYLINE
8
RIVERS
90
37
70
0
10
82.178218
20
353.465347
10
83.168317
20
352.475248
10
83.663366
20
352.970297
10
84.158416
20
352.475248
10
84.653465
20
352.475248
10
84.653465
20
350.000000
10
85.643564
20
350.000000
10
86.138614
20
349.504950
10
86.138614
20
348.019802
10
86.633663
20
348.019802
10
86.633663
20
347.524752
10
87.128713
20
347.524752
10
87.623762
20
347.029703
10
87.623762
20
346.534653
10
88.118812
20
346.039604
10
88.118812
20
345.544554
10
88.613861
20
345.544554
10
89.108911
20
345.049505
10
90.099010
20
345.049505
10
90.099010
20
344.554455
10
91.089109
20
344.554455
10
91.584158
20
344.059406
10
92.574257
20
344.059406
10
92.574257
20
344.554455
10
95.049505
20
344.554455
10
95.049505
20
344.059406
10
95.544554
20
344.059406
10
95.544554
20
343.564356
10
96.534653
20
343.564356
10
97.029703
20
343.069307
10
97.524752
20
343.564356
10
98.019802
20
343.069307
10
98.514851
20
343.069307
10
99.009901
20
342.574257
10
99.504950
20
342.574257
10
100.000000
20
342.079208
10
101.485149
20
342.079208
0
LWPOLYLINE
8
RIVERS
90
55
70
0
10
261.386139
20
353.465347
10
261.386139
20
352.970297
10
261.881188
20
352.970297
10
261.881188
20
352.475248
10
262.376238
20
351.980198
10
262.376238
20
350.495050
10
262.871287
20
350.495050
10
262.871287
20
349.009901
10
263.366337
20
349.009901
10
263.366337
20
348.019802
10
263.861386
20
348.019802
10
263.861386
20
347.524752
10
264.356436
20
347.524752
10
264.851485
20
347.029703
10
265.346535
20
347.029703
10
265.346535
20
346.534653
10
266.336634
20
346.534653
10
266.336634
20
345.544554
10
265.841584
20
345.544554
10
265.841584
20
343.564356
10
268.316832
20
343.564356
10
268.316832
20
343.069307
10
269.306931
20
343.069307
10
269.306931
20
342.574257
10
269.801980
20
342.574257
10
270.297030
20
342.079208
10
270.297030
20
341.584158
10
270.792079
20
341.584158
10
270.792079
20
341.089109
10
274.257426
20
341.089109
10
274.257426
20
341.584158
10
274.752475
20
341.584158
10
274.752475
20
341.089109
10
276.237624
20
341.089109
10
276.732673
20
341.584158
10
279.702970
20
341.584158
10
279.702970
20
342.079208
10
281.188119
20
342.079208
10
281.188119
20
342.574257
10
282.178218
20
342.574257
10
283.168317
20
343.564356
10
283.663366
20
343.564356
10
283.663366
20
344.059406
10
285.148515
20
344.059406
10
285.148515
20
344.554455
10
285.643564
20
344.554455
10
285.643564
20
346.534653
10
286.138614
20
346.534653
10
286.138614
20
347.029703
10
286.633663
20
347.029703
10
286.633663
20
350.495050
10
287.128713
20
350.000000
10
287.623762
20
350.000000
10
287.623762
20
350.495050
10
288.118812
20
350.990099
0
LWPOLYLINE
8
RIVERS
90
32
70
0
10
118.811881
20
351.980198
10
119.306931
20
351.980198
10
119.306931
20
350.990099
10
119.801980
20
350.990099
10
119.801980
20
349.504950
10
120.297030
20
349.009901
10
120.297030
20
348.514851
10
120.792079
20
348.019802
10
121.287129
20
348.019802
10
122.277228
20
347.029703
10
122.277228
20
346.039604
10
122.772277
20
345.544554
10
122.772277
20
345.049505
10
123.267327
20
345.049505
10
123.267327
20
344.554455
10
124.257426
20
344.554455
10
124.257426
20
344.059406
10
124.752475
20
343.564356
10
124.752475
20
338.613861
10
124.257426
20
338.118812
10
124.257426
20
337.623762
10
124.752475
20
337.128713
10
124.752475
20
336.633663
10
125.247525
20
336.138614
10
125.247525
20
335.643564
10
124.752475
20
335.148515
10
125.247525
20
334.653465
10
125.247525
20
332.673267
10
126.237624
20
331.683168
10
126.237624
20
331.188119
10
126.732673
20
330.693069
10
126.732673
20
330.198020
0
LWPOLYLINE
8
RIVERS
90
180
70
0
10
154.455446
20
351.980198
10
153.465347
20
350.990099
10
153.465347
20
349.504950
10
152.970297
20
349.504950
10
152.970297
20
348.019802
10
152.475248
20
348.019802
10
152.475248
20
346.534653
10
151.980198
20
346.039604
10
151.980198
20
344.059406
10
152.475248
20
343.564356
10
152.475248
20
343.069307
10
152.970297
20
342.574257
10
152.970297
20
342.079208
10
153.465347
20
341.584158
10
153.465347
20
341.089109
10
152.970297
20
340.594059
10
152.970297
20
339.108911
10
152.475248
20
339.108911
10
152.475248
20
338.613861
10
151.980198
20
338.613861
10
151.980198
20
338.118812
10
150.990099
20
337.128713
10
150.990099
20
336.633663
10
150.495050
20
336.633663
10
150.495050
20
336.138614
10
150.000000
20
336.138614
10
150.000000
20
335.643564
10
149.009901
20
334.653465
10
149.009901
20
334.158416
10
149.504950
20
333.663366
10
149.504950
20
333.168317
10
150.000000
20
332.673267
10
150.000000
20
330.693069
10
148.019802
20
328.712871
10
148.019802
20
327.722772
10
147.524752
20
327.227723
10
147.524752
20
324.752475
10
146.039604
20
323.267327
10
146.039604
20
322.277228
10
145.544554
20
322.277228
10
145.544554
20
321.287129
10
145.049505
20
320.792079
10
145.049505
20
319.801980
10
144.554455
20
319.306931
10
144.554455
20
318.316832
10
144.059406
20
318.316832
10
144.059406
20
317.821782
10
143.564356
20
317.326733
10
143.564356
20
316.831683
10
143.069307
20
316.336634
10
143.069307
20
315.841584
10
142.574257
20
315.841584
10
142.574257
20
315.346535
10
142.079208
20
315.346535
10
142.079208
20
315.841584
10
141.089109
20
315.841584
10
140.594059
20
315.346535
10
140.099010
20
315.346535
10
139.603960
20
314.851485
10
139.108911
20
314.851485
10
139.108911
20
314.356436
10
138.613861
20
314.356436
10
138.118812
20
313.861386
10
137.623762
20
313.861386
10
137.623762
20
313.366337
10
136.633663
20
312.376238
10
136.633663
20
311.881188
10
135.643564
20
310.891089
10
135.643564
20
310.396040
10
134.653465
20
309.405941
10
134.653465
20
308.415842
10
134.158416
20
307.920792
10
134.158416
20
306.930693
10
133.663366
20
306.435644
10
133.663366
20
305.445545
10
133.168317
20
305.445545
10
133.168317
20
304.950495
10
132.673267
20
304.950495
10
132.673267
20
304.455446
10
132.178218
20
304.455446
10
132.178218
20
303.960396
10
129.702970
20
301.485149
10
129.702970
20
300.990099
10
129.207921
20
300.990099
10
129.207921
20
300.495050
10
128.712871
20
300.495050
10
128.712871
20
300.000000
10
128.217822
20
300.000000
10
128.217822
20
299.009901
10
127.722772
20
299.009901
10
127.722772
20
298.019802
10
127.227723
20
298.019802
10
127.227723
20
297.029703
10
126.732673
20
297.029703
10
126.732673
20
296.039604
10
126.237624
20
296.039604
10
125.742574
20
295.544554
10
125.247525
20
295.544554
10
125.247525
20
295.049505
10
124.752475
20
295.049505
10
124.257426
20
294.554455
10
123.762376
20
294.554455
10
123.762376
20
293.564356
10
123.267327
20
293.564356
10
123.267327
20
292.574257
10
121.782178
20
292.574257
10
121.287129
20
292.079208
10
120.792079
20
292.079208
10
120.792079
20
291.584158
10
120.297030
20
291.089109
10
120.297030
20
290.594059
10
119.801980
20
290.099010
10
119.801980
20
289.603960
10
119.306931
20
289.108911
10
119.306931
20
288.613861
10
118.811881
20
288.118812
10
118.811881
20
287.623762
10
118.316832
20
287.623762
10
118.316832
20
286.633663
10
115.346535
20
286.633663
10
115.346535
20
286.138614
10
114.356436
20
286.138614
10
114.356436
20
285.643564
10
113.366337
20
285.643564
10
112.871287
20
285.148515
10
112.376238
20
285.148515
10
112.376238
20
284.653465
10
111.881188
20
284.158416
10
111.881188
20
283.663366
10
111.386139
20
283.663366
10
111.386139
20
282.178218
10
110.891089
20
281.683168
10
110.396040
20
281.683168
10
110.396040
20
278.217822
10
110.891089
20
278.217822
10
110.891089
20
277.227723
10
111.881188
20
276.237624
10
111.881188
20
275.742574
10
112.376238
20
275.742574
10
112.376238
20
275.247525
10
112.871287
20
275.247525
10
112.871287
20
274.752475
10
113.366337
20
274.752475
10
113.366337
20
274.257426
10
114.356436
20
273.267327
10
114.356436
20
272.772277
10
114.851485
20
272.277228
10
114.851485
20
271.782178
10
115.346535
20
271.782178
10
115.346535
20
271.287129
10
116.336634
20
271.287129
10
116.336634
20
271.782178
10
116.831683
20
271.782178
10
116.831683
20
272.277228
10
117.821782
20
272.277228
10
118.316832
20
272.772277
10
118.316832
20
273.267327
10
118.811881
20
273.267327
10
118.811881
20
273.762376
10
119.306931
20
273.762376
10
119.306931
20
274.257426
10
120.297030
20
275.247525
10
121.287129
20
275.247525
10
121.287129
20
275.742574
10
122.277228
20
275.742574
10
122.277228
20
276.237624
10
123.267327
20
276.237624
10
125.247525
20
274.257426
10
125.742574
20
274.257426
10
125.742574
20
273.762376
10
126.732673
20
273.762376
10
127.227723
20
273.267327
10
130.198020
20
273.267327
10
130.198020
20
273.762376
10
130.693069
20
273.267327
10
131.188119
20
273.267327
10
131.188119
20
272.772277
10
131.683168
20
272.772277
10
132.673267
20
271.782178
10
134.158416
20
271.782178
0
LWPOLYLINE
8
RIVERS
90
38
70
0
10
325.742574
20
350.000000
10
325.742574
20
349.504950
10
325.247525
20
349.504950
10
325.247525
20
349.009901
10
324.752475
20
348.514851
10
324.752475
20
348.019802
10
324.257426
20
347.524752
10
324.257426
20
347.029703
10
323.762376
20
346.534653
10
323.762376
20
345.544554
10
323.267327
20
345.049505
10
323.267327
20
343.564356
10
322.772277
20
343.564356
10
322.772277
20
343.069307
10
321.782178
20
342.079208
10
321.782178
20
341.584158
10
321.287129
20
341.584158
10
321.287129
20
339.603960
10
320.792079
20
339.108911
10
320.792079
20
338.613861
10
320.297030
20
338.613861
10
320.297030
20
338.118812
10
319.801980
20
338.118812
10
319.801980
20
334.653465
10
319.306931
20
334.158416
10
319.306931
20
333.168317
10
318.811881
20
332.673267
10
318.811881
20
329.207921
10
318.316832
20
328.712871
10
318.316832
20
328.217822
10
317.821782
20
328.217822
10
317.821782
20
326.732673
10
318.316832
20
326.732673
10
318.316832
20
325.742574
10
317.821782
20
325.742574
10
317.821782
20
323.267327
10
317.326733
20
323.267327
10
317.326733
20
325.247525
0
LWPOLYLINE
8
RIVERS
90
60
70
0
10
234.158416
20
346.039604
10
235.148515
20
346.039604
10
235.643564
20
345.544554
10
236.138614
20
345.544554
10
236.138614
20
345.049505
10
236.633663
20
345.049505
10
236.633663
20
344.554455
10
237.623762
20
344.554455
10
238.118812
20
345.049505
10
244.554455
20
345.049505
10
244.554455
20
345.544554
10
245.049505
20
345.049505
10
246.534653
20
345.049505
10
247.029703
20
344.554455
10
248.019802
20
344.554455
10
248.019802
20
344.059406
10
249.009901
20
344.059406
10
249.009901
20
343.564356
10
249.504950
20
343.564356
10
250.000000
20
343.069307
10
250.495050
20
343.069307
10
250.990099
20
342.574257
10
250.990099
20
342.079208
10
251.485149
20
341.584158
10
251.485149
20
339.108911
10
250.990099
20
339.108911
10
250.990099
20
336.633663
10
251.485149
20
336.138614
10
251.980198
20
336.138614
10
251.980198
20
335.643564
10
252.475248
20
335.643564
10
252.475248
20
335.148515
10
253.465347
20
335.148515
10
253.960396
20
335.643564
10
254.950495
20
335.643564
10
254.950495
20
336.138614
10
255.445545
20
336.138614
10
255.445545
20
335.643564
10
256.435644
20
335.643564
10
256.435644
20
336.138614
10
256.930693
20
336.138614
10
256.930693
20
336.633663
10
257.920792
20
336.633663
10
257.920792
20
337.623762
10
258.415842
20
337.623762
10
258.415842
20
338.118812
10
258.910891
20
338.118812
10
258.910891
20
338.613861
10
261.386139
20
338.613861
10
261.386139
20
339.108911
10
261.881188
20
339.603960
10
261.881188
20
340.099010
10
262.376238
20
340.099010
10
262.871287
20
340.594059
10
263.366337
20
340.594059
10
263.861386
20
341.089109
10
264.851485
20
341.089109
10
264.851485
20
342.079208
10
265.346535
20
342.574257
10
265.346535
20
343.564356
0
LWPOLYLINE
8
RIVERS
90
53
70
0
10
170.297030
20
345.544554
10
169.801980
20
345.049505
10
169.801980
20
344.554455
10
169.306931
20
344.554455
10
169.306931
20
341.089109
10
168.316832
20
341.089109
10
167.821782
20
340.594059
10
167.326733
20
340.594059
10
167.326733
20
340.099010
10
166.336634
20
339.108911
10
166.336634
20
338.613861
10
165.841584
20
338.613861
10
165.841584
20
338.118812
10
165.346535
20
337.623762
10
165.346535
20
336.633663
10
164.851485
20
336.138614
10
164.851485
20
335.643564
10
164.356436
20
335.148515
10
164.356436
20
334.653465
10
163.861386
20
334.653465
10
163.861386
20
332.178218
10
164.356436
20
332.178218
10
164.356436
20
330.693069
10
164.851485
20
330.693069
10
164.851485
20
329.207921
10
165.346535
20
329.207921
10
165.841584
20
328.712871
10
167.326733
20
328.712871
10
167.326733
20
328.217822
10
168.811881
20
328.217822
10
168.811881
20
327.722772
10
169.306931
20
327.722772
10
169.306931
20
327.227723
10
169.801980
20
327.227723
10
169.801980
20
326.732673
10
170.792079
20
326.732673
10
170.792079
20
326.237624
10
171.287129
20
326.237624
10
171.782178
20
325.742574
10
174.257426
20
325.742574
10
174.257426
20
326.237624
10
174.752475
20
326.237624
10
174.752475
20
326.732673
10
175.247525
20
327.227723
10
175.247525
20
327.722772
10
176.732673
20
329.207921
10
177.227723
20
329.207921
10
177.227723
20
328.712871
10
180.693069
20
328.712871
10
181.188119
20
328.217822
10
181.683168
20
328.217822
10
181.683168
20
327.722772
10
182.178218
20
327.722772
0
LWPOLYLINE
8
RIVERS
90
71
70
0
10
216.336634
20
344.554455
10
216.831683
20
344.554455
10
217.326733
20
344.059406
10
219.306931
20
344.059406
10
219.306931
20
344.554455
10
220.297030
20
344.554455
10
220.792079
20
344.059406
10
221.287129
20
344.059406
10
221.782178
20
343.564356
10
222.277228
20
343.564356
10
222.772277
20
343.069307
10
223.267327
20
343.069307
10
223.267327
20
342.574257
10
224.257426
20
342.574257
10
224.257426
20
342.079208
10
224.752475
20
342.079208
10
225.247525
20
341.584158
10
225.742574
20
341.584158
10
226.237624
20
341.089109
10
226.732673
20
341.089109
10
226.732673
20
340.594059
10
227.722772
20
340.594059
10
227.722772
20
339.108911
10
228.217822
20
338.613861
10
228.217822
20
338.118812
10
228.712871
20
337.623762
10
228.712871
20
337.128713
10
229.207921
20
337.128713
10
229.207921
20
336.633663
10
229.702970
20
336.138614
10
229.702970
20
334.158416
10
230.198020
20
334.158416
10
230.198020
20
331.188119
10
230.693069
20
331.188119
10
230.693069
20
330.198020
10
231.188119
20
330.198020
10
231.188119
20
329.702970
10
231.683168
20
329.702970
10
232.178218
20
329.207921
10
232.178218
20
328.712871
10
232.673267
20
328.712871
10
232.673267
20
328.217822
10
233.168317
20
327.722772
10
233.663366
20
327.722772
10
233.663366
20
327.227723
10
234.158416
20
327.227723
10
234.653465
20
326.732673
10
235.643564
20
326.732673
10
235.643564
20
326.237624
10
239.108911
20
326.237624
10
239.603960
20
325.742574
10
242.079208
20
325.742574
10
242.574257
20
325.247525
10
247.029703
20
325.247525
10
247.029703
20
325.742574
10
247.524752
20
326.237624
10
247.524752
20
326.732673
10
248.019802
20
326.732673
10
248.514851
20
327.227723
10
249.009901
20
327.227723
10
249.009901
20
327.722772
10
249.504950
20
327.722772
10
250.000000
20
328.217822
10
250.495050
20
328.217822
10
250.990099
20
328.712871
10
250.990099
20
329.207921
10
251.980198
20
330.198020
10
252.475248
20
330.198020
10
252.475248
20
334.158416
10
252.970297
20
334.158416
10
252.970297
20
334.653465
0
LWPOLYLINE
8
RIVERS
90
27
70
0
10
217.326733
20
340.099010
10
217.326733
20
339.603960
10
217.821782
20
339.603960
10
217.821782
20
338.613861
10
218.316832
20
338.118812
10
218.316832
20
337.623762
10
218.811881
20
337.128713
10
218.811881
20
336.633663
10
219.306931
20
336.633663
10
219.801980
20
336.138614
10
219.801980
20
335.643564
10
220.297030
20
335.148515
10
220.297030
20
331.188119
10
220.792079
20
331.188119
10
221.782178
20
330.198020
10
224.752475
20
330.198020
10
224.752475
20
329.702970
10
227.722772
20
329.702970
10
227.722772
20
330.198020
10
228.217822
20
330.198020
10
228.217822
20
330.693069
10
228.712871
20
330.693069
10
228.712871
20
331.188119
10
229.702970
20
331.188119
10
229.702970
20
330.693069
10
230.198020
20
330.693069
10
230.198020
20
330.198020
0
LWPOLYLINE
8
RIVERS
90
15
70
0
10
241.584158
20
340.099010
10
243.564356
20
340.099010
10
244.554455
20
339.108911
10
245.049505
20
339.108911
10
245.049505
20
338.613861
10
245.544554
20
338.613861
10
245.544554
20
338.118812
10
246.039604
20
338.118812
10
246.534653
20
337.623762
10
247.029703
20
337.623762
10
247.524752
20
337.128713
10
249.504950
20
337.128713
10
249.504950
20
336.633663
10
250.000000
20
336.633663
10
250.495050
20
337.128713
0
LWPOLYLINE
8
RIVERS
90
34
70
0
10
70.297030
20
338.613861
10
70.792079
20
338.118812
10
72.277228
20
338.118812
10
72.772277
20
337.623762
10
72.772277
20
336.633663
10
73.267327
20
336.633663
10
74.257426
20
335.643564
10
76.732673
20
335.643564
10
76.732673
20
335.148515
10
77.227723
20
335.148515
10
77.722772
20
334.653465
10
78.217822
20
334.653465
10
78.217822
20
334.158416
10
80.693069
20
334.158416
10
80.693069
20
333.663366
10
81.188119
20
333.663366
10
81.188119
20
333.168317
10
81.683168
20
333.168317
10
81.683168
20
332.673267
10
82.178218
20
332.673267
10
82.178218
20
332.178218
10
82.673267
20
332.178218
10
83.168317
20
331.683168
10
85.643564
20
331.683168
10
86.138614
20
332.178218
10
87.128713
20
332.178218
10
87.128713
20
332.673267
10
87.623762
20
332.673267
10
87.623762
20
333.168317
10
88.118812
20
333.168317
10
88.118812
20
333.663366
10
89.108911
20
333.663366
10
89.603960
20
334.158416
10
90.099010
20
334.158416
0
LWPOLYLINE
8
RIVERS
90
6
70
0
10
300.000000
20
338.118812
10
300.495050
20
338.118812
10
300.000000
20
337.623762
10
300.000000
20
334.158416
10
299.504950
20
334.158416
10
299.504950
20
335.148515
0
LWPOLYLINE
8
RIVERS
90
119
70
0
10
204.455446
20
337.128713
10
204.950495
20
336.633663
10
208.415842
20
336.633663
10
208.415842
20
336.138614
10
208.910891
20
336.138614
10
208.910891
20
335.643564
10
209.405941
20
335.643564
10
209.405941
20
333.663366
10
209.900990
20
333.663366
10
209.900990
20
332.178218
10
210.396040
20
332.178218
10
211.386139
20
331.188119
10
211.386139
20
330.198020
10
211.881188
20
330.198020
10
211.881188
20
329.207921
10
212.376238
20
329.207921
10
212.376238
20
328.712871
10
212.871287
20
328.712871
10
212.871287
20
328.217822
10
213.366337
20
328.217822
10
213.366337
20
326.732673
10
213.861386
20
326.732673
10
214.356436
20
326.237624
10
214.356436
20
325.247525
10
214.851485
20
325.247525
10
214.851485
20
323.762376
10
214.356436
20
323.267327
10
214.356436
20
322.772277
10
212.871287
20
321.287129
10
212.376238
20
321.287129
10
211.881188
20
320.792079
10
211.386139
20
320.792079
10
211.386139
20
320.297030
10
210.396040
20
320.297030
10
210.396040
20
319.801980
10
209.900990
20
319.801980
10
209.405941
20
319.306931
10
208.910891
20
319.306931
10
208.910891
20
316.831683
10
209.405941
20
316.336634
10
209.900990
20
316.336634
10
209.900990
20
315.841584
10
213.861386
20
315.841584
10
213.861386
20
315.346535
10
214.851485
20
314.356436
10
214.851485
20
313.861386
10
215.841584
20
313.861386
10
216.336634
20
313.366337
10
216.831683
20
313.366337
10
217.326733
20
312.871287
10
217.821782
20
312.871287
10
217.821782
20
312.376238
10
218.811881
20
312.376238
10
218.811881
20
311.881188
10
219.801980
20
311.881188
10
219.801980
20
311.386139
10
221.782178
20
311.386139
10
221.782178
20
310.891089
10
223.267327
20
310.891089
10
223.267327
20
311.386139
10
223.762376
20
310.891089
10
227.722772
20
310.891089
10
227.722772
20
310.396040
10
228.217822
20
310.396040
10
228.712871
20
309.900990
10
229.207921
20
310.396040
10
229.702970
20
310.396040
10
230.198020
20
310.891089
10
230.693069
20
310.396040
10
231.188119
20
310.396040
10
231.683168
20
309.900990
10
232.178218
20
309.900990
10
232.178218
20
309.405941
10
233.663366
20
309.405941
10
233.663366
20
308.910891
10
234.158416
20
308.910891
10
234.653465
20
308.415842
10
236.138614
20
308.415842
10
236.138614
20
307.920792
10
237.128713
20
307.920792
10
237.128713
20
308.910891
10
237.623762
20
308.910891
10
239.108911
20
310.396040
10
239.108911
20
310.891089
10
239.603960
20
311.386139
10
240.099010
20
311.386139
10
240.099010
20
311.881188
10
240.594059
20
311.881188
10
241.089109
20
312.376238
10
241.584158
20
312.376238
10
241.584158
20
313.861386
10
242.079208
20
314.356436
10
242.079208
20
314.851485
10
243.069307
20
314.851485
10
243.564356
20
315.346535
10
244.059406
20
315.346535
10
244.059406
20
315.841584
10
244.554455
20
316.336634
10
244.554455
20
316.831683
10
245.049505
20
316.831683
10
245.049505
20
321.287129
10
245.544554
20
321.287129
10
245.544554
20
321.782178
10
246.039604
20
321.782178
10
246.039604
20
323.267327
10
246.534653
20
323.267327
10
246.534653
20
323.762376
10
247.029703
20
323.762376
10
247.029703
20
324.752475
10
247.524752
20
324.752475
10
248.019802
20
324.257426
10
248.019802
20
323.762376
10
247.029703
20
322.772277
10
246.534653
20
322.772277
10
246.534653
20
321.782178
10
246.039604
20
321.287129
10
246.039604
20
320.792079
10
245.544554
20
320.792079
10
245.544554
20
320.297030
0
LWPOLYLINE
8
RIVERS
90
8
70
0
10
299.009901
20
334.158416
10
299.009901
20
333.663366
10
299.504950
20
333.663366
10
299.504950
20
333.168317
10
299.009901
20
333.168317
10
299.009901
20
330.198020
10
298.514851
20
330.198020
10
298.514851
20
331.683168
0
LWPOLYLINE
8
RIVERS
90
39
70
0
10
59.405941
20
329.702970
10
59.405941
20
328.712871
10
61.881188
20
328.712871
10
62.376238
20
328.217822
10
63.366337
20
328.217822
10
63.861386
20
327.722772
10
64.356436
20
328.217822
10
64.851485
20
327.722772
10
64.851485
20
327.227723
10
65.841584
20
327.227723
10
65.841584
20
326.732673
10
68.811881
20
326.732673
10
69.306931
20
326.237624
10
70.297030
20
326.237624
10
70.792079
20
326.732673
10
73.267327
20
326.732673
10
73.267327
20
327.227723
10
74.257426
20
327.227723
10
75.247525
20
328.217822
10
78.712871
20
328.217822
10
78.712871
20
328.712871
10
79.702970
20
328.712871
10
80.198020
20
328.217822
10
81.188119
20
328.217822
10
82.178218
20
327.227723
10
83.663366
20
327.227723
10
84.158416
20
326.732673
10
84.653465
20
326.732673
10
85.148515
20
327.227723
10
85.643564
20
327.227723
10
85.643564
20
326.732673
10
86.138614
20
326.732673
10
86.138614
20
326.237624
10
90.099010
20
326.237624
10
90.099010
20
325.742574
10
93.069307
20
325.742574
10
93.069307
20
326.237624
10
94.059406
20
326.237624
10
95.049505
20
325.247525
0
LWPOLYLINE
8
RIVERS
90
13
70
0
10
296.534653
20
329.702970
10
297.524752
20
329.702970
10
297.524752
20
329.207921
10
297.029703
20
329.207921
10
297.029703
20
328.217822
10
296.534653
20
328.217822
10
296.534653
20
327.722772
10
296.039604
20
327.722772
10
296.039604
20
327.227723
10
295.544554
20
327.227723
10
295.544554
20
328.712871
10
296.039604
20
329.207921
10
296.534653
20
329.207921
0
LWPOLYLINE
8
RIVERS
90
26
70
0
10
164.356436
20
329.207921
10
164.356436
20
327.722772
10
163.861386
20
327.722772
10
163.861386
20
326.237624
10
163.366337
20
326.237624
10
163.366337
20
325.247525
10
162.871287
20
324.752475
10
162.871287
20
323.762376
10
163.366337
20
323.762376
10
163.366337
20
322.772277
10
163.861386
20
322.772277
10
163.366337
20
322.277228
10
163.366337
20
321.782178
10
162.871287
20
321.287129
10
162.871287
20
320.792079
10
163.366337
20
320.297030
10
163.366337
20
319.306931
10
163.861386
20
318.811881
10
163.861386
20
318.316832
10
164.356436
20
318.316832
10
164.356436
20
316.831683
10
165.841584
20
316.831683
10
166.336634
20
316.336634
10
167.326733
20
316.336634
10
168.316832
20
317.326733
10
168.316832
20
317.821782
0
LWPOLYLINE
8
RIVERS
90
14
70
0
10
103.465347
20
327.722772
10
102.970297
20
327.722772
10
102.970297
20
326.732673
10
102.475248
20
326.237624
10
101.980198
20
326.237624
10
101.980198
20
325.742574
10
101.485149
20
325.742574
10
101.485149
20
323.267327
10
100.990099
20
322.772277
10
100.990099
20
322.277228
10
100.495050
20
321.782178
10
100.495050
20
318.811881
10
100.000000
20
318.811881
10
100.000000
20
320.792079
0
LWPOLYLINE
8
RIVERS
90
15
70
0
10
137.128713
20
327.722772
10
137.128713
20
327.227723
10
137.623762
20
326.732673
10
137.623762
20
326.237624
10
138.613861
20
325.247525
10
138.613861
20
324.752475
10
139.108911
20
324.257426
10
141.584158
20
324.257426
10
142.079208
20
323.762376
10
142.574257
20
323.762376
10
142.574257
20
323.267327
10
143.069307
20
323.267327
10
143.069307
20
322.772277
10
144.554455
20
322.772277
10
145.049505
20
322.277228
0
LWPOLYLINE
8
RIVERS
90
30
70
0
10
295.049505
20
327.722772
10
295.049505
20
326.732673
10
295.544554
20
326.732673
10
295.544554
20
326.237624
10
295.049505
20
326.237624
10
295.049505
20
325.247525
10
294.554455
20
325.247525
10
294.554455
20
324.752475
10
294.059406
20
324.257426
10
293.564356
20
324.257426
10
293.564356
20
323.762376
10
293.069307
20
323.762376
10
293.069307
20
324.257426
10
292.574257
20
323.762376
10
292.574257
20
323.267327
10
293.069307
20
323.267327
10
292.574257
20
322.772277
10
292.574257
20
321.782178
10
292.079208
20
321.782178
10
292.079208
20
322.772277
10
291.584158
20
322.277228
10
291.584158
20
321.782178
10
291.089109
20
321.782178
10
291.089109
20
320.792079
10
291.584158
20
320.792079
10
291.584158
20
320.297030
10
291.089109
20
320.297030
10
291.089109
20
317.821782
10
290.594059
20
317.821782
10
290.594059
20
318.316832
0
LWPOLYLINE
8
RIVERS
90
18
70
0
10
69.801980
20
325.742574
10
70.792079
20
324.752475
10
70.792079
20
323.762376
10
71.287129
20
323.267327
10
71.287129
20
322.277228
10
71.782178
20
321.782178
10
71.782178
20
321.287129
10
72.277228
20
320.792079
10
72.277228
20
318.811881
10
72.772277
20
318.811881
10
72.772277
20
318.316832
10
73.267327
20
317.821782
10
73.267327
20
316.831683
10
73.762376
20
316.336634
10
73.762376
20
314.851485
10
74.257426
20
314.356436
10
74.257426
20
313.366337
10
74.752475
20
312.871287
0
LWPOLYLINE
8
RIVERS
90
12
70
0
10
174.752475
20
325.742574
10
174.752475
20
325.247525
10
175.247525
20
324.752475
10
175.247525
20
324.257426
10
175.742574
20
323.762376
10
175.742574
20
323.267327
10
176.237624
20
323.267327
10
176.237624
20
322.772277
10
177.722772
20
322.772277
10
177.722772
20
322.277228
10
178.217822
20
322.277228
10
178.217822
20
321.782178
0
LWPOLYLINE
8
RIVERS
90
12
70
0
10
93.564356
20
325.247525
10
93.564356
20
324.752475
10
94.059406
20
324.752475
10
94.059406
20
323.267327
10
93.564356
20
322.772277
10
93.564356
20
321.782178
10
93.069307
20
321.782178
10
93.069307
20
321.287129
10
92.574257
20
321.287129
10
92.574257
20
320.792079
10
87.623762
20
315.841584
10
87.128713
20
315.841584
0
LWPOLYLINE
8
RIVERS
90
29
70
0
10
199.504950
20
325.247525
10
200.000000
20
324.752475
10
200.000000
20
323.267327
10
200.495050
20
322.772277
10
200.495050
20
321.782178
10
200.990099
20
321.782178
10
200.990099
20
320.792079
10
201.980198
20
320.792079
10
201.980198
20
320.297030
10
202.475248
20
319.801980
10
202.475248
20
319.306931
10
202.970297
20
319.306931
10
202.970297
20
318.811881
10
203.465347
20
318.811881
10
203.960396
20
318.316832
10
203.960396
20
317.821782
10
204.455446
20
317.326733
10
204.455446
20
316.336634
10
204.950495
20
315.841584
10
204.950495
20
314.851485
10
205.940594
20
313.861386
10
207.920792
20
313.861386
10
207.920792
20
314.356436
10
208.415842
20
314.356436
10
208.415842
20
314.851485
10
208.910891
20
314.851485
10
208.910891
20
315.346535
10
209.405941
20
315.346535
10
209.405941
20
315.841584
0
LWPOLYLINE
8
RIVERS
90
30
70
0
10
220.792079
20
323.762376
10
221.287129
20
323.267327
10
221.287129
20
322.772277
10
221.782178
20
322.772277
10
222.277228
20
322.277228
10
226.237624
20
322.277228
10
226.732673
20
321.782178
10
227.722772
20
321.782178
10
228.217822
20
321.287129
10
228.712871
20
321.287129
10
229.207921
20
320.792079
10
229.702970
20
320.792079
10
229.702970
20
320.297030
10
230.198020
20
320.297030
10
230.198020
20
319.801980
10
230.693069
20
319.801980
10
231.188119
20
319.306931
10
232.178218
20
319.306931
10
232.178218
20
318.811881
10
232.673267
20
318.811881
10
232.673267
20
318.316832
10
233.168317
20
318.316832
10
233.168317
20
317.821782
10
234.158416
20
317.821782
10
234.158416
20
317.326733
10
239.108911
20
317.326733
10
239.108911
20
316.831683
10
240.594059
20
316.831683
10
240.594059
20
314.851485
10
241.584158
20
314.851485
0
LWPOLYLINE
8
RIVERS
90
155
70
0
10
317.326733
20
322.772277
10
317.326733
20
321.782178
10
317.821782
20
321.782178
10
317.326733
20
321.287129
10
316.831683
20
321.287129
10
316.831683
20
319.306931
10
316.336634
20
318.811881
10
316.336634
20
318.316832
10
315.841584
20
317.821782
10
315.841584
20
317.326733
10
315.346535
20
317.326733
10
315.346535
20
316.831683
10
314.851485
20
316.831683
10
314.851485
20
315.841584
10
314.356436
20
315.841584
10
314.356436
20
314.851485
10
313.861386
20
314.851485
10
313.861386
20
313.861386
10
313.366337
20
313.366337
10
313.366337
20
312.376238
10
313.861386
20
311.881188
10
313.861386
20
311.386139
10
314.356436
20
311.386139
10
314.356436
20
310.396040
10
313.861386
20
309.900990
10
313.366337
20
309.900990
10
313.366337
20
307.920792
10
313.861386
20
307.425743
10
314.356436
20
307.425743
10
314.356436
20
305.940594
10
313.861386
20
305.445545
10
313.861386
20
303.960396
10
313.366337
20
303.960396
10
313.366337
20
302.970297
10
313.861386
20
302.970297
10
313.366337
20
302.475248
10
313.366337
20
301.980198
10
313.861386
20
301.980198
10
313.861386
20
300.495050
10
314.851485
20
300.495050
10
314.851485
20
299.504950
10
315.346535
20
299.504950
10
315.346535
20
297.524752
10
315.841584
20
297.524752
10
315.841584
20
297.029703
10
316.336634
20
297.029703
10
315.841584
20
296.534653
10
315.841584
20
296.039604
10
316.336634
20
296.039604
10
316.336634
20
295.544554
10
316.831683
20
295.544554
10
316.831683
20
295.049505
10
316.336634
20
295.049505
10
315.841584
20
294.554455
10
314.851485
20
294.554455
10
314.851485
20
293.069307
10
315.346535
20
293.069307
10
315.346535
20
291.584158
10
315.841584
20
291.584158
10
315.841584
20
291.089109
10
316.336634
20
291.089109
10
316.831683
20
290.594059
10
316.831683
20
289.603960
10
317.326733
20
289.603960
10
317.326733
20
288.613861
10
317.821782
20
288.613861
10
317.821782
20
288.118812
10
318.316832
20
288.118812
10
318.316832
20
287.623762
10
318.811881
20
287.128713
10
318.811881
20
284.158416
10
319.306931
20
283.663366
10
320.297030
20
283.663366
10
320.792079
20
283.168317
10
320.792079
20
282.178218
10
321.287129
20
282.178218
10
321.287129
20
281.683168
10
321.782178
20
281.683168
10
322.277228
20
281.188119
10
322.277228
20
279.207921
10
323.267327
20
279.207921
10
323.267327
20
278.217822
10
323.762376
20
278.217822
10
324.257426
20
277.722772
10
325.247525
20
277.722772
10
325.247525
20
277.227723
10
327.227723
20
277.227723
10
327.227723
20
276.732673
10
327.722772
20
276.732673
10
327.722772
20
276.237624
10
327.227723
20
276.237624
10
327.227723
20
274.752475
10
327.722772
20
274.257426
10
328.217822
20
274.257426
10
328.217822
20
271.287129
10
328.712871
20
271.287129
10
328.712871
20
270.792079
10
329.207921
20
270.792079
10
329.207921
20
270.297030
10
329.702970
20
270.297030
10
329.702970
20
269.801980
10
330.198020
20
269.801980
10
330.198020
20
267.326733
10
330.693069
20
267.326733
10
330.693069
20
263.366337
10
331.683168
20
262.376238
10
332.178218
20
262.376238
10
332.178218
20
262.871287
10
332.673267
20
263.366337
10
332.673267
20
266.336634
10
333.168317
20
266.336634
10
333.168317
20
270.297030
10
333.663366
20
270.297030
10
333.663366
20
272.277228
10
333.168317
20
272.772277
10
333.168317
20
276.237624
10
333.663366
20
276.732673
10
333.663366
20
277.722772
10
334.158416
20
277.722772
10
334.158416
20
278.217822
10
334.653465
20
278.217822
10
335.148515
20
278.712871
10
336.138614
20
278.712871
10
336.633663
20
279.207921
10
337.128713
20
279.207921
10
337.128713
20
280.198020
10
337.623762
20
280.198020
10
337.623762
20
280.693069
10
338.118812
20
280.693069
10
338.118812
20
281.188119
10
338.613861
20
281.188119
10
338.613861
20
282.673267
10
339.108911
20
282.673267
10
339.108911
20
284.653465
10
339.603960
20
285.148515
10
339.603960
20
286.633663
10
340.099010
20
287.128713
10
340.099010
20
287.623762
10
340.594059
20
287.623762
10
340.594059
20
291.584158
10
340.099010
20
292.079208
10
340.099010
20
293.069307
10
339.603960
20
293.564356
10
339.603960
20
296.039604
10
340.099010
20
296.039604
10
340.099010
20
299.009901
10
340.594059
20
299.009901
10
340.594059
20
300.000000
10
341.089109
20
300.000000
10
341.089109
20
301.980198
10
340.594059
20
301.980198
10
340.099010
20
302.475248
10
339.603960
20
302.475248
10
339.603960
20
303.465347
10
339.108911
20
303.465347
0
LWPOLYLINE
8
RIVERS
90
33
70
0
10
49.504950
20
320.297030
10
49.504950
20
319.801980
10
50.000000
20
319.306931
10
50.000000
20
318.316832
10
50.495050
20
318.316832
10
50.495050
20
317.821782
10
50.990099
20
317.821782
10
50.990099
20
317.326733
10
51.485149
20
317.326733
10
51.485149
20
316.831683
10
51.980198
20
316.831683
10
52.475248
20
317.326733
10
52.970297
20
317.326733
10
53.960396
20
318.316832
10
54.455446
20
318.316832
10
54.455446
20
318.811881
10
54.950495
20
318.811881
10
55.445545
20
319.306931
10
57.425743
20
319.306931
10
57.425743
20
319.801980
10
57.920792
20
319.801980
10
57.920792
20
319.306931
10
58.910891
20
319.306931
10
59.900990
20
318.316832
10
59.900990
20
317.326733
10
60.396040
20
317.326733
10
60.396040
20
316.831683
10
63.366337
20
316.831683
10
63.861386
20
316.336634
10
64.356436
20
316.336634
10
64.851485
20
316.831683
10
65.346535
20
316.831683
10
65.841584
20
317.326733
0
LWPOLYLINE
8
RIVERS
90
38
70
0
10
100.000000
20
318.316832
10
100.000000
20
316.831683
10
99.504950
20
316.336634
10
99.504950
20
314.356436
10
99.009901
20
314.356436
10
99.009901
20
313.861386
10
98.514851
20
313.861386
10
98.514851
20
313.366337
10
97.524752
20
313.366337
10
97.524752
20
312.871287
10
97.029703
20
312.871287
10
97.029703
20
312.376238
10
96.534653
20
312.376238
10
96.534653
20
311.881188
10
96.039604
20
311.881188
10
96.039604
20
311.386139
10
94.554455
20
309.900990
10
94.554455
20
309.405941
10
94.059406
20
309.405941
10
94.059406
20
308.910891
10
93.564356
20
308.910891
10
93.564356
20
306.435644
10
93.069307
20
306.435644
10
93.069307
20
303.960396
10
93.564356
20
303.465347
10
93.564356
20
301.980198
10
94.059406
20
301.485149
10
94.059406
20
300.495050
10
93.564356
20
300.495050
10
93.564356
20
299.504950
10
93.069307
20
299.009901
10
93.069307
20
298.514851
10
92.574257
20
298.514851
10
92.574257
20
295.544554
10
93.069307
20
295.544554
10
93.069307
20
292.574257
10
92.574257
20
292.574257
10
92.574257
20
291.089109
0
LWPOLYLINE
8
RIVERS
90
11
70
0
10
189.108911
20
318.316832
10
188.118812
20
317.326733
10
188.118812
20
316.831683
10
187.623762
20
316.831683
10
187.623762
20
313.861386
10
186.633663
20
312.871287
10
186.633663
20
312.376238
10
186.138614
20
312.376238
10
186.138614
20
312.871287
10
185.643564
20
312.871287
10
185.643564
20
313.366337
0
LWPOLYLINE
8
RIVERS
90
10
70
0
10
290.099010
20
317.326733
10
290.594059
20
317.326733
10
290.594059
20
316.831683
10
290.099010
20
316.831683
10
290.099010
20
314.851485
10
289.603960
20
314.851485
10
289.603960
20
313.861386
10
289.108911
20
313.861386
10
289.108911
20
316.336634
10
289.603960
20
316.831683
0
LWPOLYLINE
8
RIVERS
90
16
70
0
10
164.356436
20
316.336634
10
164.356436
20
313.861386
10
164.851485
20
313.861386
10
164.851485
20
311.881188
10
165.346535
20
311.386139
10
165.346535
20
310.396040
10
165.841584
20
310.396040
10
165.841584
20
309.900990
10
166.336634
20
309.900990
10
166.336634
20
309.405941
10
166.831683
20
309.405941
10
166.831683
20
308.415842
10
167.326733
20
308.415842
10
167.326733
20
306.930693
10
166.831683
20
306.930693
10
166.831683
20
307.920792
0
LWPOLYLINE
8
RIVERS
90
84
70
0
10
141.584158
20
314.851485
10
142.079208
20
314.851485
10
141.584158
20
314.356436
10
141.584158
20
313.861386
10
142.079208
20
313.861386
10
142.079208
20
313.366337
10
142.574257
20
313.366337
10
142.574257
20
312.871287
10
142.079208
20
312.376238
10
142.574257
20
311.881188
10
143.069307
20
311.881188
10
143.564356
20
311.386139
10
144.059406
20
311.386139
10
144.554455
20
310.891089
10
145.049505
20
310.891089
10
145.544554
20
310.396040
10
146.534653
20
310.396040
10
146.534653
20
310.891089
10
151.980198
20
310.891089
10
151.980198
20
309.900990
10
152.475248
20
309.900990
10
152.475248
20
307.425743
10
152.970297
20
306.930693
10
152.970297
20
305.445545
10
151.980198
20
304.455446
10
151.980198
20
303.960396
10
151.485149
20
303.960396
10
151.485149
20
303.465347
10
150.990099
20
303.465347
10
150.990099
20
302.970297
10
150.000000
20
302.970297
10
150.000000
20
302.475248
10
149.009901
20
302.475248
10
149.009901
20
301.485149
10
148.514851
20
301.485149
10
148.514851
20
300.495050
10
148.019802
20
300.495050
10
148.019802
20
300.000000
10
147.524752
20
300.000000
10
147.524752
20
299.504950
10
147.029703
20
299.504950
10
147.029703
20
298.514851
10
146.534653
20
298.514851
10
146.534653
20
298.019802
10
147.029703
20
297.524752
10
147.029703
20
296.039604
10
147.524752
20
296.039604
10
147.029703
20
295.544554
10
147.029703
20
295.049505
10
147.524752
20
294.554455
10
147.524752
20
294.059406
10
147.029703
20
294.059406
10
147.029703
20
293.069307
10
146.534653
20
292.574257
10
146.534653
20
291.089109
10
146.039604
20
291.089109
10
146.039604
20
290.594059
10
145.544554
20
290.594059
10
145.544554
20
290.099010
10
145.049505
20
289.603960
10
145.049505
20
289.108911
10
144.554455
20
288.613861
10
144.554455
20
288.118812
10
144.059406
20
287.623762
10
144.059406
20
287.128713
10
143.564356
20
286.633663
10
142.574257
20
286.633663
10
142.574257
20
286.138614
10
142.079208
20
286.138614
10
142.079208
20
285.643564
10
141.584158
20
285.643564
10
140.594059
20
284.653465
10
140.099010
20
284.653465
10
140.099010
20
284.158416
10
139.603960
20
284.158416
10
139.603960
20
282.673267
10
139.108911
20
282.178218
10
139.603960
20
281.683168
10
139.603960
20
281.188119
10
140.099010
20
281.188119
10
140.099010
20
280.693069
10
140.594059
20
280.693069
10
140.594059
20
280.198020
10
141.089109
20
279.702970
0
LWPOLYLINE
8
RIVERS
90
28
70
0
10
41.584158
20
313.861386
10
41.584158
20
312.376238
10
42.079208
20
311.881188
10
42.574257
20
311.881188
10
43.069307
20
311.386139
10
43.564356
20
311.881188
10
44.554455
20
311.881188
10
44.554455
20
312.376238
10
45.049505
20
312.871287
10
46.534653
20
312.871287
10
46.534653
20
312.376238
10
47.524752
20
312.376238
10
48.019802
20
312.871287
10
50.000000
20
312.871287
10
50.000000
20
313.366337
10
50.495050
20
313.366337
10
50.495050
20
312.871287
10
51.485149
20
312.871287
10
51.485149
20
313.366337
10
51.980198
20
313.861386
10
52.475248
20
313.861386
10
52.970297
20
313.366337
10
53.465347
20
313.366337
10
53.465347
20
313.861386
10
54.455446
20
313.861386
10
54.455446
20
313.366337
10
53.960396
20
313.366337
10
53.960396
20
312.871287
0
LWPOLYLINE
8
RIVERS
90
14
70
0
10
289.108911
20
313.366337
10
289.108911
20
312.871287
10
288.613861
20
312.871287
10
288.613861
20
311.881188
10
288.118812
20
311.881188
10
288.118812
20
312.376238
10
287.623762
20
311.881188
10
287.623762
20
311.386139
10
288.118812
20
311.386139
10
288.118812
20
310.891089
10
287.623762
20
310.891089
10
287.623762
20
307.920792
10
287.128713
20
307.920792
10
287.128713
20
311.881188
0
LWPOLYLINE
8
RIVERS
90
10
70
0
10
182.178218
20
312.871287
10
182.178218
20
312.376238
10
182.673267
20
312.376238
10
183.663366
20
311.386139
10
183.663366
20
310.396040
10
185.148515
20
310.396040
10
185.148515
20
310.891089
10
185.643564
20
311.386139
10
185.643564
20
312.376238
10
186.138614
20
311.881188
0
LWPOLYLINE
8
RIVERS
90
30
70
0
10
205.940594
20
312.871287
10
205.940594
20
312.376238
10
205.445545
20
312.376238
10
205.445545
20
311.881188
10
204.950495
20
311.386139
10
204.950495
20
310.891089
10
204.455446
20
310.891089
10
204.455446
20
310.396040
10
203.960396
20
309.900990
10
202.970297
20
309.900990
10
202.970297
20
309.405941
10
202.475248
20
309.405941
10
202.475248
20
308.910891
10
200.990099
20
308.910891
10
200.990099
20
308.415842
10
200.000000
20
308.415842
10
199.504950
20
307.920792
10
198.514851
20
307.920792
10
198.019802
20
307.425743
10
197.029703
20
307.425743
10
197.029703
20
306.930693
10
196.534653
20
306.930693
10
194.554455
20
304.950495
10
194.059406
20
304.950495
10
194.059406
20
304.455446
10
193.564356
20
304.455446
10
193.564356
20
304.950495
10
192.079208
20
304.950495
10
192.079208
20
303.960396
10
193.564356
20
303.960396
0
LWPOLYLINE
8
RIVERS
90
21
70
0
10
63.861386
20
309.900990
10
63.861386
20
309.405941
10
63.366337
20
308.910891
10
63.366337
20
307.425743
10
62.871287
20
307.425743
10
62.871287
20
306.930693
10
62.376238
20
306.930693
10
62.376238
20
302.970297
10
61.881188
20
302.475248
10
61.881188
20
301.980198
10
61.386139
20
301.485149
10
61.386139
20
300.990099
10
60.396040
20
300.990099
10
58.910891
20
299.504950
10
58.910891
20
299.009901
10
58.415842
20
299.504950
10
57.425743
20
299.504950
10
56.930693
20
300.000000
10
53.465347
20
300.000000
10
52.970297
20
299.504950
10
50.000000
20
299.504950
0
LWPOLYLINE
8
RIVERS
90
19
70
0
10
184.158416
20
309.900990
10
184.653465
20
309.900990
10
184.653465
20
309.405941
10
184.158416
20
309.405941
10
184.158416
20
308.415842
10
184.653465
20
307.920792
10
184.653465
20
307.425743
10
185.148515
20
307.425743
10
185.148515
20
306.930693
10
186.633663
20
306.930693
10
186.633663
20
306.435644
10
188.118812
20
306.435644
10
188.118812
20
305.940594
10
189.108911
20
305.940594
10
189.603960
20
305.445545
10
189.603960
20
304.455446
10
191.584158
20
304.455446
10
191.584158
20
303.960396
10
190.594059
20
303.960396
0
LWPOLYLINE
8
RIVERS
90
17
70
0
10
237.623762
20
307.920792
10
237.623762
20
304.455446
10
238.118812
20
303.960396
10
238.118812
20
302.475248
10
237.623762
20
302.475248
10
237.623762
20
301.980198
10
237.128713
20
301.980198
10
237.128713
20
301.485149
10
236.138614
20
301.485149
10
236.138614
20
300.990099
10
235.643564
20
300.495050
10
235.643564
20
299.504950
10
236.138614
20
299.009901
10
236.138614
20
298.514851
10
236.633663
20
298.514851
10
237.128713
20
298.019802
10
237.128713
20
297.029703
0
LWPOLYLINE
8
RIVERS
90
12
70
0
10
166.336634
20
306.930693
10
166.336634
20
303.960396
10
165.841584
20
303.960396
10
165.841584
20
301.485149
10
166.336634
20
301.485149
10
166.336634
20
300.990099
10
166.831683
20
300.990099
10
166.831683
20
300.495050
10
168.811881
20
300.495050
10
168.811881
20
300.000000
10
173.762376
20
300.000000
10
173.762376
20
299.504950
0
LWPOLYLINE
8
RIVERS
90
13
70
0
10
167.821782
20
306.435644
10
167.821782
20
305.940594
10
168.316832
20
305.940594
10
168.316832
20
305.445545
10
170.297030
20
305.445545
10
170.792079
20
304.950495
10
171.287129
20
305.445545
10
172.277228
20
305.445545
10
172.277228
20
305.940594
10
173.267327
20
305.940594
10
173.267327
20
306.435644
10
174.257426
20
306.435644
10
173.762376
20
305.940594
0
LWPOLYLINE
8
RIVERS
90
29
70
0
10
83.168317
20
304.455446
10
83.168317
20
302.970297
10
82.178218
20
301.980198
10
82.178218
20
300.495050
10
81.683168
20
300.495050
10
81.683168
20
300.000000
10
81.188119
20
300.000000
10
81.188119
20
299.504950
10
80.693069
20
299.504950
10
80.693069
20
299.009901
10
80.198020
20
299.009901
10
80.198020
20
296.039604
10
77.722772
20
296.039604
10
77.722772
20
295.049505
10
78.712871
20
295.049505
10
79.207921
20
294.554455
10
80.693069
20
294.554455
10
80.693069
20
293.564356
10
81.188119
20
293.564356
10
81.188119
20
291.584158
10
81.683168
20
291.584158
10
81.683168
20
291.089109
10
81.188119
20
291.089109
10
81.188119
20
287.623762
10
81.683168
20
287.623762
10
81.683168
20
287.128713
10
82.178218
20
287.128713
10
82.178218
20
286.633663
10
82.673267
20
286.633663
0
LWPOLYLINE
8
RIVERS
90
147
70
0
10
303.465347
20
303.960396
10
303.960396
20
303.960396
10
303.465347
20
303.465347
10
303.465347
20
301.980198
10
302.970297
20
301.980198
10
302.970297
20
300.990099
10
301.980198
20
300.000000
10
301.980198
20
296.039604
10
301.485149
20
295.544554
10
301.485149
20
294.554455
10
300.990099
20
294.554455
10
300.990099
20
293.564356
10
300.495050
20
293.564356
10
300.495050
20
293.069307
10
300.000000
20
292.574257
10
300.000000
20
291.584158
10
299.504950
20
291.089109
10
299.504950
20
289.603960
10
299.009901
20
289.603960
10
299.009901
20
288.613861
10
298.514851
20
288.118812
10
298.514851
20
287.623762
10
298.019802
20
287.623762
10
298.019802
20
287.128713
10
297.524752
20
287.128713
10
297.524752
20
286.138614
10
296.534653
20
285.148515
10
296.534653
20
284.653465
10
296.039604
20
284.158416
10
296.039604
20
283.168317
10
296.534653
20
283.168317
10
296.039604
20
282.673267
10
295.544554
20
282.673267
10
295.544554
20
282.178218
10
295.049505
20
281.683168
10
294.554455
20
281.683168
10
294.554455
20
280.198020
10
295.049505
20
280.198020
10
294.554455
20
279.702970
10
294.059406
20
279.702970
10
294.059406
20
278.217822
10
293.564356
20
278.217822
10
293.564356
20
277.227723
10
293.069307
20
277.227723
10
293.069307
20
276.732673
10
292.574257
20
276.732673
10
292.574257
20
277.227723
10
292.079208
20
276.732673
10
291.089109
20
276.732673
10
291.089109
20
276.237624
10
290.594059
20
275.742574
10
289.603960
20
275.742574
10
289.603960
20
274.752475
10
289.108911
20
274.752475
10
289.108911
20
274.257426
10
288.613861
20
274.257426
10
288.613861
20
273.762376
10
288.118812
20
273.762376
10
287.128713
20
272.772277
10
286.138614
20
272.772277
10
286.138614
20
271.782178
10
285.643564
20
271.287129
10
284.158416
20
271.287129
10
284.158416
20
270.792079
10
283.168317
20
270.792079
10
282.673267
20
270.297030
10
282.673267
20
269.801980
10
282.178218
20
269.306931
10
282.178218
20
268.811881
10
281.188119
20
268.811881
10
280.198020
20
267.821782
10
279.207921
20
267.821782
10
278.712871
20
267.326733
10
278.217822
20
267.326733
10
277.722772
20
266.831683
10
277.227723
20
266.831683
10
277.227723
20
266.336634
10
275.742574
20
266.336634
10
275.742574
20
265.841584
10
275.247525
20
266.336634
10
275.247525
20
266.831683
10
274.752475
20
267.326733
10
274.752475
20
270.792079
10
274.257426
20
271.287129
10
273.762376
20
271.287129
10
273.762376
20
271.782178
10
272.277228
20
271.782178
10
271.782178
20
272.277228
10
271.782178
20
272.772277
10
272.277228
20
273.267327
10
272.277228
20
273.762376
10
272.772277
20
274.257426
10
272.772277
20
274.752475
10
273.267327
20
274.752475
10
273.267327
20
275.247525
10
273.762376
20
275.742574
10
273.762376
20
276.237624
10
274.752475
20
277.227723
10
274.752475
20
277.722772
10
275.247525
20
278.217822
10
275.247525
20
278.712871
10
275.742574
20
278.712871
10
275.742574
20
279.207921
10
276.237624
20
279.702970
10
276.237624
20
280.198020
10
276.732673
20
280.693069
10
276.732673
20
281.683168
10
277.227723
20
282.178218
10
277.227723
20
283.168317
10
277.722772
20
283.663366
10
277.722772
20
285.148515
10
278.217822
20
285.148515
10
278.217822
20
286.633663
10
278.712871
20
287.128713
10
278.712871
20
288.118812
10
279.207921
20
288.613861
10
279.207921
20
289.603960
10
279.702970
20
290.099010
10
279.702970
20
291.089109
10
280.198020
20
291.584158
10
280.198020
20
292.574257
10
280.693069
20
293.069307
10
280.693069
20
293.564356
10
281.188119
20
294.059406
10
281.188119
20
294.554455
10
281.683168
20
295.049505
10
281.683168
20
295.544554
10
282.178218
20
295.544554
10
282.178218
20
296.534653
10
282.673267
20
296.534653
10
282.673267
20
297.029703
10
283.168317
20
297.524752
10
283.168317
20
298.019802
10
283.663366
20
298.514851
10
283.663366
20
299.009901
10
284.158416
20
299.504950
10
284.158416
20
300.000000
10
284.653465
20
300.495050
10
284.653465
20
301.980198
10
285.148515
20
302.475248
10
285.148515
20
303.465347
10
285.643564
20
303.960396
10
285.643564
20
304.950495
10
286.138614
20
305.445545
10
286.138614
20
305.940594
10
286.633663
20
306.435644
10
286.633663
20
307.425743
0
LWPOLYLINE
8
RIVERS
90
12
70
0
10
45.544554
20
301.485149
10
45.544554
20
301.980198
10
46.039604
20
301.485149
10
46.534653
20
301.485149
10
46.534653
20
300.495050
10
47.029703
20
300.495050
10
47.029703
20
299.504950
10
46.534653
20
299.009901
10
46.534653
20
298.019802
10
47.029703
20
298.019802
10
46.534653
20
297.524752
10
46.039604
20
297.524752
0
LWPOLYLINE
8
RIVERS
90
9
70
0
10
45.544554
20
300.990099
10
45.544554
20
300.495050
10
46.039604
20
300.000000
10
46.534653
20
300.000000
10
46.039604
20
299.504950
10
45.544554
20
299.504950
10
45.544554
20
299.009901
10
45.049505
20
299.009901
10
45.049505
20
300.000000
0
LWPOLYLINE
8
RIVERS
90
12
70
0
10
165.841584
20
300.990099
10
165.841584
20
300.495050
10
165.346535
20
300.000000
10
164.851485
20
300.000000
10
164.851485
20
299.504950
10
164.356436
20
299.504950
10
164.356436
20
300.000000
10
163.861386
20
299.504950
10
163.861386
20
299.009901
10
164.356436
20
299.009901
10
164.851485
20
298.514851
10
164.851485
20
298.019802
0
LWPOLYLINE
8
RIVERS
90
19
70
0
10
67.821782
20
299.009901
10
69.306931
20
299.009901
10
69.801980
20
299.504950
10
70.297030
20
299.009901
10
70.792079
20
299.009901
10
70.792079
20
298.514851
10
71.287129
20
298.514851
10
71.782178
20
298.019802
10
71.782178
20
297.524752
10
72.277228
20
297.029703
10
74.257426
20
297.029703
10
74.257426
20
296.534653
10
75.247525
20
296.534653
10
75.742574
20
296.039604
10
76.237624
20
296.039604
10
76.237624
20
295.544554
10
77.227723
20
295.544554
10
77.227723
20
295.049505
10
76.732673
20
295.049505
0
LWPOLYLINE
8
RIVERS
90
26
70
0
10
163.366337
20
299.009901
10
163.366337
20
298.019802
10
162.871287
20
297.524752
10
162.871287
20
296.534653
10
161.881188
20
296.534653
10
161.881188
20
296.039604
10
161.386139
20
296.039604
10
161.386139
20
295.049505
10
160.396040
20
295.049505
10
160.396040
20
294.554455
10
159.900990
20
294.554455
10
159.900990
20
293.069307
10
159.405941
20
293.069307
10
159.405941
20
291.584158
10
158.910891
20
291.584158
10
158.910891
20
291.089109
10
158.415842
20
290.594059
10
158.415842
20
290.099010
10
157.920792
20
290.099010
10
157.920792
20
289.108911
10
157.425743
20
289.108911
10
157.425743
20
288.613861
10
156.930693
20
288.613861
10
156.930693
20
288.118812
10
156.435644
20
288.118812
10
156.435644
20
286.138614
0
LWPOLYLINE
8
RIVERS
90
56
70
0
10
63.861386
20
296.039604
10
63.366337
20
296.039604
10
63.366337
20
295.544554
10
62.871287
20
295.049505
10
62.871287
20
294.554455
10
62.376238
20
294.059406
10
62.376238
20
292.574257
10
61.881188
20
292.574257
10
61.881188
20
292.079208
10
61.386139
20
292.079208
10
61.386139
20
290.099010
10
61.881188
20
290.099010
10
61.881188
20
289.603960
10
62.376238
20
289.603960
10
62.376238
20
289.108911
10
61.386139
20
289.108911
10
61.386139
20
288.118812
10
62.376238
20
288.118812
10
62.376238
20
284.158416
10
62.871287
20
284.158416
10
62.871287
20
283.663366
10
63.366337
20
283.663366
10
63.366337
20
281.188119
10
62.871287
20
281.188119
10
62.871287
20
279.207921
10
62.376238
20
278.712871
10
62.376238
20
275.742574
10
62.871287
20
275.247525
10
62.871287
20
274.257426
10
63.861386
20
274.257426
10
63.861386
20
273.762376
10
65.841584
20
273.762376
10
65.841584
20
273.267327
10
66.831683
20
273.267327
10
66.831683
20
273.762376
10
69.801980
20
273.762376
10
69.801980
20
274.257426
10
71.287129
20
274.257426
10
72.772277
20
275.742574
10
73.267327
20
275.742574
10
73.267327
20
276.237624
10
74.257426
20
276.237624
10
74.257426
20
276.732673
10
76.732673
20
276.732673
10
77.722772
20
275.742574
10
78.217822
20
275.742574
10
78.217822
20
275.247525
10
78.712871
20
275.247525
10
78.712871
20
274.752475
10
80.198020
20
274.752475
10
80.198020
20
275.247525
10
84.158416
20
275.247525
10
84.158416
20
276.237624
10
84.653465
20
276.237624
10
85.148515
20
276.732673
10
85.148515
20
277.722772
0
LWPOLYLINE
8
RIVERS
90
27
70
0
10
177.722772
20
293.069307
10
178.217822
20
292.574257
10
178.217822
20
292.079208
10
179.207921
20
292.079208
10
179.702970
20
291.584158
10
179.702970
20
291.089109
10
180.198020
20
291.089109
10
180.693069
20
290.594059
10
180.693069
20
290.099010
10
181.188119
20
289.603960
10
181.188119
20
287.623762
10
181.683168
20
287.623762
10
181.683168
20
287.128713
10
181.188119
20
286.633663
10
180.693069
20
286.633663
10
180.693069
20
286.138614
10
180.198020
20
286.138614
10
180.198020
20
285.643564
10
179.702970
20
285.643564
10
179.702970
20
285.148515
10
179.207921
20
284.653465
10
179.207921
20
283.663366
10
178.712871
20
283.663366
10
178.712871
20
284.158416
10
177.722772
20
284.158416
10
177.722772
20
284.653465
10
177.227723
20
284.653465
0
LWPOLYLINE
8
RIVERS
90
36
70
0
10
205.940594
20
291.089109
10
206.435644
20
290.594059
10
206.930693
20
290.594059
10
207.425743
20
290.099010
10
208.415842
20
290.099010
10
208.415842
20
289.603960
10
209.405941
20
289.603960
10
209.900990
20
289.108911
10
212.376238
20
289.108911
10
212.871287
20
288.613861
10
214.851485
20
288.613861
10
214.851485
20
288.118812
10
215.346535
20
288.118812
10
216.336634
20
287.128713
10
218.811881
20
287.128713
10
219.306931
20
286.633663
10
220.792079
20
286.633663
10
221.287129
20
286.138614
10
221.782178
20
286.138614
10
222.277228
20
286.633663
10
222.772277
20
286.138614
10
223.762376
20
286.138614
10
224.257426
20
285.643564
10
225.742574
20
285.643564
10
226.237624
20
285.148515
10
227.722772
20
285.148515
10
227.722772
20
284.653465
10
228.217822
20
284.653465
10
228.712871
20
284.158416
10
229.207921
20
284.158416
10
229.702970
20
283.663366
10
230.693069
20
283.663366
10
230.693069
20
283.168317
10
231.683168
20
283.168317
10
232.178218
20
282.673267
10
232.673267
20
282.673267
0
LWPOLYLINE
8
RIVERS
90
5
70
0
10
61.386139
20
286.138614
10
61.881188
20
286.138614
10
61.881188
20
284.653465
10
61.386139
20
284.653465
10
61.386139
20
281.683168
0
LWPOLYLINE
8
RIVERS
90
175
70
0
10
25.247525
20
283.168317
10
25.742574
20
283.168317
10
25.742574
20
282.673267
10
26.237624
20
282.673267
10
26.732673
20
282.178218
10
26.732673
20
279.702970
10
27.227723
20
279.207921
10
27.227723
20
278.712871
10
27.722772
20
278.712871
10
27.722772
20
278.217822
10
28.217822
20
278.217822
10
29.207921
20
277.227723
10
29.207921
20
276.732673
10
29.702970
20
276.732673
10
29.702970
20
276.237624
10
30.198020
20
275.742574
10
30.198020
20
275.247525
10
30.693069
20
275.247525
10
30.693069
20
274.752475
10
31.188119
20
274.257426
10
31.188119
20
273.762376
10
31.683168
20
273.762376
10
31.683168
20
267.326733
10
32.178218
20
266.831683
10
32.178218
20
266.336634
10
32.673267
20
265.841584
10
32.673267
20
265.346535
10
33.168317
20
264.851485
10
33.168317
20
263.861386
10
33.663366
20
263.861386
10
33.663366
20
262.871287
10
34.158416
20
262.376238
10
34.158416
20
260.891089
10
34.653465
20
260.891089
10
34.653465
20
259.405941
10
35.148515
20
259.405941
10
35.148515
20
255.445545
10
35.643564
20
255.445545
10
35.643564
20
246.039604
10
36.138614
20
246.039604
10
36.138614
20
245.049505
10
37.128713
20
245.049505
10
37.128713
20
244.554455
10
37.623762
20
244.554455
10
37.623762
20
244.059406
10
38.118812
20
244.059406
10
38.118812
20
243.069307
10
37.623762
20
243.069307
10
37.623762
20
241.584158
10
38.118812
20
241.584158
10
38.118812
20
240.099010
10
38.613861
20
239.603960
10
38.613861
20
239.108911
10
39.108911
20
238.613861
10
39.108911
20
237.623762
10
42.574257
20
237.623762
10
43.564356
20
236.633663
10
45.049505
20
236.633663
10
45.544554
20
236.138614
10
46.039604
20
236.138614
10
46.039604
20
235.643564
10
47.029703
20
235.643564
10
47.029703
20
236.138614
10
47.524752
20
236.138614
10
47.524752
20
236.633663
10
48.019802
20
236.633663
10
48.019802
20
237.623762
10
48.514851
20
237.623762
10
48.514851
20
238.118812
10
49.009901
20
238.118812
10
49.009901
20
238.613861
10
49.504950
20
238.613861
10
49.504950
20
239.108911
10
50.000000
20
239.603960
10
50.000000
20
240.099010
10
50.495050
20
240.594059
10
50.495050
20
241.089109
10
50.990099
20
241.584158
10
50.990099
20
242.574257
10
51.485149
20
242.574257
10
51.485149
20
243.564356
10
51.980198
20
243.564356
10
51.980198
20
244.554455
10
52.475248
20
244.554455
10
52.475248
20
245.544554
10
52.970297
20
246.039604
10
52.970297
20
246.534653
10
53.465347
20
247.029703
10
53.465347
20
247.524752
10
53.960396
20
248.019802
10
53.960396
20
248.514851
10
54.455446
20
249.009901
10
54.455446
20
250.000000
10
54.950495
20
250.000000
10
54.950495
20
250.990099
10
55.445545
20
250.990099
10
55.445545
20
251.485149
10
55.940594
20
251.485149
10
55.940594
20
252.970297
10
56.435644
20
252.970297
10
56.435644
20
254.950495
10
57.920792
20
254.950495
10
57.920792
20
255.445545
10
58.415842
20
255.940594
10
58.415842
20
256.930693
10
59.900990
20
256.930693
10
59.900990
20
257.920792
10
59.405941
20
257.920792
10
59.405941
20
258.415842
10
58.910891
20
258.415842
10
58.910891
20
259.405941
10
59.405941
20
259.405941
10
59.900990
20
259.900990
10
60.396040
20
259.900990
10
60.396040
20
261.881188
10
60.891089
20
261.881188
10
60.891089
20
261.386139
10
61.386139
20
261.386139
10
61.881188
20
261.881188
10
61.881188
20
264.356436
10
62.871287
20
264.356436
10
62.871287
20
265.346535
10
63.366337
20
265.346535
10
63.366337
20
265.841584
10
63.861386
20
265.346535
10
63.861386
20
264.851485
10
64.356436
20
264.851485
10
64.356436
20
264.356436
10
65.346535
20
264.356436
10
65.346535
20
263.366337
10
65.841584
20
263.366337
10
65.841584
20
262.871287
10
66.831683
20
261.881188
10
67.326733
20
261.881188
10
67.326733
20
261.386139
10
67.821782
20
261.386139
10
68.316832
20
260.891089
10
68.811881
20
260.891089
10
68.811881
20
260.396040
10
69.306931
20
260.396040
10
69.306931
20
258.415842
10
69.801980
20
258.415842
10
70.297030
20
257.920792
10
70.297030
20
257.425743
10
70.792079
20
257.425743
10
70.792079
20
256.930693
10
71.782178
20
256.930693
10
71.782178
20
256.435644
10
72.277228
20
256.435644
10
72.277228
20
255.940594
10
73.762376
20
255.940594
10
74.257426
20
255.445545
10
76.732673
20
255.445545
10
76.732673
20
255.940594
10
78.217822
20
255.940594
10
78.217822
20
256.435644
10
78.712871
20
256.930693
10
78.712871
20
257.425743
10
79.207921
20
257.425743
10
79.207921
20
257.920792
10
79.702970
20
258.415842
10
79.702970
20
259.900990
10
80.198020
20
260.396040
10
80.198020
20
261.881188
10
80.693069
20
261.881188
10
80.693069
20
262.376238
10
81.188119
20
262.376238
10
81.188119
20
262.871287
10
81.683168
20
262.871287
10
81.683168
20
263.366337
10
82.178218
20
263.366337
10
82.178218
20
263.861386
10
82.673267
20
263.861386
10
83.168317
20
264.356436
10
83.663366
20
264.356436
0
LWPOLYLINE
8
RIVERS
90
38
70
0
10
178.712871
20
283.168317
10
178.712871
20
281.683168
10
178.217822
20
281.188119
10
178.217822
20
279.702970
10
176.732673
20
278.217822
10
176.732673
20
277.722772
10
176.237624
20
277.227723
10
176.237624
20
276.732673
10
175.742574
20
276.237624
10
175.742574
20
275.742574
10
175.247525
20
275.742574
10
175.247525
20
275.247525
10
174.257426
20
274.257426
10
174.257426
20
273.267327
10
173.762376
20
272.772277
10
173.762376
20
271.782178
10
173.267327
20
271.782178
10
173.267327
20
271.287129
10
172.772277
20
271.287129
10
172.772277
20
271.782178
10
172.277228
20
272.277228
10
171.287129
20
272.277228
10
171.287129
20
272.772277
10
169.801980
20
272.772277
10
169.801980
20
273.267327
10
169.306931
20
273.267327
10
169.306931
20
272.772277
10
168.316832
20
272.772277
10
168.316832
20
272.277228
10
167.821782
20
272.277228
10
167.821782
20
272.772277
10
167.326733
20
272.772277
10
167.326733
20
272.277228
10
164.851485
20
272.277228
10
164.851485
20
272.772277
10
162.376238
20
272.772277
10
161.881188
20
273.267327
10
161.386139
20
273.267327
0
LWPOLYLINE
8
RIVERS
90
5
70
0
10
102.970297
20
278.217822
10
107.920792
20
278.217822
10
108.415842
20
277.722772
10
109.900990
20
277.722772
10
109.900990
20
278.217822
0
LWPOLYLINE
8
RIVERS
90
8
70
0
10
100.495050
20
276.732673
10
100.990099
20
276.732673
10
100.000000
20
275.742574
10
100.000000
20
275.247525
10
99.504950
20
275.247525
10
99.504950
20
274.752475
10
97.524752
20
274.752475
10
97.524752
20
273.762376
0
LWPOLYLINE
8
RIVERS
90
13
70
0
10
77.722772
20
275.247525
10
77.722772
20
273.762376
10
78.217822
20
273.762376
10
78.217822
20
271.782178
10
78.712871
20
271.782178
10
78.712871
20
270.792079
10
79.207921
20
270.792079
10
79.207921
20
269.801980
10
79.702970
20
269.801980
10
80.693069
20
268.811881
10
83.168317
20
268.811881
10
83.168317
20
268.316832
10
84.158416
20
268.316832
0
LWPOLYLINE
8
RIVERS
90
37
70
0
10
10.396040
20
273.762376
10
10.891089
20
273.762376
10
10.891089
20
272.772277
10
11.881188
20
272.772277
10
12.376238
20
272.277228
10
12.376238
20
271.287129
10
12.871287
20
271.287129
10
13.366337
20
270.792079
10
13.366337
20
269.801980
10
13.861386
20
269.801980
10
13.861386
20
269.306931
10
14.356436
20
269.306931
10
14.356436
20
268.811881
10
15.841584
20
268.811881
10
15.841584
20
267.326733
10
16.336634
20
267.326733
10
16.336634
20
266.336634
10
15.841584
20
266.336634
10
15.841584
20
265.841584
10
16.336634
20
265.346535
10
16.336634
20
264.851485
10
16.831683
20
264.851485
10
16.831683
20
263.366337
10
17.326733
20
263.366337
10
16.831683
20
262.871287
10
16.336634
20
262.871287
10
16.336634
20
262.376238
10
15.841584
20
261.881188
10
15.841584
20
259.900990
10
15.346535
20
259.405941
10
15.346535
20
258.910891
10
14.851485
20
258.910891
10
14.851485
20
257.920792
10
14.356436
20
257.920792
10
14.356436
20
257.425743
10
13.861386
20
257.425743
10
13.861386
20
257.920792
0
LWPOLYLINE
8
RIVERS
90
7
70
0
10
65.346535
20
273.267327
10
65.346535
20
272.772277
10
64.851485
20
272.772277
10
63.861386
20
271.782178
10
62.376238
20
271.782178
10
62.376238
20
272.772277
10
62.871287
20
272.772277
0
LWPOLYLINE
8
RIVERS
90
30
70
0
10
202.475248
20
273.267327
10
202.970297
20
273.267327
10
204.455446
20
271.782178
10
205.940594
20
271.782178
10
206.435644
20
271.287129
10
206.930693
20
271.287129
10
207.920792
20
270.297030
10
208.415842
20
270.297030
10
209.405941
20
269.306931
10
209.900990
20
269.306931
10
209.900990
20
268.811881
10
211.881188
20
268.811881
10
212.376238
20
268.316832
10
214.851485
20
268.316832
10
215.346535
20
267.821782
10
217.326733
20
267.821782
10
217.821782
20
267.326733
10
218.316832
20
267.326733
10
218.811881
20
266.831683
10
219.306931
20
266.831683
10
219.801980
20
266.336634
10
220.297030
20
266.336634
10
220.792079
20
265.841584
10
221.287129
20
265.841584
10
222.772277
20
264.356436
10
224.257426
20
264.356436
10
224.257426
20
264.851485
10
225.247525
20
264.851485
10
225.247525
20
264.356436
10
225.742574
20
264.356436
0
LWPOLYLINE
8
RIVERS
90
100
70
0
10
146.534653
20
272.277228
10
146.534653
20
268.811881
10
146.039604
20
268.811881
10
146.039604
20
268.316832
10
145.544554
20
268.316832
10
145.544554
20
265.346535
10
145.049505
20
264.851485
10
145.049505
20
264.356436
10
144.554455
20
263.861386
10
144.554455
20
258.910891
10
144.059406
20
258.415842
10
144.059406
20
255.445545
10
144.554455
20
255.445545
10
144.059406
20
254.950495
10
144.059406
20
253.465347
10
144.554455
20
253.465347
10
144.554455
20
252.970297
10
145.049505
20
252.475248
10
145.049505
20
251.980198
10
145.544554
20
251.485149
10
145.544554
20
250.990099
10
146.039604
20
250.990099
10
146.039604
20
250.495050
10
146.534653
20
250.495050
10
146.534653
20
250.000000
10
147.029703
20
250.000000
10
148.019802
20
249.009901
10
148.514851
20
249.009901
10
149.009901
20
248.514851
10
156.435644
20
248.514851
10
156.930693
20
248.019802
10
157.425743
20
248.019802
10
157.920792
20
247.524752
10
158.910891
20
247.524752
10
159.405941
20
248.019802
10
159.900990
20
248.019802
10
160.891089
20
249.009901
10
161.386139
20
249.009901
10
161.881188
20
249.504950
10
162.871287
20
249.504950
10
163.366337
20
249.009901
10
164.356436
20
249.009901
10
164.356436
20
249.504950
10
164.851485
20
249.504950
10
164.851485
20
250.000000
10
165.346535
20
250.000000
10
165.346535
20
251.485149
10
165.841584
20
251.980198
10
166.336634
20
251.980198
10
166.336634
20
252.970297
10
166.831683
20
253.465347
10
166.831683
20
254.455446
10
167.326733
20
254.950495
10
169.801980
20
254.950495
10
170.297030
20
255.445545
10
170.297030
20
257.425743
10
170.792079
20
256.930693
10
170.792079
20
255.940594
10
171.287129
20
255.940594
10
171.287129
20
255.445545
10
171.782178
20
255.445545
10
171.782178
20
254.455446
10
172.277228
20
254.455446
10
172.277228
20
253.465347
10
172.772277
20
253.465347
10
172.772277
20
252.970297
10
173.267327
20
252.970297
10
173.267327
20
252.475248
10
173.762376
20
252.475248
10
173.762376
20
251.980198
10
175.247525
20
251.980198
10
175.247525
20
252.475248
10
175.742574
20
252.475248
10
175.742574
20
252.970297
10
176.237624
20
252.970297
10
176.237624
20
253.465347
10
177.722772
20
253.465347
10
178.217822
20
252.970297
10
179.207921
20
252.970297
10
179.207921
20
252.475248
10
179.702970
20
251.980198
10
180.693069
20
251.980198
10
180.693069
20
251.485149
10
181.683168
20
251.485149
10
181.683168
20
250.990099
10
182.673267
20
250.990099
10
182.673267
20
250.495050
10
183.168317
20
250.495050
10
183.168317
20
249.504950
10
183.663366
20
249.504950
10
183.663366
20
249.009901
10
184.158416
20
249.009901
10
184.158416
20
248.514851
10
184.653465
20
248.019802
10
184.653465
20
246.039604
10
184.158416
20
246.039604
10
183.663366
20
246.534653
10
183.663366
20
247.029703
10
183.168317
20
247.524752
10
183.168317
20
249.009901
0
LWPOLYLINE
8
RIVERS
90
175
70
0
10
271.287129
20
272.277228
10
267.821782
20
268.811881
10
267.326733
20
268.811881
10
267.326733
20
268.316832
10
266.831683
20
268.316832
10
266.831683
20
267.821782
10
266.336634
20
267.821782
10
265.346535
20
266.831683
10
264.851485
20
266.831683
10
264.851485
20
266.336634
10
264.356436
20
266.336634
10
263.366337
20
265.346535
10
262.871287
20
265.346535
10
262.871287
20
264.851485
10
262.376238
20
264.851485
10
261.386139
20
263.861386
10
260.891089
20
263.861386
10
260.891089
20
263.366337
10
260.396040
20
263.366337
10
258.910891
20
261.881188
10
258.910891
20
261.386139
10
258.415842
20
261.386139
10
258.415842
20
260.891089
10
257.920792
20
260.396040
10
257.920792
20
259.900990
10
257.425743
20
259.405941
10
257.425743
20
258.910891
10
256.930693
20
258.910891
10
256.930693
20
258.415842
10
256.435644
20
257.920792
10
256.435644
20
257.425743
10
255.940594
20
256.930693
10
255.940594
20
256.435644
10
255.445545
20
256.435644
10
255.445545
20
255.940594
10
254.950495
20
255.445545
10
254.950495
20
254.455446
10
254.455446
20
253.960396
10
254.455446
20
252.970297
10
253.960396
20
252.475248
10
253.960396
20
244.554455
10
253.465347
20
244.059406
10
253.465347
20
235.148515
10
252.970297
20
235.148515
10
252.970297
20
231.683168
10
252.475248
20
231.683168
10
252.475248
20
230.693069
10
251.980198
20
230.198020
10
251.980198
20
229.207921
10
251.485149
20
228.712871
10
251.485149
20
227.722772
10
250.990099
20
227.227723
10
250.990099
20
226.237624
10
250.495050
20
225.742574
10
250.495050
20
224.752475
10
250.000000
20
224.257426
10
250.000000
20
223.267327
10
249.504950
20
222.772277
10
249.504950
20
218.811881
10
250.000000
20
218.316832
10
250.000000
20
215.841584
10
249.504950
20
215.841584
10
248.514851
20
214.851485
10
248.514851
20
208.415842
10
248.019802
20
207.920792
10
247.524752
20
207.920792
10
247.524752
20
207.425743
10
247.029703
20
207.425743
10
246.534653
20
206.930693
10
245.544554
20
206.930693
10
245.544554
20
207.425743
10
245.049505
20
207.425743
10
244.554455
20
206.930693
10
243.069307
20
206.930693
10
243.069307
20
208.910891
10
242.574257
20
208.910891
10
242.574257
20
207.920792
10
241.584158
20
207.920792
10
241.584158
20
207.425743
10
240.099010
20
207.425743
10
240.099010
20
206.435644
10
241.089109
20
206.435644
10
241.089109
20
205.445545
10
240.099010
20
205.445545
10
240.099010
20
205.940594
10
239.603960
20
205.445545
10
239.603960
20
203.960396
10
240.099010
20
203.960396
10
240.099010
20
202.970297
10
239.108911
20
202.970297
10
239.108911
20
202.475248
10
238.613861
20
202.475248
10
238.118812
20
201.980198
10
237.623762
20
201.980198
10
237.623762
20
200.990099
10
237.128713
20
200.990099
10
237.128713
20
200.495050
10
233.663366
20
197.029703
10
233.663366
20
196.039604
10
233.168317
20
195.544554
10
233.168317
20
195.049505
10
232.673267
20
194.554455
10
232.673267
20
194.059406
10
232.178218
20
193.564356
10
232.178218
20
193.069307
10
231.683168
20
192.574257
10
231.683168
20
192.079208
10
231.188119
20
191.584158
10
231.188119
20
191.089109
10
230.693069
20
191.089109
10
230.693069
20
190.594059
10
230.198020
20
190.594059
10
230.198020
20
190.099010
10
228.712871
20
188.613861
10
228.217822
20
188.613861
10
227.227723
20
187.623762
10
227.227723
20
187.128713
10
226.732673
20
187.128713
10
226.732673
20
186.633663
10
225.742574
20
186.633663
10
225.247525
20
186.138614
10
225.247525
20
185.643564
10
224.752475
20
185.643564
10
224.752475
20
185.148515
10
224.257426
20
185.148515
10
224.257426
20
184.653465
10
223.762376
20
184.653465
10
223.267327
20
184.158416
10
222.772277
20
184.158416
10
222.772277
20
183.663366
10
221.782178
20
182.673267
10
221.782178
20
180.693069
10
221.287129
20
180.198020
10
221.287129
20
179.702970
10
220.792079
20
179.207921
10
220.297030
20
179.207921
10
220.297030
20
178.217822
10
219.801980
20
178.217822
10
219.801980
20
177.722772
10
218.811881
20
176.732673
10
218.811881
20
176.237624
10
218.316832
20
175.742574
10
218.316832
20
175.247525
10
217.326733
20
174.257426
10
217.326733
20
171.782178
10
216.831683
20
171.287129
10
216.831683
20
170.792079
10
216.336634
20
170.297030
10
216.336634
20
168.316832
10
215.841584
20
167.821782
10
215.841584
20
166.336634
10
213.861386
20
164.356436
10
213.861386
20
163.861386
10
213.366337
20
163.366337
10
213.366337
20
162.376238
10
212.871287
20
161.881188
10
212.871287
20
161.386139
10
212.376238
20
161.386139
10
212.376238
20
160.891089
10
210.891089
20
159.405941
10
210.396040
20
159.405941
10
209.405941
20
158.415842
10
208.910891
20
158.415842
10
208.910891
20
157.920792
10
206.435644
20
155.445545
10
206.435644
20
154.950495
10
205.940594
20
154.950495
10
205.940594
20
154.455446
10
205.445545
20
154.455446
10
205.445545
20
152.970297
10
204.950495
20
152.475248
10
204.950495
20
151.980198
10
204.455446
20
151.980198
10
204.455446
20
151.485149
10
203.960396
20
150.990099
0
LWPOLYLINE
8
RIVERS
90
10
70
0
10
62.376238
20
271.287129
10
62.376238
20
269.801980
10
61.881188
20
269.306931
10
61.881188
20
268.811881
10
62.376238
20
268.811881
10
62.376238
20
267.821782
10
61.881188
20
267.821782
10
61.881188
20
267.326733
10
61.386139
20
267.326733
10
61.386139
20
264.356436
0
LWPOLYLINE
8
RIVERS
90
16
70
0
10
172.772277
20
270.792079
10
172.772277
20
269.306931
10
173.267327
20
269.306931
10
172.772277
20
268.811881
10
172.277228
20
268.811881
10
172.277228
20
267.821782
10
171.782178
20
267.821782
10
171.782178
20
266.336634
10
171.287129
20
266.336634
10
171.287129
20
264.851485
10
170.792079
20
264.851485
10
170.792079
20
261.386139
10
170.297030
20
261.386139
10
170.297030
20
259.900990
10
169.801980
20
259.900990
10
169.801980
20
257.920792
0
LWPOLYLINE
8
RIVERS
90
32
70
0
10
105.445545
20
265.346535
10
105.940594
20
265.346535
10
105.445545
20
264.851485
10
104.950495
20
264.851485
10
104.950495
20
264.356436
10
104.455446
20
264.356436
10
102.970297
20
262.871287
10
102.475248
20
262.871287
10
102.475248
20
261.881188
10
101.980198
20
261.386139
10
101.980198
20
259.405941
10
101.485149
20
258.910891
10
101.485149
20
257.920792
10
100.990099
20
257.425743
10
100.990099
20
255.940594
10
100.495050
20
255.940594
10
100.495050
20
254.455446
10
100.000000
20
254.455446
10
99.504950
20
253.960396
10
97.524752
20
253.960396
10
97.524752
20
253.465347
10
96.534653
20
253.465347
10
96.534653
20
252.970297
10
94.554455
20
252.970297
10
94.554455
20
252.475248
10
93.564356
20
253.465347
10
93.069307
20
253.465347
10
93.069307
20
253.960396
10
92.079208
20
253.960396
10
92.079208
20
254.455446
10
91.584158
20
254.455446
10
90.594059
20
255.445545
0
LWPOLYLINE
8
RIVERS
90
12
70
0
10
1.980198
20
262.871287
10
1.980198
20
262.376238
10
3.465347
20
262.376238
10
3.465347
20
261.881188
10
3.960396
20
261.881188
10
3.960396
20
261.386139
10
4.455446
20
260.891089
10
4.950495
20
260.891089
10
4.950495
20
260.396040
10
5.445545
20
260.396040
10
5.445545
20
259.900990
10
6.435644
20
259.900990
0
LWPOLYLINE
8
RIVERS
90
45
70
0
10
332.178218
20
261.881188
10
332.673267
20
261.386139
10
332.673267
20
260.891089
10
333.168317
20
260.891089
10
333.168317
20
260.396040
10
333.663366
20
259.900990
10
333.663366
20
259.405941
10
334.158416
20
258.910891
10
334.158416
20
257.920792
10
334.653465
20
257.425743
10
335.148515
20
257.425743
10
335.148515
20
256.930693
10
335.643564
20
256.930693
10
335.643564
20
256.435644
10
336.138614
20
256.435644
10
336.138614
20
255.940594
10
336.633663
20
255.445545
10
337.128713
20
255.445545
10
337.623762
20
254.950495
10
338.613861
20
254.950495
10
338.613861
20
254.455446
10
339.108911
20
254.455446
10
339.108911
20
253.960396
10
340.099010
20
252.970297
10
340.099010
20
252.475248
10
340.594059
20
252.475248
10
341.089109
20
251.980198
10
341.584158
20
251.980198
10
342.079208
20
251.485149
10
342.079208
20
250.990099
10
342.574257
20
250.495050
10
343.069307
20
250.495050
10
343.564356
20
250.000000
10
344.059406
20
250.000000
10
344.554455
20
249.504950
10
345.049505
20
249.504950
10
345.544554
20
249.009901
10
346.039604
20
249.009901
10
346.039604
20
248.514851
10
346.534653
20
248.514851
10
346.534653
20
248.019802
10
347.524752
20
247.029703
10
348.514851
20
247.029703
10
348.514851
20
246.534653
10
350.000000
20
246.534653
0
LWPOLYLINE
8
RIVERS
90
65
70
0
10
295.544554
20
259.405941
10
296.039604
20
259.405941
10
295.544554
20
258.910891
10
295.544554
20
258.415842
10
294.554455
20
257.425743
10
294.554455
20
254.950495
10
294.059406
20
254.950495
10
294.059406
20
252.970297
10
293.564356
20
252.970297
10
293.564356
20
252.475248
10
293.069307
20
252.475248
10
293.069307
20
251.980198
10
292.574257
20
251.485149
10
292.574257
20
250.000000
10
292.079208
20
249.504950
10
292.079208
20
248.514851
10
291.584158
20
248.019802
10
291.584158
20
246.534653
10
291.089109
20
246.039604
10
291.089109
20
245.544554
10
290.594059
20
245.049505
10
290.594059
20
244.554455
10
290.099010
20
244.554455
10
290.099010
20
244.059406
10
288.613861
20
244.059406
10
288.118812
20
243.564356
10
285.148515
20
243.564356
10
284.653465
20
243.069307
10
282.673267
20
243.069307
10
282.178218
20
242.574257
10
281.683168
20
242.574257
10
281.683168
20
242.079208
10
281.188119
20
242.079208
10
281.188119
20
242.574257
10
280.693069
20
242.574257
10
280.693069
20
242.079208
10
280.198020
20
242.079208
10
280.198020
20
242.574257
10
279.702970
20
242.574257
10
279.702970
20
242.079208
10
279.207921
20
242.079208
10
279.207921
20
242.574257
10
278.712871
20
242.574257
10
278.712871
20
242.079208
10
278.217822
20
242.079208
10
278.217822
20
242.574257
10
277.227723
20
241.584158
10
275.742574
20
241.584158
10
275.742574
20
241.089109
10
271.287129
20
241.089109
10
271.287129
20
241.584158
10
270.792079
20
241.584158
10
270.792079
20
242.079208
10
270.297030
20
242.079208
10
269.801980
20
242.574257
10
269.306931
20
242.079208
10
268.811881
20
242.079208
10
268.811881
20
241.584158
10
267.821782
20
241.584158
10
267.821782
20
241.089109
10
262.871287
20
241.089109
10
262.871287
20
240.594059
10
261.386139
20
240.594059
10
261.386139
20
240.099010
10
260.891089
20
239.603960
0
LWPOLYLINE
8
RIVERS
90
40
70
0
10
13.861386
20
256.930693
10
13.861386
20
255.940594
10
14.356436
20
255.445545
10
14.356436
20
254.950495
10
14.851485
20
254.455446
10
14.851485
20
252.970297
10
15.346535
20
252.970297
10
15.346535
20
252.475248
10
15.841584
20
251.980198
10
16.831683
20
251.980198
10
16.831683
20
250.990099
10
17.326733
20
250.990099
10
17.326733
20
250.495050
10
19.306931
20
250.495050
10
19.306931
20
250.990099
10
19.801980
20
250.495050
10
20.297030
20
250.495050
10
20.297030
20
250.000000
10
20.792079
20
250.000000
10
20.792079
20
249.504950
10
21.287129
20
249.009901
10
21.782178
20
249.009901
10
21.782178
20
248.514851
10
22.277228
20
248.514851
10
22.277228
20
248.019802
10
23.267327
20
248.019802
10
23.267327
20
246.534653
10
23.762376
20
246.534653
10
23.762376
20
243.564356
10
23.267327
20
243.564356
10
23.267327
20
243.069307
10
22.772277
20
243.069307
10
22.772277
20
242.574257
10
22.277228
20
242.079208
10
22.277228
20
241.584158
10
21.782178
20
241.584158
10
21.782178
20
240.099010
10
22.277228
20
240.099010
10
22.277228
20
236.138614
10
22.772277
20
236.138614
0
LWPOLYLINE
8
RIVERS
90
27
70
0
10
118.316832
20
256.930693
10
118.811881
20
256.930693
10
118.316832
20
256.435644
10
117.821782
20
256.435644
10
117.821782
20
254.455446
10
118.316832
20
254.455446
10
118.316832
20
252.475248
10
118.811881
20
252.475248
10
118.811881
20
251.980198
10
119.306931
20
251.980198
10
119.306931
20
245.544554
10
120.792079
20
245.544554
10
121.287129
20
245.049505
10
121.782178
20
245.049505
10
122.277228
20
244.554455
10
124.752475
20
244.554455
10
124.752475
20
245.049505
10
125.742574
20
245.049505
10
125.742574
20
245.544554
10
126.237624
20
245.544554
10
126.237624
20
246.039604
10
126.732673
20
246.534653
10
126.732673
20
247.029703
10
127.227723
20
247.029703
10
127.227723
20
250.990099
10
127.722772
20
251.485149
10
127.722772
20
251.980198
0
LWPOLYLINE
8
RIVERS
90
23
70
0
10
71.782178
20
255.940594
10
71.782178
20
255.445545
10
71.287129
20
255.445545
10
71.287129
20
253.960396
10
70.792079
20
253.465347
10
70.792079
20
251.980198
10
70.297030
20
251.485149
10
70.297030
20
250.990099
10
69.801980
20
250.495050
10
69.801980
20
250.000000
10
66.336634
20
246.534653
10
65.841584
20
246.534653
10
65.346535
20
246.039604
10
63.861386
20
246.039604
10
63.861386
20
245.544554
10
62.376238
20
244.059406
10
62.376238
20
243.564356
10
61.881188
20
243.564356
10
61.881188
20
242.574257
10
61.386139
20
242.079208
10
61.386139
20
241.089109
10
60.891089
20
240.594059
10
60.891089
20
240.099010
0
LWPOLYLINE
8
RIVERS
90
27
70
0
10
304.950495
20
253.465347
10
304.950495
20
252.970297
10
305.940594
20
251.980198
10
305.940594
20
251.485149
10
306.435644
20
250.990099
10
306.435644
20
249.009901
10
305.940594
20
249.009901
10
305.940594
20
247.524752
10
305.445545
20
247.524752
10
305.445545
20
247.029703
10
304.950495
20
246.534653
10
304.950495
20
246.039604
10
304.455446
20
245.544554
10
303.465347
20
245.544554
10
301.980198
20
244.059406
10
301.485149
20
244.554455
10
300.990099
20
244.554455
10
300.990099
20
244.059406
10
300.495050
20
243.564356
10
300.495050
20
243.069307
10
300.000000
20
243.069307
10
300.000000
20
242.574257
10
299.504950
20
242.079208
10
299.009901
20
242.079208
10
299.009901
20
241.089109
10
298.514851
20
241.089109
10
298.514851
20
241.584158
0
LWPOLYLINE
8
RIVERS
90
16
70
0
10
112.871287
20
251.980198
10
112.871287
20
251.485149
10
113.366337
20
250.990099
10
113.366337
20
250.495050
10
113.861386
20
250.495050
10
113.861386
20
247.029703
10
114.356436
20
247.029703
10
114.356436
20
246.534653
10
114.851485
20
246.534653
10
114.851485
20
245.544554
10
115.346535
20
245.544554
10
115.346535
20
244.554455
10
116.831683
20
244.554455
10
116.831683
20
245.049505
10
118.316832
20
245.049505
10
118.811881
20
245.544554
0
LWPOLYLINE
8
RIVERS
90
9
70
0
10
0.000000
20
247.524752
10
0.495050
20
247.029703
10
0.495050
20
246.039604
10
2.475248
20
246.039604
10
2.475248
20
245.049505
10
2.970297
20
245.049505
10
2.970297
20
244.554455
10
3.465347
20
244.554455
10
3.465347
20
243.564356
0
LWPOLYLINE
8
RIVERS
90
104
70
0
10
75.742574
20
246.039604
10
76.237624
20
246.039604
10
75.742574
20
245.544554
10
75.247525
20
245.544554
10
75.247525
20
244.554455
10
74.752475
20
244.554455
10
74.752475
20
243.564356
10
74.257426
20
243.564356
10
74.257426
20
242.574257
10
73.762376
20
242.574257
10
73.267327
20
242.079208
10
72.772277
20
242.079208
10
72.277228
20
241.584158
10
72.277228
20
241.089109
10
71.782178
20
241.089109
10
71.782178
20
240.594059
10
71.287129
20
240.099010
10
71.287129
20
237.623762
10
71.782178
20
237.623762
10
71.782178
20
229.702970
10
72.277228
20
229.702970
10
72.277228
20
229.207921
10
72.772277
20
228.712871
10
72.772277
20
228.217822
10
73.267327
20
228.217822
10
73.267327
20
226.237624
10
73.762376
20
226.237624
10
73.762376
20
225.742574
10
74.257426
20
225.247525
10
74.257426
20
223.762376
10
74.752475
20
223.267327
10
74.752475
20
222.277228
10
75.247525
20
222.277228
10
75.247525
20
221.782178
10
75.742574
20
221.782178
10
75.742574
20
221.287129
10
76.237624
20
221.287129
10
76.237624
20
219.801980
10
76.732673
20
219.801980
10
76.732673
20
218.811881
10
77.227723
20
218.811881
10
77.227723
20
216.831683
10
77.722772
20
216.336634
10
77.722772
20
214.851485
10
78.217822
20
214.356436
10
79.702970
20
214.356436
10
79.702970
20
214.851485
10
82.178218
20
214.851485
10
82.178218
20
215.346535
10
82.673267
20
215.346535
10
82.673267
20
215.841584
10
83.168317
20
216.336634
10
83.168317
20
218.811881
10
84.158416
20
218.811881
10
84.158416
20
221.287129
10
84.653465
20
221.782178
10
84.653465
20
222.277228
10
85.148515
20
222.277228
10
85.148515
20
224.752475
10
84.653465
20
224.752475
10
84.653465
20
225.247525
10
85.148515
20
225.742574
10
85.148515
20
229.207921
10
85.643564
20
229.207921
10
85.643564
20
230.198020
10
86.138614
20
230.198020
10
86.138614
20
230.693069
10
86.633663
20
230.693069
10
86.633663
20
231.188119
10
88.118812
20
232.673267
10
88.118812
20
233.168317
10
88.613861
20
233.168317
10
88.613861
20
233.663366
10
89.108911
20
233.663366
10
89.108911
20
235.643564
10
89.603960
20
236.138614
10
89.603960
20
236.633663
10
90.099010
20
237.128713
10
90.099010
20
237.623762
10
91.089109
20
237.623762
10
91.584158
20
238.118812
10
91.584158
20
238.613861
10
92.079208
20
238.613861
10
92.079208
20
239.603960
10
92.574257
20
239.603960
10
92.574257
20
240.099010
10
95.049505
20
240.099010
10
95.049505
20
240.594059
10
96.039604
20
240.594059
10
96.039604
20
241.089109
10
96.534653
20
241.089109
10
97.029703
20
241.584158
10
97.524752
20
241.584158
10
97.524752
20
242.079208
10
98.514851
20
242.079208
10
98.514851
20
242.574257
10
100.000000
20
242.574257
10
100.000000
20
243.069307
10
106.930693
20
243.069307
10
106.930693
20
243.564356
10
112.871287
20
243.564356
10
113.366337
20
244.059406
10
114.851485
20
244.059406
10
114.851485
20
244.554455
0
LWPOLYLINE
8
RIVERS
90
20
70
0
10
124.257426
20
244.059406
10
124.752475
20
244.059406
10
124.752475
20
243.564356
10
125.247525
20
243.564356
10
124.752475
20
243.069307
10
124.752475
20
238.118812
10
125.247525
20
238.118812
10
125.247525
20
237.623762
10
125.742574
20
237.623762
10
125.742574
20
237.128713
10
126.237624
20
237.128713
10
126.237624
20
236.633663
10
127.722772
20
236.633663
10
127.722772
20
236.138614
10
128.712871
20
236.138614
10
129.207921
20
235.643564
10
130.198020
20
235.643564
10
130.693069
20
235.148515
10
133.168317
20
235.148515
10
134.158416
20
236.138614
0
LWPOLYLINE
8
RIVERS
90
25
70
0
10
185.148515
20
244.059406
10
185.643564
20
244.059406
10
185.148515
20
243.564356
10
185.148515
20
243.069307
10
185.643564
20
243.069307
10
185.643564
20
242.574257
10
186.138614
20
242.079208
10
185.643564
20
241.584158
10
185.643564
20
241.089109
10
185.148515
20
241.089109
10
185.148515
20
240.099010
10
185.643564
20
240.099010
10
185.643564
20
239.108911
10
186.138614
20
239.108911
10
186.138614
20
238.118812
10
186.633663
20
238.118812
10
186.633663
20
237.623762
10
187.623762
20
237.623762
10
187.623762
20
235.643564
10
187.128713
20
235.148515
10
187.128713
20
234.653465
10
186.633663
20
234.653465
10
186.633663
20
237.128713
10
187.128713
20
237.128713
10
187.128713
20
236.633663
0
LWPOLYLINE
8
RIVERS
90
8
70
0
10
8.910891
20
241.584158
10
9.900990
20
241.584158
10
9.900990
20
241.089109
10
10.891089
20
241.089109
10
10.891089
20
240.594059
10
12.376238
20
240.594059
10
12.376238
20
240.099010
10
11.881188
20
240.099010
0
LWPOLYLINE
8
RIVERS
90
238
70
0
10
298.514851
20
240.594059
10
299.009901
20
240.099010
10
299.009901
20
238.613861
10
299.504950
20
238.118812
10
299.504950
20
236.633663
10
300.000000
20
236.633663
10
300.990099
20
235.643564
10
300.990099
20
234.653465
10
301.485149
20
234.158416
10
301.980198
20
234.158416
10
302.475248
20
233.663366
10
302.475248
20
233.168317
10
302.970297
20
232.673267
10
302.970297
20
232.178218
10
303.465347
20
232.178218
10
303.465347
20
230.693069
10
303.960396
20
230.198020
10
304.455446
20
230.198020
10
303.960396
20
229.702970
10
303.465347
20
229.702970
10
302.475248
20
228.712871
10
302.475248
20
228.217822
10
301.485149
20
227.227723
10
300.990099
20
227.227723
10
300.990099
20
225.742574
10
300.495050
20
225.247525
10
300.000000
20
225.247525
10
300.000000
20
222.277228
10
299.504950
20
221.782178
10
299.504950
20
220.297030
10
299.009901
20
220.297030
10
299.009901
20
218.811881
10
298.514851
20
218.811881
10
298.514851
20
218.316832
10
296.534653
20
216.336634
10
296.534653
20
215.841584
10
296.039604
20
215.346535
10
296.039604
20
214.851485
10
295.544554
20
214.851485
10
295.544554
20
213.366337
10
295.049505
20
212.871287
10
295.049505
20
212.376238
10
294.554455
20
212.376238
10
294.554455
20
210.891089
10
294.059406
20
210.891089
10
294.059406
20
210.396040
10
292.574257
20
208.910891
10
292.574257
20
206.930693
10
292.079208
20
206.435644
10
291.584158
20
206.435644
10
291.584158
20
204.455446
10
291.089109
20
203.960396
10
291.089109
20
203.465347
10
291.584158
20
203.465347
10
291.584158
20
202.970297
10
292.079208
20
202.475248
10
292.079208
20
201.980198
10
291.584158
20
201.485149
10
291.584158
20
200.000000
10
293.564356
20
200.000000
10
293.564356
20
199.009901
10
294.554455
20
198.019802
10
294.554455
20
197.524752
10
294.059406
20
197.524752
10
294.059406
20
197.029703
10
294.554455
20
196.534653
10
294.554455
20
195.544554
10
295.049505
20
195.049505
10
295.049505
20
194.554455
10
295.544554
20
194.554455
10
295.544554
20
191.584158
10
296.039604
20
191.089109
10
295.544554
20
190.594059
10
295.544554
20
189.603960
10
296.039604
20
189.108911
10
296.039604
20
188.118812
10
295.544554
20
187.623762
10
296.039604
20
187.128713
10
296.534653
20
187.128713
10
297.029703
20
186.633663
10
297.029703
20
181.683168
10
296.534653
20
181.683168
10
296.534653
20
180.198020
10
296.039604
20
180.198020
10
296.039604
20
177.722772
10
295.544554
20
177.227723
10
296.039604
20
176.732673
10
296.039604
20
176.237624
10
295.544554
20
176.237624
10
295.544554
20
175.247525
10
296.039604
20
175.247525
10
296.039604
20
172.772277
10
296.534653
20
172.277228
10
296.534653
20
170.792079
10
297.029703
20
170.297030
10
297.524752
20
170.297030
10
297.524752
20
169.801980
10
298.019802
20
169.801980
10
297.524752
20
169.306931
10
298.019802
20
168.811881
10
298.019802
20
167.821782
10
296.039604
20
167.821782
10
295.544554
20
168.316832
10
294.554455
20
168.316832
10
294.554455
20
167.326733
10
295.544554
20
166.336634
10
295.544554
20
165.346535
10
295.049505
20
165.346535
10
295.049505
20
164.851485
10
294.059406
20
163.861386
10
293.564356
20
163.861386
10
293.564356
20
163.366337
10
292.574257
20
163.366337
10
292.574257
20
162.871287
10
291.089109
20
162.871287
10
290.594059
20
163.366337
10
289.603960
20
163.366337
10
289.603960
20
163.861386
10
288.613861
20
163.861386
10
288.613861
20
164.356436
10
287.128713
20
164.356436
10
286.633663
20
163.861386
10
286.633663
20
163.366337
10
286.138614
20
162.871287
10
285.148515
20
162.871287
10
285.148515
20
161.881188
10
284.158416
20
161.881188
10
284.158416
20
161.386139
10
283.663366
20
161.386139
10
283.663366
20
160.891089
10
283.168317
20
160.396040
10
283.168317
20
159.900990
10
282.673267
20
159.405941
10
282.673267
20
158.415842
10
282.178218
20
157.920792
10
282.178218
20
157.425743
10
281.683168
20
156.930693
10
281.683168
20
156.435644
10
281.188119
20
155.940594
10
281.188119
20
155.445545
10
280.693069
20
154.950495
10
280.693069
20
154.455446
10
278.712871
20
154.455446
10
278.217822
20
153.960396
10
278.217822
20
153.465347
10
277.722772
20
153.465347
10
277.722772
20
152.970297
10
276.732673
20
152.970297
10
276.237624
20
152.475248
10
275.742574
20
152.475248
10
275.742574
20
152.970297
10
275.247525
20
152.970297
10
274.752475
20
152.475248
10
272.772277
20
152.475248
10
272.772277
20
151.980198
10
271.287129
20
153.465347
10
270.792079
20
153.465347
10
270.792079
20
153.960396
10
270.297030
20
153.465347
10
269.801980
20
153.465347
10
269.306931
20
152.970297
10
268.811881
20
152.970297
10
268.316832
20
153.465347
10
267.821782
20
153.465347
10
267.326733
20
153.960396
10
265.841584
20
153.960396
10
265.841584
20
155.940594
10
266.336634
20
156.435644
10
266.336634
20
157.920792
10
266.831683
20
157.920792
10
266.831683
20
158.910891
10
265.346535
20
160.396040
10
265.346535
20
161.386139
10
265.841584
20
161.881188
10
265.841584
20
163.366337
10
266.336634
20
163.861386
10
266.336634
20
164.356436
10
268.316832
20
166.336634
10
268.316832
20
166.831683
10
267.821782
20
166.831683
10
267.326733
20
167.326733
10
266.831683
20
167.326733
10
266.831683
20
168.811881
10
266.336634
20
169.306931
10
266.336634
20
170.297030
10
267.326733
20
171.287129
10
267.326733
20
174.752475
10
266.336634
20
173.762376
10
265.841584
20
173.762376
10
265.841584
20
175.247525
10
266.336634
20
175.742574
10
265.841584
20
176.237624
10
265.841584
20
176.732673
10
265.346535
20
177.227723
10
265.346535
20
177.722772
10
265.841584
20
177.722772
10
265.841584
20
179.207921
10
265.346535
20
179.207921
10
265.346535
20
179.702970
10
264.851485
20
179.702970
10
264.851485
20
181.683168
10
264.356436
20
182.178218
10
264.356436
20
183.168317
10
265.841584
20
184.653465
10
264.356436
20
186.138614
10
263.861386
20
186.138614
10
263.861386
20
186.633663
10
263.366337
20
186.633663
10
263.366337
20
187.128713
10
262.376238
20
187.128713
10
262.376238
20
187.623762
10
257.425743
20
187.623762
10
256.930693
20
188.118812
10
256.435644
20
188.118812
10
256.435644
20
188.613861
10
255.940594
20
188.613861
10
255.445545
20
189.108911
10
254.950495
20
189.108911
10
254.950495
20
188.613861
10
254.455446
20
188.613861
10
254.455446
20
190.099010
10
254.950495
20
190.099010
10
255.445545
20
190.594059
10
255.445545
20
191.089109
10
254.950495
20
191.089109
10
254.950495
20
191.584158
10
254.455446
20
191.584158
10
253.960396
20
191.089109
10
252.970297
20
191.089109
10
252.970297
20
192.079208
10
253.465347
20
192.079208
10
253.960396
20
192.574257
10
254.455446
20
192.574257
10
254.455446
20
194.554455
10
254.950495
20
194.554455
10
254.950495
20
195.544554
10
255.940594
20
195.544554
10
255.445545
20
195.049505
0
LWPOLYLINE
8
RIVERS
90
118
70
0
10
116.831683
20
236.633663
10
117.326733
20
236.633663
10
116.831683
20
236.138614
10
116.336634
20
236.138614
10
116.336634
20
235.643564
10
115.841584
20
235.643564
10
115.346535
20
235.148515
10
115.346535
20
234.653465
10
114.851485
20
234.653465
10
114.851485
20
233.663366
10
114.356436
20
233.168317
10
114.356436
20
232.178218
10
113.861386
20
232.178218
10
113.861386
20
231.188119
10
113.366337
20
231.188119
10
113.366337
20
230.198020
10
112.871287
20
229.702970
10
112.871287
20
229.207921
10
112.376238
20
229.207921
10
112.376238
20
227.722772
10
111.881188
20
227.722772
10
111.881188
20
226.732673
10
111.386139
20
226.237624
10
111.386139
20
225.742574
10
110.396040
20
224.752475
10
110.396040
20
224.257426
10
109.405941
20
223.267327
10
109.405941
20
222.772277
10
108.910891
20
222.772277
10
108.910891
20
222.277228
10
108.415842
20
222.277228
10
108.415842
20
221.782178
10
107.920792
20
221.782178
10
107.920792
20
221.287129
10
107.425743
20
221.287129
10
106.930693
20
220.792079
10
106.930693
20
220.297030
10
107.425743
20
219.801980
10
107.425743
20
218.811881
10
107.920792
20
218.811881
10
107.425743
20
218.316832
10
107.920792
20
217.821782
10
107.920792
20
214.851485
10
108.415842
20
214.851485
10
107.920792
20
214.356436
10
107.920792
20
212.376238
10
107.425743
20
212.376238
10
106.930693
20
211.881188
10
106.930693
20
208.910891
10
107.425743
20
208.415842
10
107.425743
20
206.435644
10
107.920792
20
206.435644
10
107.920792
20
205.940594
10
107.425743
20
205.445545
10
107.425743
20
204.950495
10
106.930693
20
204.950495
10
106.930693
20
204.455446
10
107.425743
20
203.960396
10
107.425743
20
202.475248
10
107.920792
20
201.980198
10
107.920792
20
200.000000
10
107.425743
20
199.504950
10
107.425743
20
194.059406
10
106.930693
20
194.059406
10
106.930693
20
193.564356
10
106.435644
20
193.564356
10
106.435644
20
192.574257
10
105.940594
20
192.574257
10
105.940594
20
192.079208
10
105.445545
20
191.584158
10
105.445545
20
190.594059
10
104.950495
20
190.099010
10
104.950495
20
189.108911
10
103.960396
20
188.118812
10
103.465347
20
188.118812
10
102.970297
20
187.623762
10
102.475248
20
187.623762
10
102.475248
20
186.633663
10
101.980198
20
186.138614
10
101.485149
20
186.138614
10
100.000000
20
184.653465
10
100.000000
20
183.168317
10
99.009901
20
182.178218
10
99.009901
20
181.683168
10
98.514851
20
181.683168
10
98.514851
20
181.188119
10
98.019802
20
181.188119
10
98.019802
20
180.693069
10
97.524752
20
180.198020
10
97.524752
20
179.702970
10
97.029703
20
179.207921
10
97.029703
20
178.712871
10
96.534653
20
178.217822
10
96.039604
20
178.217822
10
96.039604
20
177.722772
10
95.544554
20
177.227723
10
95.544554
20
176.732673
10
95.049505
20
176.732673
10
95.049505
20
175.742574
10
94.554455
20
175.247525
10
94.059406
20
175.247525
10
94.059406
20
177.722772
10
94.554455
20
177.722772
10
94.554455
20
178.217822
10
94.059406
20
178.712871
10
94.059406
20
182.673267
10
94.554455
20
182.673267
10
94.554455
20
183.663366
10
94.059406
20
184.158416
10
94.059406
20
184.653465
10
93.564356
20
184.653465
10
93.564356
20
185.148515
10
93.069307
20
185.643564
10
93.069307
20
186.633663
10
92.574257
20
186.633663
10
92.574257
20
188.613861
10
92.079208
20
189.108911
10
92.079208
20
190.594059
0
LWPOLYLINE
8
RIVERS
90
62
70
0
10
48.019802
20
236.138614
10
48.019802
20
235.643564
10
47.524752
20
235.643564
10
47.029703
20
235.148515
10
46.534653
20
235.148515
10
46.534653
20
234.158416
10
46.039604
20
234.158416
10
46.039604
20
232.178218
10
46.534653
20
232.178218
10
46.534653
20
230.693069
10
46.039604
20
230.198020
10
45.544554
20
230.198020
10
45.544554
20
229.702970
10
46.039604
20
229.207921
10
46.534653
20
229.207921
10
46.534653
20
228.712871
10
46.039604
20
228.712871
10
46.039604
20
228.217822
10
45.544554
20
228.217822
10
45.049505
20
227.722772
10
45.049505
20
226.732673
10
44.554455
20
226.732673
10
44.554455
20
225.742574
10
44.059406
20
225.742574
10
44.059406
20
221.287129
10
43.564356
20
220.792079
10
43.564356
20
219.801980
10
44.059406
20
219.801980
10
44.059406
20
219.306931
10
44.554455
20
219.306931
10
43.564356
20
218.316832
10
43.564356
20
217.326733
10
44.059406
20
216.831683
10
45.049505
20
216.831683
10
45.049505
20
213.861386
10
45.544554
20
213.861386
10
45.544554
20
212.871287
10
46.039604
20
212.376238
10
46.039604
20
210.891089
10
46.534653
20
210.891089
10
46.534653
20
210.396040
10
46.039604
20
210.396040
10
46.039604
20
208.910891
10
46.534653
20
208.415842
10
46.534653
20
207.920792
10
47.029703
20
207.920792
10
47.029703
20
206.435644
10
48.019802
20
206.435644
10
48.019802
20
205.940594
10
48.514851
20
205.940594
10
49.009901
20
206.435644
10
51.980198
20
206.435644
10
52.475248
20
206.930693
10
52.970297
20
206.930693
10
52.970297
20
207.425743
10
53.465347
20
207.425743
10
53.465347
20
207.920792
10
53.960396
20
208.415842
10
53.960396
20
208.910891
10
54.950495
20
208.910891
10
54.950495
20
209.405941
10
55.445545
20
209.405941
0
LWPOLYLINE
8
RIVERS
90
31
70
0
10
14.356436
20
234.653465
10
13.366337
20
233.663366
10
13.366337
20
232.673267
10
12.376238
20
231.683168
10
12.376238
20
231.188119
10
11.881188
20
231.188119
10
11.881188
20
230.693069
10
11.386139
20
230.693069
10
11.386139
20
230.198020
10
9.900990
20
230.198020
10
9.900990
20
229.702970
10
8.415842
20
229.702970
10
8.415842
20
229.207921
10
7.920792
20
229.207921
10
7.920792
20
228.217822
10
7.425743
20
228.217822
10
7.425743
20
227.227723
10
7.920792
20
227.227723
10
7.920792
20
226.732673
10
7.425743
20
226.732673
10
7.425743
20
226.237624
10
6.930693
20
226.237624
10
6.930693
20
225.742574
10
6.435644
20
225.742574
10
6.435644
20
224.752475
10
5.940594
20
224.752475
10
5.940594
20
220.792079
10
6.435644
20
220.297030
10
6.435644
20
219.801980
10
6.930693
20
219.306931
10
6.930693
20
218.316832
0
LWPOLYLINE
8
RIVERS
90
50
70
0
10
186.633663
20
234.158416
10
186.633663
20
233.168317
10
187.128713
20
232.673267
10
187.128713
20
231.188119
10
187.623762
20
231.188119
10
187.623762
20
230.693069
10
188.118812
20
230.198020
10
188.613861
20
230.198020
10
188.613861
20
228.712871
10
189.108911
20
228.217822
10
190.099010
20
228.217822
10
190.099010
20
227.722772
10
190.594059
20
227.722772
10
190.594059
20
227.227723
10
191.089109
20
227.227723
10
191.089109
20
225.247525
10
192.574257
20
225.247525
10
193.069307
20
224.752475
10
193.564356
20
224.752475
10
193.564356
20
225.247525
10
194.059406
20
225.247525
10
194.059406
20
224.257426
10
194.554455
20
224.257426
10
194.554455
20
223.762376
10
197.524752
20
223.762376
10
197.524752
20
224.257426
10
198.019802
20
224.257426
10
198.019802
20
223.762376
10
198.514851
20
223.762376
10
198.514851
20
222.772277
10
199.009901
20
222.772277
10
199.009901
20
222.277228
10
199.504950
20
222.277228
10
200.000000
20
221.782178
10
200.495050
20
221.782178
10
200.990099
20
221.287129
10
200.990099
20
219.801980
10
200.495050
20
219.306931
10
200.495050
20
216.831683
10
201.980198
20
215.346535
10
202.475248
20
215.346535
10
202.970297
20
215.841584
10
203.465347
20
215.841584
10
203.465347
20
216.831683
10
203.960396
20
216.831683
10
204.455446
20
217.326733
10
204.950495
20
217.326733
10
205.445545
20
217.821782
10
205.940594
20
217.821782
10
205.940594
20
218.811881
0
LWPOLYLINE
8
RIVERS
90
434
70
0
10
144.059406
20
233.663366
10
144.059406
20
233.168317
10
144.554455
20
233.168317
10
145.049505
20
232.673267
10
145.544554
20
232.673267
10
145.049505
20
232.178218
10
145.049505
20
230.693069
10
144.554455
20
230.198020
10
144.554455
20
229.702970
10
144.059406
20
229.207921
10
144.059406
20
228.712871
10
143.564356
20
228.217822
10
143.564356
20
227.722772
10
143.069307
20
227.722772
10
143.069307
20
227.227723
10
143.564356
20
226.732673
10
143.564356
20
223.762376
10
143.069307
20
223.762376
10
143.069307
20
222.772277
10
142.574257
20
222.772277
10
141.584158
20
221.782178
10
141.584158
20
219.801980
10
141.089109
20
219.306931
10
141.089109
20
214.851485
10
140.594059
20
214.356436
10
140.594059
20
209.900990
10
140.099010
20
209.900990
10
140.099010
20
208.910891
10
140.594059
20
208.415842
10
141.089109
20
208.415842
10
141.584158
20
207.920792
10
142.079208
20
207.920792
10
142.574257
20
207.425743
10
142.574257
20
206.930693
10
143.069307
20
206.435644
10
144.059406
20
206.435644
10
144.059406
20
205.940594
10
145.049505
20
205.940594
10
145.544554
20
205.445545
10
146.039604
20
205.445545
10
146.534653
20
204.950495
10
147.029703
20
204.950495
10
148.019802
20
203.960396
10
148.514851
20
203.960396
10
148.514851
20
203.465347
10
149.009901
20
203.465347
10
149.009901
20
202.970297
10
149.504950
20
202.970297
10
149.504950
20
202.475248
10
150.495050
20
202.475248
10
150.495050
20
201.980198
10
150.990099
20
201.980198
10
150.990099
20
201.485149
10
151.485149
20
201.485149
10
151.485149
20
200.990099
10
151.980198
20
200.990099
10
151.980198
20
200.000000
10
152.475248
20
199.504950
10
152.475248
20
199.009901
10
152.970297
20
198.514851
10
152.970297
20
194.554455
10
152.475248
20
194.554455
10
152.475248
20
193.564356
10
153.465347
20
192.574257
10
153.465347
20
191.089109
10
153.960396
20
190.594059
10
153.960396
20
188.118812
10
154.455446
20
187.623762
10
154.455446
20
187.128713
10
154.950495
20
186.633663
10
154.950495
20
185.643564
10
155.445545
20
185.148515
10
155.445545
20
184.653465
10
155.940594
20
184.158416
10
155.940594
20
183.663366
10
155.445545
20
183.168317
10
155.445545
20
182.178218
10
155.940594
20
182.178218
10
155.940594
20
181.683168
10
156.435644
20
181.188119
10
156.435644
20
179.702970
10
156.930693
20
179.207921
10
156.930693
20
178.712871
10
157.425743
20
178.217822
10
157.425743
20
176.732673
10
157.920792
20
176.237624
10
157.425743
20
175.742574
10
157.425743
20
172.772277
10
156.930693
20
172.277228
10
156.930693
20
171.782178
10
156.435644
20
171.287129
10
156.435644
20
170.792079
10
155.940594
20
170.792079
10
155.940594
20
170.297030
10
155.445545
20
170.297030
10
154.455446
20
169.306931
10
154.455446
20
167.821782
10
153.960396
20
167.326733
10
153.465347
20
167.326733
10
152.970297
20
166.831683
10
152.970297
20
165.841584
10
152.475248
20
165.841584
10
151.485149
20
164.851485
10
151.485149
20
164.356436
10
150.990099
20
164.356436
10
150.990099
20
163.861386
10
150.000000
20
163.861386
10
149.504950
20
163.366337
10
149.009901
20
163.366337
10
149.009901
20
162.871287
10
148.514851
20
163.366337
10
148.019802
20
163.366337
10
148.019802
20
162.376238
10
147.524752
20
162.376238
10
147.029703
20
161.881188
10
147.029703
20
160.396040
10
147.524752
20
160.396040
10
146.534653
20
159.405941
10
146.534653
20
157.920792
10
146.039604
20
157.425743
10
145.544554
20
157.425743
10
145.544554
20
156.435644
10
146.039604
20
155.940594
10
146.039604
20
154.950495
10
146.534653
20
154.950495
10
146.534653
20
154.455446
10
146.039604
20
154.455446
10
146.039604
20
153.465347
10
146.534653
20
152.970297
10
146.534653
20
152.475248
10
146.039604
20
152.475248
10
146.039604
20
150.495050
10
145.544554
20
150.495050
10
145.049505
20
150.000000
10
145.049505
20
149.009901
10
144.059406
20
148.019802
10
144.059406
20
146.039604
10
143.564356
20
146.039604
10
143.564356
20
145.544554
10
142.574257
20
144.554455
10
142.079208
20
144.554455
10
142.079208
20
143.069307
10
141.584158
20
143.069307
10
141.584158
20
142.574257
10
141.089109
20
142.574257
10
141.089109
20
140.594059
10
141.584158
20
140.594059
10
141.584158
20
134.653465
10
141.089109
20
134.653465
10
141.089109
20
134.158416
10
140.594059
20
133.663366
10
140.594059
20
133.168317
10
141.089109
20
133.168317
10
141.089109
20
132.178218
10
141.584158
20
132.178218
10
142.079208
20
131.683168
10
142.574257
20
131.683168
10
142.574257
20
130.693069
10
143.069307
20
130.693069
10
143.069307
20
129.207921
10
143.564356
20
128.712871
10
143.564356
20
127.722772
10
144.059406
20
127.722772
10
144.554455
20
127.227723
10
144.554455
20
126.732673
10
145.049505
20
126.732673
10
145.049505
20
125.742574
10
145.544554
20
125.247525
10
145.544554
20
124.752475
10
146.534653
20
124.752475
10
146.534653
20
125.247525
10
147.029703
20
125.742574
10
147.029703
20
126.237624
10
147.524752
20
126.237624
10
147.524752
20
127.227723
10
148.019802
20
127.227723
10
148.514851
20
126.732673
10
148.514851
20
126.237624
10
149.009901
20
126.237624
10
149.009901
20
125.742574
10
150.495050
20
125.742574
10
150.495050
20
126.237624
10
150.990099
20
126.237624
10
150.990099
20
125.742574
10
152.475248
20
125.742574
10
152.970297
20
125.247525
10
154.950495
20
125.247525
10
154.950495
20
125.742574
10
155.940594
20
125.742574
10
155.940594
20
126.237624
10
156.435644
20
126.237624
10
156.435644
20
126.732673
10
156.930693
20
127.227723
10
156.930693
20
128.217822
10
158.910891
20
128.217822
10
158.910891
20
127.227723
10
159.405941
20
127.227723
10
159.405941
20
126.237624
10
159.900990
20
126.237624
10
160.396040
20
125.742574
10
160.891089
20
125.742574
10
160.891089
20
123.267327
10
160.396040
20
122.772277
10
160.891089
20
122.277228
10
160.891089
20
120.792079
10
161.386139
20
120.792079
10
161.386139
20
120.297030
10
161.881188
20
120.297030
10
161.881188
20
119.801980
10
162.376238
20
119.801980
10
163.366337
20
118.811881
10
163.861386
20
118.811881
10
164.356436
20
119.306931
10
164.356436
20
119.801980
10
166.336634
20
119.801980
10
166.831683
20
120.297030
10
168.316832
20
120.297030
10
168.811881
20
120.792079
10
168.811881
20
121.782178
10
170.297030
20
121.782178
10
170.792079
20
122.277228
10
172.277228
20
122.277228
10
172.772277
20
121.782178
10
173.762376
20
121.782178
10
174.257426
20
121.287129
10
174.752475
20
121.782178
10
175.247525
20
121.782178
10
175.742574
20
122.277228
10
176.732673
20
122.277228
10
177.722772
20
121.287129
10
182.178218
20
121.287129
10
182.178218
20
121.782178
10
182.673267
20
121.287129
10
182.673267
20
120.792079
10
183.168317
20
120.792079
10
183.663366
20
120.297030
10
185.643564
20
120.297030
10
185.643564
20
120.792079
10
190.099010
20
120.792079
10
190.594059
20
120.297030
10
191.584158
20
120.297030
10
192.079208
20
119.801980
10
192.079208
20
119.306931
10
192.574257
20
119.306931
10
193.069307
20
118.811881
10
196.039604
20
118.811881
10
196.039604
20
118.316832
10
196.534653
20
118.316832
10
197.029703
20
117.821782
10
199.009901
20
117.821782
10
199.009901
20
117.326733
10
200.000000
20
117.326733
10
200.000000
20
116.831683
10
200.495050
20
116.831683
10
201.485149
20
115.841584
10
201.980198
20
115.841584
10
201.980198
20
115.346535
10
202.475248
20
115.346535
10
202.475248
20
114.851485
10
202.970297
20
114.851485
10
202.970297
20
114.356436
10
203.465347
20
113.861386
10
204.950495
20
113.861386
10
205.445545
20
113.366337
10
207.920792
20
113.366337
10
208.415842
20
112.871287
10
208.910891
20
112.871287
10
208.910891
20
112.376238
10
209.405941
20
112.376238
10
209.405941
20
111.881188
10
209.900990
20
111.386139
10
209.900990
20
109.900990
10
209.405941
20
109.405941
10
209.405941
20
107.920792
10
210.396040
20
107.920792
10
210.396040
20
107.425743
10
211.881188
20
107.425743
10
212.376238
20
107.920792
10
212.376238
20
108.415842
10
212.871287
20
108.910891
10
212.871287
20
109.405941
10
212.376238
20
109.900990
10
212.376238
20
111.386139
10
211.881188
20
111.386139
10
211.881188
20
112.871287
10
211.386139
20
113.366337
10
211.386139
20
114.356436
10
211.881188
20
114.356436
10
211.881188
20
115.346535
10
212.376238
20
115.346535
10
212.376238
20
116.336634
10
212.871287
20
116.831683
10
212.871287
20
117.326733
10
213.861386
20
117.326733
10
213.861386
20
117.821782
10
214.356436
20
117.821782
10
214.851485
20
118.316832
10
215.346535
20
118.316832
10
215.841584
20
118.811881
10
215.841584
20
121.287129
10
216.336634
20
121.782178
10
216.336634
20
122.277228
10
217.821782
20
122.277228
10
219.306931
20
120.792079
10
219.306931
20
120.297030
10
219.801980
20
119.801980
10
219.801980
20
119.306931
10
220.297030
20
118.811881
10
220.297030
20
118.316832
10
221.287129
20
117.326733
10
221.287129
20
116.831683
10
221.782178
20
116.831683
10
221.782178
20
116.336634
10
222.277228
20
116.336634
10
222.277228
20
115.841584
10
222.772277
20
115.841584
10
223.267327
20
115.346535
10
224.257426
20
115.346535
10
225.742574
20
113.861386
10
225.742574
20
113.366337
10
226.237624
20
112.871287
10
226.237624
20
111.386139
10
226.732673
20
110.891089
10
226.732673
20
109.900990
10
227.227723
20
109.405941
10
227.227723
20
108.910891
10
227.722772
20
108.910891
10
227.722772
20
108.415842
10
228.217822
20
107.920792
10
228.217822
20
107.425743
10
228.712871
20
107.425743
10
230.198020
20
105.940594
10
230.693069
20
105.940594
10
230.693069
20
105.445545
10
231.188119
20
105.445545
10
231.188119
20
104.950495
10
231.683168
20
104.950495
10
231.683168
20
104.455446
10
232.178218
20
104.455446
10
232.178218
20
103.960396
10
233.663366
20
102.475248
10
234.653465
20
102.475248
10
234.653465
20
102.970297
10
235.148515
20
102.970297
10
235.643564
20
103.465347
10
236.138614
20
103.465347
10
236.633663
20
103.960396
10
237.128713
20
103.960396
10
237.128713
20
104.455446
10
237.623762
20
104.455446
10
237.623762
20
104.950495
10
238.118812
20
105.445545
10
238.118812
20
105.940594
10
239.108911
20
106.930693
10
239.603960
20
106.930693
10
240.099010
20
107.425743
10
240.099010
20
108.910891
10
240.594059
20
109.405941
10
240.594059
20
109.900990
10
242.574257
20
109.900990
10
242.574257
20
110.891089
10
243.069307
20
110.891089
10
243.069307
20
111.386139
10
243.564356
20
111.881188
10
243.564356
20
112.376238
10
244.059406
20
112.376238
10
244.059406
20
120.792079
10
244.554455
20
121.287129
10
244.554455
20
122.277228
10
245.049505
20
122.277228
10
245.049505
20
122.772277
10
245.544554
20
123.267327
10
245.544554
20
123.762376
10
246.039604
20
124.257426
10
246.039604
20
124.752475
10
246.534653
20
124.752475
10
246.534653
20
125.247525
10
247.029703
20
125.742574
10
247.029703
20
126.237624
10
247.524752
20
126.237624
10
247.524752
20
126.732673
10
248.019802
20
126.732673
10
248.019802
20
127.227723
10
250.000000
20
129.207921
10
250.000000
20
129.702970
10
250.495050
20
129.702970
10
250.495050
20
130.198020
10
250.990099
20
130.198020
10
250.990099
20
130.693069
10
251.980198
20
131.683168
10
251.980198
20
132.178218
10
252.475248
20
132.673267
10
252.475248
20
133.168317
10
252.970297
20
133.663366
10
252.970297
20
134.158416
10
253.465347
20
134.653465
10
253.465347
20
135.148515
10
253.960396
20
135.643564
10
253.960396
20
136.138614
10
254.455446
20
136.633663
10
254.455446
20
137.128713
10
254.950495
20
137.623762
10
254.950495
20
138.118812
10
255.445545
20
138.613861
10
255.445545
20
139.108911
10
255.940594
20
139.108911
10
255.940594
20
139.603960
10
257.920792
20
141.584158
10
257.920792
20
143.564356
10
259.405941
20
143.564356
10
259.405941
20
144.059406
10
259.900990
20
144.059406
10
259.900990
20
144.554455
10
260.396040
20
144.554455
10
260.396040
20
145.544554
10
259.900990
20
146.039604
10
259.900990
20
148.019802
10
259.405941
20
148.514851
10
258.910891
20
148.514851
10
258.910891
20
149.504950
10
259.405941
20
149.504950
10
259.405941
20
152.475248
10
260.396040
20
153.465347
10
261.386139
20
153.465347
10
261.386139
20
154.950495
10
261.881188
20
154.950495
10
262.376238
20
155.445545
10
263.366337
20
155.445545
10
263.366337
20
154.950495
10
263.861386
20
154.455446
10
263.861386
20
153.960396
10
264.851485
20
153.960396
10
264.851485
20
154.455446
10
265.346535
20
154.455446
0
LWPOLYLINE
8
RIVERS
90
36
70
0
10
274.752475
20
230.198020
10
276.732673
20
230.198020
10
276.732673
20
229.702970
10
277.227723
20
229.702970
10
277.227723
20
228.217822
10
277.722772
20
228.217822
10
277.722772
20
226.237624
10
278.217822
20
226.237624
10
278.712871
20
225.742574
10
279.207921
20
225.742574
10
279.207921
20
225.247525
10
279.702970
20
225.247525
10
279.702970
20
224.752475
10
282.673267
20
224.752475
10
283.168317
20
225.247525
10
283.663366
20
225.247525
10
284.158416
20
225.742574
10
287.128713
20
225.742574
10
287.128713
20
226.237624
10
288.118812
20
226.237624
10
288.613861
20
226.732673
10
291.584158
20
226.732673
10
291.584158
20
226.237624
10
293.564356
20
226.237624
10
293.564356
20
226.732673
10
295.049505
20
226.732673
10
295.544554
20
227.227723
10
296.039604
20
227.227723
10
296.039604
20
227.722772
10
298.019802
20
227.722772
10
298.514851
20
228.217822
10
299.009901
20
228.217822
10
299.009901
20
226.732673
10
299.504950
20
226.732673
10
300.000000
20
226.237624
10
300.495050
20
226.237624
0
LWPOLYLINE
8
RIVERS
90
7
70
0
10
40.594059
20
221.287129
10
41.584158
20
221.287129
10
41.584158
20
220.792079
10
43.069307
20
220.792079
10
43.069307
20
219.801980
10
42.574257
20
219.801980
10
42.574257
20
220.297030
0
LWPOLYLINE
8
RIVERS
90
89
70
0
10
192.079208
20
218.811881
10
192.574257
20
218.811881
10
192.574257
20
218.316832
10
193.069307
20
218.316832
10
192.574257
20
217.821782
10
193.069307
20
217.326733
10
193.069307
20
215.346535
10
193.564356
20
214.851485
10
194.059406
20
214.851485
10
194.059406
20
215.346535
10
194.554455
20
214.851485
10
194.554455
20
213.861386
10
195.049505
20
213.366337
10
195.049505
20
212.871287
10
195.544554
20
212.376238
10
195.544554
20
211.881188
10
196.534653
20
211.881188
10
196.534653
20
211.386139
10
196.039604
20
211.386139
10
196.039604
20
209.405941
10
196.534653
20
209.405941
10
196.534653
20
208.415842
10
196.039604
20
208.415842
10
196.039604
20
207.920792
10
196.534653
20
207.425743
10
196.534653
20
206.930693
10
197.029703
20
206.930693
10
196.039604
20
205.940594
10
197.029703
20
204.950495
10
197.029703
20
203.960396
10
196.534653
20
203.960396
10
196.534653
20
200.000000
10
197.029703
20
199.504950
10
197.029703
20
199.009901
10
196.534653
20
198.514851
10
196.534653
20
198.019802
10
197.029703
20
198.019802
10
197.029703
20
197.524752
10
197.524752
20
197.524752
10
197.524752
20
196.534653
10
197.029703
20
196.039604
10
196.534653
20
196.039604
10
196.534653
20
195.544554
10
196.039604
20
195.049505
10
195.544554
20
195.049505
10
195.544554
20
194.554455
10
195.049505
20
194.554455
10
195.049505
20
194.059406
10
194.059406
20
194.059406
10
193.564356
20
193.564356
10
193.069307
20
193.564356
10
193.069307
20
193.069307
10
192.079208
20
193.069307
10
192.079208
20
192.574257
10
191.584158
20
192.574257
10
191.584158
20
192.079208
10
191.089109
20
191.584158
10
190.099010
20
191.584158
10
190.099010
20
191.089109
10
189.603960
20
190.594059
10
189.603960
20
189.603960
10
187.623762
20
187.623762
10
187.623762
20
187.128713
10
187.128713
20
186.633663
10
186.138614
20
186.633663
10
185.643564
20
187.128713
10
185.643564
20
188.613861
10
185.148515
20
189.108911
10
185.148515
20
191.089109
10
184.653465
20
191.584158
10
184.653465
20
192.079208
10
184.158416
20
192.574257
10
183.663366
20
192.574257
10
183.168317
20
193.069307
10
181.188119
20
193.069307
10
181.188119
20
193.564356
10
180.693069
20
194.059406
10
180.693069
20
195.049505
10
180.198020
20
195.544554
10
180.198020
20
198.019802
10
180.693069
20
198.514851
10
180.693069
20
202.970297
10
180.198020
20
203.465347
10
180.198020
20
203.960396
10
179.702970
20
203.960396
10
179.702970
20
204.455446
10
179.207921
20
204.455446
10
178.712871
20
204.950495
10
177.722772
20
204.950495
0
LWPOLYLINE
8
RIVERS
90
12
70
0
10
21.782178
20
218.316832
10
21.782178
20
217.326733
10
22.277228
20
217.326733
10
22.277228
20
216.831683
10
22.772277
20
216.831683
10
22.772277
20
216.336634
10
22.277228
20
216.336634
10
22.277228
20
213.861386
10
21.782178
20
213.861386
10
21.782178
20
211.881188
10
21.287129
20
211.881188
10
21.287129
20
212.871287
0
LWPOLYLINE
8
RIVERS
90
17
70
0
10
34.653465
20
214.851485
10
35.148515
20
214.851485
10
35.148515
20
214.356436
10
36.633663
20
214.356436
10
37.128713
20
213.861386
10
37.128713
20
213.366337
10
37.623762
20
213.366337
10
37.623762
20
212.871287
10
38.118812
20
212.871287
10
38.613861
20
212.376238
10
41.089109
20
212.376238
10
41.089109
20
211.881188
10
42.079208
20
211.881188
10
42.079208
20
212.376238
10
43.564356
20
212.376238
10
43.564356
20
213.861386
10
44.554455
20
213.861386
0
LWPOLYLINE
8
RIVERS
90
90
70
0
10
78.712871
20
213.861386
10
79.207921
20
213.861386
10
78.217822
20
212.871287
10
78.217822
20
212.376238
10
78.712871
20
211.881188
10
79.207921
20
211.881188
10
79.207921
20
211.386139
10
79.702970
20
211.386139
10
79.702970
20
210.891089
10
80.198020
20
210.891089
10
80.198020
20
210.396040
10
80.693069
20
209.900990
10
80.693069
20
209.405941
10
81.188119
20
208.910891
10
81.188119
20
207.920792
10
81.683168
20
207.920792
10
82.178218
20
207.425743
10
82.178218
20
206.930693
10
82.673267
20
206.435644
10
82.178218
20
205.940594
10
82.178218
20
203.960396
10
82.673267
20
203.960396
10
82.673267
20
202.970297
10
83.168317
20
202.475248
10
83.663366
20
202.475248
10
83.663366
20
201.980198
10
84.158416
20
201.980198
10
84.158416
20
200.990099
10
84.653465
20
200.495050
10
85.148515
20
200.495050
10
85.148515
20
199.009901
10
85.643564
20
199.009901
10
85.643564
20
198.514851
10
86.138614
20
198.514851
10
86.138614
20
197.524752
10
86.633663
20
197.029703
10
86.633663
20
196.534653
10
85.643564
20
195.544554
10
85.643564
20
195.049505
10
84.653465
20
194.059406
10
84.653465
20
193.564356
10
84.158416
20
193.564356
10
84.158416
20
193.069307
10
83.663366
20
192.574257
10
83.663366
20
192.079208
10
83.168317
20
192.079208
10
83.168317
20
191.584158
10
82.673267
20
191.089109
10
82.673267
20
189.603960
10
83.168317
20
189.603960
10
83.168317
20
189.108911
10
83.663366
20
188.613861
10
83.663366
20
186.138614
10
83.168317
20
185.643564
10
83.168317
20
184.158416
10
82.673267
20
183.663366
10
82.673267
20
183.168317
10
83.168317
20
182.673267
10
83.168317
20
181.188119
10
82.673267
20
181.188119
10
82.673267
20
177.722772
10
83.168317
20
177.722772
10
83.168317
20
177.227723
10
84.158416
20
176.237624
10
85.643564
20
176.237624
10
85.643564
20
175.742574
10
86.138614
20
175.247525
10
86.138614
20
174.257426
10
85.643564
20
174.257426
10
85.643564
20
173.267327
10
86.138614
20
173.267327
10
86.138614
20
172.277228
10
86.633663
20
171.782178
10
87.128713
20
171.782178
10
87.128713
20
171.287129
10
87.623762
20
171.287129
10
87.623762
20
170.792079
10
88.118812
20
170.792079
10
89.108911
20
169.801980
10
89.108911
20
168.811881
10
89.603960
20
168.811881
10
89.603960
20
166.831683
10
90.099010
20
166.336634
10
90.099010
20
164.356436
10
90.594059
20
164.356436
10
90.594059
20
163.861386
10
90.099010
20
163.861386
10
90.099010
20
163.366337
10
90.594059
20
162.871287
10
90.594059
20
161.881188
0
LWPOLYLINE
8
RIVERS
90
11
70
0
10
0.000000
20
211.881188
10
0.000000
20
212.376238
10
0.495050
20
211.881188
10
0.495050
20
211.386139
10
2.475248
20
211.386139
10
2.475248
20
210.891089
10
2.970297
20
210.891089
10
3.465347
20
210.396040
10
3.960396
20
210.396040
10
3.960396
20
209.900990
10
5.445545
20
209.900990
0
LWPOLYLINE
8
RIVERS
90
27
70
0
10
21.287129
20
211.386139
10
21.287129
20
210.396040
10
20.792079
20
210.396040
10
20.297030
20
209.900990
10
20.297030
20
207.920792
10
19.801980
20
207.920792
10
19.801980
20
206.930693
10
19.306931
20
206.930693
10
19.306931
20
206.435644
10
18.811881
20
206.435644
10
18.811881
20
205.940594
10
18.316832
20
205.940594
10
18.316832
20
205.445545
10
17.821782
20
205.445545
10
17.326733
20
204.950495
10
17.326733
20
204.455446
10
16.831683
20
204.455446
10
16.831683
20
202.970297
10
17.326733
20
202.475248
10
17.326733
20
201.980198
10
17.821782
20
201.980198
10
17.821782
20
201.485149
10
18.316832
20
200.990099
10
18.316832
20
198.514851
10
18.811881
20
198.514851
10
19.306931
20
198.019802
10
19.801980
20
198.019802
0
LWPOLYLINE
8
RIVERS
90
26
70
0
10
43.564356
20
211.386139
10
44.554455
20
211.386139
10
45.049505
20
210.891089
10
45.544554
20
210.891089
10
44.554455
20
209.900990
10
44.554455
20
208.910891
10
45.049505
20
208.415842
10
45.049505
20
207.920792
10
44.554455
20
207.425743
10
44.554455
20
206.930693
10
45.049505
20
206.930693
10
45.049505
20
203.465347
10
46.039604
20
203.465347
10
47.029703
20
202.475248
10
47.029703
20
200.495050
10
47.524752
20
200.000000
10
48.514851
20
200.000000
10
48.514851
20
200.495050
10
51.485149
20
200.495050
10
51.485149
20
200.990099
10
52.475248
20
201.980198
10
53.960396
20
201.980198
10
54.455446
20
202.475248
10
54.950495
20
202.475248
10
54.950495
20
203.465347
10
55.445545
20
203.465347
0
LWPOLYLINE
8
RIVERS
90
18
70
0
10
59.900990
20
209.900990
10
59.900990
20
206.435644
10
60.396040
20
205.940594
10
60.396040
20
205.445545
10
60.891089
20
205.445545
10
60.891089
20
204.950495
10
61.386139
20
204.455446
10
61.386139
20
201.485149
10
61.881188
20
201.485149
10
61.881188
20
200.495050
10
62.376238
20
200.000000
10
62.376238
20
199.009901
10
62.871287
20
199.009901
10
62.871287
20
198.514851
10
63.366337
20
198.019802
10
63.366337
20
195.544554
10
62.871287
20
195.544554
10
62.871287
20
196.039604
0
LWPOLYLINE
8
RIVERS
90
13
70
0
10
232.673267
20
207.920792
10
232.673267
20
208.415842
10
233.168317
20
207.920792
10
233.168317
20
207.425743
10
233.663366
20
207.425743
10
234.158416
20
206.930693
10
235.643564
20
206.930693
10
236.138614
20
206.435644
10
237.623762
20
206.435644
10
237.623762
20
205.940594
10
238.118812
20
205.940594
10
238.118812
20
203.960396
10
239.108911
20
203.960396
0
LWPOLYLINE
8
RIVERS
90
6
70
0
10
327.722772
20
206.930693
10
327.722772
20
206.435644
10
328.217822
20
206.435644
10
328.217822
20
205.940594
10
329.702970
20
204.455446
10
329.702970
20
200.990099
0
LWPOLYLINE
8
RIVERS
90
9
70
0
10
10.891089
20
205.445545
10
11.386139
20
205.445545
10
11.881188
20
204.950495
10
12.871287
20
204.950495
10
12.871287
20
204.455446
10
14.356436
20
204.455446
10
14.851485
20
203.960396
10
16.336634
20
203.960396
10
16.336634
20
203.465347
0
LWPOLYLINE
8
RIVERS
90
20
70
0
10
45.049505
20
202.970297
10
45.544554
20
202.970297
10
45.049505
20
202.475248
10
45.049505
20
201.485149
10
44.554455
20
200.990099
10
44.554455
20
200.000000
10
44.059406
20
200.000000
10
44.059406
20
199.504950
10
43.564356
20
199.009901
10
43.069307
20
199.009901
10
43.069307
20
198.514851
10
42.574257
20
198.514851
10
42.574257
20
198.019802
10
42.079208
20
198.019802
10
42.079208
20
197.524752
10
41.089109
20
197.524752
10
41.089109
20
197.029703
10
37.128713
20
197.029703
10
37.128713
20
197.524752
10
36.633663
20
197.524752
0
LWPOLYLINE
8
RIVERS
90
24
70
0
10
240.594059
20
202.475248
10
241.089109
20
202.475248
10
241.089109
20
201.980198
10
241.584158
20
201.980198
10
242.079208
20
201.485149
10
242.079208
20
200.990099
10
242.574257
20
200.990099
10
242.574257
20
200.495050
10
246.534653
20
200.495050
10
247.029703
20
200.000000
10
247.524752
20
200.000000
10
249.009901
20
198.514851
10
249.504950
20
198.514851
10
250.000000
20
198.019802
10
250.990099
20
198.019802
10
251.485149
20
197.524752
10
251.980198
20
197.524752
10
252.475248
20
197.029703
10
252.475248
20
196.534653
10
252.970297
20
196.534653
10
252.970297
20
196.039604
10
253.960396
20
196.039604
10
253.960396
20
195.544554
10
254.455446
20
195.544554
0
LWPOLYLINE
8
RIVERS
90
92
70
0
10
46.534653
20
200.990099
10
46.039604
20
200.990099
10
46.039604
20
197.524752
10
45.049505
20
197.524752
10
45.049505
20
196.534653
10
45.544554
20
196.039604
10
45.544554
20
195.544554
10
46.039604
20
195.544554
10
46.534653
20
195.049505
10
46.534653
20
193.564356
10
47.029703
20
193.564356
10
47.029703
20
191.584158
10
47.524752
20
191.089109
10
47.524752
20
190.099010
10
48.019802
20
189.603960
10
48.019802
20
189.108911
10
48.514851
20
189.108911
10
48.514851
20
188.613861
10
49.009901
20
188.613861
10
49.009901
20
186.138614
10
48.514851
20
185.643564
10
49.009901
20
185.148515
10
49.009901
20
184.653465
10
49.504950
20
184.653465
10
49.009901
20
184.158416
10
49.009901
20
183.168317
10
48.514851
20
183.168317
10
48.514851
20
182.673267
10
49.009901
20
182.178218
10
49.009901
20
181.188119
10
49.504950
20
181.188119
10
49.504950
20
179.702970
10
49.009901
20
179.207921
10
48.514851
20
179.207921
10
48.514851
20
178.712871
10
48.019802
20
178.217822
10
48.019802
20
177.722772
10
47.524752
20
177.722772
10
47.524752
20
177.227723
10
47.029703
20
177.227723
10
47.029703
20
176.732673
10
46.534653
20
176.237624
10
46.534653
20
175.247525
10
45.544554
20
175.247525
10
45.544554
20
174.257426
10
44.554455
20
174.257426
10
44.554455
20
173.267327
10
43.564356
20
173.267327
10
43.564356
20
172.772277
10
43.069307
20
172.277228
10
43.069307
20
171.782178
10
42.079208
20
171.782178
10
42.079208
20
171.287129
10
41.584158
20
171.287129
10
41.089109
20
170.792079
10
40.594059
20
170.792079
10
40.594059
20
170.297030
10
40.099010
20
170.297030
10
40.099010
20
169.801980
10
39.603960
20
169.801980
10
39.603960
20
169.306931
10
38.118812
20
169.306931
10
37.623762
20
169.801980
10
34.653465
20
169.801980
10
34.653465
20
170.297030
10
33.663366
20
170.297030
10
33.663366
20
169.801980
10
33.168317
20
169.801980
10
33.168317
20
170.297030
10
32.178218
20
170.297030
10
32.178218
20
170.792079
10
31.188119
20
170.792079
10
31.188119
20
171.287129
10
30.198020
20
171.287129
10
30.198020
20
171.782178
10
29.702970
20
171.782178
10
29.702970
20
172.277228
10
29.207921
20
172.277228
10
29.207921
20
172.772277
10
28.712871
20
172.772277
10
28.217822
20
173.267327
10
28.217822
20
175.742574
10
27.722772
20
175.742574
10
27.722772
20
177.227723
10
27.227723
20
177.227723
10
27.227723
20
177.722772
10
26.732673
20
178.217822
10
26.732673
20
178.712871
10
26.237624
20
178.712871
10
26.237624
20
179.207921
10
25.742574
20
179.207921
10
25.742574
20
179.702970
0
LWPOLYLINE
8
RIVERS
90
7
70
0
10
1.980198
20
200.495050
10
2.970297
20
200.495050
10
2.970297
20
200.000000
10
1.980198
20
200.000000
10
1.980198
20
199.009901
10
1.485149
20
199.009901
10
1.485149
20
200.000000
0
LWPOLYLINE
8
RIVERS
90
14
70
0
10
329.702970
20
199.504950
10
329.702970
20
197.524752
10
330.198020
20
197.029703
10
330.198020
20
196.039604
10
330.693069
20
196.039604
10
330.693069
20
195.544554
10
331.188119
20
195.544554
10
331.188119
20
195.049505
10
331.683168
20
194.554455
10
331.683168
20
192.574257
10
332.178218
20
192.574257
10
332.178218
20
191.584158
10
332.673267
20
191.584158
10
332.673267
20
191.089109
0
LWPOLYLINE
8
RIVERS
90
12
70
0
10
18.316832
20
198.019802
10
17.821782
20
197.524752
10
17.821782
20
197.029703
10
16.831683
20
197.029703
10
16.831683
20
196.039604
10
16.336634
20
195.544554
10
16.336634
20
195.049505
10
15.841584
20
194.554455
10
15.346535
20
194.554455
10
15.346535
20
194.059406
10
14.851485
20
194.059406
10
14.356436
20
193.564356
0
LWPOLYLINE
8
RIVERS
90
21
70
0
10
73.267327
20
197.524752
10
73.762376
20
197.524752
10
73.267327
20
197.029703
10
72.772277
20
197.029703
10
72.772277
20
196.534653
10
72.277228
20
196.039604
10
72.277228
20
195.049505
10
72.772277
20
194.554455
10
75.742574
20
194.554455
10
75.742574
20
194.059406
10
78.712871
20
194.059406
10
79.207921
20
193.564356
10
79.207921
20
193.069307
10
79.702970
20
192.574257
10
80.198020
20
192.574257
10
80.198020
20
193.069307
10
81.188119
20
193.069307
10
81.683168
20
192.574257
10
81.683168
20
191.584158
10
82.178218
20
191.089109
10
82.178218
20
190.594059
0
LWPOLYLINE
8
RIVERS
90
13
70
0
10
62.871287
20
195.049505
10
62.871287
20
193.069307
10
63.861386
20
193.069307
10
64.356436
20
193.564356
10
65.346535
20
193.564356
10
66.336634
20
194.554455
10
66.831683
20
194.554455
10
67.326733
20
195.049505
10
68.316832
20
195.049505
10
68.811881
20
195.544554
10
69.801980
20
195.544554
10
70.297030
20
196.039604
10
70.792079
20
196.039604
0
LWPOLYLINE
8
RIVERS
90
10
70
0
10
56.435644
20
192.079208
10
56.930693
20
192.079208
10
56.930693
20
191.584158
10
57.425743
20
191.584158
10
57.920792
20
191.089109
10
58.415842
20
191.089109
10
58.415842
20
191.584158
10
58.910891
20
191.584158
10
58.910891
20
192.079208
10
58.415842
20
192.574257
0
LWPOLYLINE
8
RIVERS
90
14
70
0
10
10.891089
20
185.148515
10
10.891089
20
184.653465
10
11.386139
20
184.653465
10
11.386139
20
184.158416
10
11.881188
20
184.158416
10
11.881188
20
181.683168
10
12.376238
20
181.683168
10
12.376238
20
180.693069
10
12.871287
20
180.693069
10
12.871287
20
180.198020
10
13.366337
20
180.198020
10
13.366337
20
179.207921
10
12.871287
20
179.207921
10
12.376238
20
178.712871
0
LWPOLYLINE
8
RIVERS
90
87
70
0
10
173.267327
20
184.158416
10
173.267327
20
183.663366
10
172.277228
20
182.673267
10
171.782178
20
182.673267
10
171.287129
20
182.178218
10
171.287129
20
180.198020
10
170.297030
20
179.207921
10
170.297030
20
177.722772
10
169.801980
20
177.227723
10
169.801980
20
176.732673
10
169.306931
20
176.237624
10
169.306931
20
175.742574
10
168.811881
20
175.247525
10
168.811881
20
174.257426
10
168.316832
20
173.762376
10
168.316832
20
172.277228
10
168.811881
20
172.277228
10
169.801980
20
171.287129
10
170.297030
20
171.287129
10
170.297030
20
170.792079
10
170.792079
20
170.297030
10
170.792079
20
169.801980
10
171.287129
20
169.801980
10
171.287129
20
169.306931
10
171.782178
20
169.306931
10
172.277228
20
168.811881
10
173.762376
20
168.811881
10
174.752475
20
167.821782
10
174.752475
20
165.841584
10
174.257426
20
165.346535
10
174.257426
20
163.861386
10
173.267327
20
162.871287
10
172.772277
20
162.871287
10
172.772277
20
162.376238
10
172.277228
20
162.376238
10
172.277228
20
160.891089
10
171.782178
20
160.396040
10
171.782178
20
159.405941
10
171.287129
20
158.910891
10
171.287129
20
157.920792
10
171.782178
20
157.920792
10
171.782178
20
157.425743
10
172.277228
20
156.930693
10
172.772277
20
156.930693
10
172.772277
20
155.940594
10
173.267327
20
155.445545
10
173.267327
20
153.960396
10
173.762376
20
153.465347
10
174.257426
20
153.465347
10
174.257426
20
152.475248
10
175.247525
20
151.485149
10
176.237624
20
151.485149
10
176.237624
20
150.990099
10
176.732673
20
150.990099
10
178.217822
20
149.504950
10
178.712871
20
149.504950
10
178.712871
20
149.009901
10
179.207921
20
149.009901
10
179.702970
20
148.514851
10
180.198020
20
148.514851
10
180.198020
20
148.019802
10
180.693069
20
148.019802
10
180.693069
20
147.524752
10
181.188119
20
147.524752
10
181.188119
20
147.029703
10
181.683168
20
147.029703
10
181.683168
20
146.534653
10
180.693069
20
145.544554
10
180.693069
20
145.049505
10
179.702970
20
144.059406
10
178.712871
20
144.059406
10
178.217822
20
143.564356
10
177.722772
20
143.564356
10
177.722772
20
143.069307
10
177.227723
20
143.069307
10
177.227723
20
143.564356
10
176.732673
20
143.564356
10
176.732673
20
143.069307
10
176.237624
20
142.574257
10
176.237624
20
142.079208
10
175.742574
20
142.079208
10
175.247525
20
141.584158
10
175.247525
20
141.089109
10
174.257426
20
140.099010
10
174.257426
20
139.108911
10
173.762376
20
139.108911
10
173.762376
20
139.603960
0
LWPOLYLINE
8
RIVERS
90
10
70
0
10
3.465347
20
182.673267
10
3.465347
20
181.683168
10
2.970297
20
181.683168
10
2.970297
20
181.188119
10
1.980198
20
181.188119
10
1.485149
20
180.693069
10
1.485149
20
180.198020
10
0.990099
20
180.198020
10
0.990099
20
180.693069
10
0.000000
20
180.693069
0
LWPOLYLINE
8
RIVERS
90
29
70
0
10
94.059406
20
174.752475
10
94.059406
20
174.257426
10
94.554455
20
174.257426
10
94.554455
20
173.762376
10
96.039604
20
173.762376
10
96.039604
20
173.267327
10
97.029703
20
173.267327
10
97.029703
20
172.772277
10
97.524752
20
172.772277
10
97.524752
20
172.277228
10
98.514851
20
171.287129
10
99.009901
20
171.287129
10
99.009901
20
170.792079
10
99.504950
20
170.297030
10
100.000000
20
170.297030
10
100.000000
20
169.801980
10
100.495050
20
169.801980
10
101.980198
20
168.316832
10
104.950495
20
168.316832
10
104.950495
20
168.811881
10
105.445545
20
168.811881
10
105.445545
20
169.306931
10
106.930693
20
170.792079
10
109.900990
20
170.792079
10
110.396040
20
171.287129
10
111.386139
20
171.287129
10
111.386139
20
171.782178
10
112.376238
20
171.782178
10
112.871287
20
172.277228
0
LWPOLYLINE
8
RIVERS
90
10
70
0
10
85.148515
20
173.762376
10
84.653465
20
173.762376
10
84.158416
20
173.267327
10
83.168317
20
173.267327
10
83.168317
20
172.772277
10
81.683168
20
172.772277
10
81.188119
20
172.277228
10
79.702970
20
172.277228
10
79.702970
20
172.772277
10
77.227723
20
172.772277
0
LWPOLYLINE
8
RIVERS
90
24
70
0
10
94.059406
20
173.762376
10
94.059406
20
173.267327
10
93.564356
20
173.267327
10
93.564356
20
172.277228
10
93.069307
20
172.277228
10
93.069307
20
171.782178
10
92.574257
20
171.782178
10
92.574257
20
170.792079
10
92.079208
20
170.297030
10
92.079208
20
169.801980
10
91.584158
20
169.306931
10
91.584158
20
167.821782
10
92.079208
20
167.821782
10
92.079208
20
166.831683
10
92.574257
20
166.831683
10
92.574257
20
164.851485
10
93.069307
20
164.851485
10
93.069307
20
164.356436
10
93.564356
20
164.356436
10
93.564356
20
162.376238
10
94.059406
20
162.376238
10
93.564356
20
161.881188
10
93.069307
20
161.881188
10
93.069307
20
162.871287
0
LWPOLYLINE
8
RIVERS
90
25
70
0
10
115.841584
20
170.297030
10
115.841584
20
168.811881
10
115.346535
20
168.811881
10
115.346535
20
167.821782
10
114.851485
20
167.326733
10
114.851485
20
166.831683
10
114.356436
20
166.831683
10
114.356436
20
166.336634
10
113.861386
20
165.841584
10
113.366337
20
165.841584
10
113.366337
20
165.346535
10
112.871287
20
165.346535
10
112.376238
20
164.851485
10
111.386139
20
164.851485
10
111.386139
20
164.356436
10
109.900990
20
164.356436
10
109.900990
20
163.861386
10
109.405941
20
163.861386
10
108.415842
20
162.871287
10
108.415842
20
161.881188
10
108.910891
20
161.881188
10
108.910891
20
161.386139
10
109.900990
20
161.386139
10
110.396040
20
160.891089
10
111.881188
20
160.891089
0
LWPOLYLINE
8
RIVERS
90
80
70
0
10
56.930693
20
165.841584
10
57.920792
20
165.841584
10
58.415842
20
165.346535
10
60.396040
20
165.346535
10
60.891089
20
164.851485
10
61.386139
20
164.851485
10
61.881188
20
164.356436
10
62.376238
20
164.356436
10
62.376238
20
163.861386
10
62.871287
20
163.861386
10
63.366337
20
163.366337
10
63.861386
20
163.366337
10
63.861386
20
162.871287
10
64.356436
20
162.871287
10
64.356436
20
161.386139
10
64.851485
20
161.386139
10
65.346535
20
160.891089
10
65.841584
20
160.891089
10
65.841584
20
160.396040
10
66.336634
20
160.396040
10
66.831683
20
159.900990
10
66.831683
20
158.415842
10
67.326733
20
157.920792
10
67.821782
20
157.920792
10
68.316832
20
157.425743
10
68.316832
20
156.435644
10
68.811881
20
156.435644
10
69.306931
20
155.940594
10
69.306931
20
154.950495
10
69.801980
20
154.950495
10
70.297030
20
154.455446
10
70.297030
20
153.960396
10
70.792079
20
153.960396
10
70.792079
20
153.465347
10
71.287129
20
153.465347
10
71.287129
20
152.970297
10
72.277228
20
152.970297
10
72.772277
20
152.475248
10
72.772277
20
151.980198
10
73.267327
20
151.485149
10
73.267327
20
150.495050
10
73.762376
20
150.495050
10
74.752475
20
149.504950
10
75.247525
20
150.000000
10
75.742574
20
150.000000
10
77.227723
20
148.514851
10
77.227723
20
148.019802
10
77.722772
20
148.019802
10
77.722772
20
147.524752
10
78.712871
20
147.524752
10
79.207921
20
147.029703
10
79.207921
20
146.534653
10
79.702970
20
146.534653
10
79.702970
20
146.039604
10
80.198020
20
145.544554
10
80.198020
20
145.049505
10
79.702970
20
144.554455
10
80.198020
20
144.059406
10
80.198020
20
143.564356
10
80.693069
20
143.564356
10
80.693069
20
143.069307
10
81.188119
20
143.069307
10
81.188119
20
142.574257
10
81.683168
20
142.574257
10
81.683168
20
141.089109
10
82.673267
20
141.089109
10
82.673267
20
140.099010
10
83.663366
20
140.099010
10
84.158416
20
139.603960
10
84.653465
20
139.603960
10
84.653465
20
139.108911
10
86.138614
20
139.108911
10
86.138614
20
139.603960
10
86.633663
20
139.603960
10
86.633663
20
140.099010
10
87.623762
20
140.099010
10
87.623762
20
140.594059
10
88.118812
20
140.099010
10
88.118812
20
139.603960
10
89.108911
20
139.603960
0
LWPOLYLINE
8
RIVERS
90
55
70
0
10
0.000000
20
163.861386
10
0.000000
20
164.356436
10
0.495050
20
163.861386
10
0.495050
20
163.366337
10
0.990099
20
163.366337
10
0.990099
20
162.376238
10
1.485149
20
161.881188
10
1.485149
20
160.396040
10
1.980198
20
159.900990
10
1.980198
20
159.405941
10
2.970297
20
159.405941
10
2.970297
20
157.920792
10
3.465347
20
157.425743
10
3.465347
20
153.465347
10
3.960396
20
153.465347
10
3.960396
20
151.980198
10
4.455446
20
151.980198
10
4.455446
20
151.485149
10
4.950495
20
151.485149
10
4.950495
20
150.990099
10
5.445545
20
150.990099
10
5.445545
20
150.000000
10
5.940594
20
150.000000
10
5.940594
20
149.504950
10
6.435644
20
149.009901
10
6.435644
20
148.019802
10
6.930693
20
148.019802
10
6.930693
20
147.524752
10
7.425743
20
147.524752
10
7.920792
20
147.029703
10
8.415842
20
147.029703
10
8.415842
20
146.534653
10
7.920792
20
146.039604
10
7.920792
20
145.049505
10
9.405941
20
145.049505
10
9.900990
20
144.554455
10
10.396040
20
144.554455
10
10.396040
20
144.059406
10
10.891089
20
144.059406
10
11.386139
20
143.564356
10
10.891089
20
143.069307
10
10.891089
20
142.574257
10
10.396040
20
142.574257
10
10.396040
20
142.079208
10
10.891089
20
141.584158
10
10.891089
20
141.089109
10
11.881188
20
141.089109
10
11.881188
20
141.584158
10
12.871287
20
141.584158
10
12.871287
20
140.594059
10
12.376238
20
140.594059
10
12.376238
20
141.089109
10
11.881188
20
140.594059
10
11.881188
20
140.099010
10
12.376238
20
140.099010
0
LWPOLYLINE
8
RIVERS
90
8
70
0
10
102.475248
20
162.871287
10
102.970297
20
162.871287
10
102.970297
20
162.376238
10
103.465347
20
162.376238
10
103.465347
20
161.881188
10
103.960396
20
161.881188
10
104.455446
20
162.376238
10
107.920792
20
162.376238
0
LWPOLYLINE
8
RIVERS
90
14
70
0
10
93.069307
20
159.405941
10
94.059406
20
159.405941
10
94.554455
20
158.910891
10
95.049505
20
158.910891
10
95.544554
20
158.415842
10
97.524752
20
158.415842
10
98.514851
20
159.405941
10
98.514851
20
160.396040
10
99.009901
20
160.891089
10
99.009901
20
161.881188
10
99.504950
20
162.376238
10
100.000000
20
162.376238
10
100.495050
20
162.871287
10
101.980198
20
162.871287
0
LWPOLYLINE
8
RIVERS
90
85
70
0
10
50.000000
20
156.435644
10
50.000000
20
155.940594
10
50.495050
20
155.445545
10
50.495050
20
154.950495
10
50.000000
20
154.455446
10
50.000000
20
153.465347
10
50.495050
20
152.970297
10
50.495050
20
150.000000
10
52.475248
20
148.019802
10
52.475248
20
147.524752
10
52.970297
20
147.029703
10
53.465347
20
147.029703
10
53.465347
20
145.544554
10
53.960396
20
145.544554
10
53.960396
20
145.049505
10
54.455446
20
145.049505
10
54.455446
20
144.059406
10
54.950495
20
144.059406
10
54.950495
20
143.564356
10
55.445545
20
143.069307
10
55.445545
20
141.089109
10
55.940594
20
140.594059
10
55.940594
20
139.603960
10
57.425743
20
139.603960
10
57.425743
20
138.613861
10
57.920792
20
138.613861
10
57.920792
20
136.633663
10
58.415842
20
136.633663
10
58.415842
20
136.138614
10
58.910891
20
135.643564
10
59.405941
20
135.643564
10
59.405941
20
135.148515
10
59.900990
20
135.148515
10
59.900990
20
134.158416
10
60.396040
20
134.158416
10
60.396040
20
133.663366
10
60.891089
20
133.663366
10
60.891089
20
132.673267
10
61.386139
20
132.673267
10
61.386139
20
132.178218
10
62.376238
20
131.188119
10
62.871287
20
131.188119
10
63.366337
20
130.693069
10
63.366337
20
130.198020
10
64.356436
20
129.207921
10
64.851485
20
129.207921
10
64.851485
20
128.712871
10
65.346535
20
128.712871
10
65.346535
20
128.217822
10
65.841584
20
128.217822
10
65.841584
20
127.722772
10
67.821782
20
127.722772
10
68.316832
20
127.227723
10
68.811881
20
127.722772
10
70.297030
20
127.722772
10
70.297030
20
128.217822
10
70.792079
20
128.217822
10
70.792079
20
128.712871
10
71.287129
20
128.712871
10
71.782178
20
129.207921
10
71.782178
20
130.198020
10
72.277228
20
130.693069
10
72.277228
20
131.683168
10
72.772277
20
131.683168
10
72.772277
20
132.673267
10
73.267327
20
132.673267
10
73.267327
20
133.168317
10
73.762376
20
133.168317
10
73.762376
20
133.663366
10
74.257426
20
133.663366
10
74.752475
20
134.158416
10
74.752475
20
135.148515
10
75.247525
20
135.643564
10
76.237624
20
135.643564
10
76.732673
20
136.138614
10
77.227723
20
136.138614
10
77.722772
20
136.633663
10
78.217822
20
136.633663
10
78.217822
20
137.128713
10
80.693069
20
137.128713
10
81.188119
20
137.623762
10
81.188119
20
138.118812
10
81.683168
20
138.118812
10
81.683168
20
139.603960
10
82.178218
20
140.099010
0
LWPOLYLINE
8
RIVERS
90
11
70
0
10
95.544554
20
156.435644
10
96.039604
20
156.435644
10
96.534653
20
155.940594
10
97.029703
20
156.435644
10
97.524752
20
155.940594
10
98.514851
20
155.940594
10
99.009901
20
156.435644
10
100.000000
20
155.445545
10
105.940594
20
155.445545
10
105.940594
20
154.950495
10
104.950495
20
154.950495
0
LWPOLYLINE
8
RIVERS
90
105
70
0
10
347.029703
20
155.445545
10
347.029703
20
153.960396
10
347.524752
20
153.465347
10
347.524752
20
151.980198
10
347.029703
20
151.485149
10
347.029703
20
150.495050
10
346.534653
20
150.495050
10
346.534653
20
150.000000
10
344.554455
20
148.019802
10
343.564356
20
148.019802
10
343.069307
20
147.524752
10
343.069307
20
147.029703
10
342.574257
20
147.029703
10
342.574257
20
146.534653
10
341.584158
20
146.534653
10
341.584158
20
146.039604
10
341.089109
20
146.039604
10
341.089109
20
143.564356
10
341.584158
20
143.564356
10
341.584158
20
142.079208
10
342.079208
20
141.584158
10
342.079208
20
140.594059
10
342.574257
20
140.099010
10
342.574257
20
139.603960
10
342.079208
20
139.108911
10
342.079208
20
138.118812
10
341.584158
20
137.623762
10
341.584158
20
136.633663
10
342.079208
20
136.138614
10
342.079208
20
134.653465
10
341.584158
20
134.158416
10
341.584158
20
133.663366
10
341.089109
20
133.168317
10
341.089109
20
131.188119
10
340.594059
20
131.188119
10
340.594059
20
130.693069
10
340.099010
20
130.198020
10
340.099010
20
127.227723
10
340.594059
20
126.732673
10
340.594059
20
126.237624
10
341.089109
20
125.742574
10
341.584158
20
125.742574
10
341.584158
20
122.772277
10
341.089109
20
122.277228
10
341.089109
20
121.782178
10
340.594059
20
121.287129
10
340.594059
20
120.792079
10
340.099010
20
120.297030
10
340.099010
20
119.801980
10
339.603960
20
119.306931
10
339.108911
20
119.306931
10
339.108911
20
118.811881
10
338.613861
20
118.811881
10
337.623762
20
117.821782
10
337.128713
20
117.821782
10
337.128713
20
117.326733
10
336.633663
20
117.326733
10
336.633663
20
116.831683
10
336.138614
20
116.831683
10
335.148515
20
115.841584
10
335.148515
20
115.346535
10
334.653465
20
114.851485
10
334.653465
20
114.356436
10
332.178218
20
111.881188
10
332.178218
20
110.891089
10
332.673267
20
110.891089
10
334.158416
20
112.376238
10
334.653465
20
112.376238
10
334.653465
20
111.881188
10
335.148515
20
111.386139
10
335.148515
20
110.891089
10
335.643564
20
110.891089
10
335.643564
20
110.396040
10
336.138614
20
109.900990
10
336.138614
20
109.405941
10
337.128713
20
109.405941
10
337.128713
20
108.910891
10
337.623762
20
108.415842
10
337.623762
20
107.920792
10
338.118812
20
107.920792
10
338.118812
20
107.425743
10
338.613861
20
107.425743
10
338.613861
20
106.435644
10
339.108911
20
105.940594
10
339.603960
20
105.940594
10
340.099010
20
106.435644
10
341.089109
20
106.435644
10
341.584158
20
106.930693
10
342.079208
20
106.930693
10
342.079208
20
107.425743
10
342.574257
20
107.920792
10
343.069307
20
107.425743
10
343.564356
20
107.425743
10
344.059406
20
107.920792
10
345.049505
20
107.920792
10
345.049505
20
108.415842
10
346.039604
20
108.415842
10
346.039604
20
108.910891
10
346.534653
20
108.910891
10
346.534653
20
109.405941
10
347.029703
20
109.405941
10
347.029703
20
109.900990
10
347.524752
20
109.900990
10
347.524752
20
110.396040
10
350.000000
20
110.396040
0
LWPOLYLINE
8
RIVERS
90
20
70
0
10
118.316832
20
150.990099
10
118.316832
20
150.495050
10
118.811881
20
150.000000
10
118.811881
20
148.019802
10
118.316832
20
147.524752
10
118.316832
20
146.534653
10
117.821782
20
146.534653
10
117.821782
20
145.049505
10
118.316832
20
144.554455
10
118.316832
20
143.564356
10
118.811881
20
143.564356
10
118.811881
20
142.574257
10
121.782178
20
142.574257
10
122.277228
20
143.069307
10
123.267327
20
143.069307
10
123.267327
20
143.564356
10
123.762376
20
143.564356
10
123.762376
20
144.059406
10
124.752475
20
144.059406
10
124.752475
20
143.564356
0
LWPOLYLINE
8
RIVERS
90
143
70
0
10
38.118812
20
150.495050
10
37.623762
20
150.000000
10
37.128713
20
150.000000
10
37.128713
20
149.504950
10
36.633663
20
149.504950
10
35.643564
20
148.514851
10
35.643564
20
148.019802
10
35.148515
20
148.019802
10
35.148515
20
148.514851
10
34.653465
20
148.514851
10
34.653465
20
148.019802
10
34.158416
20
148.019802
10
34.158416
20
149.009901
10
33.663366
20
149.009901
10
33.663366
20
148.019802
10
34.158416
20
147.524752
10
34.158416
20
147.029703
10
32.673267
20
147.029703
10
32.673267
20
146.534653
10
32.178218
20
146.534653
10
31.683168
20
146.039604
10
31.683168
20
145.544554
10
31.188119
20
145.544554
10
31.188119
20
144.554455
10
30.693069
20
144.554455
10
30.693069
20
143.564356
10
31.188119
20
143.069307
10
31.188119
20
142.574257
10
30.693069
20
142.574257
10
30.198020
20
142.079208
10
29.702970
20
142.079208
10
29.702970
20
141.584158
10
29.207921
20
141.584158
10
29.207921
20
141.089109
10
28.712871
20
141.089109
10
28.217822
20
140.594059
10
28.217822
20
140.099010
10
27.722772
20
140.099010
10
27.722772
20
138.613861
10
27.227723
20
138.118812
10
26.237624
20
138.118812
10
26.237624
20
137.623762
10
25.742574
20
137.623762
10
25.742574
20
137.128713
10
26.237624
20
136.633663
10
26.732673
20
136.633663
10
26.732673
20
135.643564
10
26.237624
20
135.643564
10
26.237624
20
134.158416
10
25.742574
20
133.663366
10
25.247525
20
133.663366
10
25.247525
20
131.188119
10
25.742574
20
131.188119
10
26.237624
20
130.693069
10
26.237624
20
128.217822
10
25.742574
20
127.722772
10
25.742574
20
126.237624
10
26.237624
20
125.742574
10
25.742574
20
125.247525
10
25.247525
20
125.247525
10
25.247525
20
124.752475
10
24.752475
20
124.752475
10
24.752475
20
122.772277
10
25.247525
20
122.772277
10
25.247525
20
122.277228
10
24.752475
20
121.782178
10
24.257426
20
121.782178
10
24.257426
20
119.801980
10
24.752475
20
119.801980
10
24.752475
20
117.821782
10
24.257426
20
117.821782
10
24.257426
20
116.336634
10
23.762376
20
116.336634
10
23.762376
20
114.851485
10
24.257426
20
114.851485
10
24.257426
20
113.366337
10
23.762376
20
113.366337
10
23.267327
20
112.871287
10
23.267327
20
112.376238
10
22.772277
20
111.881188
10
22.772277
20
110.891089
10
22.277228
20
110.396040
10
22.277228
20
109.405941
10
23.267327
20
109.405941
10
23.267327
20
109.900990
10
23.762376
20
109.405941
10
24.752475
20
109.405941
10
25.247525
20
109.900990
10
26.732673
20
109.900990
10
26.732673
20
109.405941
10
27.722772
20
109.405941
10
27.722772
20
109.900990
10
30.693069
20
109.900990
10
30.693069
20
109.405941
10
32.673267
20
109.405941
10
32.673267
20
109.900990
10
33.168317
20
109.900990
10
33.663366
20
110.396040
10
33.663366
20
111.386139
10
34.158416
20
111.386139
10
34.158416
20
112.376238
10
34.653465
20
112.871287
10
34.653465
20
113.366337
10
35.148515
20
113.366337
10
35.643564
20
113.861386
10
35.643564
20
114.356436
10
36.138614
20
114.356436
10
36.138614
20
114.851485
10
36.633663
20
114.851485
10
36.633663
20
116.831683
10
37.128713
20
116.831683
10
37.623762
20
117.326733
10
37.128713
20
117.821782
10
37.128713
20
118.316832
10
37.623762
20
118.316832
10
37.623762
20
118.811881
10
38.118812
20
119.306931
10
38.118812
20
120.297030
10
38.613861
20
120.792079
10
38.613861
20
121.287129
10
39.108911
20
121.287129
10
39.108911
20
121.782178
10
39.603960
20
121.782178
10
39.603960
20
122.277228
10
40.594059
20
122.277228
10
41.584158
20
123.267327
10
41.584158
20
125.742574
10
41.089109
20
126.237624
10
41.089109
20
127.722772
10
41.584158
20
127.722772
10
41.584158
20
128.712871
10
42.079208
20
128.712871
10
42.079208
20
132.178218
10
41.584158
20
132.673267
10
41.584158
20
133.663366
10
41.089109
20
134.158416
10
41.089109
20
136.138614
10
41.584158
20
136.138614
10
41.584158
20
137.128713
10
42.079208
20
137.623762
10
42.079208
20
138.613861
10
42.574257
20
139.108911
10
42.574257
20
140.099010
0
LWPOLYLINE
8
RIVERS
90
13
70
0
10
17.821782
20
147.029703
10
17.821782
20
146.534653
10
17.326733
20
146.534653
10
17.326733
20
146.039604
10
16.831683
20
145.544554
10
16.831683
20
145.049505
10
16.336634
20
144.554455
10
16.336634
20
144.059406
10
15.841584
20
144.059406
10
15.841584
20
143.564356
10
14.851485
20
142.574257
10
14.851485
20
142.079208
10
13.366337
20
142.079208
0
LWPOLYLINE
8
RIVERS
90
23
70
0
10
127.722772
20
146.039604
10
129.207921
20
146.039604
10
129.702970
20
145.544554
10
134.653465
20
145.544554
10
135.148515
20
145.049505
10
135.148515
20
144.554455
10
135.643564
20
144.554455
10
135.643564
20
144.059406
10
136.138614
20
144.059406
10
136.138614
20
143.069307
10
136.633663
20
143.069307
10
136.633663
20
135.643564
10
137.128713
20
135.643564
10
137.128713
20
135.148515
10
137.623762
20
134.653465
10
137.623762
20
133.168317
10
138.118812
20
133.168317
10
138.118812
20
132.673267
10
138.613861
20
132.178218
10
139.603960
20
132.178218
10
139.603960
20
131.683168
10
140.099010
20
131.683168
10
140.594059
20
132.178218
0
LWPOLYLINE
8
RIVERS
90
22
70
0
10
177.227723
20
134.158416
10
177.227723
20
133.663366
10
177.722772
20
133.663366
10
177.722772
20
132.178218
10
178.217822
20
132.178218
10
178.217822
20
130.198020
10
177.722772
20
129.702970
10
177.722772
20
129.207921
10
177.227723
20
128.712871
10
177.227723
20
127.722772
10
177.722772
20
127.722772
10
177.722772
20
125.742574
10
178.217822
20
125.247525
10
178.712871
20
125.247525
10
178.712871
20
124.752475
10
179.207921
20
124.752475
10
180.198020
20
123.762376
10
180.693069
20
123.762376
10
180.693069
20
123.267327
10
181.188119
20
123.267327
10
181.188119
20
122.772277
10
181.683168
20
122.277228
0
LWPOLYLINE
8
RIVERS
90
16
70
0
10
350.000000
20
130.198020
10
349.504950
20
129.702970
10
348.019802
20
129.702970
10
348.019802
20
129.207921
10
347.524752
20
129.207921
10
347.524752
20
128.712871
10
347.029703
20
128.217822
10
346.534653
20
128.712871
10
346.039604
20
128.712871
10
346.039604
20
128.217822
10
343.564356
20
128.217822
10
343.564356
20
127.722772
10
343.069307
20
127.227723
10
342.574257
20
127.227723
10
342.079208
20
126.732673
10
342.079208
20
126.237624
0
LWPOLYLINE
8
RIVERS
90
13
70
0
10
160.396040
20
116.336634
10
160.396040
20
115.841584
10
159.900990
20
115.841584
10
159.900990
20
115.346535
10
159.405941
20
115.346535
10
158.910891
20
114.851485
10
158.910891
20
114.356436
10
158.415842
20
114.356436
10
157.920792
20
114.851485
10
157.425743
20
114.851485
10
156.930693
20
115.346535
10
156.435644
20
115.346535
10
155.940594
20
115.841584
0
LWPOLYLINE
8
RIVERS
90
174
70
0
10
331.683168
20
110.891089
10
331.188119
20
110.396040
10
330.198020
20
110.396040
10
330.198020
20
109.900990
10
329.207921
20
109.900990
10
329.207921
20
109.405941
10
328.217822
20
109.405941
10
327.722772
20
108.910891
10
327.227723
20
108.910891
10
325.742574
20
107.425743
10
325.247525
20
107.425743
10
325.247525
20
106.930693
10
324.752475
20
106.930693
10
324.752475
20
105.940594
10
324.257426
20
105.940594
10
324.257426
20
104.455446
10
324.752475
20
104.455446
10
324.752475
20
103.960396
10
324.257426
20
103.960396
10
324.257426
20
101.980198
10
323.762376
20
101.485149
10
323.267327
20
101.485149
10
323.267327
20
100.000000
10
322.772277
20
100.000000
10
321.782178
20
99.009901
10
320.792079
20
99.009901
10
320.792079
20
99.504950
10
316.336634
20
99.504950
10
316.336634
20
99.009901
10
315.841584
20
99.009901
10
315.841584
20
98.514851
10
315.346535
20
98.514851
10
314.851485
20
99.009901
10
313.366337
20
99.009901
10
312.871287
20
98.514851
10
312.376238
20
98.514851
10
312.376238
20
97.029703
10
311.881188
20
96.534653
10
311.881188
20
95.544554
10
311.386139
20
95.544554
10
311.386139
20
95.049505
10
310.891089
20
95.049505
10
309.900990
20
94.059406
10
309.900990
20
93.069307
10
309.405941
20
92.574257
10
309.405941
20
91.584158
10
308.415842
20
91.584158
10
307.920792
20
91.089109
10
304.950495
20
91.089109
10
304.950495
20
90.099010
10
304.455446
20
90.099010
10
304.455446
20
89.603960
10
303.960396
20
90.099010
10
303.960396
20
90.594059
10
303.465347
20
90.594059
10
302.475248
20
89.603960
10
302.475248
20
88.613861
10
301.980198
20
88.613861
10
301.485149
20
88.118812
10
300.990099
20
88.118812
10
300.990099
20
87.623762
10
300.495050
20
87.623762
10
300.495050
20
86.633663
10
300.990099
20
86.138614
10
300.990099
20
85.643564
10
300.495050
20
85.643564
10
300.495050
20
85.148515
10
299.504950
20
84.158416
10
299.504950
20
81.188119
10
299.009901
20
81.188119
10
299.009901
20
80.693069
10
298.514851
20
80.693069
10
298.019802
20
80.198020
10
296.534653
20
80.198020
10
296.039604
20
79.702970
10
296.039604
20
79.207921
10
295.544554
20
79.207921
10
295.049505
20
78.712871
10
294.554455
20
78.712871
10
294.059406
20
78.217822
10
293.564356
20
78.217822
10
293.069307
20
77.722772
10
292.574257
20
77.722772
10
292.079208
20
77.227723
10
292.079208
20
76.732673
10
291.584158
20
76.237624
10
291.584158
20
75.247525
10
290.099010
20
75.247525
10
290.099010
20
74.752475
10
289.603960
20
74.752475
10
288.613861
20
73.762376
10
288.613861
20
73.267327
10
286.633663
20
73.267327
10
286.138614
20
72.772277
10
285.643564
20
72.772277
10
285.643564
20
72.277228
10
285.148515
20
72.277228
10
285.148515
20
71.287129
10
284.653465
20
71.287129
10
284.653465
20
70.792079
10
284.158416
20
70.792079
10
283.663366
20
70.297030
10
283.663366
20
69.801980
10
283.168317
20
69.306931
10
283.168317
20
68.811881
10
282.673267
20
68.316832
10
282.673267
20
67.326733
10
283.168317
20
66.831683
10
283.168317
20
66.336634
10
282.673267
20
66.336634
10
282.178218
20
65.841584
10
281.683168
20
65.841584
10
281.683168
20
64.356436
10
281.188119
20
64.356436
10
281.188119
20
63.861386
10
280.693069
20
63.861386
10
280.693069
20
63.366337
10
280.198020
20
62.871287
10
280.198020
20
62.376238
10
279.702970
20
62.376238
10
279.702970
20
61.881188
10
279.207921
20
61.881188
10
279.207921
20
61.386139
10
278.712871
20
61.386139
10
276.732673
20
59.405941
10
276.732673
20
58.910891
10
276.237624
20
58.910891
10
276.237624
20
58.415842
10
275.742574
20
57.920792
10
275.742574
20
56.930693
10
275.247525
20
56.435644
10
274.752475
20
56.435644
10
274.752475
20
56.930693
10
274.257426
20
56.930693
10
273.762376
20
57.425743
10
273.267327
20
57.425743
10
273.267327
20
57.920792
10
272.772277
20
57.920792
10
272.277228
20
58.415842
10
271.287129
20
58.415842
10
270.792079
20
58.910891
10
269.801980
20
58.910891
10
269.801980
20
59.900990
10
269.306931
20
59.900990
10
269.306931
20
60.891089
10
269.801980
20
61.386139
10
269.801980
20
61.881188
10
270.297030
20
62.376238
10
270.297030
20
63.861386
10
269.801980
20
64.356436
10
269.801980
20
65.346535
10
269.306931
20
65.346535
10
269.306931
20
65.841584
10
266.336634
20
65.841584
10
266.336634
20
66.831683
10
265.841584
20
67.326733
10
265.841584
20
68.811881
10
265.346535
20
69.306931
10
265.346535
20
69.801980
10
264.851485
20
69.801980
10
264.851485
20
70.297030
10
264.356436
20
70.297030
10
262.871287
20
71.782178
10
262.871287
20
72.277228
10
262.376238
20
72.277228
10
262.376238
20
72.772277
10
261.881188
20
72.772277
10
261.881188
20
73.267327
10
260.891089
20
74.257426
10
260.891089
20
74.752475
10
260.396040
20
75.247525
10
260.396040
20
75.742574
10
259.900990
20
76.237624
10
259.900990
20
76.732673
0
LWPOLYLINE
8
RIVERS
90
20
70
0
10
63.861386
20
110.396040
10
64.851485
20
110.396040
10
64.851485
20
109.900990
10
65.346535
20
109.900990
10
65.346535
20
109.405941
10
65.841584
20
109.405941
10
65.841584
20
108.415842
10
66.336634
20
107.920792
10
66.336634
20
104.950495
10
66.831683
20
104.455446
10
66.831683
20
103.960396
10
66.336634
20
103.465347
10
66.336634
20
102.970297
10
65.841584
20
102.475248
10
65.346535
20
102.475248
10
65.346535
20
101.980198
10
64.851485
20
101.980198
10
64.851485
20
99.009901
10
64.356436
20
99.009901
10
64.356436
20
100.495050
0
LWPOLYLINE
8
RIVERS
90
6
70
0
10
21.782178
20
109.405941
10
21.782178
20
105.940594
10
22.277228
20
105.940594
10
22.277228
20
104.950495
10
21.782178
20
104.950495
10
21.782178
20
105.445545
0
LWPOLYLINE
8
RIVERS
90
55
70
0
10
242.079208
20
109.405941
10
242.079208
20
106.930693
10
242.574257
20
106.930693
10
242.574257
20
106.435644
10
243.069307
20
106.435644
10
243.564356
20
105.940594
10
244.059406
20
105.940594
10
244.059406
20
105.445545
10
244.554455
20
104.950495
10
244.554455
20
104.455446
10
246.039604
20
102.970297
10
247.029703
20
102.970297
10
247.029703
20
102.475248
10
248.514851
20
102.475248
10
249.009901
20
101.980198
10
249.504950
20
101.980198
10
250.000000
20
101.485149
10
250.495050
20
101.485149
10
250.990099
20
100.990099
10
251.485149
20
100.990099
10
251.980198
20
100.495050
10
252.475248
20
100.495050
10
252.475248
20
100.000000
10
252.970297
20
100.000000
10
253.465347
20
99.504950
10
253.960396
20
99.504950
10
254.455446
20
99.009901
10
254.950495
20
99.009901
10
254.950495
20
98.514851
10
255.445545
20
98.019802
10
255.445545
20
97.524752
10
255.940594
20
97.029703
10
256.435644
20
97.029703
10
256.930693
20
96.534653
10
257.425743
20
96.534653
10
258.910891
20
95.049505
10
258.910891
20
94.554455
10
259.405941
20
94.554455
10
259.405941
20
94.059406
10
259.900990
20
93.564356
10
259.900990
20
91.089109
10
260.396040
20
90.594059
10
260.396040
20
90.099010
10
260.891089
20
90.099010
10
260.891089
20
89.603960
10
261.386139
20
89.108911
10
261.386139
20
86.138614
10
260.891089
20
85.643564
10
260.891089
20
84.158416
10
260.396040
20
83.663366
10
260.396040
20
82.178218
10
259.900990
20
81.683168
10
259.900990
20
80.198020
10
259.405941
20
79.702970
10
259.405941
20
77.722772
0
LWPOLYLINE
8
RIVERS
90
106
70
0
10
210.396040
20
106.930693
10
210.891089
20
106.930693
10
210.396040
20
106.435644
10
208.910891
20
106.435644
10
208.910891
20
104.455446
10
209.405941
20
104.455446
10
208.910891
20
103.960396
10
208.910891
20
102.970297
10
208.415842
20
102.970297
10
208.415842
20
102.475248
10
207.920792
20
102.475248
10
207.920792
20
100.000000
10
207.425743
20
99.504950
10
207.425743
20
98.019802
10
206.930693
20
98.019802
10
204.950495
20
96.039604
10
204.950495
20
95.544554
10
204.455446
20
95.049505
10
204.455446
20
94.554455
10
203.960396
20
94.059406
10
203.960396
20
93.564356
10
203.465347
20
93.564356
10
203.465347
20
90.099010
10
202.970297
20
90.099010
10
202.970297
20
87.128713
10
203.465347
20
86.633663
10
203.465347
20
85.643564
10
203.960396
20
85.643564
10
203.960396
20
83.663366
10
204.455446
20
83.663366
10
204.455446
20
82.178218
10
204.950495
20
82.178218
10
204.950495
20
81.188119
10
204.455446
20
80.693069
10
204.455446
20
79.207921
10
203.960396
20
79.207921
10
203.960396
20
78.712871
10
203.465347
20
78.712871
10
203.465347
20
77.722772
10
203.960396
20
77.722772
10
203.465347
20
77.227723
10
203.465347
20
75.742574
10
202.970297
20
75.742574
10
202.970297
20
75.247525
10
202.475248
20
75.247525
10
202.475248
20
74.752475
10
201.980198
20
74.257426
10
201.980198
20
73.762376
10
202.475248
20
73.267327
10
202.475248
20
72.277228
10
202.970297
20
71.782178
10
202.970297
20
70.792079
10
202.475248
20
70.297030
10
202.475248
20
69.801980
10
201.980198
20
69.801980
10
201.980198
20
69.306931
10
200.990099
20
68.316832
10
200.990099
20
67.326733
10
200.495050
20
66.831683
10
200.495050
20
66.336634
10
200.000000
20
66.336634
10
200.000000
20
65.841584
10
199.009901
20
65.841584
10
199.009901
20
65.346535
10
198.019802
20
65.346535
10
198.019802
20
64.851485
10
197.524752
20
64.356436
10
197.524752
20
63.861386
10
197.029703
20
63.366337
10
197.029703
20
62.871287
10
196.534653
20
62.871287
10
196.534653
20
62.376238
10
196.039604
20
62.376238
10
196.039604
20
61.881188
10
195.544554
20
61.881188
10
194.554455
20
60.891089
10
194.059406
20
60.891089
10
194.059406
20
59.900990
10
192.574257
20
58.415842
10
192.574257
20
57.920792
10
192.079208
20
57.425743
10
192.079208
20
56.930693
10
191.584158
20
56.435644
10
191.584158
20
55.940594
10
191.089109
20
55.445545
10
191.089109
20
54.950495
10
190.594059
20
54.950495
10
190.594059
20
53.960396
10
190.099010
20
53.960396
10
190.099010
20
52.970297
10
189.603960
20
52.970297
10
189.603960
20
51.980198
10
189.108911
20
51.980198
10
189.108911
20
50.990099
10
188.613861
20
50.990099
10
188.613861
20
50.495050
10
188.118812
20
50.000000
10
188.118812
20
47.029703
10
187.623762
20
46.534653
10
187.623762
20
45.049505
10
187.128713
20
45.049505
10
187.128713
20
44.554455
10
186.633663
20
44.059406
10
186.633663
20
43.069307
10
186.138614
20
43.069307
10
186.138614
20
43.564356
0
LWPOLYLINE
8
RIVERS
90
4
70
0
10
51.485149
20
104.950495
10
51.485149
20
109.405941
10
50.990099
20
109.900990
10
50.990099
20
110.891089
0
LWPOLYLINE
8
RIVERS
90
62
70
0
10
50.990099
20
104.455446
10
51.485149
20
104.455446
10
50.990099
20
103.960396
10
50.990099
20
103.465347
10
51.485149
20
102.970297
10
51.485149
20
102.475248
10
50.990099
20
102.475248
10
50.990099
20
101.980198
10
50.495050
20
101.485149
10
50.495050
20
100.000000
10
50.000000
20
99.504950
10
50.000000
20
98.514851
10
49.504950
20
98.514851
10
49.504950
20
97.524752
10
49.009901
20
97.524752
10
49.009901
20
96.534653
10
48.514851
20
96.534653
10
48.514851
20
95.049505
10
47.524752
20
94.059406
10
47.524752
20
91.584158
10
48.019802
20
91.584158
10
48.019802
20
91.089109
10
48.514851
20
91.089109
10
48.514851
20
90.099010
10
49.009901
20
89.603960
10
49.009901
20
89.108911
10
49.504950
20
89.108911
10
49.504950
20
87.623762
10
50.000000
20
87.128713
10
50.000000
20
85.148515
10
50.495050
20
85.148515
10
50.495050
20
84.653465
10
50.990099
20
84.158416
10
50.990099
20
83.663366
10
51.485149
20
83.663366
10
51.485149
20
83.168317
10
51.980198
20
82.673267
10
51.980198
20
82.178218
10
52.475248
20
82.178218
10
52.475248
20
81.188119
10
52.970297
20
81.188119
10
52.970297
20
80.198020
10
53.960396
20
80.198020
10
53.960396
20
81.188119
10
54.455446
20
81.683168
10
54.455446
20
82.673267
10
55.445545
20
82.673267
10
55.445545
20
83.663366
10
55.940594
20
83.663366
10
55.940594
20
84.653465
10
55.445545
20
85.148515
10
55.445545
20
85.643564
10
55.940594
20
86.138614
10
55.940594
20
86.633663
10
56.435644
20
86.633663
10
56.435644
20
87.623762
10
57.425743
20
87.623762
10
57.425743
20
88.613861
10
57.920792
20
88.613861
10
57.920792
20
89.108911
10
58.415842
20
89.108911
10
58.415842
20
88.613861
0
LWPOLYLINE
8
RIVERS
90
83
70
0
10
100.990099
20
101.485149
10
100.495050
20
101.485149
10
100.000000
20
100.990099
10
99.504950
20
100.990099
10
99.009901
20
101.485149
10
96.534653
20
101.485149
10
96.039604
20
100.990099
10
95.544554
20
100.990099
10
95.544554
20
100.495050
10
94.554455
20
100.495050
10
94.554455
20
99.009901
10
94.059406
20
99.009901
10
94.059406
20
98.514851
10
93.564356
20
98.514851
10
93.564356
20
97.524752
10
93.069307
20
97.524752
10
93.069307
20
96.534653
10
92.574257
20
96.039604
10
92.574257
20
95.544554
10
92.079208
20
95.049505
10
92.079208
20
94.554455
10
91.584158
20
94.554455
10
91.584158
20
91.584158
10
90.594059
20
90.594059
10
90.594059
20
89.603960
10
90.099010
20
89.603960
10
90.099010
20
89.108911
10
89.603960
20
89.108911
10
89.108911
20
88.613861
10
89.108911
20
87.623762
10
88.613861
20
87.623762
10
88.613861
20
87.128713
10
88.118812
20
87.128713
10
88.118812
20
86.633663
10
87.623762
20
86.138614
10
87.623762
20
85.148515
10
87.128713
20
85.148515
10
87.128713
20
84.653465
10
86.633663
20
84.653465
10
86.138614
20
84.158416
10
85.643564
20
84.158416
10
85.643564
20
83.168317
10
85.148515
20
82.673267
10
85.148515
20
82.178218
10
84.653465
20
82.178218
10
84.653465
20
81.683168
10
84.158416
20
81.683168
10
84.158416
20
81.188119
10
83.663366
20
81.188119
10
83.663366
20
80.693069
10
83.168317
20
80.693069
10
83.168317
20
80.198020
10
82.673267
20
80.198020
10
82.673267
20
78.712871
10
82.178218
20
78.217822
10
82.178218
20
76.732673
10
82.673267
20
76.732673
10
82.673267
20
74.257426
10
82.178218
20
73.762376
10
82.673267
20
73.267327
10
82.673267
20
72.772277
10
82.178218
20
72.277228
10
82.178218
20
67.326733
10
81.683168
20
66.831683
10
81.683168
20
65.346535
10
80.693069
20
65.346535
10
80.693069
20
64.851485
10
80.198020
20
64.356436
10
80.198020
20
63.861386
10
80.693069
20
63.366337
10
80.693069
20
61.881188
10
81.188119
20
61.881188
10
81.188119
20
60.891089
10
80.693069
20
60.891089
10
80.693069
20
60.396040
10
80.198020
20
60.396040
10
80.198020
20
59.900990
10
79.702970
20
59.900990
10
79.207921
20
59.405941
10
79.207921
20
57.920792
10
79.702970
20
57.425743
10
79.702970
20
56.930693
10
80.693069
20
55.940594
0
LWPOLYLINE
8
RIVERS
90
28
70
0
10
235.148515
20
100.000000
10
235.643564
20
99.504950
10
235.643564
20
99.009901
10
236.138614
20
98.514851
10
236.138614
20
96.534653
10
236.633663
20
96.039604
10
236.633663
20
95.544554
10
237.128713
20
95.049505
10
237.128713
20
91.584158
10
238.118812
20
90.594059
10
238.118812
20
89.603960
10
238.613861
20
89.603960
10
238.613861
20
84.653465
10
238.118812
20
84.653465
10
238.118812
20
84.158416
10
237.623762
20
83.663366
10
237.623762
20
82.673267
10
237.128713
20
82.673267
10
237.128713
20
82.178218
10
236.633663
20
82.178218
10
236.633663
20
81.683168
10
236.138614
20
81.683168
10
236.138614
20
80.693069
10
235.643564
20
80.693069
10
235.643564
20
80.198020
10
235.148515
20
80.198020
10
235.148515
20
80.693069
10
234.653465
20
80.693069
0
LWPOLYLINE
8
RIVERS
90
4
70
0
10
18.811881
20
99.009901
10
18.811881
20
100.000000
10
20.792079
20
101.980198
10
20.792079
20
103.465347
0
LWPOLYLINE
8
RIVERS
90
53
70
0
10
18.316832
20
98.514851
10
18.811881
20
98.514851
10
18.316832
20
98.019802
10
18.316832
20
97.524752
10
17.821782
20
97.524752
10
17.821782
20
97.029703
10
17.326733
20
97.029703
10
17.326733
20
96.534653
10
16.831683
20
96.534653
10
16.831683
20
95.544554
10
16.336634
20
95.049505
10
15.841584
20
95.049505
10
15.841584
20
94.059406
10
14.851485
20
94.059406
10
14.851485
20
93.564356
10
14.356436
20
94.059406
10
12.871287
20
94.059406
10
11.881188
20
93.069307
10
11.386139
20
93.069307
10
10.396040
20
92.079208
10
10.396040
20
91.584158
10
10.891089
20
91.584158
10
9.900990
20
90.594059
10
9.900990
20
90.099010
10
9.405941
20
90.099010
10
9.405941
20
89.603960
10
8.910891
20
89.108911
10
8.910891
20
87.623762
10
7.920792
20
87.623762
10
7.920792
20
88.118812
10
7.425743
20
87.623762
10
7.425743
20
87.128713
10
6.930693
20
87.128713
10
6.930693
20
86.633663
10
5.445545
20
86.633663
10
5.445545
20
86.138614
10
4.950495
20
86.138614
10
4.950495
20
84.158416
10
4.455446
20
83.663366
10
3.960396
20
83.663366
10
3.960396
20
83.168317
10
3.465347
20
82.673267
10
3.465347
20
82.178218
10
2.970297
20
82.178218
10
2.970297
20
81.683168
10
1.980198
20
81.683168
10
1.980198
20
80.198020
10
0.990099
20
80.198020
10
0.990099
20
81.188119
10
0.495050
20
81.683168
10
0.495050
20
82.178218
10
0.000000
20
82.178218
10
0.000000
20
82.673267
0
LWPOLYLINE
8
RIVERS
90
13
70
0
10
64.356436
20
98.514851
10
64.356436
20
98.019802
10
63.861386
20
97.524752
10
63.861386
20
97.029703
10
63.366337
20
96.534653
10
63.366337
20
93.069307
10
62.871287
20
93.069307
10
62.376238
20
92.574257
10
62.376238
20
92.079208
10
61.881188
20
92.079208
10
61.881188
20
91.089109
10
61.386139
20
91.089109
10
61.386139
20
91.584158
0
LWPOLYLINE
8
RIVERS
90
10
70
0
10
32.673267
20
97.524752
10
32.673267
20
97.029703
10
33.168317
20
97.029703
10
33.663366
20
96.534653
10
34.653465
20
96.534653
10
35.148515
20
96.039604
10
35.643564
20
96.039604
10
35.643564
20
95.544554
10
36.138614
20
95.049505
10
36.138614
20
94.554455
0
LWPOLYLINE
8
RIVERS
90
21
70
0
10
107.920792
20
92.079208
10
108.415842
20
92.079208
10
107.920792
20
91.584158
10
106.930693
20
91.584158
10
106.930693
20
91.089109
10
106.435644
20
91.089109
10
106.435644
20
90.099010
10
106.930693
20
89.603960
10
106.930693
20
88.613861
10
107.425743
20
88.118812
10
107.425743
20
85.643564
10
107.920792
20
85.148515
10
107.920792
20
83.168317
10
107.425743
20
82.673267
10
107.425743
20
82.178218
10
106.930693
20
81.683168
10
106.930693
20
80.693069
10
106.435644
20
80.198020
10
106.435644
20
79.702970
10
105.940594
20
79.207921
10
105.940594
20
78.712871
0
LWPOLYLINE
8
RIVERS
90
114
70
0
10
36.633663
20
89.108911
10
36.633663
20
86.138614
10
37.128713
20
86.138614
10
37.128713
20
84.653465
10
36.633663
20
84.158416
10
36.633663
20
83.168317
10
36.138614
20
82.673267
10
36.138614
20
81.683168
10
35.643564
20
81.683168
10
35.643564
20
79.702970
10
36.138614
20
79.702970
10
36.138614
20
77.722772
10
35.643564
20
77.227723
10
35.643564
20
76.732673
10
35.148515
20
76.732673
10
35.148515
20
75.742574
10
35.643564
20
75.742574
10
35.148515
20
75.247525
10
35.148515
20
73.762376
10
34.653465
20
73.762376
10
34.653465
20
72.772277
10
34.158416
20
72.772277
10
34.158416
20
72.277228
10
33.168317
20
71.287129
10
33.168317
20
70.792079
10
32.673267
20
70.297030
10
32.673267
20
67.821782
10
32.178218
20
67.821782
10
32.178218
20
66.831683
10
31.683168
20
66.831683
10
31.683168
20
64.851485
10
32.178218
20
64.356436
10
32.178218
20
60.891089
10
31.683168
20
60.891089
10
31.683168
20
59.405941
10
31.188119
20
59.405941
10
31.188119
20
58.910891
10
30.693069
20
58.910891
10
30.693069
20
58.415842
10
30.198020
20
58.415842
10
30.198020
20
57.920792
10
29.207921
20
56.930693
10
28.712871
20
56.930693
10
28.712871
20
56.435644
10
27.722772
20
56.435644
10
27.722772
20
55.940594
10
27.227723
20
55.445545
10
26.237624
20
55.445545
10
26.237624
20
54.950495
10
25.742574
20
54.950495
10
25.742574
20
54.455446
10
25.247525
20
54.455446
10
24.752475
20
53.960396
10
24.257426
20
53.960396
10
24.257426
20
53.465347
10
22.277228
20
53.465347
10
22.277228
20
53.960396
10
20.792079
20
53.960396
10
20.792079
20
54.455446
10
19.801980
20
54.455446
10
19.801980
20
53.960396
10
18.811881
20
53.960396
10
18.811881
20
53.465347
10
18.316832
20
53.465347
10
18.316832
20
52.970297
10
17.821782
20
52.970297
10
17.326733
20
52.475248
10
17.326733
20
51.980198
10
15.841584
20
51.980198
10
15.841584
20
51.485149
10
13.861386
20
51.485149
10
13.861386
20
50.990099
10
13.366337
20
50.990099
10
13.366337
20
50.495050
10
12.871287
20
50.495050
10
12.871287
20
49.504950
10
12.376238
20
49.504950
10
12.376238
20
48.514851
10
11.881188
20
48.514851
10
11.881188
20
48.019802
10
11.386139
20
48.019802
10
10.891089
20
47.524752
10
10.891089
20
47.029703
10
11.386139
20
46.534653
10
11.386139
20
46.039604
10
10.891089
20
46.039604
10
10.891089
20
45.544554
10
10.396040
20
45.049505
10
10.396040
20
44.554455
10
9.405941
20
43.564356
10
8.910891
20
43.564356
10
7.920792
20
42.574257
10
7.425743
20
42.574257
10
7.425743
20
42.079208
10
6.930693
20
42.079208
10
6.930693
20
41.584158
10
6.435644
20
41.089109
10
6.435644
20
40.594059
10
5.940594
20
40.099010
10
5.445545
20
40.099010
10
5.445545
20
39.603960
10
4.950495
20
39.603960
10
4.455446
20
39.108911
10
4.455446
20
38.613861
10
3.960396
20
38.613861
10
3.465347
20
38.118812
10
2.970297
20
38.118812
10
2.970297
20
37.623762
10
2.475248
20
37.623762
10
2.475248
20
37.128713
10
0.990099
20
37.128713
10
0.495050
20
37.623762
10
0.000000
20
37.128713
10
0.000000
20
36.633663
0
LWPOLYLINE
8
RIVERS
90
44
70
0
10
242.079208
20
80.198020
10
242.079208
20
79.702970
10
242.574257
20
79.702970
10
242.574257
20
78.712871
10
243.069307
20
78.712871
10
243.069307
20
77.722772
10
243.564356
20
77.722772
10
243.564356
20
76.732673
10
244.059406
20
76.237624
10
245.544554
20
76.237624
10
246.039604
20
75.742574
10
246.039604
20
75.247525
10
246.534653
20
74.752475
10
250.000000
20
74.752475
10
250.495050
20
74.257426
10
250.990099
20
74.257426
10
250.990099
20
73.762376
10
253.465347
20
73.762376
10
253.960396
20
73.267327
10
253.960396
20
72.772277
10
254.950495
20
71.782178
10
255.445545
20
71.782178
10
255.445545
20
71.287129
10
255.940594
20
71.287129
10
256.435644
20
70.792079
10
256.930693
20
70.792079
10
257.425743
20
70.297030
10
258.910891
20
70.297030
10
260.396040
20
68.811881
10
260.891089
20
68.811881
10
261.386139
20
68.316832
10
261.881188
20
68.316832
10
261.881188
20
66.831683
10
262.376238
20
66.831683
10
262.376238
20
64.851485
10
263.366337
20
63.861386
10
263.366337
20
62.376238
10
263.861386
20
61.881188
10
264.356436
20
61.881188
10
264.851485
20
61.386139
10
264.851485
20
60.891089
10
265.841584
20
60.891089
10
265.841584
20
59.900990
10
268.811881
20
59.900990
0
LWPOLYLINE
8
RIVERS
90
34
70
0
10
0.990099
20
79.702970
10
0.990099
20
79.207921
10
1.485149
20
79.207921
10
1.485149
20
78.217822
10
1.980198
20
78.217822
10
1.485149
20
77.722772
10
1.485149
20
74.257426
10
1.980198
20
74.257426
10
1.485149
20
73.762376
10
1.485149
20
73.267327
10
1.980198
20
72.772277
10
1.980198
20
72.277228
10
2.475248
20
72.277228
10
2.475248
20
71.287129
10
3.465347
20
71.287129
10
3.465347
20
70.792079
10
3.960396
20
70.792079
10
3.960396
20
69.801980
10
4.455446
20
69.801980
10
4.455446
20
68.316832
10
4.950495
20
68.316832
10
4.950495
20
67.821782
10
6.435644
20
67.821782
10
6.435644
20
68.811881
10
6.930693
20
68.811881
10
6.930693
20
69.801980
10
7.920792
20
69.801980
10
8.415842
20
70.297030
10
8.415842
20
70.792079
10
9.405941
20
70.792079
10
9.900990
20
71.287129
10
11.386139
20
71.287129
10
11.386139
20
70.792079
10
11.881188
20
70.297030
0
LWPOLYLINE
8
RIVERS
90
18
70
0
10
235.148515
20
79.702970
10
234.653465
20
79.207921
10
233.168317
20
79.207921
10
233.168317
20
78.712871
10
232.178218
20
78.712871
10
232.178218
20
78.217822
10
231.188119
20
78.217822
10
231.188119
20
77.722772
10
230.693069
20
77.722772
10
229.702970
20
76.732673
10
228.712871
20
76.732673
10
228.712871
20
76.237624
10
228.217822
20
75.742574
10
228.217822
20
75.247525
10
227.722772
20
74.752475
10
227.722772
20
72.772277
10
227.227723
20
72.277228
10
227.227723
20
71.782178
0
LWPOLYLINE
8
RIVERS
90
11
70
0
10
241.089109
20
79.702970
10
241.584158
20
79.702970
10
241.089109
20
79.207921
10
240.594059
20
79.207921
10
240.099010
20
78.712871
10
240.099010
20
77.722772
10
239.603960
20
77.227723
10
239.108911
20
77.227723
10
239.108911
20
76.732673
10
238.613861
20
76.732673
10
238.613861
20
77.227723
0
LWPOLYLINE
8
RIVERS
90
97
70
0
10
64.851485
20
77.722772
10
64.356436
20
77.227723
10
64.356436
20
74.257426
10
63.861386
20
73.762376
10
63.861386
20
72.277228
10
63.366337
20
71.782178
10
63.366337
20
70.792079
10
63.861386
20
70.297030
10
63.366337
20
69.801980
10
63.366337
20
61.881188
10
63.861386
20
61.386139
10
63.861386
20
60.891089
10
64.356436
20
60.891089
10
64.356436
20
60.396040
10
64.851485
20
59.900990
10
65.346535
20
59.900990
10
65.346535
20
59.405941
10
65.841584
20
59.405941
10
65.841584
20
58.910891
10
66.831683
20
58.910891
10
68.316832
20
57.425743
10
68.316832
20
56.930693
10
68.811881
20
56.435644
10
68.811881
20
55.445545
10
69.306931
20
55.445545
10
68.811881
20
54.950495
10
68.811881
20
53.960396
10
69.306931
20
53.960396
10
69.306931
20
52.475248
10
69.801980
20
52.475248
10
69.801980
20
51.485149
10
69.306931
20
50.990099
10
69.306931
20
50.495050
10
68.811881
20
50.495050
10
68.811881
20
49.009901
10
68.316832
20
49.009901
10
68.316832
20
48.514851
10
67.821782
20
48.019802
10
67.821782
20
47.029703
10
66.336634
20
45.544554
10
66.336634
20
44.554455
10
65.346535
20
43.564356
10
65.346535
20
43.069307
10
64.851485
20
43.069307
10
64.356436
20
42.574257
10
64.356436
20
42.079208
10
63.861386
20
42.079208
10
63.366337
20
41.584158
10
62.376238
20
41.584158
10
61.881188
20
41.089109
10
61.881188
20
39.603960
10
61.386139
20
39.603960
10
61.386139
20
38.613861
10
61.881188
20
38.613861
10
61.386139
20
38.118812
10
61.386139
20
37.623762
10
61.881188
20
37.623762
10
61.386139
20
37.128713
10
61.386139
20
36.633663
10
61.881188
20
36.138614
10
61.881188
20
34.158416
10
62.376238
20
34.158416
10
62.376238
20
33.663366
10
62.871287
20
33.663366
10
62.871287
20
33.168317
10
62.376238
20
33.168317
10
62.376238
20
32.178218
10
61.881188
20
32.178218
10
61.881188
20
31.188119
10
62.376238
20
31.188119
10
61.881188
20
30.693069
10
61.881188
20
30.198020
10
63.366337
20
30.198020
10
63.861386
20
29.702970
10
65.841584
20
29.702970
10
66.336634
20
30.198020
10
67.326733
20
30.198020
10
67.821782
20
29.702970
10
68.316832
20
29.702970
10
68.316832
20
29.207921
10
69.306931
20
29.207921
10
69.306931
20
28.712871
10
69.801980
20
28.712871
10
70.297030
20
28.217822
10
72.772277
20
28.217822
10
72.772277
20
25.742574
10
72.277228
20
25.247525
10
72.277228
20
24.752475
10
72.772277
20
24.752475
10
72.772277
20
24.257426
10
73.762376
20
23.267327
10
73.762376
20
22.772277
10
74.257426
20
22.772277
10
74.257426
20
22.277228
10
76.237624
20
22.277228
10
76.237624
20
21.782178
10
76.732673
20
21.782178
0
LWPOLYLINE
8
RIVERS
90
17
70
0
10
138.613861
20
77.722772
10
139.603960
20
77.722772
10
140.099010
20
78.217822
10
140.594059
20
77.722772
10
141.089109
20
77.722772
10
141.089109
20
77.227723
10
141.584158
20
77.227723
10
142.079208
20
76.732673
10
142.574257
20
76.732673
10
142.574257
20
76.237624
10
143.069307
20
76.237624
10
143.564356
20
75.742574
10
145.544554
20
75.742574
10
146.039604
20
75.247525
10
148.019802
20
75.247525
10
148.514851
20
74.752475
10
149.504950
20
74.752475
0
LWPOLYLINE
8
RIVERS
90
37
70
0
10
139.108911
20
77.227723
10
139.108911
20
76.237624
10
138.613861
20
75.742574
10
138.613861
20
74.257426
10
138.118812
20
73.762376
10
138.118812
20
72.772277
10
137.623762
20
72.772277
10
137.623762
20
72.277228
10
137.128713
20
72.277228
10
137.128713
20
71.782178
10
136.633663
20
71.782178
10
136.633663
20
71.287129
10
136.138614
20
71.287129
10
136.138614
20
70.792079
10
135.643564
20
70.297030
10
135.643564
20
69.801980
10
135.148515
20
69.306931
10
135.148515
20
68.811881
10
134.653465
20
68.811881
10
134.653465
20
68.316832
10
134.158416
20
67.821782
10
134.158416
20
67.326733
10
133.663366
20
66.831683
10
133.663366
20
66.336634
10
133.168317
20
66.336634
10
133.168317
20
64.356436
10
133.663366
20
64.356436
10
133.663366
20
63.366337
10
134.158416
20
63.366337
10
134.158416
20
62.376238
10
134.653465
20
61.881188
10
134.653465
20
59.900990
10
134.158416
20
59.900990
10
134.158416
20
59.405941
10
133.663366
20
59.405941
10
133.168317
20
58.910891
10
132.673267
20
58.910891
0
LWPOLYLINE
8
RIVERS
90
23
70
0
10
238.613861
20
76.237624
10
238.118812
20
75.742574
10
238.118812
20
75.247525
10
237.623762
20
75.247525
10
237.623762
20
74.752475
10
237.128713
20
74.752475
10
237.128713
20
72.772277
10
236.633663
20
72.277228
10
236.138614
20
72.277228
10
236.138614
20
70.297030
10
236.633663
20
70.297030
10
236.633663
20
67.821782
10
236.138614
20
67.326733
10
235.643564
20
67.326733
10
235.148515
20
66.831683
10
235.148515
20
66.336634
10
234.653465
20
66.336634
10
234.653465
20
65.841584
10
234.158416
20
65.841584
10
234.158416
20
65.346535
10
233.663366
20
65.346535
10
233.168317
20
64.851485
10
232.673267
20
64.851485
0
LWPOLYLINE
8
RIVERS
90
38
70
0
10
131.188119
20
75.742574
10
131.188119
20
75.247525
10
130.693069
20
75.247525
10
130.693069
20
74.752475
10
130.198020
20
74.257426
10
129.702970
20
74.257426
10
128.712871
20
73.267327
10
128.217822
20
73.267327
10
128.217822
20
72.772277
10
127.722772
20
72.772277
10
127.722772
20
72.277228
10
127.227723
20
72.277228
10
127.227723
20
71.782178
10
126.732673
20
71.287129
10
126.732673
20
70.792079
10
126.237624
20
70.297030
10
126.237624
20
68.811881
10
125.742574
20
68.316832
10
125.742574
20
67.821782
10
125.247525
20
67.821782
10
125.247525
20
67.326733
10
124.752475
20
67.326733
10
124.752475
20
65.841584
10
124.257426
20
65.841584
10
123.762376
20
65.346535
10
122.772277
20
65.346535
10
122.277228
20
64.851485
10
121.782178
20
64.851485
10
121.782178
20
65.346535
10
120.792079
20
65.346535
10
120.297030
20
64.851485
10
119.801980
20
64.851485
10
119.306931
20
65.346535
10
118.811881
20
65.346535
10
118.811881
20
65.841584
10
117.326733
20
64.356436
10
116.336634
20
64.356436
10
116.336634
20
64.851485
0
LWPOLYLINE
8
RIVERS
90
10
70
0
10
246.534653
20
73.762376
10
246.039604
20
73.762376
10
246.039604
20
72.772277
10
245.544554
20
72.772277
10
245.049505
20
72.277228
10
244.554455
20
72.277228
10
244.554455
20
71.287129
10
244.059406
20
70.792079
10
243.069307
20
70.792079
10
243.069307
20
70.297030
0
LWPOLYLINE
8
RIVERS
90
11
70
0
10
235.643564
20
72.277228
10
235.643564
20
71.782178
10
235.148515
20
71.782178
10
235.148515
20
70.792079
10
233.663366
20
69.306931
10
233.168317
20
69.306931
10
232.673267
20
68.811881
10
232.178218
20
68.811881
10
231.683168
20
68.316832
10
229.207921
20
68.316832
10
229.207921
20
67.821782
0
LWPOLYLINE
8
RIVERS
90
35
70
0
10
241.584158
20
66.831683
10
241.584158
20
65.841584
10
241.089109
20
65.346535
10
241.089109
20
64.356436
10
240.594059
20
63.861386
10
241.089109
20
63.366337
10
241.089109
20
62.376238
10
240.594059
20
62.376238
10
240.594059
20
59.900990
10
240.099010
20
59.405941
10
240.099010
20
58.415842
10
239.603960
20
58.415842
10
239.603960
20
57.920792
10
239.108911
20
57.425743
10
238.613861
20
57.425743
10
238.118812
20
56.930693
10
236.633663
20
56.930693
10
236.633663
20
56.435644
10
236.138614
20
55.940594
10
236.138614
20
55.445545
10
235.643564
20
54.950495
10
235.643564
20
54.455446
10
235.148515
20
54.455446
10
235.148515
20
53.960396
10
234.653465
20
54.455446
10
233.663366
20
54.455446
10
233.663366
20
53.960396
10
233.168317
20
53.960396
10
231.188119
20
51.980198
10
231.188119
20
50.495050
10
230.693069
20
50.495050
10
230.198020
20
50.000000
10
230.198020
20
48.514851
10
230.693069
20
48.514851
10
230.693069
20
48.019802
0
LWPOLYLINE
8
RIVERS
90
30
70
0
10
115.841584
20
63.861386
10
115.841584
20
63.366337
10
115.346535
20
63.366337
10
115.346535
20
62.871287
10
114.356436
20
62.871287
10
114.356436
20
62.376238
10
113.861386
20
62.376238
10
113.366337
20
61.881188
10
112.871287
20
61.881188
10
112.376238
20
61.386139
10
111.881188
20
61.386139
10
111.386139
20
60.891089
10
110.891089
20
60.891089
10
110.396040
20
60.396040
10
109.900990
20
60.396040
10
109.405941
20
59.900990
10
108.910891
20
59.900990
10
108.910891
20
59.405941
10
107.920792
20
59.405941
10
107.920792
20
58.910891
10
106.930693
20
58.910891
10
106.930693
20
58.415842
10
106.435644
20
57.920792
10
105.940594
20
57.920792
10
105.940594
20
57.425743
10
104.455446
20
55.940594
10
104.455446
20
55.445545
10
103.960396
20
55.445545
10
103.960396
20
54.950495
10
103.465347
20
54.455446
0
LWPOLYLINE
8
RIVERS
90
11
70
0
10
101.980198
20
62.871287
10
101.980198
20
62.376238
10
102.475248
20
61.881188
10
102.475248
20
60.891089
10
103.465347
20
60.891089
10
103.960396
20
60.396040
10
104.950495
20
60.396040
10
104.950495
20
59.900990
10
105.940594
20
59.900990
10
105.940594
20
59.405941
10
106.435644
20
59.405941
0
LWPOLYLINE
8
RIVERS
90
71
70
0
10
274.752475
20
55.940594
10
274.752475
20
55.445545
10
274.257426
20
54.950495
10
274.257426
20
54.455446
10
273.762376
20
53.960396
10
273.762376
20
53.465347
10
272.772277
20
52.475248
10
272.772277
20
51.980198
10
272.277228
20
51.980198
10
272.277228
20
51.485149
10
270.792079
20
50.000000
10
270.792079
20
49.504950
10
270.297030
20
49.504950
10
270.297030
20
47.524752
10
269.801980
20
47.029703
10
269.801980
20
46.039604
10
269.306931
20
46.039604
10
269.306931
20
45.049505
10
268.811881
20
44.554455
10
268.811881
20
41.584158
10
268.316832
20
41.584158
10
268.316832
20
41.089109
10
267.821782
20
40.594059
10
267.821782
20
40.099010
10
267.326733
20
40.099010
10
267.326733
20
39.108911
10
266.831683
20
39.108911
10
266.831683
20
38.613861
10
266.336634
20
38.118812
10
266.336634
20
35.643564
10
265.346535
20
34.653465
10
265.346535
20
34.158416
10
264.851485
20
34.158416
10
264.851485
20
33.168317
10
264.356436
20
32.673267
10
264.356436
20
31.683168
10
263.861386
20
31.683168
10
263.861386
20
30.198020
10
263.366337
20
30.198020
10
263.366337
20
29.207921
10
262.871287
20
29.207921
10
262.871287
20
28.712871
10
262.376238
20
28.712871
10
262.376238
20
28.217822
10
261.881188
20
28.217822
10
261.881188
20
27.722772
10
261.386139
20
27.722772
10
261.386139
20
27.227723
10
260.891089
20
26.732673
10
260.396040
20
26.732673
10
260.396040
20
26.237624
10
259.405941
20
26.237624
10
259.405941
20
25.742574
10
258.910891
20
25.742574
10
258.910891
20
24.752475
10
258.415842
20
24.257426
10
258.910891
20
23.762376
10
258.910891
20
23.267327
10
259.405941
20
23.267327
10
259.405941
20
22.772277
10
259.900990
20
22.277228
10
259.900990
20
19.801980
10
260.396040
20
19.801980
10
260.396040
20
18.316832
10
260.891089
20
18.316832
10
260.891089
20
14.356436
10
261.386139
20
13.861386
10
261.386139
20
12.871287
10
261.881188
20
12.376238
10
261.881188
20
9.405941
10
261.386139
20
9.405941
0
LWPOLYLINE
8
RIVERS
90
8
70
0
10
186.138614
20
42.574257
10
185.643564
20
42.079208
10
185.643564
20
41.584158
10
185.148515
20
41.584158
10
185.148515
20
40.594059
10
184.653465
20
40.594059
10
184.653465
20
39.603960
10
185.148515
20
39.603960
0
LWPOLYLINE
8
RIVERS
90
24
70
0
10
56.435644
20
42.079208
10
55.940594
20
41.584158
10
55.940594
20
40.594059
10
55.445545
20
40.594059
10
55.445545
20
40.099010
10
54.455446
20
40.099010
10
54.455446
20
40.594059
10
53.465347
20
40.594059
10
53.465347
20
41.089109
10
52.970297
20
41.089109
10
52.970297
20
40.594059
10
52.475248
20
40.594059
10
52.475248
20
39.108911
10
51.980198
20
39.108911
10
51.980198
20
39.603960
10
51.485149
20
39.108911
10
50.990099
20
39.108911
10
50.990099
20
38.613861
10
50.495050
20
38.613861
10
50.495050
20
37.623762
10
50.000000
20
37.623762
10
50.000000
20
37.128713
10
49.504950
20
37.128713
10
49.504950
20
37.623762
0
LWPOLYLINE
8
RIVERS
90
117
70
0
10
209.900990
20
42.079208
10
210.396040
20
42.079208
10
210.396040
20
41.089109
10
210.891089
20
40.594059
10
211.386139
20
40.594059
10
211.881188
20
40.099010
10
212.376238
20
40.099010
10
212.871287
20
40.594059
10
215.346535
20
40.594059
10
215.346535
20
40.099010
10
215.841584
20
39.603960
10
215.841584
20
39.108911
10
216.336634
20
39.108911
10
216.336634
20
38.613861
10
216.831683
20
38.118812
10
216.831683
20
37.623762
10
217.326733
20
37.623762
10
217.326733
20
37.128713
10
217.821782
20
36.633663
10
217.821782
20
36.138614
10
218.316832
20
36.138614
10
218.316832
20
35.643564
10
218.811881
20
35.148515
10
218.811881
20
34.653465
10
219.801980
20
33.663366
10
219.801980
20
32.178218
10
220.297030
20
32.178218
10
220.297030
20
31.188119
10
220.792079
20
30.693069
10
220.792079
20
30.198020
10
221.287129
20
29.702970
10
221.287129
20
29.207921
10
221.782178
20
29.207921
10
221.782178
20
28.712871
10
222.277228
20
28.217822
10
222.277228
20
27.227723
10
222.772277
20
26.732673
10
222.772277
20
26.237624
10
223.762376
20
25.247525
10
223.762376
20
21.287129
10
223.267327
20
20.792079
10
223.267327
20
19.801980
10
223.762376
20
19.801980
10
223.762376
20
18.811881
10
223.267327
20
18.316832
10
223.267327
20
17.326733
10
223.762376
20
17.326733
10
223.762376
20
15.841584
10
222.772277
20
14.851485
10
221.287129
20
14.851485
10
221.287129
20
12.871287
10
221.782178
20
12.871287
10
222.277228
20
12.376238
10
223.267327
20
12.376238
10
223.762376
20
11.881188
10
223.762376
20
11.386139
10
224.752475
20
11.386139
10
225.742574
20
10.396040
10
225.742574
20
9.900990
10
226.237624
20
9.900990
10
225.742574
20
9.405941
10
225.742574
20
8.910891
10
225.247525
20
8.415842
10
225.247525
20
7.920792
10
224.752475
20
7.425743
10
224.752475
20
5.445545
10
224.257426
20
4.950495
10
224.257426
20
4.455446
10
223.762376
20
4.455446
10
223.267327
20
3.960396
10
222.772277
20
3.960396
10
222.772277
20
3.465347
10
222.277228
20
3.465347
10
222.277228
20
2.970297
10
221.782178
20
2.475248
10
220.297030
20
2.475248
10
220.297030
20
3.960396
10
219.801980
20
3.960396
10
219.801980
20
4.455446
10
218.811881
20
4.455446
10
218.811881
20
4.950495
10
218.316832
20
4.950495
10
218.316832
20
5.445545
10
217.326733
20
5.445545
10
217.326733
20
8.415842
10
217.821782
20
8.415842
10
217.821782
20
13.366337
10
217.326733
20
13.366337
10
217.326733
20
13.861386
10
216.831683
20
13.861386
10
216.831683
20
15.841584
10
217.326733
20
16.336634
10
217.326733
20
17.326733
10
217.821782
20
17.821782
10
217.821782
20
18.811881
10
218.316832
20
19.306931
10
218.316832
20
20.297030
10
218.811881
20
20.792079
10
218.811881
20
22.772277
10
218.316832
20
23.267327
10
218.316832
20
25.742574
10
217.821782
20
25.742574
10
217.821782
20
26.237624
10
217.326733
20
26.237624
10
217.326733
20
26.732673
10
216.831683
20
26.732673
10
216.336634
20
26.237624
10
215.346535
20
26.237624
10
215.346535
20
26.732673
10
213.861386
20
26.732673
10
213.861386
20
27.227723
10
213.366337
20
27.227723
10
212.871287
20
27.722772
10
212.376238
20
27.722772
10
211.881188
20
28.217822
10
211.386139
20
28.217822
10
211.386139
20
28.712871
0
LWPOLYLINE
8
RIVERS
90
68
70
0
10
29.207921
20
40.099010
10
29.207921
20
39.603960
10
28.712871
20
39.108911
10
28.712871
20
38.118812
10
28.217822
20
37.623762
10
28.217822
20
37.128713
10
26.732673
20
35.643564
10
26.732673
20
34.653465
10
25.742574
20
34.653465
10
25.742574
20
33.168317
10
25.247525
20
32.673267
10
24.752475
20
32.673267
10
24.752475
20
32.178218
10
24.257426
20
32.178218
10
23.762376
20
31.683168
10
23.762376
20
31.188119
10
22.772277
20
30.198020
10
21.782178
20
30.198020
10
21.782178
20
29.702970
10
20.792079
20
28.712871
10
20.297030
20
28.712871
10
20.297030
20
28.217822
10
17.821782
20
28.217822
10
16.831683
20
29.207921
10
16.336634
20
29.207921
10
15.841584
20
29.702970
10
15.346535
20
29.207921
10
13.861386
20
29.207921
10
13.861386
20
28.712871
10
13.366337
20
28.217822
10
12.871287
20
28.217822
10
12.376238
20
27.722772
10
11.881188
20
27.722772
10
11.386139
20
27.227723
10
11.386139
20
26.732673
10
10.891089
20
26.237624
10
9.900990
20
26.237624
10
9.900990
20
25.742574
10
8.910891
20
25.742574
10
8.415842
20
25.247525
10
7.920792
20
25.247525
10
6.930693
20
24.257426
10
6.930693
20
23.762376
10
6.435644
20
23.267327
10
6.435644
20
22.772277
10
3.465347
20
19.801980
10
3.465347
20
17.821782
10
3.960396
20
17.821782
10
3.960396
20
17.326733
10
4.455446
20
17.326733
10
3.960396
20
16.831683
10
4.455446
20
16.336634
10
4.950495
20
16.336634
10
4.950495
20
15.841584
10
4.455446
20
15.346535
10
4.455446
20
14.851485
10
3.960396
20
14.356436
10
3.465347
20
14.356436
10
2.970297
20
13.861386
10
2.970297
20
12.871287
10
2.475248
20
12.871287
10
1.980198
20
12.376238
10
1.485149
20
12.376238
10
1.485149
20
12.871287
10
0.990099
20
12.871287
10
0.990099
20
12.376238
10
0.000000
20
12.376238
10
0.000000
20
11.881188
0
LWPOLYLINE
8
RIVERS
90
9
70
0
10
183.663366
20
37.128713
10
183.663366
20
36.633663
10
183.168317
20
36.633663
10
182.673267
20
36.138614
10
182.673267
20
35.148515
10
182.178218
20
35.148515
10
182.178218
20
34.653465
10
181.683168
20
34.158416
10
181.683168
20
33.663366
0
LWPOLYLINE
8
RIVERS
90
28
70
0
10
48.019802
20
35.148515
10
48.019802
20
34.653465
10
47.524752
20
34.653465
10
47.029703
20
34.158416
10
47.029703
20
33.663366
10
46.534653
20
33.168317
10
46.039604
20
33.168317
10
46.039604
20
32.178218
10
45.544554
20
32.178218
10
45.544554
20
31.683168
10
45.049505
20
31.683168
10
45.049505
20
31.188119
10
44.059406
20
31.188119
10
43.564356
20
30.693069
10
43.564356
20
30.198020
10
43.069307
20
30.198020
10
43.069307
20
29.702970
10
42.574257
20
30.198020
10
42.079208
20
29.702970
10
40.594059
20
29.702970
10
40.099010
20
29.207921
10
40.099010
20
28.712871
10
39.603960
20
28.217822
10
39.603960
20
27.722772
10
39.108911
20
27.722772
10
39.108911
20
25.742574
10
38.613861
20
25.742574
10
38.613861
20
26.732673
0
LWPOLYLINE
8
RIVERS
90
83
70
0
10
116.336634
20
31.683168
10
116.831683
20
31.683168
10
117.326733
20
31.188119
10
117.821782
20
31.188119
10
117.821782
20
30.693069
10
118.316832
20
30.693069
10
119.306931
20
29.702970
10
120.792079
20
29.702970
10
120.792079
20
28.712871
10
123.267327
20
28.712871
10
123.267327
20
28.217822
10
124.257426
20
28.217822
10
124.257426
20
27.722772
10
124.752475
20
27.722772
10
124.752475
20
26.732673
10
125.247525
20
26.732673
10
125.247525
20
26.237624
10
125.742574
20
25.742574
10
126.237624
20
25.742574
10
126.237624
20
25.247525
10
126.732673
20
25.247525
10
127.227723
20
24.752475
10
127.227723
20
24.257426
10
127.722772
20
23.762376
10
127.722772
20
22.277228
10
129.702970
20
22.277228
10
130.198020
20
21.782178
10
131.188119
20
21.782178
10
131.188119
20
21.287129
10
132.178218
20
21.287129
10
132.178218
20
20.792079
10
132.673267
20
20.792079
10
133.168317
20
20.297030
10
133.663366
20
20.297030
10
133.663366
20
19.801980
10
134.158416
20
19.801980
10
135.148515
20
18.811881
10
135.643564
20
18.811881
10
135.643564
20
18.316832
10
136.138614
20
18.316832
10
136.633663
20
17.821782
10
139.603960
20
17.821782
10
140.099010
20
18.316832
10
142.574257
20
18.316832
10
142.574257
20
17.821782
10
143.069307
20
17.821782
10
143.069307
20
17.326733
10
143.564356
20
17.326733
10
143.564356
20
16.336634
10
144.554455
20
15.346535
10
144.554455
20
14.851485
10
146.534653
20
14.851485
10
146.534653
20
15.346535
10
148.019802
20
15.346535
10
148.514851
20
14.851485
10
148.514851
20
14.356436
10
149.009901
20
14.356436
10
149.009901
20
13.366337
10
149.504950
20
13.366337
10
149.504950
20
12.376238
10
149.009901
20
12.376238
10
148.019802
20
11.386139
10
148.019802
20
10.891089
10
147.524752
20
10.396040
10
147.524752
20
9.900990
10
148.019802
20
9.900990
10
148.019802
20
8.910891
10
148.514851
20
8.415842
10
148.514851
20
6.435644
10
148.019802
20
5.940594
10
148.514851
20
5.445545
10
148.514851
20
4.950495
10
148.019802
20
4.950495
10
148.019802
20
4.455446
10
147.029703
20
4.455446
10
147.029703
20
3.960396
10
146.534653
20
3.960396
10
146.039604
20
3.465347
10
146.039604
20
2.970297
10
145.544554
20
2.970297
10
145.544554
20
1.485149
10
145.049505
20
1.485149
10
145.049505
20
1.980198
0
LWPOLYLINE
8
RIVERS
90
69
70
0
10
61.881188
20
29.702970
10
61.881188
20
27.722772
10
61.386139
20
27.722772
10
61.386139
20
26.732673
10
60.891089
20
26.732673
10
60.891089
20
25.742574
10
60.396040
20
25.742574
10
60.396040
20
25.247525
10
59.900990
20
25.247525
10
59.900990
20
24.752475
10
59.405941
20
24.752475
10
59.405941
20
24.257426
10
58.415842
20
24.257426
10
57.920792
20
23.762376
10
57.425743
20
23.762376
10
57.425743
20
23.267327
10
56.930693
20
23.267327
10
56.930693
20
22.277228
10
56.435644
20
21.782178
10
56.435644
20
21.287129
10
55.940594
20
21.287129
10
55.940594
20
20.297030
10
54.950495
20
19.306931
10
54.950495
20
18.811881
10
54.455446
20
18.811881
10
54.455446
20
18.316832
10
53.960396
20
18.316832
10
53.960396
20
17.821782
10
52.970297
20
17.821782
10
52.970297
20
17.326733
10
52.475248
20
16.831683
10
51.980198
20
16.831683
10
51.980198
20
16.336634
10
51.485149
20
16.336634
10
51.485149
20
15.841584
10
50.495050
20
15.841584
10
50.495050
20
15.346535
10
50.000000
20
15.346535
10
50.000000
20
14.851485
10
49.504950
20
14.851485
10
49.504950
20
14.356436
10
49.009901
20
13.861386
10
48.514851
20
13.861386
10
48.514851
20
12.871287
10
47.524752
20
11.881188
10
47.524752
20
11.386139
10
48.019802
20
11.386139
10
47.524752
20
10.891089
10
47.524752
20
10.396040
10
48.019802
20
10.396040
10
48.019802
20
9.405941
10
48.514851
20
8.910891
10
48.514851
20
7.920792
10
48.019802
20
7.920792
10
48.019802
20
7.425743
10
47.524752
20
7.425743
10
47.524752
20
6.435644
10
47.029703
20
6.435644
10
47.029703
20
4.455446
10
46.534653
20
4.455446
10
46.534653
20
2.970297
10
46.039604
20
2.970297
10
46.039604
20
2.475248
10
45.544554
20
1.980198
10
45.544554
20
1.485149
10
45.049505
20
1.485149
10
45.049505
20
0.990099
10
44.554455
20
0.495050
10
45.049505
20
0.000000
0
LWPOLYLINE
8
RIVERS
90
18
70
0
10
106.435644
20
29.702970
10
106.930693
20
29.702970
10
106.930693
20
29.207921
10
107.425743
20
29.207921
10
107.425743
20
28.712871
10
108.415842
20
28.712871
10
108.415842
20
28.217822
10
109.405941
20
28.217822
10
109.900990
20
27.722772
10
110.891089
20
27.722772
10
110.891089
20
28.217822
10
111.881188
20
28.217822
10
112.376238
20
28.712871
10
113.366337
20
28.712871
10
113.366337
20
29.207921
10
114.356436
20
29.207921
10
115.346535
20
30.198020
10
115.346535
20
30.693069
0
LWPOLYLINE
8
RIVERS
90
27
70
0
10
38.118812
20
25.247525
10
38.613861
20
25.247525
10
38.118812
20
24.752475
10
37.623762
20
24.752475
10
37.623762
20
22.277228
10
38.118812
20
22.277228
10
38.118812
20
21.782178
10
37.623762
20
21.782178
10
37.623762
20
21.287129
10
37.128713
20
21.287129
10
37.128713
20
20.297030
10
36.633663
20
20.297030
10
36.633663
20
19.306931
10
37.128713
20
18.811881
10
37.128713
20
18.316832
10
37.623762
20
18.316832
10
37.623762
20
17.821782
10
37.128713
20
17.326733
10
37.128713
20
13.366337
10
36.633663
20
13.366337
10
36.633663
20
12.871287
10
36.138614
20
12.871287
10
36.138614
20
12.376238
10
35.643564
20
12.376238
10
35.643564
20
11.386139
10
35.148515
20
11.386139
10
35.148515
20
11.881188
0
LWPOLYLINE
8
RIVERS
90
29
70
0
10
102.970297
20
18.316832
10
102.970297
20
17.821782
10
103.465347
20
17.326733
10
103.465347
20
16.831683
10
103.960396
20
16.831683
10
103.960396
20
14.356436
10
104.455446
20
13.861386
10
104.455446
20
12.376238
10
103.960396
20
11.881188
10
103.960396
20
11.386139
10
104.455446
20
10.891089
10
103.960396
20
10.396040
10
105.940594
20
8.415842
10
105.940594
20
7.920792
10
106.435644
20
7.425743
10
106.435644
20
6.930693
10
106.930693
20
6.435644
10
106.930693
20
4.950495
10
107.425743
20
4.950495
10
107.920792
20
4.455446
10
108.415842
20
4.455446
10
108.910891
20
3.960396
10
108.910891
20
2.970297
10
109.405941
20
2.970297
10
109.405941
20
2.475248
10
109.900990
20
2.475248
10
109.900990
20
0.990099
10
109.405941
20
0.495050
10
109.405941
20
0.000000
0
LWPOLYLINE
8
RIVERS
90
17
70
0
10
35.148515
20
10.891089
10
35.148515
20
7.425743
10
35.643564
20
6.930693
10
35.643564
20
6.435644
10
35.148515
20
6.435644
10
35.148515
20
4.950495
10
34.653465
20
4.455446
10
34.653465
20
3.960396
10
34.158416
20
3.465347
10
33.663366
20
3.465347
10
33.663366
20
2.475248
10
33.168317
20
1.980198
10
33.168317
20
1.485149
10
32.673267
20
0.990099
10
32.673267
20
0.000000
10
32.178218
20
0.000000
10
32.178218
20
0.495050
0
LWPOLYLINE
8
RIVERS
90
16
70
0
10
264.356436
20
8.415842
10
264.851485
20
8.415842
10
264.851485
20
7.920792
10
265.346535
20
7.920792
10
265.346535
20
6.930693
10
264.851485
20
6.435644
10
264.851485
20
5.940594
10
264.356436
20
5.445545
10
264.356436
20
4.455446
10
263.861386
20
3.960396
10
263.861386
20
2.970297
10
263.366337
20
2.970297
10
263.366337
20
1.980198
10
262.871287
20
1.980198
10
262.871287
20
1.485149
10
262.376238
20
1.485149
0
LWPOLYLINE
8
RIVERS
90
6
70
0
10
303.465347
20
436.633663
10
304.950495
20
436.633663
10
305.445545
20
436.138614
10
305.940594
20
436.138614
10
306.435644
20
435.643564
10
308.415842
20
435.643564
0
LWPOLYLINE
8
RIVERS
90
6
70
0
10
24.752475
20
290.099010
10
24.752475
20
286.633663
10
24.257426
20
286.138614
10
24.257426
20
284.653465
10
24.752475
20
284.158416
10
24.752475
20
283.663366
0
LWPOLYLINE
8
RIVERS
90
7
70
0
10
59.900990
20
285.643564
10
59.405941
20
285.148515
10
59.405941
20
282.178218
10
58.910891
20
281.683168
10
58.910891
20
280.693069
10
58.415842
20
280.198020
10
58.415842
20
279.702970
0
LWPOLYLINE
8
RIVERS
90
4
70
0
10
225.247525
20
275.742574
10
228.217822
20
275.742574
10
228.712871
20
275.247525
10
229.702970
20
275.247525
0
LWPOLYLINE
8
RIVERS
90
8
70
0
10
174.752475
20
138.613861
10
175.247525
20
138.613861
10
175.742574
20
138.118812
10
175.742574
20
137.623762
10
176.237624
20
137.128713
10
176.237624
20
136.633663
10
176.732673
20
136.138614
10
176.732673
20
134.653465
0
LWPOLYLINE
8
RIVERS
90
6
70
0
10
101.980198
20
33.663366
10
101.980198
20
32.178218
10
102.475248
20
31.683168
10
102.475248
20
31.188119
10
103.960396
20
29.702970
10
105.940594
20
29.702970
0
ENDSEC
0
EOF
