   Compiling rs_cam_core v0.1.0 (/home/ricky/personal_repos/rs_cam/crates/rs_cam_core)
crates/rs_cam_core/build.rs:31:17: warning: called `map(<f>).unwrap_or(false)` on an `Option` value
warning: `rs_cam_core` (build script) generated 1 warning
crates/rs_cam_core/src/adaptive/path.rs:200:13: warning: 5 bindings with single-character names in scope
crates/rs_cam_core/src/adaptive/path.rs:657:17: warning: 5 bindings with single-character names in scope
crates/rs_cam_core/src/adaptive/path.rs:1409:9: warning: 6 bindings with single-character names in scope
crates/rs_cam_core/src/adaptive/search.rs:644:13: warning: 5 bindings with single-character names in scope
crates/rs_cam_core/src/adaptive3d/clearing.rs:1282:17: warning: 6 bindings with single-character names in scope
crates/rs_cam_core/src/adaptive3d/path.rs:618:9: warning: binding's name is too similar to existing binding
crates/rs_cam_core/src/adaptive3d/path.rs:619:9: warning: binding's name is too similar to existing binding
crates/rs_cam_core/src/adaptive3d/search.rs:265:41: warning: 5 bindings with single-character names in scope
crates/rs_cam_core/src/adaptive_shared.rs:132:13: warning: binding's name is too similar to existing binding
crates/rs_cam_core/src/adaptive_shared.rs:133:13: warning: binding's name is too similar to existing binding
crates/rs_cam_core/src/adaptive_shared.rs:135:13: warning: binding's name is too similar to existing binding
crates/rs_cam_core/src/adaptive_shared.rs:170:13: warning: binding's name is too similar to existing binding
crates/rs_cam_core/src/adaptive_shared.rs:222:13: warning: binding's name is too similar to existing binding
crates/rs_cam_core/src/adaptive_shared.rs:223:13: warning: binding's name is too similar to existing binding
crates/rs_cam_core/src/adaptive_shared.rs:225:13: warning: binding's name is too similar to existing binding
crates/rs_cam_core/src/adaptive_shared.rs:260:13: warning: binding's name is too similar to existing binding
crates/rs_cam_core/src/arc_util.rs:30:5: warning: 7 bindings with single-character names in scope
crates/rs_cam_core/src/arcfit.rs:330:18: warning: binding's name is too similar to existing binding
crates/rs_cam_core/src/arcfit.rs:367:9: warning: binding's name is too similar to existing binding
crates/rs_cam_core/src/arcfit.rs:388:9: warning: binding's name is too similar to existing binding
crates/rs_cam_core/src/arcfit.rs:581:13: warning: binding's name is too similar to existing binding
crates/rs_cam_core/src/arcfit.rs:582:13: warning: binding's name is too similar to existing binding
crates/rs_cam_core/src/arcfit.rs:611:27: warning: this sequence of operators looks suspiciously like a bug: help: did you mean: `a11 * a12`
crates/rs_cam_core/src/compute/execute.rs:4198:13: warning: binding's name is too similar to existing binding
crates/rs_cam_core/src/compute/simulate.rs:1561:14: warning: 5 bindings with single-character names in scope
crates/rs_cam_core/src/compute/transform.rs:563:13: warning: binding's name is too similar to existing binding
crates/rs_cam_core/src/conformal_spiral.rs:1627:13: warning: 5 bindings with single-character names in scope
crates/rs_cam_core/src/conformal_spiral.rs:1853:20: warning: 9 bindings with single-character names in scope
crates/rs_cam_core/src/conformal_spiral.rs:1865:20: warning: 9 bindings with single-character names in scope
crates/rs_cam_core/src/conformal_spiral.rs:1906:10: warning: 9 bindings with single-character names in scope
crates/rs_cam_core/src/conformal_spiral.rs:2057:9: warning: 5 bindings with single-character names in scope
crates/rs_cam_core/src/conformal_spiral.rs:2208:13: warning: 5 bindings with single-character names in scope
crates/rs_cam_core/src/conformal_spiral.rs:2673:5: warning: binding's name is too similar to existing binding
crates/rs_cam_core/src/conformal_spiral.rs:2797:13: warning: binding's name is too similar to existing binding
crates/rs_cam_core/src/conformal_spiral.rs:3372:9: warning: 6 bindings with single-character names in scope
crates/rs_cam_core/src/crest_lines.rs:373:13: warning: 7 bindings with single-character names in scope
crates/rs_cam_core/src/crest_lines.rs:373:13: warning: 6 bindings with single-character names in scope
crates/rs_cam_core/src/crest_lines.rs:435:25: warning: binding's name is too similar to existing binding
crates/rs_cam_core/src/crest_lines.rs:443:21: warning: binding's name is too similar to existing binding
crates/rs_cam_core/src/crest_lines.rs:482:13: warning: 6 bindings with single-character names in scope
crates/rs_cam_core/src/crest_lines.rs:482:13: warning: 7 bindings with single-character names in scope
crates/rs_cam_core/src/depth.rs:226:9: warning: binding's name is too similar to existing binding
crates/rs_cam_core/src/depth.rs:231:13: warning: binding's name is too similar to existing binding
crates/rs_cam_core/src/dexel_mesh.rs:69:18: warning: 5 bindings with single-character names in scope
crates/rs_cam_core/src/dexel_mesh_mc.rs:477:17: warning: binding's name is too similar to existing binding
crates/rs_cam_core/src/dexel_mesh_mc.rs:479:17: warning: binding's name is too similar to existing binding
crates/rs_cam_core/src/dexel_mesh_mc.rs:484:21: warning: binding's name is too similar to existing binding
crates/rs_cam_core/src/dexel_stock/stamping.rs:56:9: warning: binding's name is too similar to existing binding
crates/rs_cam_core/src/dexel_stock/stamping.rs:225:5: warning: binding's name is too similar to existing binding
crates/rs_cam_core/src/dexel_stock/stamping.rs:652:9: warning: binding's name is too similar to existing binding
crates/rs_cam_core/src/dexel_stock/stamping.rs:653:9: warning: binding's name is too similar to existing binding
crates/rs_cam_core/src/dexel_stock/stamping.rs:852:9: warning: binding's name is too similar to existing binding
crates/rs_cam_core/src/dexel_stock/stamping.rs:853:9: warning: binding's name is too similar to existing binding
crates/rs_cam_core/src/dexel_stock/stamping.rs:1291:9: warning: binding's name is too similar to existing binding
crates/rs_cam_core/src/dexel_stock/stamping.rs:1292:9: warning: binding's name is too similar to existing binding
crates/rs_cam_core/src/dexel_stock/swept.rs:418:9: warning: binding's name is too similar to existing binding
crates/rs_cam_core/src/dexel_stock/swept.rs:419:9: warning: binding's name is too similar to existing binding
crates/rs_cam_core/src/dexel_stock/tile_mip.rs:231:13: warning: binding's name is too similar to existing binding
crates/rs_cam_core/src/dexel_stock/tile_mip.rs:232:13: warning: binding's name is too similar to existing binding
crates/rs_cam_core/src/direction_field.rs:1099:13: warning: 5 bindings with single-character names in scope
crates/rs_cam_core/src/direction_field.rs:1234:9: warning: 5 bindings with single-character names in scope
crates/rs_cam_core/src/direction_field.rs:1539:9: warning: 6 bindings with single-character names in scope
crates/rs_cam_core/src/dressup.rs:1227:14: warning: 6 bindings with single-character names in scope
crates/rs_cam_core/src/dressup.rs:1227:14: warning: 5 bindings with single-character names in scope
crates/rs_cam_core/src/dropcutter.rs:352:14: warning: binding's name is too similar to existing binding
crates/rs_cam_core/src/dropcutter.rs:352:20: warning: binding's name is too similar to existing binding
crates/rs_cam_core/src/dropcutter.rs:424:17: warning: binding's name is too similar to existing binding
crates/rs_cam_core/src/dropcutter.rs:425:17: warning: binding's name is too similar to existing binding
crates/rs_cam_core/src/dropcutter.rs:444:10: warning: binding's name is too similar to existing binding
crates/rs_cam_core/src/dropcutter.rs:444:16: warning: binding's name is too similar to existing binding
crates/rs_cam_core/src/dropcutter.rs:313:9: warning: 6 bindings with single-character names in scope
crates/rs_cam_core/src/dxf_input.rs:471:9: warning: 6 bindings with single-character names in scope
crates/rs_cam_core/src/dxf_input.rs:607:70: warning: 6 bindings with single-character names in scope
crates/rs_cam_core/src/dxf_input.rs:607:70: warning: 5 bindings with single-character names in scope
crates/rs_cam_core/src/feeds/cutter_constraints.rs:265:9: warning: binding's name is too similar to existing binding
crates/rs_cam_core/src/feeds/cutter_constraints.rs:357:9: warning: binding's name is too similar to existing binding
crates/rs_cam_core/src/feeds/suggest.rs:2790:9: warning: binding's name is too similar to existing binding
crates/rs_cam_core/src/feeds/vendor_normalize.rs:300:17: warning: unnested or-patterns
crates/rs_cam_core/src/feeds/mod.rs:1906:13: warning: binding's name is too similar to existing binding
crates/rs_cam_core/src/feeds/mod.rs:2609:13: warning: binding's name is too similar to existing binding
crates/rs_cam_core/src/feeds/mod.rs:2617:27: warning: binding's name is too similar to existing binding
crates/rs_cam_core/src/fingerprint.rs:51:17: warning: binding's name is too similar to existing binding
crates/rs_cam_core/src/fingerprint.rs:1317:9: warning: binding's name is too similar to existing binding
crates/rs_cam_core/src/fingerprint.rs:1319:9: warning: binding's name is too similar to existing binding
crates/rs_cam_core/src/fingerprint.rs:1321:9: warning: binding's name is too similar to existing binding
crates/rs_cam_core/src/fingerprint.rs:1453:5: warning: 5 bindings with single-character names in scope
crates/rs_cam_core/src/finish_planner.rs:1024:13: warning: binding's name is too similar to existing binding
crates/rs_cam_core/src/finish_planner.rs:1026:13: warning: binding's name is too similar to existing binding
crates/rs_cam_core/src/finish_planner.rs:1130:5: warning: binding's name is too similar to existing binding
crates/rs_cam_core/src/finish_planner.rs:1155:5: warning: binding's name is too similar to existing binding
crates/rs_cam_core/src/finish_planner.rs:1170:5: warning: binding's name is too similar to existing binding
crates/rs_cam_core/src/gcode/emitter.rs:339:5: warning: 5 bindings with single-character names in scope
crates/rs_cam_core/src/gcode_validator.rs:530:13: warning: binding's name is too similar to existing binding
crates/rs_cam_core/src/gcode_validator.rs:467:14: warning: 5 bindings with single-character names in scope
crates/rs_cam_core/src/gcode_validator.rs:577:13: warning: unnested or-patterns
crates/rs_cam_core/src/geo.rs:210:13: warning: 6 bindings with single-character names in scope
crates/rs_cam_core/src/geo.rs:354:9: warning: binding's name is too similar to existing binding
crates/rs_cam_core/src/geo.rs:355:9: warning: binding's name is too similar to existing binding
crates/rs_cam_core/src/grid_field.rs:22:11: warning: 6 bindings with single-character names in scope
crates/rs_cam_core/src/grid_field.rs:22:11: warning: 5 bindings with single-character names in scope
crates/rs_cam_core/src/measurement.rs:732:5: warning: 5 bindings with single-character names in scope
crates/rs_cam_core/src/metrology/census.rs:227:20: warning: 5 bindings with single-character names in scope
crates/rs_cam_core/src/metrology/monge.rs:261:12: warning: binding's name is too similar to existing binding
crates/rs_cam_core/src/metrology/monge.rs:274:33: warning: this sequence of operators looks suspiciously like a bug: help: did you mean: `form_e * form_f`
crates/rs_cam_core/src/metrology/monge.rs:275:36: warning: this sequence of operators looks suspiciously like a bug: help: did you mean: `form_l * form_m`
crates/rs_cam_core/src/metrology/monge.rs:409:9: warning: binding's name is too similar to existing binding
crates/rs_cam_core/src/metrology/monge.rs:559:5: warning: 6 bindings with single-character names in scope
crates/rs_cam_core/src/metrology/spacing.rs:70:27: warning: 5 bindings with single-character names in scope
crates/rs_cam_core/src/metrology/union_coverage.rs:299:13: warning: binding's name is too similar to existing binding
crates/rs_cam_core/src/monotone_cells.rs:177:35: warning: this sequence of operators looks suspiciously like a bug: help: did you mean: `sxx * sxy`
crates/rs_cam_core/src/nn_order.rs:337:25: warning: 5 bindings with single-character names in scope
crates/rs_cam_core/src/nn_order.rs:373:13: warning: 5 bindings with single-character names in scope
crates/rs_cam_core/src/polygon.rs:324:40: warning: 5 bindings with single-character names in scope
crates/rs_cam_core/src/pushcutter.rs:285:13: warning: binding's name is too similar to existing binding
crates/rs_cam_core/src/pushcutter.rs:330:17: warning: binding's name is too similar to existing binding
crates/rs_cam_core/src/pushcutter.rs:348:9: warning: binding's name is too similar to existing binding
crates/rs_cam_core/src/pushcutter.rs:353:9: warning: binding's name is too similar to existing binding
crates/rs_cam_core/src/pushcutter.rs:355:9: warning: binding's name is too similar to existing binding
crates/rs_cam_core/src/pushcutter.rs:380:17: warning: binding's name is too similar to existing binding
crates/rs_cam_core/src/pushcutter.rs:398:9: warning: binding's name is too similar to existing binding
crates/rs_cam_core/src/pushcutter.rs:432:9: warning: binding's name is too similar to existing binding
crates/rs_cam_core/src/rest_field.rs:672:9: warning: 5 bindings with single-character names in scope
crates/rs_cam_core/src/rest_heatmap_mesh.rs:124:17: warning: binding's name is too similar to existing binding
crates/rs_cam_core/src/rest_heatmap_mesh.rs:126:17: warning: binding's name is too similar to existing binding
crates/rs_cam_core/src/rest_heatmap_mesh.rs:314:17: warning: binding's name is too similar to existing binding
crates/rs_cam_core/src/rest_heatmap_mesh.rs:316:17: warning: binding's name is too similar to existing binding
crates/rs_cam_core/src/scallop.rs:967:17: warning: 5 bindings with single-character names in scope
crates/rs_cam_core/src/scallop.rs:1305:17: warning: binding's name is too similar to existing binding
crates/rs_cam_core/src/scallop.rs:1525:17: warning: binding's name is too similar to existing binding
crates/rs_cam_core/src/scallop_isofield.rs:188:42: warning: 6 bindings with single-character names in scope
crates/rs_cam_core/src/scallop_isofield.rs:261:17: warning: 5 bindings with single-character names in scope
crates/rs_cam_core/src/scallop_isofield.rs:329:25: warning: 5 bindings with single-character names in scope
crates/rs_cam_core/src/scallop_isofield.rs:468:24: warning: binding's name is too similar to existing binding
crates/rs_cam_core/src/scallop_isofield.rs:469:18: warning: binding's name is too similar to existing binding
crates/rs_cam_core/src/scallop_math.rs:18:9: warning: binding's name is too similar to existing binding
crates/rs_cam_core/src/session/compute.rs:2347:17: warning: unnested or-patterns
crates/rs_cam_core/src/slope.rs:493:5: warning: binding's name is too similar to existing binding
crates/rs_cam_core/src/slope.rs:495:5: warning: binding's name is too similar to existing binding
crates/rs_cam_core/src/slope.rs:534:29: warning: binding's name is too similar to existing binding
crates/rs_cam_core/src/slope.rs:534:45: warning: binding's name is too similar to existing binding
crates/rs_cam_core/src/slope.rs:577:21: warning: binding's name is too similar to existing binding
crates/rs_cam_core/src/slope.rs:597:21: warning: binding's name is too similar to existing binding
crates/rs_cam_core/src/slope.rs:695:21: warning: binding's name is too similar to existing binding
crates/rs_cam_core/src/slope.rs:702:21: warning: binding's name is too similar to existing binding
crates/rs_cam_core/src/step_input.rs:373:13: warning: binding's name is too similar to existing binding
crates/rs_cam_core/src/svg_input.rs:214:9: warning: binding's name is too similar to existing binding
crates/rs_cam_core/src/svg_input.rs:215:9: warning: binding's name is too similar to existing binding
crates/rs_cam_core/src/tier_islands.rs:1111:9: warning: binding's name is too similar to existing binding
crates/rs_cam_core/src/tier_map.rs:258:33: warning: binding's name is too similar to existing binding
crates/rs_cam_core/src/tier_map.rs:890:29: warning: binding's name is too similar to existing binding
crates/rs_cam_core/src/tool/bullnose.rs:120:19: warning: this sequence of operators looks suspiciously like a bug: help: did you mean: `r2 * h`
crates/rs_cam_core/src/tool/tapered_ball.rs:242:21: warning: binding's name is too similar to existing binding
crates/rs_cam_core/src/tool/tapered_ball.rs:243:21: warning: binding's name is too similar to existing binding
crates/rs_cam_core/src/tool/tapered_ball.rs:255:17: warning: binding's name is too similar to existing binding
crates/rs_cam_core/src/tool/tapered_ball.rs:266:21: warning: binding's name is too similar to existing binding
crates/rs_cam_core/src/tool/tapered_ball.rs:267:21: warning: binding's name is too similar to existing binding
crates/rs_cam_core/src/tool/vbit.rs:197:17: warning: binding's name is too similar to existing binding
crates/rs_cam_core/src/tool_load/optimize/preflight.rs:161:9: warning: binding's name is too similar to existing binding
crates/rs_cam_core/src/toolpath_spans.rs:1018:37: warning: this sequence of operators looks suspiciously like a bug: help: did you mean: `bounds.start < bounds.end`
crates/rs_cam_core/src/unified_finish.rs:1876:13: warning: binding's name is too similar to existing binding
crates/rs_cam_core/src/viz.rs:100:9: warning: unnecessary hashes around raw string literal
crates/rs_cam_core/src/viz.rs:126:9: warning: unnecessary hashes around raw string literal
crates/rs_cam_core/src/viz.rs:161:9: warning: unnecessary hashes around raw string literal
crates/rs_cam_core/src/viz.rs:205:9: warning: unnecessary hashes around raw string literal
crates/rs_cam_core/src/viz.rs:247:9: warning: unnecessary hashes around raw string literal
crates/rs_cam_core/src/viz.rs:267:9: warning: unnecessary hashes around raw string literal
crates/rs_cam_core/src/viz.rs:398:9: warning: unnecessary hashes around raw string literal
crates/rs_cam_core/src/viz.rs:436:9: warning: unnecessary hashes around raw string literal
crates/rs_cam_core/src/viz.rs:495:18: warning: binding's name is too similar to existing binding
crates/rs_cam_core/src/viz.rs:495:26: warning: binding's name is too similar to existing binding
crates/rs_cam_core/src/viz.rs:495:42: warning: binding's name is too similar to existing binding
crates/rs_cam_core/src/viz.rs:495:50: warning: binding's name is too similar to existing binding
crates/rs_cam_core/src/viz.rs:574:9: warning: unnecessary hashes around raw string literal
crates/rs_cam_core/src/viz.rs:614:9: warning: unnecessary hashes around raw string literal
crates/rs_cam_core/src/viz.rs:656:9: warning: unnecessary hashes around raw string literal
crates/rs_cam_core/src/viz.rs:868:9: warning: unnecessary hashes around raw string literal
crates/rs_cam_core/src/viz.rs:1296:17: warning: unnecessary hashes around raw string literal
crates/rs_cam_core/src/viz.rs:1539:9: warning: unnecessary hashes around raw string literal
crates/rs_cam_core/src/viz.rs:1885:17: warning: unnecessary hashes around raw string literal
crates/rs_cam_core/src/viz.rs:2021:9: warning: unnecessary hashes around raw string literal
crates/rs_cam_core/src/viz.rs:2054:9: warning: unnecessary hashes around raw string literal
crates/rs_cam_core/src/adaptive/material_grid.rs:11:1: warning: pub(crate) struct inside private module
crates/rs_cam_core/src/adaptive/material_grid.rs:35:20: warning: casting `f64` to `usize` may truncate the value
crates/rs_cam_core/src/adaptive/material_grid.rs:35:20: warning: casting `f64` to `usize` may lose the sign of the value
crates/rs_cam_core/src/adaptive/material_grid.rs:35:21: warning: multiply and add expressions may be calculated more efficiently and accurately: help: consider using: `2.0f64.mul_add(margin, x_max - x_min)`
crates/rs_cam_core/src/adaptive/material_grid.rs:36:20: warning: casting `f64` to `usize` may truncate the value
crates/rs_cam_core/src/adaptive/material_grid.rs:36:20: warning: casting `f64` to `usize` may lose the sign of the value
crates/rs_cam_core/src/adaptive/material_grid.rs:36:21: warning: multiply and add expressions may be calculated more efficiently and accurately: help: consider using: `2.0f64.mul_add(margin, y_max - y_min)`
crates/rs_cam_core/src/adaptive/material_grid.rs:44:21: warning: multiply and add expressions may be calculated more efficiently and accurately: help: consider using: `(row as f64).mul_add(cell_size, origin_y)`
crates/rs_cam_core/src/adaptive/material_grid.rs:44:32: warning: casting `usize` to `f64` may cause a loss of precision (`usize` can be up to 64 bits wide depending on the target architecture, but `f64`'s mantissa is only 52 bits wide)
crates/rs_cam_core/src/adaptive/material_grid.rs:46:25: warning: multiply and add expressions may be calculated more efficiently and accurately: help: consider using: `(col as f64).mul_add(cell_size, origin_x)`
crates/rs_cam_core/src/adaptive/material_grid.rs:46:36: warning: casting `usize` to `f64` may cause a loss of precision (`usize` can be up to 64 bits wide depending on the target architecture, but `f64`'s mantissa is only 52 bits wide)
crates/rs_cam_core/src/adaptive/material_grid.rs:81:21: warning: multiply and add expressions may be calculated more efficiently and accurately: help: consider using: `(row as f64).mul_add(cell_size, origin_y)`
crates/rs_cam_core/src/adaptive/material_grid.rs:81:32: warning: casting `usize` to `f64` may cause a loss of precision (`usize` can be up to 64 bits wide depending on the target architecture, but `f64`'s mantissa is only 52 bits wide)
crates/rs_cam_core/src/adaptive/material_grid.rs:83:25: warning: multiply and add expressions may be calculated more efficiently and accurately: help: consider using: `(col as f64).mul_add(cell_size, origin_x)`
crates/rs_cam_core/src/adaptive/material_grid.rs:83:36: warning: casting `usize` to `f64` may cause a loss of precision (`usize` can be up to 64 bits wide depending on the target architecture, but `f64`'s mantissa is only 52 bits wide)
crates/rs_cam_core/src/adaptive/material_grid.rs:100:19: warning: casting `f64` to `usize` may truncate the value
crates/rs_cam_core/src/adaptive/material_grid.rs:100:19: warning: casting `f64` to `usize` may lose the sign of the value
crates/rs_cam_core/src/adaptive/material_grid.rs:101:19: warning: casting `f64` to `usize` may truncate the value
crates/rs_cam_core/src/adaptive/material_grid.rs:101:19: warning: casting `f64` to `usize` may lose the sign of the value
crates/rs_cam_core/src/adaptive/material_grid.rs:128:23: warning: casting `f64` to `usize` may truncate the value
crates/rs_cam_core/src/adaptive/material_grid.rs:128:23: warning: casting `f64` to `usize` may lose the sign of the value
crates/rs_cam_core/src/adaptive/material_grid.rs:131:23: warning: casting `f64` to `usize` may truncate the value
crates/rs_cam_core/src/adaptive/material_grid.rs:131:23: warning: casting `f64` to `usize` may lose the sign of the value
crates/rs_cam_core/src/adaptive/material_grid.rs:132:23: warning: casting `f64` to `usize` may truncate the value
crates/rs_cam_core/src/adaptive/material_grid.rs:132:23: warning: casting `f64` to `usize` may lose the sign of the value
crates/rs_cam_core/src/adaptive/material_grid.rs:135:23: warning: casting `f64` to `usize` may truncate the value
crates/rs_cam_core/src/adaptive/material_grid.rs:135:23: warning: casting `f64` to `usize` may lose the sign of the value
crates/rs_cam_core/src/adaptive/material_grid.rs:141:26: warning: multiply and add expressions may be calculated more efficiently and accurately: help: consider using: `(row as f64).mul_add(self.cell_size, self.origin_y)`
crates/rs_cam_core/src/adaptive/material_grid.rs:141:42: warning: casting `usize` to `f64` may cause a loss of precision (`usize` can be up to 64 bits wide depending on the target architecture, but `f64`'s mantissa is only 52 bits wide)
crates/rs_cam_core/src/adaptive/material_grid.rs:148:30: warning: multiply and add expressions may be calculated more efficiently and accurately: help: consider using: `(col as f64).mul_add(self.cell_size, self.origin_x)`
crates/rs_cam_core/src/adaptive/material_grid.rs:148:46: warning: casting `usize` to `f64` may cause a loss of precision (`usize` can be up to 64 bits wide depending on the target architecture, but `f64`'s mantissa is only 52 bits wide)
crates/rs_cam_core/src/adaptive/material_grid.rs:150:20: warning: multiply and add expressions may be calculated more efficiently and accurately: help: consider using: `dx.mul_add(dx, dy_sq)`
crates/rs_cam_core/src/adaptive/material_grid.rs:167:21: warning: casting `f64` to `f32` may truncate the value
crates/rs_cam_core/src/adaptive/material_grid.rs:169:27: warning: multiply and add expressions may be calculated more efficiently and accurately: help: consider using: `(row as f64).mul_add(self.cell_size, self.origin_y)`
crates/rs_cam_core/src/adaptive/material_grid.rs:169:43: warning: casting `usize` to `f64` may cause a loss of precision (`usize` can be up to 64 bits wide depending on the target architecture, but `f64`'s mantissa is only 52 bits wide)
crates/rs_cam_core/src/adaptive/material_grid.rs:175:31: warning: multiply and add expressions may be calculated more efficiently and accurately: help: consider using: `(col as f64).mul_add(self.cell_size, self.origin_x)`
crates/rs_cam_core/src/adaptive/material_grid.rs:175:47: warning: casting `usize` to `f64` may cause a loss of precision (`usize` can be up to 64 bits wide depending on the target architecture, but `f64`'s mantissa is only 52 bits wide)
crates/rs_cam_core/src/adaptive/material_grid.rs:183:33: warning: casting `f64` to `usize` may truncate the value
crates/rs_cam_core/src/adaptive/material_grid.rs:183:33: warning: casting `f64` to `usize` may lose the sign of the value
crates/rs_cam_core/src/adaptive/material_grid.rs:184:33: warning: casting `f64` to `usize` may truncate the value
crates/rs_cam_core/src/adaptive/material_grid.rs:184:33: warning: casting `f64` to `usize` may lose the sign of the value
crates/rs_cam_core/src/adaptive/material_grid.rs:212:9: warning: casting `usize` to `f64` may cause a loss of precision (`usize` can be up to 64 bits wide depending on the target architecture, but `f64`'s mantissa is only 52 bits wide)
crates/rs_cam_core/src/adaptive/material_grid.rs:212:38: warning: casting `usize` to `f64` may cause a loss of precision (`usize` can be up to 64 bits wide depending on the target architecture, but `f64`'s mantissa is only 52 bits wide)
crates/rs_cam_core/src/adaptive/material_grid.rs:231:14: warning: casting `usize` to `f64` may cause a loss of precision (`usize` can be up to 64 bits wide depending on the target architecture, but `f64`'s mantissa is only 52 bits wide)
crates/rs_cam_core/src/adaptive/material_grid.rs:231:53: warning: casting `usize` to `f64` may cause a loss of precision (`usize` can be up to 64 bits wide depending on the target architecture, but `f64`'s mantissa is only 52 bits wide)
crates/rs_cam_core/src/adaptive/material_grid.rs:234:15: warning: while condition comparing floats
crates/rs_cam_core/src/adaptive/material_grid.rs:247:23: warning: casting `f64` to `usize` may truncate the value
crates/rs_cam_core/src/adaptive/material_grid.rs:247:23: warning: casting `f64` to `usize` may lose the sign of the value
crates/rs_cam_core/src/adaptive/material_grid.rs:250:23: warning: casting `f64` to `usize` may truncate the value
crates/rs_cam_core/src/adaptive/material_grid.rs:250:23: warning: casting `f64` to `usize` may lose the sign of the value
crates/rs_cam_core/src/adaptive/material_grid.rs:252:18: warning: casting `usize` to `f64` may cause a loss of precision (`usize` can be up to 64 bits wide depending on the target architecture, but `f64`'s mantissa is only 52 bits wide)
crates/rs_cam_core/src/adaptive/material_grid.rs:253:23: warning: casting `f64` to `usize` may truncate the value
crates/rs_cam_core/src/adaptive/material_grid.rs:253:23: warning: casting `f64` to `usize` may lose the sign of the value
crates/rs_cam_core/src/adaptive/material_grid.rs:256:23: warning: casting `f64` to `usize` may truncate the value
crates/rs_cam_core/src/adaptive/material_grid.rs:256:23: warning: casting `f64` to `usize` may lose the sign of the value
crates/rs_cam_core/src/adaptive/material_grid.rs:258:18: warning: casting `usize` to `f64` may cause a loss of precision (`usize` can be up to 64 bits wide depending on the target architecture, but `f64`'s mantissa is only 52 bits wide)
crates/rs_cam_core/src/adaptive/material_grid.rs:264:22: warning: multiply and add expressions may be calculated more efficiently and accurately: help: consider using: `(row as f64).mul_add(self.cell_size, self.origin_y)`
crates/rs_cam_core/src/adaptive/material_grid.rs:264:38: warning: casting `usize` to `f64` may cause a loss of precision (`usize` can be up to 64 bits wide depending on the target architecture, but `f64`'s mantissa is only 52 bits wide)
crates/rs_cam_core/src/adaptive/material_grid.rs:269:26: warning: multiply and add expressions may be calculated more efficiently and accurately: help: consider using: `(col as f64).mul_add(self.cell_size, self.origin_x)`
crates/rs_cam_core/src/adaptive/material_grid.rs:269:42: warning: casting `usize` to `f64` may cause a loss of precision (`usize` can be up to 64 bits wide depending on the target architecture, but `f64`'s mantissa is only 52 bits wide)
crates/rs_cam_core/src/adaptive/material_grid.rs:272:28: warning: multiply and add expressions may be calculated more efficiently and accurately: help: consider using: `dy.mul_add(dy, dx * dx)`
crates/rs_cam_core/src/adaptive/path.rs:41:15: warning: hypotenuse can be computed more accurately: help: consider using: `dx.hypot(dy)`
crates/rs_cam_core/src/adaptive/path.rs:46:19: warning: casting `f64` to `usize` may truncate the value
crates/rs_cam_core/src/adaptive/path.rs:46:19: warning: casting `f64` to `usize` may lose the sign of the value
crates/rs_cam_core/src/adaptive/path.rs:51:17: warning: casting `usize` to `f64` may cause a loss of precision (`usize` can be up to 64 bits wide depending on the target architecture, but `f64`'s mantissa is only 52 bits wide)
crates/rs_cam_core/src/adaptive/path.rs:51:28: warning: casting `usize` to `f64` may cause a loss of precision (`usize` can be up to 64 bits wide depending on the target architecture, but `f64`'s mantissa is only 52 bits wide)
crates/rs_cam_core/src/adaptive/path.rs:66:19: warning: casts from `i32` to `f64` can be expressed infallibly using `From`
crates/rs_cam_core/src/adaptive/path.rs:66:42: warning: casts from `i32` to `f64` can be expressed infallibly using `From`
crates/rs_cam_core/src/adaptive/path.rs:73:1: warning: pub(crate) enum inside private module
crates/rs_cam_core/src/adaptive/path.rs:115:1: warning: pub(crate) function inside private module
crates/rs_cam_core/src/adaptive/path.rs:115:1: warning: this function has too many lines (396/100)
crates/rs_cam_core/src/adaptive/path.rs:224:23: warning: hypotenuse can be computed more accurately: help: consider using: `dx.hypot(dy)`
crates/rs_cam_core/src/adaptive/path.rs:225:27: warning: casting `f64` to `usize` may truncate the value
crates/rs_cam_core/src/adaptive/path.rs:225:27: warning: casting `f64` to `usize` may lose the sign of the value
crates/rs_cam_core/src/adaptive/path.rs:227:25: warning: casting `usize` to `f64` may cause a loss of precision (`usize` can be up to 64 bits wide depending on the target architecture, but `f64`'s mantissa is only 52 bits wide)
crates/rs_cam_core/src/adaptive/path.rs:227:36: warning: casting `usize` to `f64` may cause a loss of precision (`usize` can be up to 64 bits wide depending on the target architecture, but `f64`'s mantissa is only 52 bits wide)
crates/rs_cam_core/src/adaptive/path.rs:237:45: warning: casting `usize` to `f64` may cause a loss of precision (`usize` can be up to 64 bits wide depending on the target architecture, but `f64`'s mantissa is only 52 bits wide)
crates/rs_cam_core/src/adaptive/path.rs:431:9: warning: adding items after statements is confusing, since items exist from the start of the scope
crates/rs_cam_core/src/adaptive/path.rs:338:48: warning: redundant closure: help: replace the closure with the method itself: `super::super::debug_trace::ToolpathDebugScope::context`
crates/rs_cam_core/src/adaptive/path.rs:352:13: warning: use Option::map_or_else instead of an if let/else
crates/rs_cam_core/src/adaptive/path.rs:377:49: warning: casting `usize` to `f64` may cause a loss of precision (`usize` can be up to 64 bits wide depending on the target architecture, but `f64`'s mantissa is only 52 bits wide)
crates/rs_cam_core/src/adaptive/path.rs:400:24: warning: hypotenuse can be computed more accurately: help: consider using: `dx.hypot(dy)`
crates/rs_cam_core/src/adaptive/path.rs:418:30: warning: use Option::map_or_else instead of an if let/else
crates/rs_cam_core/src/adaptive/path.rs:573:28: warning: multiply and add expressions may be calculated more efficiently and accurately: help: consider using: `tool_radius.mul_add(-2.0, cx)`
crates/rs_cam_core/src/adaptive/path.rs:574:28: warning: multiply and add expressions may be calculated more efficiently and accurately: help: consider using: `tool_radius.mul_add(2.0, cx)`
crates/rs_cam_core/src/adaptive/path.rs:575:28: warning: multiply and add expressions may be calculated more efficiently and accurately: help: consider using: `tool_radius.mul_add(-2.0, cy)`
crates/rs_cam_core/src/adaptive/path.rs:576:28: warning: multiply and add expressions may be calculated more efficiently and accurately: help: consider using: `tool_radius.mul_add(2.0, cy)`
crates/rs_cam_core/src/adaptive/path.rs:583:45: warning: casting `usize` to `f64` may cause a loss of precision (`usize` can be up to 64 bits wide depending on the target architecture, but `f64`'s mantissa is only 52 bits wide)
crates/rs_cam_core/src/adaptive/path.rs:584:45: warning: casting `usize` to `f64` may cause a loss of precision (`usize` can be up to 64 bits wide depending on the target architecture, but `f64`'s mantissa is only 52 bits wide)
crates/rs_cam_core/src/adaptive/path.rs:585:45: warning: casting `usize` to `f64` may cause a loss of precision (`usize` can be up to 64 bits wide depending on the target architecture, but `f64`'s mantissa is only 52 bits wide)
crates/rs_cam_core/src/adaptive/path.rs:586:53: warning: casts from `u32` to `f64` can be expressed infallibly using `From`
crates/rs_cam_core/src/adaptive/path.rs:600:37: warning: casting `u128` to `u64` may truncate the value
crates/rs_cam_core/src/adaptive/path.rs:661:23: warning: hypotenuse can be computed more accurately: help: consider using: `dx.hypot(dy)`
crates/rs_cam_core/src/adaptive/path.rs:662:27: warning: casting `f64` to `usize` may truncate the value
crates/rs_cam_core/src/adaptive/path.rs:662:27: warning: casting `f64` to `usize` may lose the sign of the value
crates/rs_cam_core/src/adaptive/path.rs:664:25: warning: casting `usize` to `f64` may cause a loss of precision (`usize` can be up to 64 bits wide depending on the target architecture, but `f64`'s mantissa is only 52 bits wide)
crates/rs_cam_core/src/adaptive/path.rs:664:36: warning: casting `usize` to `f64` may cause a loss of precision (`usize` can be up to 64 bits wide depending on the target architecture, but `f64`'s mantissa is only 52 bits wide)
crates/rs_cam_core/src/adaptive/path.rs:677:44: warning: casting `usize` to `f64` may cause a loss of precision (`usize` can be up to 64 bits wide depending on the target architecture, but `f64`'s mantissa is only 52 bits wide)
crates/rs_cam_core/src/adaptive/path.rs:759:24: warning: casting `usize` to `f64` may cause a loss of precision (`usize` can be up to 64 bits wide depending on the target architecture, but `f64`'s mantissa is only 52 bits wide)
crates/rs_cam_core/src/adaptive/path.rs:759:40: warning: casting `usize` to `f64` may cause a loss of precision (`usize` can be up to 64 bits wide depending on the target architecture, but `f64`'s mantissa is only 52 bits wide)
crates/rs_cam_core/src/adaptive/path.rs:791:13: warning: these match arms have identical bodies
crates/rs_cam_core/src/adaptive/path.rs:806:1: warning: pub(crate) function inside private module
crates/rs_cam_core/src/adaptive/path.rs:832:51: warning: this `continue` expression is redundant
crates/rs_cam_core/src/adaptive/path.rs:889:1: warning: pub(crate) function inside private module
crates/rs_cam_core/src/adaptive/path.rs:917:51: warning: this `continue` expression is redundant
crates/rs_cam_core/src/adaptive/path.rs:990:1: warning: pub(crate) function inside private module
crates/rs_cam_core/src/adaptive/path.rs:1021:24: warning: use Option::map_or instead of an if let/else
crates/rs_cam_core/src/adaptive/path.rs:1026:28: warning: hypotenuse can be computed more accurately: help: consider using: `dx.hypot(dy)`
crates/rs_cam_core/src/adaptive/path.rs:1055:24: warning: hypotenuse can be computed more accurately: help: consider using: `dx.hypot(dy)`
crates/rs_cam_core/src/adaptive/path.rs:1080:13: warning: unnecessary boolean `not` operation
crates/rs_cam_core/src/adaptive/path.rs:1172:22: warning: casts from `i32` to `f64` can be expressed infallibly using `From`
crates/rs_cam_core/src/adaptive/path.rs:1172:33: warning: casts from `i32` to `f64` can be expressed infallibly using `From`
crates/rs_cam_core/src/adaptive/path.rs:1173:17: warning: multiply and add expressions may be calculated more efficiently and accurately: help: consider using: `helix_r.mul_add(theta.cos(), medial.x)`
crates/rs_cam_core/src/adaptive/path.rs:1174:17: warning: multiply and add expressions may be calculated more efficiently and accurately: help: consider using: `helix_r.mul_add(theta.sin(), medial.y)`
crates/rs_cam_core/src/adaptive/path.rs:1198:47: warning: redundant closure: help: replace the closure with the method itself: `super::super::polygon::Polygon2::area`
crates/rs_cam_core/src/adaptive/path.rs:1234:48: warning: casting `usize` to `f64` may cause a loss of precision (`usize` can be up to 64 bits wide depending on the target architecture, but `f64`'s mantissa is only 52 bits wide)
crates/rs_cam_core/src/adaptive/path.rs:1287:33: warning: hypotenuse can be computed more accurately: help: consider using: `dx.hypot(dy)`
crates/rs_cam_core/src/adaptive/path.rs:1346:19: warning: casting `usize` to `f64` may cause a loss of precision (`usize` can be up to 64 bits wide depending on the target architecture, but `f64`'s mantissa is only 52 bits wide)
crates/rs_cam_core/src/adaptive/path.rs:1346:33: warning: casting `usize` to `f64` may cause a loss of precision (`usize` can be up to 64 bits wide depending on the target architecture, but `f64`'s mantissa is only 52 bits wide)
crates/rs_cam_core/src/adaptive/path.rs:1364:12: warning: multiply and add expressions may be calculated more efficiently and accurately: help: consider using: `dy.mul_add(dy, dx * dx)`
crates/rs_cam_core/src/adaptive/path.rs:1378:18: warning: multiply and add expressions may be calculated more efficiently and accurately: help: consider using: `dy.mul_add(dy, dx * dx)`
crates/rs_cam_core/src/adaptive/path.rs:1417:19: warning: hypotenuse can be computed more accurately: help: consider using: `dx.hypot(dy)`
crates/rs_cam_core/src/adaptive/path.rs:1418:23: warning: casting `f64` to `usize` may truncate the value
crates/rs_cam_core/src/adaptive/path.rs:1418:23: warning: casting `f64` to `usize` may lose the sign of the value
crates/rs_cam_core/src/adaptive/path.rs:1421:21: warning: casting `usize` to `f64` may cause a loss of precision (`usize` can be up to 64 bits wide depending on the target architecture, but `f64`'s mantissa is only 52 bits wide)
crates/rs_cam_core/src/adaptive/path.rs:1421:32: warning: casting `usize` to `f64` may cause a loss of precision (`usize` can be up to 64 bits wide depending on the target architecture, but `f64`'s mantissa is only 52 bits wide)
crates/rs_cam_core/src/adaptive/path.rs:1433:1: warning: pub(crate) function inside private module
crates/rs_cam_core/src/adaptive/path.rs:1443:20: warning: hypotenuse can be computed more accurately: help: consider using: `dx.hypot(dy)`
crates/rs_cam_core/src/adaptive/path.rs:1450:21: warning: multiply and add expressions may be calculated more efficiently and accurately: help: consider using: `(pt.y - first.y).mul_add(-dx, (pt.x - first.x) * dy)`
crates/rs_cam_core/src/adaptive/path.rs:1461:21: warning: hypotenuse can be computed more accurately: help: consider using: `ddx.hypot(ddy)`
crates/rs_cam_core/src/adaptive/path.rs:1555:37: warning: called `map(<f>).unwrap_or(<a>)` on an `Option` value
crates/rs_cam_core/src/adaptive/path.rs:1555:73: warning: function call inside of `unwrap_or`: help: try: `unwrap_or_else(|| crate::geo::P3::new(end.x, end.y, params.cut_depth))`
crates/rs_cam_core/src/adaptive/search.rs:25:1: warning: pub(crate) function inside private module
crates/rs_cam_core/src/adaptive/search.rs:27:19: warning: casting `f64` to `usize` may truncate the value
crates/rs_cam_core/src/adaptive/search.rs:27:19: warning: casting `f64` to `usize` may lose the sign of the value
crates/rs_cam_core/src/adaptive/search.rs:30:19: warning: casting `f64` to `usize` may truncate the value
crates/rs_cam_core/src/adaptive/search.rs:30:19: warning: casting `f64` to `usize` may lose the sign of the value
crates/rs_cam_core/src/adaptive/search.rs:31:19: warning: casting `f64` to `usize` may truncate the value
crates/rs_cam_core/src/adaptive/search.rs:31:19: warning: casting `f64` to `usize` may lose the sign of the value
crates/rs_cam_core/src/adaptive/search.rs:34:19: warning: casting `f64` to `usize` may truncate the value
crates/rs_cam_core/src/adaptive/search.rs:34:19: warning: casting `f64` to `usize` may lose the sign of the value
crates/rs_cam_core/src/adaptive/search.rs:43:22: warning: multiply and add expressions may be calculated more efficiently and accurately: help: consider using: `(row as f64).mul_add(grid.cell_size, grid.origin_y)`
crates/rs_cam_core/src/adaptive/search.rs:43:38: warning: casting `usize` to `f64` may cause a loss of precision (`usize` can be up to 64 bits wide depending on the target architecture, but `f64`'s mantissa is only 52 bits wide)
crates/rs_cam_core/src/adaptive/search.rs:50:26: warning: multiply and add expressions may be calculated more efficiently and accurately: help: consider using: `(col as f64).mul_add(grid.cell_size, grid.origin_x)`
crates/rs_cam_core/src/adaptive/search.rs:50:42: warning: casting `usize` to `f64` may cause a loss of precision (`usize` can be up to 64 bits wide depending on the target architecture, but `f64`'s mantissa is only 52 bits wide)
crates/rs_cam_core/src/adaptive/search.rs:52:16: warning: multiply and add expressions may be calculated more efficiently and accurately: help: consider using: `dx.mul_add(dx, dy_sq)`
crates/rs_cam_core/src/adaptive/search.rs:64:5: warning: casts from `u32` to `f64` can be expressed infallibly using `From`
crates/rs_cam_core/src/adaptive/search.rs:64:29: warning: casts from `u32` to `f64` can be expressed infallibly using `From`
crates/rs_cam_core/src/adaptive/search.rs:84:1: warning: pub(crate) function inside private module
crates/rs_cam_core/src/adaptive/search.rs:92:13: warning: casting `f64` to `usize` may truncate the value
crates/rs_cam_core/src/adaptive/search.rs:92:13: warning: casting `f64` to `usize` may lose the sign of the value
crates/rs_cam_core/src/adaptive/search.rs:95:18: warning: casting `usize` to `f64` may cause a loss of precision (`usize` can be up to 64 bits wide depending on the target architecture, but `f64`'s mantissa is only 52 bits wide)
crates/rs_cam_core/src/adaptive/search.rs:95:36: warning: casting `usize` to `f64` may cause a loss of precision (`usize` can be up to 64 bits wide depending on the target architecture, but `f64`'s mantissa is only 52 bits wide)
crates/rs_cam_core/src/adaptive/search.rs:97:17: warning: multiply and add expressions may be calculated more efficiently and accurately: help: consider using: `radius.mul_add(theta.cos(), cx)`
crates/rs_cam_core/src/adaptive/search.rs:98:17: warning: multiply and add expressions may be calculated more efficiently and accurately: help: consider using: `radius.mul_add(theta.sin(), cy)`
crates/rs_cam_core/src/adaptive/search.rs:106:12: warning: casting `usize` to `f64` may cause a loss of precision (`usize` can be up to 64 bits wide depending on the target architecture, but `f64`'s mantissa is only 52 bits wide)
crates/rs_cam_core/src/adaptive/search.rs:106:26: warning: casting `usize` to `f64` may cause a loss of precision (`usize` can be up to 64 bits wide depending on the target architecture, but `f64`'s mantissa is only 52 bits wide)
crates/rs_cam_core/src/adaptive/search.rs:252:1: warning: pub(crate) function inside private module
crates/rs_cam_core/src/adaptive/search.rs:300:17: warning: multiply and add expressions may be calculated more efficiently and accurately: help: consider using: `gy.mul_add(gy, gx * gx)`
crates/rs_cam_core/src/adaptive/search.rs:315:14: warning: multiply and add expressions may be calculated more efficiently and accurately: help: consider using: `step_len.mul_add(angle.cos(), cx)`
crates/rs_cam_core/src/adaptive/search.rs:316:14: warning: multiply and add expressions may be calculated more efficiently and accurately: help: consider using: `step_len.mul_add(angle.sin(), cy)`
crates/rs_cam_core/src/adaptive/search.rs:327:1: warning: this function has too many lines (126/100)
crates/rs_cam_core/src/adaptive/search.rs:349:18: warning: multiply and add expressions may be calculated more efficiently and accurately: help: consider using: `step_len.mul_add(angle.cos(), cx)`
crates/rs_cam_core/src/adaptive/search.rs:350:18: warning: multiply and add expressions may be calculated more efficiently and accurately: help: consider using: `step_len.mul_add(angle.sin(), cy)`
crates/rs_cam_core/src/adaptive/search.rs:373:28: warning: hypotenuse can be computed more accurately: help: consider using: `gx.hypot(gy)`
crates/rs_cam_core/src/adaptive/search.rs:377:37: warning: multiply and add expressions may be calculated more efficiently and accurately: help: consider using: `angle.sin().mul_add(ty, angle.cos() * tx)`
crates/rs_cam_core/src/adaptive/search.rs:387:21: warning: multiply and add expressions may be calculated more efficiently and accurately: help: consider using: `angle_penalty.mul_add(0.03, error)`
crates/rs_cam_core/src/adaptive/search.rs:451:26: warning: casts from `i32` to `f64` can be expressed infallibly using `From`
crates/rs_cam_core/src/adaptive/search.rs:451:37: warning: casts from `i32` to `f64` can be expressed infallibly using `From`
crates/rs_cam_core/src/adaptive/search.rs:499:1: warning: pub(crate) struct inside private module
crates/rs_cam_core/src/adaptive/search.rs:519:10: warning: casting `f64` to `i64` may truncate the value
crates/rs_cam_core/src/adaptive/search.rs:519:41: warning: casting `f64` to `i64` may truncate the value
crates/rs_cam_core/src/adaptive/search.rs:528:5: warning: this could be a `const fn`
crates/rs_cam_core/src/adaptive/search.rs:541:25: warning: multiply and add expressions may be calculated more efficiently and accurately: help: consider using: `ey.mul_add(ey, ex * ex)`
crates/rs_cam_core/src/adaptive/search.rs:563:10: warning: casting `usize` to `f64` may cause a loss of precision (`usize` can be up to 64 bits wide depending on the target architecture, but `f64`'s mantissa is only 52 bits wide)
crates/rs_cam_core/src/adaptive/search.rs:563:49: warning: casting `usize` to `f64` may cause a loss of precision (`usize` can be up to 64 bits wide depending on the target architecture, but `f64`'s mantissa is only 52 bits wide)
crates/rs_cam_core/src/adaptive/search.rs:566:11: warning: while condition comparing floats
crates/rs_cam_core/src/adaptive/search.rs:585:19: warning: casting `f64` to `usize` may truncate the value
crates/rs_cam_core/src/adaptive/search.rs:585:19: warning: casting `f64` to `usize` may lose the sign of the value
crates/rs_cam_core/src/adaptive/search.rs:588:19: warning: casting `f64` to `usize` may truncate the value
crates/rs_cam_core/src/adaptive/search.rs:588:19: warning: casting `f64` to `usize` may lose the sign of the value
crates/rs_cam_core/src/adaptive/search.rs:590:14: warning: casting `usize` to `f64` may cause a loss of precision (`usize` can be up to 64 bits wide depending on the target architecture, but `f64`'s mantissa is only 52 bits wide)
crates/rs_cam_core/src/adaptive/search.rs:591:19: warning: casting `f64` to `usize` may truncate the value
crates/rs_cam_core/src/adaptive/search.rs:591:19: warning: casting `f64` to `usize` may lose the sign of the value
crates/rs_cam_core/src/adaptive/search.rs:594:19: warning: casting `f64` to `usize` may truncate the value
crates/rs_cam_core/src/adaptive/search.rs:594:19: warning: casting `f64` to `usize` may lose the sign of the value
crates/rs_cam_core/src/adaptive/search.rs:596:14: warning: casting `usize` to `f64` may cause a loss of precision (`usize` can be up to 64 bits wide depending on the target architecture, but `f64`'s mantissa is only 52 bits wide)
crates/rs_cam_core/src/adaptive/search.rs:602:18: warning: multiply and add expressions may be calculated more efficiently and accurately: help: consider using: `(row as f64).mul_add(grid.cell_size, grid.origin_y)`
crates/rs_cam_core/src/adaptive/search.rs:602:34: warning: casting `usize` to `f64` may cause a loss of precision (`usize` can be up to 64 bits wide depending on the target architecture, but `f64`'s mantissa is only 52 bits wide)
crates/rs_cam_core/src/adaptive/search.rs:607:22: warning: multiply and add expressions may be calculated more efficiently and accurately: help: consider using: `(col as f64).mul_add(grid.cell_size, grid.origin_x)`
crates/rs_cam_core/src/adaptive/search.rs:607:38: warning: casting `usize` to `f64` may cause a loss of precision (`usize` can be up to 64 bits wide depending on the target architecture, but `f64`'s mantissa is only 52 bits wide)
crates/rs_cam_core/src/adaptive/search.rs:615:24: warning: multiply and add expressions may be calculated more efficiently and accurately: help: consider using: `dy.mul_add(dy, dx * dx)`
crates/rs_cam_core/src/adaptive/search.rs:648:19: warning: hypotenuse can be computed more accurately: help: consider using: `dx.hypot(dy)`
crates/rs_cam_core/src/adaptive/search.rs:653:25: warning: casting `f64` to `usize` may truncate the value
crates/rs_cam_core/src/adaptive/search.rs:653:25: warning: casting `f64` to `usize` may lose the sign of the value
crates/rs_cam_core/src/adaptive/search.rs:655:21: warning: casting `usize` to `f64` may cause a loss of precision (`usize` can be up to 64 bits wide depending on the target architecture, but `f64`'s mantissa is only 52 bits wide)
crates/rs_cam_core/src/adaptive/search.rs:655:32: warning: casting `usize` to `f64` may cause a loss of precision (`usize` can be up to 64 bits wide depending on the target architecture, but `f64`'s mantissa is only 52 bits wide)
crates/rs_cam_core/src/adaptive/search.rs:691:1: warning: pub(crate) function inside private module
crates/rs_cam_core/src/adaptive/search.rs:720:30: warning: casting `i32` to `usize` may lose the sign of the value
crates/rs_cam_core/src/adaptive/search.rs:720:31: warning: casting `usize` to `i32` may truncate the value on targets with 64-bit wide pointers
crates/rs_cam_core/src/adaptive/search.rs:720:31: warning: casting `usize` to `i32` may wrap around the value on targets with 32-bit wide pointers
crates/rs_cam_core/src/adaptive/search.rs:721:30: warning: casting `i32` to `usize` may lose the sign of the value
crates/rs_cam_core/src/adaptive/search.rs:721:31: warning: casting `usize` to `i32` may truncate the value on targets with 64-bit wide pointers
crates/rs_cam_core/src/adaptive/search.rs:721:31: warning: casting `usize` to `i32` may wrap around the value on targets with 32-bit wide pointers
crates/rs_cam_core/src/adaptive/search.rs:732:22: warning: multiply and add expressions may be calculated more efficiently and accurately: help: consider using: `(col as f64).mul_add(grid.cell_size, grid.origin_x)`
crates/rs_cam_core/src/adaptive/search.rs:732:38: warning: casting `usize` to `f64` may cause a loss of precision (`usize` can be up to 64 bits wide depending on the target architecture, but `f64`'s mantissa is only 52 bits wide)
crates/rs_cam_core/src/adaptive/search.rs:733:22: warning: multiply and add expressions may be calculated more efficiently and accurately: help: consider using: `(row as f64).mul_add(grid.cell_size, grid.origin_y)`
crates/rs_cam_core/src/adaptive/search.rs:733:38: warning: casting `usize` to `f64` may cause a loss of precision (`usize` can be up to 64 bits wide depending on the target architecture, but `f64`'s mantissa is only 52 bits wide)
crates/rs_cam_core/src/adaptive/search.rs:751:1: warning: pub(crate) function inside private module
crates/rs_cam_core/src/adaptive/search.rs:787:35: warning: casting `usize` to `f64` may cause a loss of precision (`usize` can be up to 64 bits wide depending on the target architecture, but `f64`'s mantissa is only 52 bits wide)
crates/rs_cam_core/src/adaptive/search.rs:788:35: warning: casting `usize` to `f64` may cause a loss of precision (`usize` can be up to 64 bits wide depending on the target architecture, but `f64`'s mantissa is only 52 bits wide)
crates/rs_cam_core/src/adaptive/search.rs:792:20: warning: unnecessary boolean `not` operation
crates/rs_cam_core/src/adaptive/search.rs:809:17: warning: casting `f64` to `i32` may truncate the value
crates/rs_cam_core/src/adaptive/search.rs:811:17: warning: multiply and add expressions may be calculated more efficiently and accurately: help: consider using: `(ri as f64).mul_add(step, my)`
crates/rs_cam_core/src/adaptive/search.rs:811:22: warning: casts from `i32` to `f64` can be expressed infallibly using `From`
crates/rs_cam_core/src/adaptive/search.rs:813:21: warning: multiply and add expressions may be calculated more efficiently and accurately: help: consider using: `(ci as f64).mul_add(step, mx)`
crates/rs_cam_core/src/adaptive/search.rs:813:26: warning: casts from `i32` to `f64` can be expressed infallibly using `From`
crates/rs_cam_core/src/adaptive/search.rs:819:32: warning: multiply and add expressions may be calculated more efficiently and accurately: help: consider using: `dy.mul_add(dy, dx * dx)`
crates/rs_cam_core/src/adaptive/spiral.rs:55:1: warning: this function has too many lines (114/100)
crates/rs_cam_core/src/adaptive/spiral.rs:97:21: warning: multiply and add expressions may be calculated more efficiently and accurately: help: consider using: `(col as f64).mul_add(cell, grid.origin_x)`
crates/rs_cam_core/src/adaptive/spiral.rs:97:37: warning: casting `usize` to `f64` may cause a loss of precision (`usize` can be up to 64 bits wide depending on the target architecture, but `f64`'s mantissa is only 52 bits wide)
crates/rs_cam_core/src/adaptive/spiral.rs:98:21: warning: multiply and add expressions may be calculated more efficiently and accurately: help: consider using: `(row as f64).mul_add(cell, grid.origin_y)`
crates/rs_cam_core/src/adaptive/spiral.rs:98:37: warning: casting `usize` to `f64` may cause a loss of precision (`usize` can be up to 64 bits wide depending on the target architecture, but `f64`'s mantissa is only 52 bits wide)
crates/rs_cam_core/src/adaptive/spiral.rs:115:11: warning: while condition comparing floats
crates/rs_cam_core/src/adaptive/spiral.rs:182:17: warning: hypotenuse can be computed more accurately: help: consider using: `dx.hypot(dy)`
crates/rs_cam_core/src/adaptive/spiral.rs:268:22: warning: casts from `i32` to `f64` can be expressed infallibly using `From`
crates/rs_cam_core/src/adaptive/spiral.rs:272:13: warning: multiply and add expressions may be calculated more efficiently and accurately: help: consider using: `dx.mul_add(loop_radius, p.x)`
crates/rs_cam_core/src/adaptive/spiral.rs:273:13: warning: multiply and add expressions may be calculated more efficiently and accurately: help: consider using: `dy.mul_add(loop_radius, p.y)`
crates/rs_cam_core/src/adaptive/spiral.rs:288:9: warning: multiply and add expressions may be calculated more efficiently and accurately: help: consider using: `best_dir.0.mul_add(loop_radius, p.x)`
crates/rs_cam_core/src/adaptive/spiral.rs:289:9: warning: multiply and add expressions may be calculated more efficiently and accurately: help: consider using: `best_dir.1.mul_add(loop_radius, p.y)`
crates/rs_cam_core/src/adaptive/spiral.rs:294:21: warning: multiply and add expressions may be calculated more efficiently and accurately: help: consider using: `(i as f64 / n as f64).mul_add(std::f64::consts::TAU, theta0)`
crates/rs_cam_core/src/adaptive/spiral.rs:294:31: warning: casts from `i32` to `f64` can be expressed infallibly using `From`
crates/rs_cam_core/src/adaptive/spiral.rs:294:42: warning: casts from `i32` to `f64` can be expressed infallibly using `From`
crates/rs_cam_core/src/adaptive/spiral.rs:296:13: warning: multiply and add expressions may be calculated more efficiently and accurately: help: consider using: `loop_radius.mul_add(theta.cos(), center.x)`
crates/rs_cam_core/src/adaptive/spiral.rs:297:13: warning: multiply and add expressions may be calculated more efficiently and accurately: help: consider using: `loop_radius.mul_add(theta.sin(), center.y)`
crates/rs_cam_core/src/adaptive/spiral.rs:362:19: warning: hypotenuse can be computed more accurately: help: consider using: `dx.hypot(dy)`
crates/rs_cam_core/src/adaptive/spiral.rs:367:15: warning: while condition comparing floats
crates/rs_cam_core/src/adaptive/spiral.rs:369:30: warning: multiply and add expressions may be calculated more efficiently and accurately: help: consider using: `t.mul_add(dx, a.x)`
crates/rs_cam_core/src/adaptive/spiral.rs:369:44: warning: multiply and add expressions may be calculated more efficiently and accurately: help: consider using: `t.mul_add(dy, a.y)`
crates/rs_cam_core/src/adaptive/spiral.rs:384:17: warning: multiply and add expressions may be calculated more efficiently and accurately: help: consider using: `dy.mul_add(dy, dx * dx)`
crates/rs_cam_core/src/adaptive3d/clearing.rs:63:5: warning: casting `f64` to `i64` may truncate the value
crates/rs_cam_core/src/adaptive3d/clearing.rs:217:34: warning: casting `usize` to `i32` may truncate the value on targets with 64-bit wide pointers
crates/rs_cam_core/src/adaptive3d/clearing.rs:217:34: warning: casting `usize` to `i32` may wrap around the value on targets with 32-bit wide pointers
crates/rs_cam_core/src/adaptive3d/clearing.rs:218:34: warning: casting `usize` to `i32` may truncate the value on targets with 64-bit wide pointers
crates/rs_cam_core/src/adaptive3d/clearing.rs:218:34: warning: casting `usize` to `i32` may wrap around the value on targets with 32-bit wide pointers
crates/rs_cam_core/src/adaptive3d/clearing.rs:219:44: warning: casting `usize` to `i32` may truncate the value on targets with 64-bit wide pointers
crates/rs_cam_core/src/adaptive3d/clearing.rs:219:44: warning: casting `usize` to `i32` may wrap around the value on targets with 32-bit wide pointers
crates/rs_cam_core/src/adaptive3d/clearing.rs:219:75: warning: casting `usize` to `i32` may truncate the value on targets with 64-bit wide pointers
crates/rs_cam_core/src/adaptive3d/clearing.rs:219:75: warning: casting `usize` to `i32` may wrap around the value on targets with 32-bit wide pointers
crates/rs_cam_core/src/adaptive3d/clearing.rs:222:34: warning: casting `i32` to `usize` may lose the sign of the value
crates/rs_cam_core/src/adaptive3d/clearing.rs:223:34: warning: casting `i32` to `usize` may lose the sign of the value
crates/rs_cam_core/src/adaptive3d/clearing.rs:240:34: warning: multiply and add expressions may be calculated more efficiently and accurately: help: consider using: `(cmin as f64).mul_add(cs, material_stock.z_grid.origin_u)`
crates/rs_cam_core/src/adaptive3d/clearing.rs:240:67: warning: casting `usize` to `f64` may cause a loss of precision (`usize` can be up to 64 bits wide depending on the target architecture, but `f64`'s mantissa is only 52 bits wide)
crates/rs_cam_core/src/adaptive3d/clearing.rs:241:34: warning: multiply and add expressions may be calculated more efficiently and accurately: help: consider using: `(cmax as f64).mul_add(cs, material_stock.z_grid.origin_u)`
crates/rs_cam_core/src/adaptive3d/clearing.rs:241:67: warning: casting `usize` to `f64` may cause a loss of precision (`usize` can be up to 64 bits wide depending on the target architecture, but `f64`'s mantissa is only 52 bits wide)
crates/rs_cam_core/src/adaptive3d/clearing.rs:242:34: warning: multiply and add expressions may be calculated more efficiently and accurately: help: consider using: `(rmin as f64).mul_add(cs, material_stock.z_grid.origin_v)`
crates/rs_cam_core/src/adaptive3d/clearing.rs:242:67: warning: casting `usize` to `f64` may cause a loss of precision (`usize` can be up to 64 bits wide depending on the target architecture, but `f64`'s mantissa is only 52 bits wide)
crates/rs_cam_core/src/adaptive3d/clearing.rs:243:34: warning: multiply and add expressions may be calculated more efficiently and accurately: help: consider using: `(rmax as f64).mul_add(cs, material_stock.z_grid.origin_v)`
crates/rs_cam_core/src/adaptive3d/clearing.rs:243:67: warning: casting `usize` to `f64` may cause a loss of precision (`usize` can be up to 64 bits wide depending on the target architecture, but `f64`'s mantissa is only 52 bits wide)
crates/rs_cam_core/src/adaptive3d/clearing.rs:486:1: warning: it is more idiomatic to use `Option<&T>` instead of `&Option<T>`
crates/rs_cam_core/src/adaptive3d/clearing.rs:646:1: warning: this function has too many lines (255/100)
crates/rs_cam_core/src/adaptive3d/clearing.rs:659:21: warning: use Option::map_or_else instead of an if let/else: help: try: `region.map_or_else(|| material_remaining_at_level(material_stock, surface_hm, z_level, ctx.stock_to_leave), |r| material_remaining_in_region(material_stock, surface_hm, z_level, ctx.stock_to_leave, r))`
crates/rs_cam_core/src/adaptive3d/clearing.rs:729:11: warning: while condition comparing floats
crates/rs_cam_core/src/adaptive3d/clearing.rs:815:21: warning: hypotenuse can be computed more accurately: help: consider using: `dx.hypot(dy)`
crates/rs_cam_core/src/adaptive3d/clearing.rs:890:22: warning: multiply and add expressions may be calculated more efficiently and accurately: help: consider using: `(col as f64).mul_add(c_cs, co_x)`
crates/rs_cam_core/src/adaptive3d/clearing.rs:890:29: warning: casting `usize` to `f64` may cause a loss of precision (`usize` can be up to 64 bits wide depending on the target architecture, but `f64`'s mantissa is only 52 bits wide)
crates/rs_cam_core/src/adaptive3d/clearing.rs:891:22: warning: multiply and add expressions may be calculated more efficiently and accurately: help: consider using: `(row as f64).mul_add(c_cs, co_y)`
crates/rs_cam_core/src/adaptive3d/clearing.rs:891:29: warning: casting `usize` to `f64` may cause a loss of precision (`usize` can be up to 64 bits wide depending on the target architecture, but `f64`'s mantissa is only 52 bits wide)
crates/rs_cam_core/src/adaptive3d/clearing.rs:933:34: warning: multiply and add expressions may be calculated more efficiently and accurately: help: consider using: `(c as f64).mul_add(c_cs, co_x)`
crates/rs_cam_core/src/adaptive3d/clearing.rs:933:41: warning: casting `usize` to `f64` may cause a loss of precision (`usize` can be up to 64 bits wide depending on the target architecture, but `f64`'s mantissa is only 52 bits wide)
crates/rs_cam_core/src/adaptive3d/clearing.rs:934:34: warning: multiply and add expressions may be calculated more efficiently and accurately: help: consider using: `(row as f64).mul_add(c_cs, co_y)`
crates/rs_cam_core/src/adaptive3d/clearing.rs:934:41: warning: casting `usize` to `f64` may cause a loss of precision (`usize` can be up to 64 bits wide depending on the target architecture, but `f64`'s mantissa is only 52 bits wide)
crates/rs_cam_core/src/adaptive3d/clearing.rs:949:30: warning: multiply and add expressions may be calculated more efficiently and accurately: help: consider using: `(c as f64).mul_add(c_cs, co_x)`
crates/rs_cam_core/src/adaptive3d/clearing.rs:949:37: warning: casting `usize` to `f64` may cause a loss of precision (`usize` can be up to 64 bits wide depending on the target architecture, but `f64`'s mantissa is only 52 bits wide)
crates/rs_cam_core/src/adaptive3d/clearing.rs:950:30: warning: multiply and add expressions may be calculated more efficiently and accurately: help: consider using: `(row as f64).mul_add(c_cs, co_y)`
crates/rs_cam_core/src/adaptive3d/clearing.rs:950:37: warning: casting `usize` to `f64` may cause a loss of precision (`usize` can be up to 64 bits wide depending on the target architecture, but `f64`'s mantissa is only 52 bits wide)
crates/rs_cam_core/src/adaptive3d/clearing.rs:1018:1: warning: this function has too many lines (124/100)
crates/rs_cam_core/src/adaptive3d/clearing.rs:1030:21: warning: use Option::map_or_else instead of an if let/else: help: try: `region.map_or_else(|| material_remaining_at_level(material_stock, surface_hm, z_level, ctx.stock_to_leave), |r| material_remaining_in_region(material_stock, surface_hm, z_level, ctx.stock_to_leave, r))`
crates/rs_cam_core/src/adaptive3d/clearing.rs:1063:20: warning: casting `f64` to `usize` may truncate the value
crates/rs_cam_core/src/adaptive3d/clearing.rs:1063:20: warning: casting `f64` to `usize` may lose the sign of the value
crates/rs_cam_core/src/adaptive3d/clearing.rs:1102:11: warning: while condition comparing floats
crates/rs_cam_core/src/adaptive3d/clearing.rs:1145:21: warning: hypotenuse can be computed more accurately: help: consider using: `dx.hypot(dy)`
crates/rs_cam_core/src/adaptive3d/clearing.rs:1232:13: warning: variables can be used directly in the `format!` string
crates/rs_cam_core/src/adaptive3d/clearing.rs:1286:23: warning: hypotenuse can be computed more accurately: help: consider using: `dx.hypot(dy)`
crates/rs_cam_core/src/adaptive3d/clearing.rs:1287:27: warning: casting `f64` to `usize` may truncate the value
crates/rs_cam_core/src/adaptive3d/clearing.rs:1287:27: warning: casting `f64` to `usize` may lose the sign of the value
crates/rs_cam_core/src/adaptive3d/clearing.rs:1289:25: warning: casting `usize` to `f64` may cause a loss of precision (`usize` can be up to 64 bits wide depending on the target architecture, but `f64`'s mantissa is only 52 bits wide)
crates/rs_cam_core/src/adaptive3d/clearing.rs:1289:36: warning: casting `usize` to `f64` may cause a loss of precision (`usize` can be up to 64 bits wide depending on the target architecture, but `f64`'s mantissa is only 52 bits wide)
crates/rs_cam_core/src/adaptive3d/clearing.rs:1313:21: warning: casting `u128` to `u64` may truncate the value
crates/rs_cam_core/src/adaptive3d/clearing.rs:1326:39: warning: casting `usize` to `f64` may cause a loss of precision (`usize` can be up to 64 bits wide depending on the target architecture, but `f64`'s mantissa is only 52 bits wide)
crates/rs_cam_core/src/adaptive3d/clearing.rs:1327:37: warning: casts from `u32` to `f64` can be expressed infallibly using `From`
crates/rs_cam_core/src/adaptive3d/clearing.rs:1350:13: warning: casting `usize` to `f64` may cause a loss of precision (`usize` can be up to 64 bits wide depending on the target architecture, but `f64`'s mantissa is only 52 bits wide)
crates/rs_cam_core/src/adaptive3d/clearing.rs:1406:16: warning: multiply and add expressions may be calculated more efficiently and accurately: help: consider using: `b.x.mul_add(-a.y, a.x * b.y)`
crates/rs_cam_core/src/adaptive3d/clearing.rs:1463:1: warning: this function has too many lines (713/100)
crates/rs_cam_core/src/adaptive3d/clearing.rs:1478:21: warning: use Option::map_or_else instead of an if let/else: help: try: `region.map_or_else(|| material_remaining_at_level(material_stock, surface_hm, z_level, ctx.stock_to_leave), |r| material_remaining_in_region(material_stock, surface_hm, z_level, ctx.stock_to_leave, r))`
crates/rs_cam_core/src/adaptive3d/clearing.rs:1488:21: warning: use Option::map_or_else instead of an if let/else
crates/rs_cam_core/src/adaptive3d/clearing.rs:1494:13: warning: variables can be used directly in the `format!` string
crates/rs_cam_core/src/adaptive3d/clearing.rs:1502:46: warning: redundant closure: help: replace the closure with the method itself: `super::super::debug_trace::ToolpathDebugScope::context`
crates/rs_cam_core/src/adaptive3d/clearing.rs:1616:21: warning: called `map(<f>).unwrap_or(<a>)` on an `Option` value
crates/rs_cam_core/src/adaptive3d/clearing.rs:1685:43: warning: casting `usize` to `f64` may cause a loss of precision (`usize` can be up to 64 bits wide depending on the target architecture, but `f64`'s mantissa is only 52 bits wide)
crates/rs_cam_core/src/adaptive3d/clearing.rs:1817:9: warning: adding items after statements is confusing, since items exist from the start of the scope
crates/rs_cam_core/src/adaptive3d/clearing.rs:1948:9: warning: adding items after statements is confusing, since items exist from the start of the scope
crates/rs_cam_core/src/adaptive3d/clearing.rs:1949:9: warning: adding items after statements is confusing, since items exist from the start of the scope
crates/rs_cam_core/src/adaptive3d/clearing.rs:1844:37: warning: use Option::map_or instead of an if let/else
crates/rs_cam_core/src/adaptive3d/clearing.rs:1899:37: warning: use Option::map_or instead of an if let/else
crates/rs_cam_core/src/adaptive3d/clearing.rs:1950:33: warning: unnecessary boolean `not` operation
crates/rs_cam_core/src/adaptive3d/clearing.rs:1993:39: warning: redundant closure: help: replace the closure with the method itself: `super::super::debug_trace::ToolpathDebugScope::context`
crates/rs_cam_core/src/adaptive3d/clearing.rs:2141:21: warning: adding items after statements is confusing, since items exist from the start of the scope
crates/rs_cam_core/src/adaptive3d/clearing.rs:2233:21: warning: adding items after statements is confusing, since items exist from the start of the scope
crates/rs_cam_core/src/adaptive3d/clearing.rs:2234:21: warning: adding items after statements is confusing, since items exist from the start of the scope
crates/rs_cam_core/src/adaptive3d/clearing.rs:2144:34: warning: use Option::map_or instead of an if let/else: help: try: `sample_stock_top_at(material_stock, p.x, p.y).map_or(false, |top| top > p.z + AIR_THRESHOLD_MM)`
crates/rs_cam_core/src/adaptive3d/clearing.rs:2178:47: warning: hypotenuse can be computed more accurately: help: consider using: `dx.hypot(dy)`
crates/rs_cam_core/src/adaptive3d/clearing.rs:2188:47: warning: hypotenuse can be computed more accurately: help: consider using: `dx.hypot(dy)`
crates/rs_cam_core/src/adaptive3d/clearing.rs:2244:39: warning: hypotenuse can be computed more accurately: help: consider using: `dx.hypot(dy)`
crates/rs_cam_core/src/adaptive3d/clearing.rs:2282:53: warning: use Option::map_or instead of an if let/else
crates/rs_cam_core/src/adaptive3d/clearing.rs:2309:49: warning: use Option::map_or instead of an if let/else
crates/rs_cam_core/src/adaptive3d/clearing.rs:2355:45: warning: use Option::map_or instead of an if let/else
crates/rs_cam_core/src/adaptive3d/clearing.rs:2386:37: warning: use Option::map_or instead of an if let/else
crates/rs_cam_core/src/adaptive3d/clearing.rs:2416:37: warning: use Option::map_or instead of an if let/else
crates/rs_cam_core/src/adaptive3d/clearing.rs:2477:43: warning: casts from `u32` to `f64` can be expressed infallibly using `From`
crates/rs_cam_core/src/adaptive3d/clearing.rs:2486:57: warning: casting `usize` to `f64` may cause a loss of precision (`usize` can be up to 64 bits wide depending on the target architecture, but `f64`'s mantissa is only 52 bits wide)
crates/rs_cam_core/src/adaptive3d/clearing.rs:2487:53: warning: casting `usize` to `f64` may cause a loss of precision (`usize` can be up to 64 bits wide depending on the target architecture, but `f64`'s mantissa is only 52 bits wide)
crates/rs_cam_core/src/adaptive3d/clearing.rs:2505:17: warning: called `map(<f>).unwrap_or(<a>)` on an `Option` value
crates/rs_cam_core/src/adaptive3d/clearing.rs:2582:13: warning: hypotenuse can be computed more accurately: help: consider using: `dx.hypot(dy)`
crates/rs_cam_core/src/adaptive3d/path.rs:87:11: warning: while condition comparing floats
crates/rs_cam_core/src/adaptive3d/path.rs:163:41: warning: multiply and add expressions may be calculated more efficiently and accurately: help: consider using: `dz.mul_add(dz, dx * dx + dy * dy)`
crates/rs_cam_core/src/adaptive3d/path.rs:163:42: warning: multiply and add expressions may be calculated more efficiently and accurately: help: consider using: `dy.mul_add(dy, dx * dx)`
crates/rs_cam_core/src/adaptive3d/path.rs:237:1: warning: this function has too many lines (631/100)
crates/rs_cam_core/src/adaptive3d/path.rs:277:30: warning: you seem to be trying to use `match` for destructuring a single pattern. Consider using `if let`
crates/rs_cam_core/src/adaptive3d/path.rs:277:30: warning: use Option::map_or_else instead of an if let/else
crates/rs_cam_core/src/adaptive3d/path.rs:330:22: warning: casting `u128` to `u64` may truncate the value
crates/rs_cam_core/src/adaptive3d/path.rs:336:35: warning: casting `usize` to `f64` may cause a loss of precision (`usize` can be up to 64 bits wide depending on the target architecture, but `f64`'s mantissa is only 52 bits wide)
crates/rs_cam_core/src/adaptive3d/path.rs:337:35: warning: casting `usize` to `f64` may cause a loss of precision (`usize` can be up to 64 bits wide depending on the target architecture, but `f64`'s mantissa is only 52 bits wide)
crates/rs_cam_core/src/adaptive3d/path.rs:426:25: warning: casting `f64` to `f32` may truncate the value
crates/rs_cam_core/src/adaptive3d/path.rs:426:69: warning: casting `f64` to `f32` may truncate the value
crates/rs_cam_core/src/adaptive3d/path.rs:438:36: warning: casts from `u32` to `f64` can be expressed infallibly using `From`
crates/rs_cam_core/src/adaptive3d/path.rs:467:33: warning: casting `f64` to `f32` may truncate the value
crates/rs_cam_core/src/adaptive3d/path.rs:467:77: warning: casting `f64` to `f32` may truncate the value
crates/rs_cam_core/src/adaptive3d/path.rs:492:11: warning: while condition comparing floats
crates/rs_cam_core/src/adaptive3d/path.rs:516:26: warning: casting `f64` to `usize` may truncate the value
crates/rs_cam_core/src/adaptive3d/path.rs:516:26: warning: casting `f64` to `usize` may lose the sign of the value
crates/rs_cam_core/src/adaptive3d/path.rs:519:27: warning: casting `f64` to `usize` may truncate the value
crates/rs_cam_core/src/adaptive3d/path.rs:519:27: warning: casting `f64` to `usize` may lose the sign of the value
crates/rs_cam_core/src/adaptive3d/path.rs:525:29: warning: casting `f64` to `u32` may truncate the value
crates/rs_cam_core/src/adaptive3d/path.rs:525:29: warning: casting `f64` to `u32` may lose the sign of the value
crates/rs_cam_core/src/adaptive3d/path.rs:525:30: warning: casting `usize` to `f64` may cause a loss of precision (`usize` can be up to 64 bits wide depending on the target architecture, but `f64`'s mantissa is only 52 bits wide)
crates/rs_cam_core/src/adaptive3d/path.rs:529:34: warning: multiply and add expressions may be calculated more efficiently and accurately: help: consider using: `(i as f64 + 0.5).mul_add(bin_size, z_min_surf)`
crates/rs_cam_core/src/adaptive3d/path.rs:529:48: warning: casting `usize` to `f64` may cause a loss of precision (`usize` can be up to 64 bits wide depending on the target architecture, but `f64`'s mantissa is only 52 bits wide)
crates/rs_cam_core/src/adaptive3d/path.rs:565:19: warning: while condition comparing floats
crates/rs_cam_core/src/adaptive3d/path.rs:565:24: warning: multiply and add expressions may be calculated more efficiently and accurately: help: consider using: `fine_step.mul_add(0.5, z_bot)`
crates/rs_cam_core/src/adaptive3d/path.rs:590:36: warning: casting `usize` to `f64` may cause a loss of precision (`usize` can be up to 64 bits wide depending on the target architecture, but `f64`'s mantissa is only 52 bits wide)
crates/rs_cam_core/src/adaptive3d/path.rs:685:46: warning: casting `usize` to `f64` may cause a loss of precision (`usize` can be up to 64 bits wide depending on the target architecture, but `f64`'s mantissa is only 52 bits wide)
crates/rs_cam_core/src/adaptive3d/path.rs:732:59: warning: casting `usize` to `f64` may cause a loss of precision (`usize` can be up to 64 bits wide depending on the target architecture, but `f64`'s mantissa is only 52 bits wide)
crates/rs_cam_core/src/adaptive3d/path.rs:740:64: warning: casting `u64` to `f64` may cause a loss of precision (`u64` is 64 bits wide, but `f64`'s mantissa is only 52 bits wide)
crates/rs_cam_core/src/adaptive3d/path.rs:741:63: warning: casting `u64` to `f64` may cause a loss of precision (`u64` is 64 bits wide, but `f64`'s mantissa is only 52 bits wide)
crates/rs_cam_core/src/adaptive3d/path.rs:742:69: warning: casting `u64` to `f64` may cause a loss of precision (`u64` is 64 bits wide, but `f64`'s mantissa is only 52 bits wide)
crates/rs_cam_core/src/adaptive3d/path.rs:745:29: warning: casting `u64` to `f64` may cause a loss of precision (`u64` is 64 bits wide, but `f64`'s mantissa is only 52 bits wide)
crates/rs_cam_core/src/adaptive3d/path.rs:802:31: warning: while condition comparing floats
crates/rs_cam_core/src/adaptive3d/path.rs:821:67: warning: casting `u64` to `f64` may cause a loss of precision (`u64` is 64 bits wide, but `f64`'s mantissa is only 52 bits wide)
crates/rs_cam_core/src/adaptive3d/path.rs:822:69: warning: casting `u64` to `f64` may cause a loss of precision (`u64` is 64 bits wide, but `f64`'s mantissa is only 52 bits wide)
crates/rs_cam_core/src/adaptive3d/path.rs:823:68: warning: casting `u64` to `f64` may cause a loss of precision (`u64` is 64 bits wide, but `f64`'s mantissa is only 52 bits wide)
crates/rs_cam_core/src/adaptive3d/path.rs:825:70: warning: casting `u64` to `f64` may cause a loss of precision (`u64` is 64 bits wide, but `f64`'s mantissa is only 52 bits wide)
crates/rs_cam_core/src/adaptive3d/path.rs:835:29: warning: casting `u64` to `f64` may cause a loss of precision (`u64` is 64 bits wide, but `f64`'s mantissa is only 52 bits wide)
crates/rs_cam_core/src/adaptive3d/path.rs:890:60: warning: casting `u64` to `f64` may cause a loss of precision (`u64` is 64 bits wide, but `f64`'s mantissa is only 52 bits wide)
crates/rs_cam_core/src/adaptive3d/path.rs:891:59: warning: casting `u64` to `f64` may cause a loss of precision (`u64` is 64 bits wide, but `f64`'s mantissa is only 52 bits wide)
crates/rs_cam_core/src/adaptive3d/path.rs:892:65: warning: casting `u64` to `f64` may cause a loss of precision (`u64` is 64 bits wide, but `f64`'s mantissa is only 52 bits wide)
crates/rs_cam_core/src/adaptive3d/path.rs:893:68: warning: casting `u64` to `f64` may cause a loss of precision (`u64` is 64 bits wide, but `f64`'s mantissa is only 52 bits wide)
crates/rs_cam_core/src/adaptive3d/path.rs:946:27: warning: while condition comparing floats
crates/rs_cam_core/src/adaptive3d/path.rs:965:63: warning: casting `u64` to `f64` may cause a loss of precision (`u64` is 64 bits wide, but `f64`'s mantissa is only 52 bits wide)
crates/rs_cam_core/src/adaptive3d/path.rs:966:65: warning: casting `u64` to `f64` may cause a loss of precision (`u64` is 64 bits wide, but `f64`'s mantissa is only 52 bits wide)
crates/rs_cam_core/src/adaptive3d/path.rs:967:64: warning: casting `u64` to `f64` may cause a loss of precision (`u64` is 64 bits wide, but `f64`'s mantissa is only 52 bits wide)
crates/rs_cam_core/src/adaptive3d/path.rs:969:66: warning: casting `u64` to `f64` may cause a loss of precision (`u64` is 64 bits wide, but `f64`'s mantissa is only 52 bits wide)
crates/rs_cam_core/src/adaptive3d/path.rs:979:25: warning: casting `u64` to `f64` may cause a loss of precision (`u64` is 64 bits wide, but `f64`'s mantissa is only 52 bits wide)
crates/rs_cam_core/src/adaptive3d/path.rs:1050:17: warning: casting `usize` to `f64` may cause a loss of precision (`usize` can be up to 64 bits wide depending on the target architecture, but `f64`'s mantissa is only 52 bits wide)
crates/rs_cam_core/src/adaptive3d/path.rs:1050:28: warning: casting `usize` to `f64` may cause a loss of precision (`usize` can be up to 64 bits wide depending on the target architecture, but `f64`'s mantissa is only 52 bits wide)
crates/rs_cam_core/src/adaptive3d/path.rs:1130:5: warning: adding items after statements is confusing, since items exist from the start of the scope
crates/rs_cam_core/src/adaptive3d/path.rs:1099:19: warning: hypotenuse can be computed more accurately: help: consider using: `dx.hypot(dy)`
crates/rs_cam_core/src/adaptive3d/path.rs:1227:24: warning: hypotenuse can be computed more accurately: help: consider using: `dx.hypot(dy)`
crates/rs_cam_core/src/adaptive3d/path.rs:1228:21: warning: casting `f64` to `usize` may truncate the value
crates/rs_cam_core/src/adaptive3d/path.rs:1228:21: warning: casting `f64` to `usize` may lose the sign of the value
crates/rs_cam_core/src/adaptive3d/path.rs:1230:25: warning: casting `usize` to `f64` may cause a loss of precision (`usize` can be up to 64 bits wide depending on the target architecture, but `f64`'s mantissa is only 52 bits wide)
crates/rs_cam_core/src/adaptive3d/path.rs:1230:36: warning: casting `usize` to `f64` may cause a loss of precision (`usize` can be up to 64 bits wide depending on the target architecture, but `f64`'s mantissa is only 52 bits wide)
crates/rs_cam_core/src/adaptive3d/path.rs:1238:1: warning: this function has too many lines (311/100)
crates/rs_cam_core/src/adaptive3d/path.rs:1423:18: warning: unnecessary semicolon: help: remove
crates/rs_cam_core/src/adaptive3d/path.rs:1588:18: warning: unnecessary semicolon: help: remove
crates/rs_cam_core/src/adaptive3d/search.rs:75:9: warning: casting `u64` to `f64` may cause a loss of precision (`u64` is 64 bits wide, but `f64`'s mantissa is only 52 bits wide)
crates/rs_cam_core/src/adaptive3d/search.rs:75:43: warning: casting `u64` to `f64` may cause a loss of precision (`u64` is 64 bits wide, but `f64`'s mantissa is only 52 bits wide)
crates/rs_cam_core/src/adaptive3d/search.rs:94:13: warning: casting `u64` to `f64` may cause a loss of precision (`u64` is 64 bits wide, but `f64`'s mantissa is only 52 bits wide)
crates/rs_cam_core/src/adaptive3d/search.rs:94:47: warning: casting `u64` to `f64` may cause a loss of precision (`u64` is 64 bits wide, but `f64`'s mantissa is only 52 bits wide)
crates/rs_cam_core/src/adaptive3d/search.rs:199:15: warning: hypotenuse can be computed more accurately: help: consider using: `dx.hypot(dy)`
crates/rs_cam_core/src/adaptive3d/search.rs:205:21: warning: casting `f64` to `usize` may truncate the value
crates/rs_cam_core/src/adaptive3d/search.rs:205:21: warning: casting `f64` to `usize` may lose the sign of the value
crates/rs_cam_core/src/adaptive3d/search.rs:210:17: warning: casting `usize` to `f64` may cause a loss of precision (`usize` can be up to 64 bits wide depending on the target architecture, but `f64`'s mantissa is only 52 bits wide)
crates/rs_cam_core/src/adaptive3d/search.rs:210:28: warning: casting `usize` to `f64` may cause a loss of precision (`usize` can be up to 64 bits wide depending on the target architecture, but `f64`'s mantissa is only 52 bits wide)
crates/rs_cam_core/src/adaptive3d/search.rs:230:21: warning: casts from `u32` to `f64` can be expressed infallibly using `From`
crates/rs_cam_core/src/adaptive3d/search.rs:230:36: warning: casting `usize` to `f64` may cause a loss of precision (`usize` can be up to 64 bits wide depending on the target architecture, but `f64`'s mantissa is only 52 bits wide)
crates/rs_cam_core/src/adaptive3d/search.rs:281:26: warning: multiply and add expressions may be calculated more efficiently and accurately: help: consider using: `dy.mul_add(dy, dx * dx)`
crates/rs_cam_core/src/adaptive3d/search.rs:286:13: warning: multiply and add expressions may be calculated more efficiently and accurately: help: consider using: `(y - a.y).mul_add(dy, (x - a.x) * dx)`
crates/rs_cam_core/src/adaptive3d/search.rs:292:23: warning: multiply and add expressions may be calculated more efficiently and accurately: help: consider using: `(y - py).mul_add(y - py, (x - px) * (x - px))`
crates/rs_cam_core/src/adaptive3d/mod.rs:236:5: warning: called `map(<f>).unwrap_or(<a>)` on an `Option` value
crates/rs_cam_core/src/adaptive3d/mod.rs:237:18: warning: casts from `f32` to `f64` can be expressed infallibly using `From`
crates/rs_cam_core/src/adaptive3d/mod.rs:251:26: warning: casts from `f32` to `f64` can be expressed infallibly using `From`
crates/rs_cam_core/src/adaptive3d/mod.rs:349:18: warning: variables can be used directly in the `format!` string
crates/rs_cam_core/src/adaptive3d/mod.rs:358:18: warning: variables can be used directly in the `format!` string
crates/rs_cam_core/src/adaptive_shared.rs:16:1: warning: first doc comment paragraph is too long
crates/rs_cam_core/src/adaptive_shared.rs:55:11: warning: while condition comparing floats
crates/rs_cam_core/src/adaptive_shared.rs:58:11: warning: while condition comparing floats
crates/rs_cam_core/src/adaptive_shared.rs:134:22: warning: hypotenuse can be computed more accurately: help: consider using: `ba_x.hypot(ba_y)`
crates/rs_cam_core/src/adaptive_shared.rs:135:22: warning: hypotenuse can be computed more accurately: help: consider using: `bc_x.hypot(bc_y)`
crates/rs_cam_core/src/adaptive_shared.rs:142:24: warning: multiply and add expressions may be calculated more efficiently and accurately: help: consider using: `ba_y.mul_add(bc_y, ba_x * bc_x)`
crates/rs_cam_core/src/adaptive_shared.rs:158:26: warning: multiply and add expressions may be calculated more efficiently and accurately: help: consider using: `(ba_x / ba_len).mul_add(setback, b.x)`
crates/rs_cam_core/src/adaptive_shared.rs:158:57: warning: multiply and add expressions may be calculated more efficiently and accurately: help: consider using: `(ba_y / ba_len).mul_add(setback, b.y)`
crates/rs_cam_core/src/adaptive_shared.rs:159:26: warning: multiply and add expressions may be calculated more efficiently and accurately: help: consider using: `(bc_x / bc_len).mul_add(setback, b.x)`
crates/rs_cam_core/src/adaptive_shared.rs:159:57: warning: multiply and add expressions may be calculated more efficiently and accurately: help: consider using: `(bc_y / bc_len).mul_add(setback, b.y)`
crates/rs_cam_core/src/adaptive_shared.rs:163:23: warning: hypotenuse can be computed more accurately: help: consider using: `bis_x.hypot(bis_y)`
crates/rs_cam_core/src/adaptive_shared.rs:169:22: warning: multiply and add expressions may be calculated more efficiently and accurately: help: consider using: `(bis_x / bis_len).mul_add(center_dist, b.x)`
crates/rs_cam_core/src/adaptive_shared.rs:170:22: warning: multiply and add expressions may be calculated more efficiently and accurately: help: consider using: `(bis_y / bis_len).mul_add(center_dist, b.y)`
crates/rs_cam_core/src/adaptive_shared.rs:224:22: warning: hypotenuse can be computed more accurately: help: consider using: `ba_x.hypot(ba_y)`
crates/rs_cam_core/src/adaptive_shared.rs:225:22: warning: hypotenuse can be computed more accurately: help: consider using: `bc_x.hypot(bc_y)`
crates/rs_cam_core/src/adaptive_shared.rs:232:24: warning: multiply and add expressions may be calculated more efficiently and accurately: help: consider using: `ba_y.mul_add(bc_y, ba_x * bc_x)`
crates/rs_cam_core/src/adaptive_shared.rs:248:26: warning: multiply and add expressions may be calculated more efficiently and accurately: help: consider using: `(ba_x / ba_len).mul_add(setback, b.x)`
crates/rs_cam_core/src/adaptive_shared.rs:248:57: warning: multiply and add expressions may be calculated more efficiently and accurately: help: consider using: `(ba_y / ba_len).mul_add(setback, b.y)`
crates/rs_cam_core/src/adaptive_shared.rs:249:26: warning: multiply and add expressions may be calculated more efficiently and accurately: help: consider using: `(bc_x / bc_len).mul_add(setback, b.x)`
crates/rs_cam_core/src/adaptive_shared.rs:249:57: warning: multiply and add expressions may be calculated more efficiently and accurately: help: consider using: `(bc_y / bc_len).mul_add(setback, b.y)`
crates/rs_cam_core/src/adaptive_shared.rs:253:23: warning: hypotenuse can be computed more accurately: help: consider using: `bis_x.hypot(bis_y)`
crates/rs_cam_core/src/adaptive_shared.rs:259:22: warning: multiply and add expressions may be calculated more efficiently and accurately: help: consider using: `(bis_x / bis_len).mul_add(center_dist, b.x)`
crates/rs_cam_core/src/adaptive_shared.rs:260:22: warning: multiply and add expressions may be calculated more efficiently and accurately: help: consider using: `(bis_y / bis_len).mul_add(center_dist, b.y)`
crates/rs_cam_core/src/adaptive_shared.rs:273:21: warning: casting `f64` to `usize` may truncate the value
crates/rs_cam_core/src/adaptive_shared.rs:273:21: warning: casting `f64` to `usize` may lose the sign of the value
crates/rs_cam_core/src/adaptive_shared.rs:276:21: warning: casting `usize` to `f64` may cause a loss of precision (`usize` can be up to 64 bits wide depending on the target architecture, but `f64`'s mantissa is only 52 bits wide)
crates/rs_cam_core/src/adaptive_shared.rs:276:32: warning: casting `usize` to `f64` may cause a loss of precision (`usize` can be up to 64 bits wide depending on the target architecture, but `f64`'s mantissa is only 52 bits wide)
crates/rs_cam_core/src/adaptive_shared.rs:279:17: warning: multiply and add expressions may be calculated more efficiently and accurately: help: consider using: `min_radius.mul_add(angle.cos(), arc_cx)`
crates/rs_cam_core/src/adaptive_shared.rs:280:17: warning: multiply and add expressions may be calculated more efficiently and accurately: help: consider using: `min_radius.mul_add(angle.sin(), arc_cy)`
crates/rs_cam_core/src/arc_util.rs:60:5: warning: adding items after statements is confusing, since items exist from the start of the scope
crates/rs_cam_core/src/arc_util.rs:39:13: warning: hypotenuse can be computed more accurately: help: consider using: `i.hypot(j)`
crates/rs_cam_core/src/arc_util.rs:61:19: warning: casting `f64` to `usize` may truncate the value
crates/rs_cam_core/src/arc_util.rs:61:19: warning: casting `f64` to `usize` may lose the sign of the value
crates/rs_cam_core/src/arc_util.rs:66:17: warning: casting `usize` to `f64` may cause a loss of precision (`usize` can be up to 64 bits wide depending on the target architecture, but `f64`'s mantissa is only 52 bits wide)
crates/rs_cam_core/src/arc_util.rs:66:28: warning: casting `usize` to `f64` may cause a loss of precision (`usize` can be up to 64 bits wide depending on the target architecture, but `f64`'s mantissa is only 52 bits wide)
crates/rs_cam_core/src/arc_util.rs:73:17: warning: multiply and add expressions may be calculated more efficiently and accurately: help: consider using: `r.mul_add(cos_a, cx)`
crates/rs_cam_core/src/arc_util.rs:74:17: warning: multiply and add expressions may be calculated more efficiently and accurately: help: consider using: `r.mul_add(sin_a, cy)`
crates/rs_cam_core/src/arcfit.rs:75:1: warning: this function has too many lines (159/100)
crates/rs_cam_core/src/arcfit.rs:323:1: warning: this function has too many lines (130/100)
crates/rs_cam_core/src/arcfit.rs:364:17: warning: manual implementation of `midpoint` which can overflow: help: use `f64::midpoint` instead: `f64::midpoint(p_start.x, p_end.x)`
crates/rs_cam_core/src/arcfit.rs:365:17: warning: manual implementation of `midpoint` which can overflow: help: use `f64::midpoint` instead: `f64::midpoint(p_start.y, p_end.y)`
crates/rs_cam_core/src/arcfit.rs:368:24: warning: multiply and add expressions may be calculated more efficiently and accurately: help: consider using: `chord_dy.mul_add(chord_dy, chord_dx * chord_dx)`
crates/rs_cam_core/src/arcfit.rs:389:18: warning: hypotenuse can be computed more accurately: help: consider using: `r_dx.hypot(r_dy)`
crates/rs_cam_core/src/arcfit.rs:414:20: warning: hypotenuse can be computed more accurately: help: consider using: `ddx.hypot(ddy)`
crates/rs_cam_core/src/arcfit.rs:435:24: warning: multiply and add expressions may be calculated more efficiently and accurately: help: consider using: `dy.mul_add(dy, dx * dx)`
crates/rs_cam_core/src/arcfit.rs:456:17: warning: multiply and add expressions may be calculated more efficiently and accurately: help: consider using: `dy1.mul_add(-dx2, dx1 * dy2)`
crates/rs_cam_core/src/arcfit.rs:486:25: warning: hypotenuse can be computed more accurately: help: consider using: `(q.x - p.x).hypot(q.y - p.y)`
crates/rs_cam_core/src/arcfit.rs:492:19: warning: while condition comparing floats
crates/rs_cam_core/src/arcfit.rs:505:63: warning: multiply and add expressions may be calculated more efficiently and accurately: help: consider using: `0.5f64.mul_add(poly_len, tolerance)`
crates/rs_cam_core/src/arcfit.rs:553:34: warning: multiply and add expressions may be calculated more efficiently and accurately: help: consider using: `(z_end - z_start).mul_add(frac, z_start)`
crates/rs_cam_core/src/arcfit.rs:569:13: warning: casting `usize` to `f64` may cause a loss of precision (`usize` can be up to 64 bits wide depending on the target architecture, but `f64`'s mantissa is only 52 bits wide)
crates/rs_cam_core/src/arcfit.rs:593:9: warning: multiply and add expressions may be calculated more efficiently and accurately: help: consider using: `sxy = x.mul_add(y, sxy)`
crates/rs_cam_core/src/arcfit.rs:594:9: warning: multiply and add expressions may be calculated more efficiently and accurately: help: consider using: `sx3 = x2.mul_add(x, sx3)`
crates/rs_cam_core/src/arcfit.rs:595:9: warning: multiply and add expressions may be calculated more efficiently and accurately: help: consider using: `sy3 = y2.mul_add(y, sy3)`
crates/rs_cam_core/src/arcfit.rs:596:9: warning: multiply and add expressions may be calculated more efficiently and accurately: help: consider using: `sx2y = x2.mul_add(y, sx2y)`
crates/rs_cam_core/src/arcfit.rs:597:9: warning: multiply and add expressions may be calculated more efficiently and accurately: help: consider using: `sxy2 = x.mul_add(y2, sxy2)`
crates/rs_cam_core/src/arcfit.rs:619:16: warning: multiply and add expressions may be calculated more efficiently and accurately: help: consider using: `(2.0 * cy).mul_add(-sy, sx2 + sy2 - 2.0 * cx * sx)`
crates/rs_cam_core/src/arcfit.rs:619:17: warning: multiply and add expressions may be calculated more efficiently and accurately: help: consider using: `(2.0 * cx).mul_add(-sx, sx2 + sy2)`
crates/rs_cam_core/src/arcfit.rs:642:21: warning: multiply and add expressions may be calculated more efficiently and accurately: help: consider using: `ay.mul_add(-bx, ax * by)`
crates/rs_cam_core/src/arcfit.rs:647:16: warning: multiply and add expressions may be calculated more efficiently and accurately: help: consider using: `ay.mul_add(ay, ax * ax)`
crates/rs_cam_core/src/arcfit.rs:648:16: warning: multiply and add expressions may be calculated more efficiently and accurately: help: consider using: `by.mul_add(by, bx * bx)`
crates/rs_cam_core/src/arcfit.rs:650:19: warning: multiply and add expressions may be calculated more efficiently and accurately: help: consider using: `b_sq.mul_add(-ay, a_sq * by)`
crates/rs_cam_core/src/arcfit.rs:651:19: warning: multiply and add expressions may be calculated more efficiently and accurately: help: consider using: `a_sq.mul_add(-bx, b_sq * ax)`
crates/rs_cam_core/src/arcfit.rs:654:18: warning: hypotenuse can be computed more accurately: help: consider using: `rdx.hypot(rdy)`
crates/rs_cam_core/src/artifact_io.rs:24:1: warning: pub(crate) function inside private module
crates/rs_cam_core/src/artifact_io.rs:52:1: warning: pub(crate) function inside private module
crates/rs_cam_core/src/boundary.rs:130:5: warning: use Option::map_or_else instead of an if let/else: help: try: `crate::polygon::largest_by_area(&offset_polys).map_or_else(|| UserOffsetOutcome::Collapsed, |largest| UserOffsetOutcome::Resolved(largest.clone()))`
crates/rs_cam_core/src/boundary.rs:426:1: warning: this could be a `const fn`
crates/rs_cam_core/src/boundary.rs:429:9: warning: these match arms have identical bodies
crates/rs_cam_core/src/boundary.rs:465:14: warning: casting `f64` to `usize` may truncate the value
crates/rs_cam_core/src/boundary.rs:465:14: warning: casting `f64` to `usize` may lose the sign of the value
crates/rs_cam_core/src/boundary.rs:466:14: warning: casting `f64` to `usize` may truncate the value
crates/rs_cam_core/src/boundary.rs:466:14: warning: casting `f64` to `usize` may lose the sign of the value
crates/rs_cam_core/src/boundary.rs:515:18: warning: casting `f64` to `usize` may truncate the value
crates/rs_cam_core/src/boundary.rs:515:18: warning: casting `f64` to `usize` may lose the sign of the value
crates/rs_cam_core/src/boundary.rs:516:18: warning: casting `f64` to `usize` may truncate the value
crates/rs_cam_core/src/boundary.rs:516:18: warning: casting `f64` to `usize` may lose the sign of the value
crates/rs_cam_core/src/boundary.rs:519:17: warning: casting `usize` to `f64` may cause a loss of precision (`usize` can be up to 64 bits wide depending on the target architecture, but `f64`'s mantissa is only 52 bits wide)
crates/rs_cam_core/src/boundary.rs:535:27: warning: casting `f64` to `usize` may truncate the value
crates/rs_cam_core/src/boundary.rs:535:27: warning: casting `f64` to `usize` may lose the sign of the value
crates/rs_cam_core/src/boundary.rs:547:22: warning: casting `f64` to `usize` may truncate the value
crates/rs_cam_core/src/boundary.rs:547:22: warning: casting `f64` to `usize` may lose the sign of the value
crates/rs_cam_core/src/boundary.rs:548:22: warning: casting `f64` to `usize` may truncate the value
crates/rs_cam_core/src/boundary.rs:548:22: warning: casting `f64` to `usize` may lose the sign of the value
crates/rs_cam_core/src/boundary.rs:580:5: warning: adding items after statements is confusing, since items exist from the start of the scope
crates/rs_cam_core/src/boundary.rs:581:5: warning: adding items after statements is confusing, since items exist from the start of the scope
crates/rs_cam_core/src/boundary.rs:634:25: warning: multiply and add expressions may be calculated more efficiently and accurately: help: consider using: `(col as f64 + 0.5).mul_add(cell, x_min)`
crates/rs_cam_core/src/boundary.rs:634:34: warning: casting `usize` to `f64` may cause a loss of precision (`usize` can be up to 64 bits wide depending on the target architecture, but `f64`'s mantissa is only 52 bits wide)
crates/rs_cam_core/src/boundary.rs:634:60: warning: multiply and add expressions may be calculated more efficiently and accurately: help: consider using: `(row as f64).mul_add(cell, y_min)`
crates/rs_cam_core/src/boundary.rs:634:68: warning: casting `usize` to `f64` may cause a loss of precision (`usize` can be up to 64 bits wide depending on the target architecture, but `f64`'s mantissa is only 52 bits wide)
crates/rs_cam_core/src/boundary.rs:638:25: warning: multiply and add expressions may be calculated more efficiently and accurately: help: consider using: `(col as f64).mul_add(cell, x_min)`
crates/rs_cam_core/src/boundary.rs:638:33: warning: casting `usize` to `f64` may cause a loss of precision (`usize` can be up to 64 bits wide depending on the target architecture, but `f64`'s mantissa is only 52 bits wide)
crates/rs_cam_core/src/boundary.rs:638:52: warning: multiply and add expressions may be calculated more efficiently and accurately: help: consider using: `(row as f64 + 0.5).mul_add(cell, y_min)`
crates/rs_cam_core/src/boundary.rs:638:61: warning: casting `usize` to `f64` may cause a loss of precision (`usize` can be up to 64 bits wide depending on the target architecture, but `f64`'s mantissa is only 52 bits wide)
crates/rs_cam_core/src/boundary.rs:645:41: warning: avoid using `collect()` when not needed: help: remove this call
crates/rs_cam_core/src/classify_probe.rs:214:20: warning: casting `f64` to `usize` may truncate the value
crates/rs_cam_core/src/classify_probe.rs:214:20: warning: casting `f64` to `usize` may lose the sign of the value
crates/rs_cam_core/src/classify_probe.rs:215:20: warning: casting `f64` to `usize` may truncate the value
crates/rs_cam_core/src/classify_probe.rs:215:20: warning: casting `f64` to `usize` may lose the sign of the value
crates/rs_cam_core/src/classify_probe.rs:237:13: warning: multiply and add expressions may be calculated more efficiently and accurately: help: consider using: `(col as f64).mul_add(self.cell_size, self.origin_x)`
crates/rs_cam_core/src/classify_probe.rs:237:29: warning: casting `usize` to `f64` may cause a loss of precision (`usize` can be up to 64 bits wide depending on the target architecture, but `f64`'s mantissa is only 52 bits wide)
crates/rs_cam_core/src/classify_probe.rs:238:13: warning: multiply and add expressions may be calculated more efficiently and accurately: help: consider using: `(row as f64).mul_add(self.cell_size, self.origin_y)`
crates/rs_cam_core/src/classify_probe.rs:238:29: warning: casting `usize` to `f64` may cause a loss of precision (`usize` can be up to 64 bits wide depending on the target architecture, but `f64`'s mantissa is only 52 bits wide)
crates/rs_cam_core/src/classify_probe.rs:438:23: warning: casting `f64` to `usize` may truncate the value
crates/rs_cam_core/src/classify_probe.rs:438:23: warning: casting `f64` to `usize` may lose the sign of the value
crates/rs_cam_core/src/classify_probe.rs:439:22: warning: casting `f64` to `usize` may truncate the value
crates/rs_cam_core/src/classify_probe.rs:439:22: warning: casting `f64` to `usize` may lose the sign of the value
crates/rs_cam_core/src/classify_probe.rs:440:23: warning: casting `f64` to `usize` may truncate the value
crates/rs_cam_core/src/classify_probe.rs:440:23: warning: casting `f64` to `usize` may lose the sign of the value
crates/rs_cam_core/src/classify_probe.rs:441:22: warning: casting `f64` to `usize` may truncate the value
crates/rs_cam_core/src/classify_probe.rs:441:22: warning: casting `f64` to `usize` may lose the sign of the value
crates/rs_cam_core/src/classify_probe.rs:446:21: warning: multiply and add expressions may be calculated more efficiently and accurately: help: consider using: `(row as f64).mul_add(spec.cell_size, spec.origin_y)`
crates/rs_cam_core/src/classify_probe.rs:446:37: warning: casting `usize` to `f64` may cause a loss of precision (`usize` can be up to 64 bits wide depending on the target architecture, but `f64`'s mantissa is only 52 bits wide)
crates/rs_cam_core/src/classify_probe.rs:449:25: warning: multiply and add expressions may be calculated more efficiently and accurately: help: consider using: `(col as f64).mul_add(spec.cell_size, spec.origin_x)`
crates/rs_cam_core/src/classify_probe.rs:449:41: warning: casting `usize` to `f64` may cause a loss of precision (`usize` can be up to 64 bits wide depending on the target architecture, but `f64`'s mantissa is only 52 bits wide)
crates/rs_cam_core/src/classify_probe.rs:580:20: warning: multiply and add expressions may be calculated more efficiently and accurately: help: consider using: `(col0 as f64).mul_add(spec.cell_size, spec.origin_x)`
crates/rs_cam_core/src/classify_probe.rs:580:36: warning: casting `usize` to `f64` may cause a loss of precision (`usize` can be up to 64 bits wide depending on the target architecture, but `f64`'s mantissa is only 52 bits wide)
crates/rs_cam_core/src/classify_probe.rs:581:20: warning: multiply and add expressions may be calculated more efficiently and accurately: help: consider using: `((col1 - 1) as f64).mul_add(spec.cell_size, spec.origin_x)`
crates/rs_cam_core/src/classify_probe.rs:581:36: warning: casting `usize` to `f64` may cause a loss of precision (`usize` can be up to 64 bits wide depending on the target architecture, but `f64`'s mantissa is only 52 bits wide)
crates/rs_cam_core/src/classify_probe.rs:582:20: warning: multiply and add expressions may be calculated more efficiently and accurately: help: consider using: `(row0 as f64).mul_add(spec.cell_size, spec.origin_y)`
crates/rs_cam_core/src/classify_probe.rs:582:36: warning: casting `usize` to `f64` may cause a loss of precision (`usize` can be up to 64 bits wide depending on the target architecture, but `f64`'s mantissa is only 52 bits wide)
crates/rs_cam_core/src/classify_probe.rs:583:20: warning: multiply and add expressions may be calculated more efficiently and accurately: help: consider using: `((row1 - 1) as f64).mul_add(spec.cell_size, spec.origin_y)`
crates/rs_cam_core/src/classify_probe.rs:583:36: warning: casting `usize` to `f64` may cause a loss of precision (`usize` can be up to 64 bits wide depending on the target architecture, but `f64`'s mantissa is only 52 bits wide)
crates/rs_cam_core/src/classify_probe.rs:584:18: warning: manual implementation of `midpoint` which can overflow: help: use `f64::midpoint` instead: `f64::midpoint(x_lo, x_hi)`
crates/rs_cam_core/src/classify_probe.rs:585:18: warning: manual implementation of `midpoint` which can overflow: help: use `f64::midpoint` instead: `f64::midpoint(y_lo, y_hi)`
crates/rs_cam_core/src/collision.rs:35:5: warning: this could be a `const fn`
crates/rs_cam_core/src/collision.rs:156:5: warning: this could be a `const fn`
crates/rs_cam_core/src/collision.rs:191:5: warning: use Option::map_or_else instead of an if let/else
crates/rs_cam_core/src/collision.rs:300:16: warning: multiply and add expressions may be calculated more efficiently and accurately: help: consider using: `dz.mul_add(dz, dx * dx + dy * dy)`
crates/rs_cam_core/src/collision.rs:300:17: warning: multiply and add expressions may be calculated more efficiently and accurately: help: consider using: `dy.mul_add(dy, dx * dx)`
crates/rs_cam_core/src/collision.rs:301:19: warning: casting `f64` to `usize` may truncate the value
crates/rs_cam_core/src/collision.rs:301:19: warning: casting `f64` to `usize` may lose the sign of the value
crates/rs_cam_core/src/collision.rs:305:21: warning: casting `usize` to `f64` may cause a loss of precision (`usize` can be up to 64 bits wide depending on the target architecture, but `f64`'s mantissa is only 52 bits wide)
crates/rs_cam_core/src/collision.rs:305:32: warning: casting `usize` to `f64` may cause a loss of precision (`usize` can be up to 64 bits wide depending on the target architecture, but `f64`'s mantissa is only 52 bits wide)
crates/rs_cam_core/src/collision.rs:306:30: warning: multiply and add expressions may be calculated more efficiently and accurately: help: consider using: `t.mul_add(dx, prev.x)`
crates/rs_cam_core/src/collision.rs:306:47: warning: multiply and add expressions may be calculated more efficiently and accurately: help: consider using: `t.mul_add(dy, prev.y)`
crates/rs_cam_core/src/collision.rs:306:64: warning: multiply and add expressions may be calculated more efficiently and accurately: help: consider using: `t.mul_add(dz, prev.z)`
crates/rs_cam_core/src/collision.rs:319:5: warning: hypotenuse can be computed more accurately: help: consider using: `dx.hypot(dy)`
crates/rs_cam_core/src/collision.rs:479:26: warning: multiply and add expressions may be calculated more efficiently and accurately: help: consider using: `dy.mul_add(dy, dx * dx)`
crates/rs_cam_core/src/collision.rs:499:20: warning: multiply and add expressions may be calculated more efficiently and accurately: help: consider using: `dyk.mul_add(dyk, dxk * dxk)`
crates/rs_cam_core/src/collision.rs:519:20: warning: multiply and add expressions may be calculated more efficiently and accurately: help: consider using: `dz.mul_add(dz, dx * dx + dy * dy)`
crates/rs_cam_core/src/collision.rs:519:21: warning: multiply and add expressions may be calculated more efficiently and accurately: help: consider using: `dy.mul_add(dy, dx * dx)`
crates/rs_cam_core/src/collision.rs:520:23: warning: casting `f64` to `usize` may truncate the value
crates/rs_cam_core/src/collision.rs:520:23: warning: casting `f64` to `usize` may lose the sign of the value
crates/rs_cam_core/src/collision.rs:524:21: warning: casting `usize` to `f64` may cause a loss of precision (`usize` can be up to 64 bits wide depending on the target architecture, but `f64`'s mantissa is only 52 bits wide)
crates/rs_cam_core/src/collision.rs:524:35: warning: casting `usize` to `f64` may cause a loss of precision (`usize` can be up to 64 bits wide depending on the target architecture, but `f64`'s mantissa is only 52 bits wide)
crates/rs_cam_core/src/collision.rs:638:26: warning: multiply and add expressions may be calculated more efficiently and accurately: help: consider using: `dy.mul_add(dy, dx * dx)`
crates/rs_cam_core/src/collision.rs:644:20: warning: multiply and add expressions may be calculated more efficiently and accurately: help: consider using: `dz.mul_add(dz, xy_dist_sq)`
crates/rs_cam_core/src/collision.rs:645:23: warning: casting `f64` to `usize` may truncate the value
crates/rs_cam_core/src/collision.rs:645:23: warning: casting `f64` to `usize` may lose the sign of the value
crates/rs_cam_core/src/collision.rs:647:21: warning: casting `usize` to `f64` may cause a loss of precision (`usize` can be up to 64 bits wide depending on the target architecture, but `f64`'s mantissa is only 52 bits wide)
crates/rs_cam_core/src/collision.rs:647:35: warning: casting `usize` to `f64` may cause a loss of precision (`usize` can be up to 64 bits wide depending on the target architecture, but `f64`'s mantissa is only 52 bits wide)
crates/rs_cam_core/src/compute/annotate.rs:217:1: warning: this function has too many lines (154/100)
crates/rs_cam_core/src/compute/catalog.rs:66:1: warning: more than 3 bools in a struct
crates/rs_cam_core/src/compute/catalog.rs:104:5: warning: more than 3 bools in function parameters
crates/rs_cam_core/src/compute/catalog.rs:118:5: warning: this could be a `const fn`
crates/rs_cam_core/src/compute/catalog.rs:122:5: warning: this could be a `const fn`
crates/rs_cam_core/src/compute/catalog.rs:128:5: warning: this could be a `const fn`
crates/rs_cam_core/src/compute/catalog.rs:239:13: warning: this could be a `const fn`
crates/rs_cam_core/src/compute/catalog.rs:269:25: warning: unnecessary structure name repetition: help: use the applicable keyword: `Self`
crates/rs_cam_core/src/compute/catalog.rs:270:9: warning: unnecessary structure name repetition: help: use the applicable keyword: `Self`
crates/rs_cam_core/src/compute/catalog.rs:271:9: warning: unnecessary structure name repetition: help: use the applicable keyword: `Self`
crates/rs_cam_core/src/compute/catalog.rs:272:9: warning: unnecessary structure name repetition: help: use the applicable keyword: `Self`
crates/rs_cam_core/src/compute/catalog.rs:273:9: warning: unnecessary structure name repetition: help: use the applicable keyword: `Self`
crates/rs_cam_core/src/compute/catalog.rs:274:9: warning: unnecessary structure name repetition: help: use the applicable keyword: `Self`
crates/rs_cam_core/src/compute/catalog.rs:275:9: warning: unnecessary structure name repetition: help: use the applicable keyword: `Self`
crates/rs_cam_core/src/compute/catalog.rs:276:9: warning: unnecessary structure name repetition: help: use the applicable keyword: `Self`
crates/rs_cam_core/src/compute/catalog.rs:277:9: warning: unnecessary structure name repetition: help: use the applicable keyword: `Self`
crates/rs_cam_core/src/compute/catalog.rs:278:9: warning: unnecessary structure name repetition: help: use the applicable keyword: `Self`
crates/rs_cam_core/src/compute/catalog.rs:279:9: warning: unnecessary structure name repetition: help: use the applicable keyword: `Self`
crates/rs_cam_core/src/compute/catalog.rs:280:9: warning: unnecessary structure name repetition: help: use the applicable keyword: `Self`
crates/rs_cam_core/src/compute/catalog.rs:283:25: warning: unnecessary structure name repetition: help: use the applicable keyword: `Self`
crates/rs_cam_core/src/compute/catalog.rs:284:9: warning: unnecessary structure name repetition: help: use the applicable keyword: `Self`
crates/rs_cam_core/src/compute/catalog.rs:285:9: warning: unnecessary structure name repetition: help: use the applicable keyword: `Self`
crates/rs_cam_core/src/compute/catalog.rs:286:9: warning: unnecessary structure name repetition: help: use the applicable keyword: `Self`
crates/rs_cam_core/src/compute/catalog.rs:287:9: warning: unnecessary structure name repetition: help: use the applicable keyword: `Self`
crates/rs_cam_core/src/compute/catalog.rs:288:9: warning: unnecessary structure name repetition: help: use the applicable keyword: `Self`
crates/rs_cam_core/src/compute/catalog.rs:289:9: warning: unnecessary structure name repetition: help: use the applicable keyword: `Self`
crates/rs_cam_core/src/compute/catalog.rs:290:9: warning: unnecessary structure name repetition: help: use the applicable keyword: `Self`
crates/rs_cam_core/src/compute/catalog.rs:291:9: warning: unnecessary structure name repetition: help: use the applicable keyword: `Self`
crates/rs_cam_core/src/compute/catalog.rs:292:9: warning: unnecessary structure name repetition: help: use the applicable keyword: `Self`
crates/rs_cam_core/src/compute/catalog.rs:293:9: warning: unnecessary structure name repetition: help: use the applicable keyword: `Self`
crates/rs_cam_core/src/compute/catalog.rs:294:9: warning: unnecessary structure name repetition: help: use the applicable keyword: `Self`
crates/rs_cam_core/src/compute/catalog.rs:295:9: warning: unnecessary structure name repetition: help: use the applicable keyword: `Self`
crates/rs_cam_core/src/compute/catalog.rs:311:13: warning: unnecessary structure name repetition: help: use the applicable keyword: `Self`
crates/rs_cam_core/src/compute/catalog.rs:312:13: warning: unnecessary structure name repetition: help: use the applicable keyword: `Self`
crates/rs_cam_core/src/compute/catalog.rs:313:13: warning: unnecessary structure name repetition: help: use the applicable keyword: `Self`
crates/rs_cam_core/src/compute/catalog.rs:314:13: warning: unnecessary structure name repetition: help: use the applicable keyword: `Self`
crates/rs_cam_core/src/compute/catalog.rs:315:13: warning: unnecessary structure name repetition: help: use the applicable keyword: `Self`
crates/rs_cam_core/src/compute/catalog.rs:316:13: warning: unnecessary structure name repetition: help: use the applicable keyword: `Self`
crates/rs_cam_core/src/compute/catalog.rs:317:13: warning: unnecessary structure name repetition: help: use the applicable keyword: `Self`
crates/rs_cam_core/src/compute/catalog.rs:318:13: warning: unnecessary structure name repetition: help: use the applicable keyword: `Self`
crates/rs_cam_core/src/compute/catalog.rs:319:13: warning: unnecessary structure name repetition: help: use the applicable keyword: `Self`
crates/rs_cam_core/src/compute/catalog.rs:320:13: warning: unnecessary structure name repetition: help: use the applicable keyword: `Self`
crates/rs_cam_core/src/compute/catalog.rs:321:13: warning: unnecessary structure name repetition: help: use the applicable keyword: `Self`
crates/rs_cam_core/src/compute/catalog.rs:322:13: warning: unnecessary structure name repetition: help: use the applicable keyword: `Self`
crates/rs_cam_core/src/compute/catalog.rs:323:13: warning: unnecessary structure name repetition: help: use the applicable keyword: `Self`
crates/rs_cam_core/src/compute/catalog.rs:324:13: warning: unnecessary structure name repetition: help: use the applicable keyword: `Self`
crates/rs_cam_core/src/compute/catalog.rs:325:13: warning: unnecessary structure name repetition: help: use the applicable keyword: `Self`
crates/rs_cam_core/src/compute/catalog.rs:326:13: warning: unnecessary structure name repetition: help: use the applicable keyword: `Self`
crates/rs_cam_core/src/compute/catalog.rs:327:13: warning: unnecessary structure name repetition: help: use the applicable keyword: `Self`
crates/rs_cam_core/src/compute/catalog.rs:328:13: warning: unnecessary structure name repetition: help: use the applicable keyword: `Self`
crates/rs_cam_core/src/compute/catalog.rs:329:13: warning: unnecessary structure name repetition: help: use the applicable keyword: `Self`
crates/rs_cam_core/src/compute/catalog.rs:330:13: warning: unnecessary structure name repetition: help: use the applicable keyword: `Self`
crates/rs_cam_core/src/compute/catalog.rs:331:13: warning: unnecessary structure name repetition: help: use the applicable keyword: `Self`
crates/rs_cam_core/src/compute/catalog.rs:332:13: warning: unnecessary structure name repetition: help: use the applicable keyword: `Self`
crates/rs_cam_core/src/compute/catalog.rs:333:13: warning: unnecessary structure name repetition: help: use the applicable keyword: `Self`
crates/rs_cam_core/src/compute/catalog.rs:334:13: warning: unnecessary structure name repetition: help: use the applicable keyword: `Self`
crates/rs_cam_core/src/compute/catalog.rs:338:5: warning: this could be a `const fn`
crates/rs_cam_core/src/compute/catalog.rs:368:5: warning: this could be a `const fn`
crates/rs_cam_core/src/compute/catalog.rs:407:5: warning: this could be a `const fn`
crates/rs_cam_core/src/compute/catalog.rs:418:5: warning: this could be a `const fn`
crates/rs_cam_core/src/compute/catalog.rs:456:5: warning: this could be a `const fn`
crates/rs_cam_core/src/compute/catalog.rs:460:5: warning: this could be a `const fn`
crates/rs_cam_core/src/compute/catalog.rs:498:13: warning: these match arms have identical bodies
crates/rs_cam_core/src/compute/catalog.rs:555:5: warning: this could be a `const fn`
crates/rs_cam_core/src/compute/catalog.rs:590:13: warning: these match arms have identical bodies
crates/rs_cam_core/src/compute/catalog.rs:628:5: warning: this could be a `const fn`
crates/rs_cam_core/src/compute/catalog.rs:640:13: warning: these match arms have identical bodies
crates/rs_cam_core/src/compute/catalog.rs:743:1: warning: first doc comment paragraph is too long
crates/rs_cam_core/src/compute/catalog.rs:780:5: warning: this could be a `const fn`
crates/rs_cam_core/src/compute/catalog.rs:782:13: warning: unnecessary structure name repetition: help: use the applicable keyword: `Self`
crates/rs_cam_core/src/compute/catalog.rs:783:15: warning: unnecessary structure name repetition: help: use the applicable keyword: `Self`
crates/rs_cam_core/src/compute/catalog.rs:784:15: warning: unnecessary structure name repetition: help: use the applicable keyword: `Self`
crates/rs_cam_core/src/compute/catalog.rs:785:15: warning: unnecessary structure name repetition: help: use the applicable keyword: `Self`
crates/rs_cam_core/src/compute/catalog.rs:786:15: warning: unnecessary structure name repetition: help: use the applicable keyword: `Self`
crates/rs_cam_core/src/compute/catalog.rs:787:15: warning: unnecessary structure name repetition: help: use the applicable keyword: `Self`
crates/rs_cam_core/src/compute/catalog.rs:788:15: warning: unnecessary structure name repetition: help: use the applicable keyword: `Self`
crates/rs_cam_core/src/compute/catalog.rs:789:15: warning: unnecessary structure name repetition: help: use the applicable keyword: `Self`
crates/rs_cam_core/src/compute/catalog.rs:790:15: warning: unnecessary structure name repetition: help: use the applicable keyword: `Self`
crates/rs_cam_core/src/compute/catalog.rs:791:15: warning: unnecessary structure name repetition: help: use the applicable keyword: `Self`
crates/rs_cam_core/src/compute/catalog.rs:792:15: warning: unnecessary structure name repetition: help: use the applicable keyword: `Self`
crates/rs_cam_core/src/compute/catalog.rs:793:15: warning: unnecessary structure name repetition: help: use the applicable keyword: `Self`
crates/rs_cam_core/src/compute/catalog.rs:794:15: warning: unnecessary structure name repetition: help: use the applicable keyword: `Self`
crates/rs_cam_core/src/compute/catalog.rs:795:15: warning: unnecessary structure name repetition: help: use the applicable keyword: `Self`
crates/rs_cam_core/src/compute/catalog.rs:797:13: warning: unnecessary structure name repetition: help: use the applicable keyword: `Self`
crates/rs_cam_core/src/compute/catalog.rs:797:46: warning: unnecessary structure name repetition: help: use the applicable keyword: `Self`
crates/rs_cam_core/src/compute/catalog.rs:798:13: warning: unnecessary structure name repetition: help: use the applicable keyword: `Self`
crates/rs_cam_core/src/compute/catalog.rs:799:13: warning: unnecessary structure name repetition: help: use the applicable keyword: `Self`
crates/rs_cam_core/src/compute/catalog.rs:800:13: warning: unnecessary structure name repetition: help: use the applicable keyword: `Self`
crates/rs_cam_core/src/compute/catalog.rs:801:13: warning: unnecessary structure name repetition: help: use the applicable keyword: `Self`
crates/rs_cam_core/src/compute/catalog.rs:802:13: warning: unnecessary structure name repetition: help: use the applicable keyword: `Self`
crates/rs_cam_core/src/compute/catalog.rs:803:13: warning: unnecessary structure name repetition: help: use the applicable keyword: `Self`
crates/rs_cam_core/src/compute/catalog.rs:804:13: warning: unnecessary structure name repetition: help: use the applicable keyword: `Self`
crates/rs_cam_core/src/compute/catalog.rs:805:13: warning: unnecessary structure name repetition: help: use the applicable keyword: `Self`
crates/rs_cam_core/src/compute/catalog.rs:817:5: warning: this could be a `const fn`
crates/rs_cam_core/src/compute/catalog.rs:852:13: warning: these match arms have identical bodies
crates/rs_cam_core/src/compute/catalog.rs:835:13: warning: unnecessary structure name repetition: help: use the applicable keyword: `Self`
crates/rs_cam_core/src/compute/catalog.rs:836:13: warning: unnecessary structure name repetition: help: use the applicable keyword: `Self`
crates/rs_cam_core/src/compute/catalog.rs:839:13: warning: unnecessary structure name repetition: help: use the applicable keyword: `Self`
crates/rs_cam_core/src/compute/catalog.rs:840:13: warning: unnecessary structure name repetition: help: use the applicable keyword: `Self`
crates/rs_cam_core/src/compute/catalog.rs:843:13: warning: unnecessary structure name repetition: help: use the applicable keyword: `Self`
crates/rs_cam_core/src/compute/catalog.rs:844:13: warning: unnecessary structure name repetition: help: use the applicable keyword: `Self`
crates/rs_cam_core/src/compute/catalog.rs:847:13: warning: unnecessary structure name repetition: help: use the applicable keyword: `Self`
crates/rs_cam_core/src/compute/catalog.rs:848:13: warning: unnecessary structure name repetition: help: use the applicable keyword: `Self`
crates/rs_cam_core/src/compute/catalog.rs:851:13: warning: unnecessary structure name repetition: help: use the applicable keyword: `Self`
crates/rs_cam_core/src/compute/catalog.rs:852:13: warning: unnecessary structure name repetition: help: use the applicable keyword: `Self`
crates/rs_cam_core/src/compute/catalog.rs:855:13: warning: unnecessary structure name repetition: help: use the applicable keyword: `Self`
crates/rs_cam_core/src/compute/catalog.rs:856:13: warning: unnecessary structure name repetition: help: use the applicable keyword: `Self`
crates/rs_cam_core/src/compute/catalog.rs:859:13: warning: unnecessary structure name repetition: help: use the applicable keyword: `Self`
crates/rs_cam_core/src/compute/catalog.rs:862:13: warning: unnecessary structure name repetition: help: use the applicable keyword: `Self`
crates/rs_cam_core/src/compute/catalog.rs:863:13: warning: unnecessary structure name repetition: help: use the applicable keyword: `Self`
crates/rs_cam_core/src/compute/catalog.rs:864:13: warning: unnecessary structure name repetition: help: use the applicable keyword: `Self`
crates/rs_cam_core/src/compute/catalog.rs:865:13: warning: unnecessary structure name repetition: help: use the applicable keyword: `Self`
crates/rs_cam_core/src/compute/catalog.rs:868:13: warning: unnecessary structure name repetition: help: use the applicable keyword: `Self`
crates/rs_cam_core/src/compute/catalog.rs:871:13: warning: unnecessary structure name repetition: help: use the applicable keyword: `Self`
crates/rs_cam_core/src/compute/catalog.rs:874:13: warning: unnecessary structure name repetition: help: use the applicable keyword: `Self`
crates/rs_cam_core/src/compute/catalog.rs:877:13: warning: unnecessary structure name repetition: help: use the applicable keyword: `Self`
crates/rs_cam_core/src/compute/catalog.rs:880:13: warning: unnecessary structure name repetition: help: use the applicable keyword: `Self`
crates/rs_cam_core/src/compute/catalog.rs:883:13: warning: unnecessary structure name repetition: help: use the applicable keyword: `Self`
crates/rs_cam_core/src/compute/catalog.rs:886:13: warning: unnecessary structure name repetition: help: use the applicable keyword: `Self`
crates/rs_cam_core/src/compute/catalog.rs:999:13: warning: unnecessary structure name repetition: help: use the applicable keyword: `Self`
crates/rs_cam_core/src/compute/catalog.rs:1320:18: warning: use Option::map_or_else instead of an if let/else: help: try: `self.max.map_or_else(String::new, |m| format!("<= {m}"))`
crates/rs_cam_core/src/compute/catalog.rs:1509:1: warning: first doc comment paragraph is too long
crates/rs_cam_core/src/compute/catalog.rs:2556:1: warning: this could be a `const fn`
crates/rs_cam_core/src/compute/catalog.rs:2564:1: warning: first doc comment paragraph is too long
crates/rs_cam_core/src/compute/catalog.rs:2598:5: warning: this could be a `const fn`
crates/rs_cam_core/src/compute/catalog.rs:2600:13: warning: unnecessary structure name repetition: help: use the applicable keyword: `Self`
crates/rs_cam_core/src/compute/catalog.rs:2604:13: warning: unnecessary structure name repetition: help: use the applicable keyword: `Self`
crates/rs_cam_core/src/compute/catalog.rs:2611:13: warning: unnecessary structure name repetition: help: use the applicable keyword: `Self`
crates/rs_cam_core/src/compute/catalog.rs:2615:13: warning: unnecessary structure name repetition: help: use the applicable keyword: `Self`
crates/rs_cam_core/src/compute/catalog.rs:2619:13: warning: unnecessary structure name repetition: help: use the applicable keyword: `Self`
crates/rs_cam_core/src/compute/catalog.rs:2623:13: warning: unnecessary structure name repetition: help: use the applicable keyword: `Self`
crates/rs_cam_core/src/compute/catalog.rs:2627:13: warning: unnecessary structure name repetition: help: use the applicable keyword: `Self`
crates/rs_cam_core/src/compute/catalog.rs:2633:13: warning: unnecessary structure name repetition: help: use the applicable keyword: `Self`
crates/rs_cam_core/src/compute/catalog.rs:2634:15: warning: unnecessary structure name repetition: help: use the applicable keyword: `Self`
crates/rs_cam_core/src/compute/catalog.rs:2635:15: warning: unnecessary structure name repetition: help: use the applicable keyword: `Self`
crates/rs_cam_core/src/compute/catalog.rs:2636:15: warning: unnecessary structure name repetition: help: use the applicable keyword: `Self`
crates/rs_cam_core/src/compute/catalog.rs:2637:15: warning: unnecessary structure name repetition: help: use the applicable keyword: `Self`
crates/rs_cam_core/src/compute/catalog.rs:2638:15: warning: unnecessary structure name repetition: help: use the applicable keyword: `Self`
crates/rs_cam_core/src/compute/catalog.rs:2639:15: warning: unnecessary structure name repetition: help: use the applicable keyword: `Self`
crates/rs_cam_core/src/compute/catalog.rs:2640:15: warning: unnecessary structure name repetition: help: use the applicable keyword: `Self`
crates/rs_cam_core/src/compute/catalog.rs:2641:15: warning: unnecessary structure name repetition: help: use the applicable keyword: `Self`
crates/rs_cam_core/src/compute/catalog.rs:2642:15: warning: unnecessary structure name repetition: help: use the applicable keyword: `Self`
crates/rs_cam_core/src/compute/catalog.rs:2643:15: warning: unnecessary structure name repetition: help: use the applicable keyword: `Self`
crates/rs_cam_core/src/compute/catalog.rs:2644:15: warning: unnecessary structure name repetition: help: use the applicable keyword: `Self`
crates/rs_cam_core/src/compute/catalog.rs:2645:15: warning: unnecessary structure name repetition: help: use the applicable keyword: `Self`
crates/rs_cam_core/src/compute/catalog.rs:2646:15: warning: unnecessary structure name repetition: help: use the applicable keyword: `Self`
crates/rs_cam_core/src/compute/catalog.rs:2647:15: warning: unnecessary structure name repetition: help: use the applicable keyword: `Self`
crates/rs_cam_core/src/compute/catalog.rs:2648:15: warning: unnecessary structure name repetition: help: use the applicable keyword: `Self`
crates/rs_cam_core/src/compute/catalog.rs:2649:15: warning: unnecessary structure name repetition: help: use the applicable keyword: `Self`
crates/rs_cam_core/src/compute/collision_check.rs:100:17: warning: casting `f64` to `f32` may truncate the value
crates/rs_cam_core/src/compute/collision_check.rs:101:17: warning: casting `f64` to `f32` may truncate the value
crates/rs_cam_core/src/compute/collision_check.rs:102:17: warning: casting `f64` to `f32` may truncate the value
crates/rs_cam_core/src/compute/config.rs:82:5: warning: this could be a `const fn`
crates/rs_cam_core/src/compute/config.rs:96:5: warning: this could be a `const fn`
crates/rs_cam_core/src/compute/config.rs:108:5: warning: this could be a `const fn`
crates/rs_cam_core/src/compute/config.rs:116:5: warning: this could be a `const fn`
crates/rs_cam_core/src/compute/config.rs:126:5: warning: this could be a `const fn`
crates/rs_cam_core/src/compute/config.rs:665:5: warning: this could be a `const fn`
crates/rs_cam_core/src/compute/config.rs:1112:5: warning: this could be a `const fn`
crates/rs_cam_core/src/compute/config.rs:1188:5: warning: this could be a `const fn`
crates/rs_cam_core/src/compute/config.rs:1201:1: warning: first doc comment paragraph is too long
crates/rs_cam_core/src/compute/config.rs:1254:22: warning: casting `usize` to `f64` may cause a loss of precision (`usize` can be up to 64 bits wide depending on the target architecture, but `f64`'s mantissa is only 52 bits wide)
crates/rs_cam_core/src/compute/config.rs:1254:52: warning: casting `usize` to `f64` may cause a loss of precision (`usize` can be up to 64 bits wide depending on the target architecture, but `f64`'s mantissa is only 52 bits wide)
crates/rs_cam_core/src/compute/config.rs:1376:1: warning: first doc comment paragraph is too long
crates/rs_cam_core/src/compute/config.rs:1401:1: warning: first doc comment paragraph is too long
crates/rs_cam_core/src/compute/config.rs:1436:1: warning: first doc comment paragraph is too long
crates/rs_cam_core/src/compute/config.rs:1512:22: warning: unnecessary structure name repetition: help: use the applicable keyword: `Self`
crates/rs_cam_core/src/compute/config.rs:1513:9: warning: unnecessary structure name repetition: help: use the applicable keyword: `Self`
crates/rs_cam_core/src/compute/config.rs:1514:9: warning: unnecessary structure name repetition: help: use the applicable keyword: `Self`
crates/rs_cam_core/src/compute/config.rs:1515:9: warning: unnecessary structure name repetition: help: use the applicable keyword: `Self`
crates/rs_cam_core/src/compute/config.rs:1516:9: warning: unnecessary structure name repetition: help: use the applicable keyword: `Self`
crates/rs_cam_core/src/compute/config.rs:1519:5: warning: this could be a `const fn`
crates/rs_cam_core/src/compute/config.rs:1521:13: warning: unnecessary structure name repetition: help: use the applicable keyword: `Self`
crates/rs_cam_core/src/compute/config.rs:1522:13: warning: unnecessary structure name repetition: help: use the applicable keyword: `Self`
crates/rs_cam_core/src/compute/config.rs:1523:13: warning: unnecessary structure name repetition: help: use the applicable keyword: `Self`
crates/rs_cam_core/src/compute/config.rs:1524:13: warning: unnecessary structure name repetition: help: use the applicable keyword: `Self`
crates/rs_cam_core/src/compute/config.rs:1531:13: warning: unnecessary structure name repetition: help: use the applicable keyword: `Self`
crates/rs_cam_core/src/compute/config.rs:1532:13: warning: unnecessary structure name repetition: help: use the applicable keyword: `Self`
crates/rs_cam_core/src/compute/config.rs:1533:13: warning: unnecessary structure name repetition: help: use the applicable keyword: `Self`
crates/rs_cam_core/src/compute/config.rs:1534:13: warning: unnecessary structure name repetition: help: use the applicable keyword: `Self`
crates/rs_cam_core/src/compute/config.rs:1588:13: warning: unnecessary structure name repetition: help: use the applicable keyword: `Self`
crates/rs_cam_core/src/compute/config.rs:1589:13: warning: unnecessary structure name repetition: help: use the applicable keyword: `Self`
crates/rs_cam_core/src/compute/config.rs:1590:13: warning: unnecessary structure name repetition: help: use the applicable keyword: `Self`
crates/rs_cam_core/src/compute/config.rs:1594:5: warning: this could be a `const fn`
crates/rs_cam_core/src/compute/config.rs:1595:24: warning: unnecessary structure name repetition: help: use the applicable keyword: `Self`
crates/rs_cam_core/src/compute/config.rs:1765:29: warning: unnecessary structure name repetition: help: use the applicable keyword: `Self`
crates/rs_cam_core/src/compute/config.rs:1766:11: warning: unnecessary structure name repetition: help: use the applicable keyword: `Self`
crates/rs_cam_core/src/compute/config.rs:1766:34: warning: unnecessary structure name repetition: help: use the applicable keyword: `Self`
crates/rs_cam_core/src/compute/config.rs:1768:5: warning: this could be a `const fn`
crates/rs_cam_core/src/compute/config.rs:1770:13: warning: unnecessary structure name repetition: help: use the applicable keyword: `Self`
crates/rs_cam_core/src/compute/config.rs:1771:13: warning: unnecessary structure name repetition: help: use the applicable keyword: `Self`
crates/rs_cam_core/src/compute/config.rs:1772:13: warning: unnecessary structure name repetition: help: use the applicable keyword: `Self`
crates/rs_cam_core/src/compute/config.rs:1773:13: warning: unnecessary structure name repetition: help: use the applicable keyword: `Self`
crates/rs_cam_core/src/compute/config.rs:1774:13: warning: unnecessary structure name repetition: help: use the applicable keyword: `Self`
crates/rs_cam_core/src/compute/config.rs:1775:13: warning: unnecessary structure name repetition: help: use the applicable keyword: `Self`
crates/rs_cam_core/src/compute/config.rs:1805:1: warning: first doc comment paragraph is too long
crates/rs_cam_core/src/compute/config.rs:1896:5: warning: this could be a `const fn`
crates/rs_cam_core/src/compute/config.rs:1922:1: warning: this could be a `const fn`
crates/rs_cam_core/src/compute/config.rs:1928:1: warning: more than 3 bools in a struct
crates/rs_cam_core/src/compute/execute.rs:459:1: warning: this could be a `const fn`
crates/rs_cam_core/src/compute/execute.rs:722:1: warning: first doc comment paragraph is too long
crates/rs_cam_core/src/compute/execute.rs:835:1: warning: first doc comment paragraph is too long
crates/rs_cam_core/src/compute/execute.rs:898:5: warning: use Option::map_or instead of an if let/else
crates/rs_cam_core/src/compute/execute.rs:958:1: warning: first doc comment paragraph is too long
crates/rs_cam_core/src/compute/execute.rs:970:1: warning: first doc comment paragraph is too long
crates/rs_cam_core/src/compute/execute.rs:1602:31: warning: use Option::map_or_else instead of an if let/else
crates/rs_cam_core/src/compute/execute.rs:1885:1: warning: this could be a `const fn`
crates/rs_cam_core/src/compute/execute.rs:1895:1: warning: this function has too many lines (114/100)
crates/rs_cam_core/src/compute/execute.rs:2575:1: warning: this function has too many lines (172/100)
crates/rs_cam_core/src/compute/execute.rs:3574:25: warning: use Option::map_or_else instead of an if let/else
crates/rs_cam_core/src/compute/execute.rs:3800:5: warning: use Option::map_or instead of an if let/else
crates/rs_cam_core/src/compute/execute.rs:3849:50: warning: redundant closure: help: replace the closure with the method itself: `super::super::debug_trace::ToolpathDebugScope::id`
crates/rs_cam_core/src/compute/execute.rs:3874:9: warning: you seem to be trying to use `match` for destructuring a single pattern. Consider using `if let`
crates/rs_cam_core/src/compute/execute.rs:3980:1: warning: this function has too many lines (348/100)
crates/rs_cam_core/src/compute/execute.rs:4499:5: warning: unnecessary boolean `not` operation
crates/rs_cam_core/src/compute/generated_empty.rs:136:5: warning: this could be a `const fn`
crates/rs_cam_core/src/compute/generated_empty.rs:186:1: warning: this could be a `const fn`
crates/rs_cam_core/src/compute/operation_configs.rs:697:1: warning: this could be a `const fn`
crates/rs_cam_core/src/compute/operation_configs.rs:705:1: warning: this could be a `const fn`
crates/rs_cam_core/src/compute/operation_configs.rs:757:1: warning: this could be a `const fn`
crates/rs_cam_core/src/compute/operation_configs.rs:761:1: warning: this could be a `const fn`
crates/rs_cam_core/src/compute/operation_configs.rs:765:1: warning: this could be a `const fn`
crates/rs_cam_core/src/compute/operation_configs.rs:769:1: warning: this could be a `const fn`
crates/rs_cam_core/src/compute/operation_configs.rs:773:1: warning: this could be a `const fn`
crates/rs_cam_core/src/compute/operation_configs.rs:1005:1: warning: this could be a `const fn`
crates/rs_cam_core/src/compute/operation_configs.rs:1028:1: warning: first doc comment paragraph is too long
crates/rs_cam_core/src/compute/operation_configs.rs:1334:1: warning: this could be a `const fn`
crates/rs_cam_core/src/compute/operation_configs.rs:1338:1: warning: this could be a `const fn`
crates/rs_cam_core/src/compute/operation_configs.rs:1359:1: warning: this could be a `const fn`
crates/rs_cam_core/src/compute/operation_configs.rs:1363:1: warning: this could be a `const fn`
crates/rs_cam_core/src/compute/operation_configs.rs:1379:1: warning: this could be a `const fn`
crates/rs_cam_core/src/compute/operation_configs.rs:1412:1: warning: this could be a `const fn`
crates/rs_cam_core/src/compute/operation_configs.rs:1418:1: warning: this could be a `const fn`
crates/rs_cam_core/src/compute/operation_configs.rs:1576:5: warning: this could be a `const fn`
crates/rs_cam_core/src/compute/operation_configs.rs:1599:5: warning: this could be a `const fn`
crates/rs_cam_core/src/compute/operation_configs.rs:1653:1: warning: this could be a `const fn`
crates/rs_cam_core/src/compute/semantic_helpers.rs:63:5: warning: collection is never read
crates/rs_cam_core/src/compute/sim_prefix.rs:373:26: warning: casting `usize` to `f64` may cause a loss of precision (`usize` can be up to 64 bits wide depending on the target architecture, but `f64`'s mantissa is only 52 bits wide)
crates/rs_cam_core/src/compute/sim_prefix.rs:373:39: warning: casting `usize` to `f64` may cause a loss of precision (`usize` can be up to 64 bits wide depending on the target architecture, but `f64`'s mantissa is only 52 bits wide)
crates/rs_cam_core/src/compute/sim_prefix.rs:383:30: warning: casts from `i32` to `f64` can be expressed infallibly using `From`
crates/rs_cam_core/src/compute/sim_prefix.rs:603:5: warning: this could be a `const fn`
crates/rs_cam_core/src/compute/sim_prefix.rs:608:5: warning: this could be a `const fn`
crates/rs_cam_core/src/compute/simulate.rs:142:1: warning: this could be a `const fn`
crates/rs_cam_core/src/compute/simulate.rs:196:5: warning: this could be a `const fn`
crates/rs_cam_core/src/compute/simulate.rs:202:5: warning: this could be a `const fn`
crates/rs_cam_core/src/compute/simulate.rs:452:1: warning: first doc comment paragraph is too long
crates/rs_cam_core/src/compute/simulate.rs:467:5: warning: collection is never read
crates/rs_cam_core/src/compute/simulate.rs:671:1: warning: it is more idiomatic to use `Option<&T>` instead of `&Option<T>`
crates/rs_cam_core/src/compute/simulate.rs:672:5: warning: use Option::map_or_else instead of an if let/else: help: try: `transform.as_ref().map_or_else(|| P3::new(p.x - stock_min.x, p.y - stock_min.y, p.z - stock_min.z), |info| info.local_to_global(p))`
crates/rs_cam_core/src/compute/simulate.rs:691:5: warning: use Option::map_or_else instead of an if let/else
crates/rs_cam_core/src/compute/simulate.rs:754:5: warning: you seem to be trying to use `match` for destructuring a single pattern. Consider using `if let`
crates/rs_cam_core/src/compute/simulate.rs:757:14: warning: casting `f64` to `f32` may truncate the value
crates/rs_cam_core/src/compute/simulate.rs:757:26: warning: casting `f64` to `f32` may truncate the value
crates/rs_cam_core/src/compute/simulate.rs:757:38: warning: casting `f64` to `f32` may truncate the value
crates/rs_cam_core/src/compute/simulate.rs:760:33: warning: casting `f64` to `f32` may truncate the value
crates/rs_cam_core/src/compute/simulate.rs:760:53: warning: casting `f64` to `f32` may truncate the value
crates/rs_cam_core/src/compute/simulate.rs:760:73: warning: casting `f64` to `f32` may truncate the value
crates/rs_cam_core/src/compute/simulate.rs:841:1: warning: this function has too many lines (393/100)
crates/rs_cam_core/src/compute/simulate.rs:996:54: warning: use Option::map_or_else instead of an if let/else
crates/rs_cam_core/src/compute/simulate.rs:1010:49: warning: redundant closure: help: replace the closure with the method itself: `super::transform::SetupTransformInfo::cut_direction`
crates/rs_cam_core/src/compute/simulate.rs:1244:48: warning: redundant closure: help: replace the closure with the method itself: `std::convert::AsRef::as_ref`
crates/rs_cam_core/src/compute/simulate.rs:1333:44: warning: redundant closure: help: replace the closure with the method itself: `std::convert::AsRef::as_ref`
crates/rs_cam_core/src/compute/simulate.rs:1546:1: warning: it is more idiomatic to use `Option<&T>` instead of `&Option<T>`
crates/rs_cam_core/src/compute/simulate.rs:1566:22: warning: use Option::map_or_else instead of an if let/else
crates/rs_cam_core/src/compute/simulate.rs:1590:18: warning: casting `f64` to `f32` may truncate the value
crates/rs_cam_core/src/compute/simulate.rs:1651:17: warning: casts from `f32` to `f64` can be expressed infallibly using `From`
crates/rs_cam_core/src/compute/simulate.rs:1652:17: warning: casts from `f32` to `f64` can be expressed infallibly using `From`
crates/rs_cam_core/src/compute/simulate.rs:1653:21: warning: casts from `f32` to `f64` can be expressed infallibly using `From`
crates/rs_cam_core/src/compute/simulate.rs:1669:13: warning: casting `f64` to `f32` may truncate the value
crates/rs_cam_core/src/compute/simulate.rs:1671:13: warning: casting `f64` to `f32` may truncate the value
crates/rs_cam_core/src/compute/spans.rs:65:19: warning: called `map(<f>).unwrap_or(<a>)` on an `Option` value
crates/rs_cam_core/src/compute/spans.rs:76:32: warning: casting `usize` to `u32` may truncate the value on targets with 64-bit wide pointers
crates/rs_cam_core/src/compute/spans.rs:141:33: warning: casting `usize` to `u32` may truncate the value on targets with 64-bit wide pointers
crates/rs_cam_core/src/compute/spans.rs:253:32: warning: casting `usize` to `u32` may truncate the value on targets with 64-bit wide pointers
crates/rs_cam_core/src/compute/spans.rs:260:32: warning: casting `usize` to `u32` may truncate the value on targets with 64-bit wide pointers
crates/rs_cam_core/src/compute/spans.rs:281:1: warning: first doc comment paragraph is too long
crates/rs_cam_core/src/compute/spans.rs:301:5: warning: this could be a `const fn`
crates/rs_cam_core/src/compute/spans.rs:375:32: warning: casting `usize` to `u32` may truncate the value on targets with 64-bit wide pointers
crates/rs_cam_core/src/compute/spans.rs:519:13: warning: these match arms have identical bodies
crates/rs_cam_core/src/compute/spans.rs:523:59: warning: casting `usize` to `u32` may truncate the value on targets with 64-bit wide pointers
crates/rs_cam_core/src/compute/spans.rs:528:59: warning: casting `usize` to `u32` may truncate the value on targets with 64-bit wide pointers
crates/rs_cam_core/src/compute/spans.rs:548:19: warning: called `map(<f>).unwrap_or(<a>)` on an `Option` value
crates/rs_cam_core/src/compute/spans.rs:572:72: warning: casting `usize` to `u32` may truncate the value on targets with 64-bit wide pointers
crates/rs_cam_core/src/compute/spans.rs:577:19: warning: called `map(<f>).unwrap_or(<a>)` on an `Option` value
crates/rs_cam_core/src/compute/stats.rs:6:1: warning: first doc comment paragraph is too long
crates/rs_cam_core/src/compute/stats.rs:34:14: warning: multiply and add expressions can be calculated more efficiently and accurately: help: consider using: `(to.x - from.x).mul_add(to.x - from.x, (to.y - from.y).powi(2))`
crates/rs_cam_core/src/compute/stats.rs:34:14: warning: multiply and add expressions can be calculated more efficiently and accurately: help: consider using: `(to.y - from.y).mul_add(to.y - from.y, (to.x - from.x).powi(2))`
crates/rs_cam_core/src/compute/stats.rs:34:13: warning: multiply and add expressions can be calculated more efficiently and accurately: help: consider using: `(to.z - from.z).mul_add(to.z - from.z, (to.x - from.x).powi(2) + (to.y - from.y).powi(2))`
crates/rs_cam_core/src/compute/stats.rs:316:24: warning: multiply and add expressions can be calculated more efficiently and accurately: help: consider using: `(b.x - a.x).mul_add(b.x - a.x, (b.y - a.y).powi(2))`
crates/rs_cam_core/src/compute/stats.rs:316:24: warning: multiply and add expressions can be calculated more efficiently and accurately: help: consider using: `(b.y - a.y).mul_add(b.y - a.y, (b.x - a.x).powi(2))`
crates/rs_cam_core/src/compute/stats.rs:316:23: warning: multiply and add expressions can be calculated more efficiently and accurately: help: consider using: `(b.z - a.z).mul_add(b.z - a.z, (b.x - a.x).powi(2) + (b.y - a.y).powi(2))`
crates/rs_cam_core/src/compute/stock_config.rs:44:27: warning: unnecessary structure name repetition: help: use the applicable keyword: `Self`
crates/rs_cam_core/src/compute/stock_config.rs:45:10: warning: unnecessary structure name repetition: help: use the applicable keyword: `Self`
crates/rs_cam_core/src/compute/stock_config.rs:46:10: warning: unnecessary structure name repetition: help: use the applicable keyword: `Self`
crates/rs_cam_core/src/compute/stock_config.rs:47:10: warning: unnecessary structure name repetition: help: use the applicable keyword: `Self`
crates/rs_cam_core/src/compute/stock_config.rs:48:10: warning: unnecessary structure name repetition: help: use the applicable keyword: `Self`
crates/rs_cam_core/src/compute/stock_config.rs:51:5: warning: this could be a `const fn`
crates/rs_cam_core/src/compute/stock_config.rs:53:13: warning: unnecessary structure name repetition: help: use the applicable keyword: `Self`
crates/rs_cam_core/src/compute/stock_config.rs:54:13: warning: unnecessary structure name repetition: help: use the applicable keyword: `Self`
crates/rs_cam_core/src/compute/stock_config.rs:55:13: warning: unnecessary structure name repetition: help: use the applicable keyword: `Self`
crates/rs_cam_core/src/compute/stock_config.rs:56:13: warning: unnecessary structure name repetition: help: use the applicable keyword: `Self`
crates/rs_cam_core/src/compute/stock_config.rs:57:13: warning: unnecessary structure name repetition: help: use the applicable keyword: `Self`
crates/rs_cam_core/src/compute/stock_config.rs:63:13: warning: unnecessary structure name repetition: help: use the applicable keyword: `Self`
crates/rs_cam_core/src/compute/stock_config.rs:64:13: warning: unnecessary structure name repetition: help: use the applicable keyword: `Self`
crates/rs_cam_core/src/compute/stock_config.rs:65:13: warning: unnecessary structure name repetition: help: use the applicable keyword: `Self`
crates/rs_cam_core/src/compute/stock_config.rs:66:13: warning: unnecessary structure name repetition: help: use the applicable keyword: `Self`
crates/rs_cam_core/src/compute/stock_config.rs:67:13: warning: unnecessary structure name repetition: help: use the applicable keyword: `Self`
crates/rs_cam_core/src/compute/stock_config.rs:133:5: warning: this could be a `const fn`
crates/rs_cam_core/src/compute/stock_config.rs:135:13: warning: unnecessary structure name repetition: help: use the applicable keyword: `Self`
crates/rs_cam_core/src/compute/stock_config.rs:136:13: warning: unnecessary structure name repetition: help: use the applicable keyword: `Self`
crates/rs_cam_core/src/compute/stock_config.rs:147:5: warning: this could be a `const fn`
crates/rs_cam_core/src/compute/stock_config.rs:149:36: warning: unnecessary structure name repetition: help: use the applicable keyword: `Self`
crates/rs_cam_core/src/compute/stock_config.rs:164:5: warning: this could be a `const fn`
crates/rs_cam_core/src/compute/stock_config.rs:272:5: warning: this could be a `const fn`
crates/rs_cam_core/src/compute/stock_config.rs:274:13: warning: unnecessary structure name repetition: help: use the applicable keyword: `Self`
crates/rs_cam_core/src/compute/stock_config.rs:275:13: warning: unnecessary structure name repetition: help: use the applicable keyword: `Self`
crates/rs_cam_core/src/compute/stock_config.rs:283:13: warning: unnecessary structure name repetition: help: use the applicable keyword: `Self`
crates/rs_cam_core/src/compute/stock_config.rs:290:13: warning: unnecessary structure name repetition: help: use the applicable keyword: `Self`
crates/rs_cam_core/src/compute/stock_config.rs:299:13: warning: unnecessary structure name repetition: help: use the applicable keyword: `Self`
crates/rs_cam_core/src/compute/stock_config.rs:311:13: warning: unnecessary structure name repetition: help: use the applicable keyword: `Self`
crates/rs_cam_core/src/compute/stock_config.rs:358:5: warning: this could be a `const fn`
crates/rs_cam_core/src/compute/stock_config.rs:420:21: warning: hypotenuse can be computed more accurately: help: consider using: `(other.x - mx).hypot(other.y - my)`
crates/rs_cam_core/src/compute/stock_config.rs:471:1: warning: this could be a `const fn`
crates/rs_cam_core/src/compute/stock_config.rs:516:18: warning: multiply and add expressions may be calculated more efficiently and accurately: help: consider using: `2.0f64.mul_add(self.padding, bbox.max.x - bbox.min.x)`
crates/rs_cam_core/src/compute/stock_config.rs:517:18: warning: multiply and add expressions may be calculated more efficiently and accurately: help: consider using: `2.0f64.mul_add(self.padding, bbox.max.y - bbox.min.y)`
crates/rs_cam_core/src/compute/stock_config.rs:641:20: warning: multiply and add expressions may be calculated more efficiently and accurately: help: consider using: `2.0f64.mul_add(req.wall_mm, req.pin_diameter)`
crates/rs_cam_core/src/compute/stock_config.rs:666:21: warning: multiply and add expressions may be calculated more efficiently and accurately: help: consider using: `strip_hi.mul_add(-0.5, req.stock_w)`
crates/rs_cam_core/src/compute/stock_config.rs:682:20: warning: manual implementation of `midpoint` which can overflow: help: use `f64::midpoint` instead: `f64::midpoint(slack_lo, slack_hi)`
crates/rs_cam_core/src/compute/tool_config.rs:19:22: warning: unnecessary structure name repetition: help: use the applicable keyword: `Self`
crates/rs_cam_core/src/compute/tool_config.rs:20:9: warning: unnecessary structure name repetition: help: use the applicable keyword: `Self`
crates/rs_cam_core/src/compute/tool_config.rs:21:9: warning: unnecessary structure name repetition: help: use the applicable keyword: `Self`
crates/rs_cam_core/src/compute/tool_config.rs:22:9: warning: unnecessary structure name repetition: help: use the applicable keyword: `Self`
crates/rs_cam_core/src/compute/tool_config.rs:23:9: warning: unnecessary structure name repetition: help: use the applicable keyword: `Self`
crates/rs_cam_core/src/compute/tool_config.rs:24:9: warning: unnecessary structure name repetition: help: use the applicable keyword: `Self`
crates/rs_cam_core/src/compute/tool_config.rs:27:5: warning: this could be a `const fn`
crates/rs_cam_core/src/compute/tool_config.rs:29:13: warning: unnecessary structure name repetition: help: use the applicable keyword: `Self`
crates/rs_cam_core/src/compute/tool_config.rs:30:13: warning: unnecessary structure name repetition: help: use the applicable keyword: `Self`
crates/rs_cam_core/src/compute/tool_config.rs:31:13: warning: unnecessary structure name repetition: help: use the applicable keyword: `Self`
crates/rs_cam_core/src/compute/tool_config.rs:32:13: warning: unnecessary structure name repetition: help: use the applicable keyword: `Self`
crates/rs_cam_core/src/compute/tool_config.rs:33:13: warning: unnecessary structure name repetition: help: use the applicable keyword: `Self`
crates/rs_cam_core/src/compute/tool_config.rs:37:5: warning: this could be a `const fn`
crates/rs_cam_core/src/compute/tool_config.rs:38:24: warning: unnecessary structure name repetition: help: use the applicable keyword: `Self`
crates/rs_cam_core/src/compute/tool_config.rs:38:45: warning: unnecessary structure name repetition: help: use the applicable keyword: `Self`
crates/rs_cam_core/src/compute/tool_config.rs:49:13: warning: unnecessary structure name repetition: help: use the applicable keyword: `Self`
crates/rs_cam_core/src/compute/tool_config.rs:50:13: warning: unnecessary structure name repetition: help: use the applicable keyword: `Self`
crates/rs_cam_core/src/compute/tool_config.rs:51:13: warning: unnecessary structure name repetition: help: use the applicable keyword: `Self`
crates/rs_cam_core/src/compute/tool_config.rs:52:13: warning: unnecessary structure name repetition: help: use the applicable keyword: `Self`
crates/rs_cam_core/src/compute/tool_config.rs:53:13: warning: unnecessary structure name repetition: help: use the applicable keyword: `Self`
crates/rs_cam_core/src/compute/tool_config.rs:62:13: warning: unnecessary structure name repetition: help: use the applicable keyword: `Self`
crates/rs_cam_core/src/compute/tool_config.rs:63:13: warning: unnecessary structure name repetition: help: use the applicable keyword: `Self`
crates/rs_cam_core/src/compute/tool_config.rs:64:13: warning: unnecessary structure name repetition: help: use the applicable keyword: `Self`
crates/rs_cam_core/src/compute/tool_config.rs:65:13: warning: unnecessary structure name repetition: help: use the applicable keyword: `Self`
crates/rs_cam_core/src/compute/tool_config.rs:66:13: warning: unnecessary structure name repetition: help: use the applicable keyword: `Self`
crates/rs_cam_core/src/compute/tool_config.rs:85:45: warning: unnecessary structure name repetition: help: use the applicable keyword: `Self`
crates/rs_cam_core/src/compute/tool_config.rs:89:53: warning: unnecessary structure name repetition: help: use the applicable keyword: `Self`
crates/rs_cam_core/src/compute/tool_config.rs:90:55: warning: unnecessary structure name repetition: help: use the applicable keyword: `Self`
crates/rs_cam_core/src/compute/tool_config.rs:91:46: warning: unnecessary structure name repetition: help: use the applicable keyword: `Self`
crates/rs_cam_core/src/compute/tool_config.rs:92:38: warning: unnecessary structure name repetition: help: use the applicable keyword: `Self`
crates/rs_cam_core/src/compute/tool_config.rs:94:22: warning: unnecessary structure name repetition: help: use the applicable keyword: `Self`
crates/rs_cam_core/src/compute/tool_config.rs:117:22: warning: unnecessary structure name repetition: help: use the applicable keyword: `Self`
crates/rs_cam_core/src/compute/tool_config.rs:117:40: warning: unnecessary structure name repetition: help: use the applicable keyword: `Self`
crates/rs_cam_core/src/compute/tool_config.rs:117:63: warning: unnecessary structure name repetition: help: use the applicable keyword: `Self`
crates/rs_cam_core/src/compute/tool_config.rs:119:5: warning: this could be a `const fn`
crates/rs_cam_core/src/compute/tool_config.rs:121:13: warning: unnecessary structure name repetition: help: use the applicable keyword: `Self`
crates/rs_cam_core/src/compute/tool_config.rs:122:13: warning: unnecessary structure name repetition: help: use the applicable keyword: `Self`
crates/rs_cam_core/src/compute/tool_config.rs:128:5: warning: this could be a `const fn`
crates/rs_cam_core/src/compute/tool_config.rs:130:13: warning: unnecessary structure name repetition: help: use the applicable keyword: `Self`
crates/rs_cam_core/src/compute/tool_config.rs:131:13: warning: unnecessary structure name repetition: help: use the applicable keyword: `Self`
crates/rs_cam_core/src/compute/tool_config.rs:146:22: warning: unnecessary structure name repetition: help: use the applicable keyword: `Self`
crates/rs_cam_core/src/compute/tool_config.rs:147:9: warning: unnecessary structure name repetition: help: use the applicable keyword: `Self`
crates/rs_cam_core/src/compute/tool_config.rs:148:9: warning: unnecessary structure name repetition: help: use the applicable keyword: `Self`
crates/rs_cam_core/src/compute/tool_config.rs:149:9: warning: unnecessary structure name repetition: help: use the applicable keyword: `Self`
crates/rs_cam_core/src/compute/tool_config.rs:152:5: warning: this could be a `const fn`
crates/rs_cam_core/src/compute/tool_config.rs:154:13: warning: unnecessary structure name repetition: help: use the applicable keyword: `Self`
crates/rs_cam_core/src/compute/tool_config.rs:155:13: warning: unnecessary structure name repetition: help: use the applicable keyword: `Self`
crates/rs_cam_core/src/compute/tool_config.rs:156:13: warning: unnecessary structure name repetition: help: use the applicable keyword: `Self`
crates/rs_cam_core/src/compute/tool_config.rs:196:1: warning: this could be a `const fn`
crates/rs_cam_core/src/compute/tool_config.rs:212:26: warning: casting `usize` to `u32` may truncate the value on targets with 64-bit wide pointers
crates/rs_cam_core/src/compute/tool_config.rs:251:5: warning: this could be a `const fn`
crates/rs_cam_core/src/compute/tool_config.rs:544:22: warning: unnecessary structure name repetition: help: use the applicable keyword: `Self`
crates/rs_cam_core/src/compute/tool_config.rs:545:9: warning: unnecessary structure name repetition: help: use the applicable keyword: `Self`
crates/rs_cam_core/src/compute/tool_config.rs:546:9: warning: unnecessary structure name repetition: help: use the applicable keyword: `Self`
crates/rs_cam_core/src/compute/tool_config.rs:547:9: warning: unnecessary structure name repetition: help: use the applicable keyword: `Self`
crates/rs_cam_core/src/compute/tool_config.rs:548:9: warning: unnecessary structure name repetition: help: use the applicable keyword: `Self`
crates/rs_cam_core/src/compute/tool_config.rs:549:9: warning: unnecessary structure name repetition: help: use the applicable keyword: `Self`
crates/rs_cam_core/src/compute/tool_config.rs:555:13: warning: unnecessary structure name repetition: help: use the applicable keyword: `Self`
crates/rs_cam_core/src/compute/tool_config.rs:556:13: warning: unnecessary structure name repetition: help: use the applicable keyword: `Self`
crates/rs_cam_core/src/compute/tool_config.rs:557:13: warning: unnecessary structure name repetition: help: use the applicable keyword: `Self`
crates/rs_cam_core/src/compute/tool_config.rs:558:13: warning: unnecessary structure name repetition: help: use the applicable keyword: `Self`
crates/rs_cam_core/src/compute/tool_config.rs:558:49: warning: unnecessary structure name repetition: help: use the applicable keyword: `Self`
crates/rs_cam_core/src/compute/tool_config.rs:567:13: warning: unnecessary structure name repetition: help: use the applicable keyword: `Self`
crates/rs_cam_core/src/compute/tool_config.rs:568:13: warning: unnecessary structure name repetition: help: use the applicable keyword: `Self`
crates/rs_cam_core/src/compute/tool_config.rs:569:13: warning: unnecessary structure name repetition: help: use the applicable keyword: `Self`
crates/rs_cam_core/src/compute/tool_config.rs:570:13: warning: unnecessary structure name repetition: help: use the applicable keyword: `Self`
crates/rs_cam_core/src/compute/tool_config.rs:571:13: warning: unnecessary structure name repetition: help: use the applicable keyword: `Self`
crates/rs_cam_core/src/compute/tool_config.rs:579:25: warning: unnecessary structure name repetition: help: use the applicable keyword: `Self`
crates/rs_cam_core/src/compute/tool_config.rs:586:13: warning: unnecessary structure name repetition: help: use the applicable keyword: `Self`
crates/rs_cam_core/src/compute/tool_config.rs:587:19: warning: unnecessary structure name repetition: help: use the applicable keyword: `Self`
crates/rs_cam_core/src/compute/tool_config.rs:588:19: warning: unnecessary structure name repetition: help: use the applicable keyword: `Self`
crates/rs_cam_core/src/compute/tool_config.rs:592:5: warning: this could be a `const fn`
crates/rs_cam_core/src/compute/tool_config.rs:594:13: warning: unnecessary structure name repetition: help: use the applicable keyword: `Self`
crates/rs_cam_core/src/compute/tool_config.rs:595:13: warning: unnecessary structure name repetition: help: use the applicable keyword: `Self`
crates/rs_cam_core/src/compute/tool_config.rs:596:13: warning: unnecessary structure name repetition: help: use the applicable keyword: `Self`
crates/rs_cam_core/src/compute/tool_config.rs:597:13: warning: unnecessary structure name repetition: help: use the applicable keyword: `Self`
crates/rs_cam_core/src/compute/tool_config.rs:598:13: warning: unnecessary structure name repetition: help: use the applicable keyword: `Self`
crates/rs_cam_core/src/compute/tool_config.rs:621:5: warning: this could be a `const fn`
crates/rs_cam_core/src/compute/tool_config.rs:623:13: warning: unnecessary structure name repetition: help: use the applicable keyword: `Self`
crates/rs_cam_core/src/compute/tool_config.rs:624:13: warning: unnecessary structure name repetition: help: use the applicable keyword: `Self`
crates/rs_cam_core/src/compute/tool_config.rs:625:13: warning: unnecessary structure name repetition: help: use the applicable keyword: `Self`
crates/rs_cam_core/src/compute/tool_config.rs:626:13: warning: unnecessary structure name repetition: help: use the applicable keyword: `Self`
crates/rs_cam_core/src/compute/tool_config.rs:627:13: warning: unnecessary structure name repetition: help: use the applicable keyword: `Self`
crates/rs_cam_core/src/compute/tool_config.rs:655:13: warning: unnecessary structure name repetition: help: use the applicable keyword: `Self`
crates/rs_cam_core/src/compute/tool_config.rs:656:13: warning: unnecessary structure name repetition: help: use the applicable keyword: `Self`
crates/rs_cam_core/src/compute/tool_config.rs:657:13: warning: unnecessary structure name repetition: help: use the applicable keyword: `Self`
crates/rs_cam_core/src/compute/tool_config.rs:658:13: warning: unnecessary structure name repetition: help: use the applicable keyword: `Self`
crates/rs_cam_core/src/compute/tool_config.rs:659:13: warning: unnecessary structure name repetition: help: use the applicable keyword: `Self`
crates/rs_cam_core/src/compute/tool_config.rs:660:13: warning: unnecessary structure name repetition: help: use the applicable keyword: `Self`
crates/rs_cam_core/src/compute/tool_config.rs:666:13: warning: unnecessary structure name repetition: help: use the applicable keyword: `Self`
crates/rs_cam_core/src/compute/tool_config.rs:666:44: warning: unnecessary structure name repetition: help: use the applicable keyword: `Self`
crates/rs_cam_core/src/compute/tool_config.rs:672:1: warning: first doc comment paragraph is too long
crates/rs_cam_core/src/compute/tool_config.rs:701:1: warning: first doc comment paragraph is too long
crates/rs_cam_core/src/compute/tool_config.rs:895:5: warning: use Option::map_or instead of an if let/else: help: try: `start.checked_sub(2).map_or(true, |before| chars.get(before).is_none_or(|c| !c.is_alphanumeric()))`
crates/rs_cam_core/src/compute/transform.rs:16:22: warning: unnecessary structure name repetition: help: use the applicable keyword: `Self`
crates/rs_cam_core/src/compute/transform.rs:17:9: warning: unnecessary structure name repetition: help: use the applicable keyword: `Self`
crates/rs_cam_core/src/compute/transform.rs:18:9: warning: unnecessary structure name repetition: help: use the applicable keyword: `Self`
crates/rs_cam_core/src/compute/transform.rs:19:9: warning: unnecessary structure name repetition: help: use the applicable keyword: `Self`
crates/rs_cam_core/src/compute/transform.rs:20:9: warning: unnecessary structure name repetition: help: use the applicable keyword: `Self`
crates/rs_cam_core/src/compute/transform.rs:21:9: warning: unnecessary structure name repetition: help: use the applicable keyword: `Self`
crates/rs_cam_core/src/compute/transform.rs:22:9: warning: unnecessary structure name repetition: help: use the applicable keyword: `Self`
crates/rs_cam_core/src/compute/transform.rs:25:5: warning: this could be a `const fn`
crates/rs_cam_core/src/compute/transform.rs:27:13: warning: unnecessary structure name repetition: help: use the applicable keyword: `Self`
crates/rs_cam_core/src/compute/transform.rs:28:13: warning: unnecessary structure name repetition: help: use the applicable keyword: `Self`
crates/rs_cam_core/src/compute/transform.rs:29:13: warning: unnecessary structure name repetition: help: use the applicable keyword: `Self`
crates/rs_cam_core/src/compute/transform.rs:30:13: warning: unnecessary structure name repetition: help: use the applicable keyword: `Self`
crates/rs_cam_core/src/compute/transform.rs:31:13: warning: unnecessary structure name repetition: help: use the applicable keyword: `Self`
crates/rs_cam_core/src/compute/transform.rs:32:13: warning: unnecessary structure name repetition: help: use the applicable keyword: `Self`
crates/rs_cam_core/src/compute/transform.rs:43:5: warning: this could be a `const fn`
crates/rs_cam_core/src/compute/transform.rs:45:13: warning: unnecessary structure name repetition: help: use the applicable keyword: `Self`
crates/rs_cam_core/src/compute/transform.rs:46:13: warning: unnecessary structure name repetition: help: use the applicable keyword: `Self`
crates/rs_cam_core/src/compute/transform.rs:47:13: warning: unnecessary structure name repetition: help: use the applicable keyword: `Self`
crates/rs_cam_core/src/compute/transform.rs:48:13: warning: unnecessary structure name repetition: help: use the applicable keyword: `Self`
crates/rs_cam_core/src/compute/transform.rs:49:13: warning: unnecessary structure name repetition: help: use the applicable keyword: `Self`
crates/rs_cam_core/src/compute/transform.rs:50:13: warning: unnecessary structure name repetition: help: use the applicable keyword: `Self`
crates/rs_cam_core/src/compute/transform.rs:54:5: warning: this could be a `const fn`
crates/rs_cam_core/src/compute/transform.rs:56:13: warning: unnecessary structure name repetition: help: use the applicable keyword: `Self`
crates/rs_cam_core/src/compute/transform.rs:57:13: warning: unnecessary structure name repetition: help: use the applicable keyword: `Self`
crates/rs_cam_core/src/compute/transform.rs:58:13: warning: unnecessary structure name repetition: help: use the applicable keyword: `Self`
crates/rs_cam_core/src/compute/transform.rs:59:13: warning: unnecessary structure name repetition: help: use the applicable keyword: `Self`
crates/rs_cam_core/src/compute/transform.rs:60:13: warning: unnecessary structure name repetition: help: use the applicable keyword: `Self`
crates/rs_cam_core/src/compute/transform.rs:61:13: warning: unnecessary structure name repetition: help: use the applicable keyword: `Self`
crates/rs_cam_core/src/compute/transform.rs:67:25: warning: unnecessary structure name repetition: help: use the applicable keyword: `Self`
crates/rs_cam_core/src/compute/transform.rs:68:24: warning: unnecessary structure name repetition: help: use the applicable keyword: `Self`
crates/rs_cam_core/src/compute/transform.rs:69:23: warning: unnecessary structure name repetition: help: use the applicable keyword: `Self`
crates/rs_cam_core/src/compute/transform.rs:70:23: warning: unnecessary structure name repetition: help: use the applicable keyword: `Self`
crates/rs_cam_core/src/compute/transform.rs:71:24: warning: unnecessary structure name repetition: help: use the applicable keyword: `Self`
crates/rs_cam_core/src/compute/transform.rs:72:18: warning: unnecessary structure name repetition: help: use the applicable keyword: `Self`
crates/rs_cam_core/src/compute/transform.rs:104:13: warning: unnecessary structure name repetition: help: use the applicable keyword: `Self`
crates/rs_cam_core/src/compute/transform.rs:105:13: warning: unnecessary structure name repetition: help: use the applicable keyword: `Self`
crates/rs_cam_core/src/compute/transform.rs:107:13: warning: unnecessary structure name repetition: help: use the applicable keyword: `Self`
crates/rs_cam_core/src/compute/transform.rs:109:13: warning: unnecessary structure name repetition: help: use the applicable keyword: `Self`
crates/rs_cam_core/src/compute/transform.rs:111:13: warning: unnecessary structure name repetition: help: use the applicable keyword: `Self`
crates/rs_cam_core/src/compute/transform.rs:113:13: warning: unnecessary structure name repetition: help: use the applicable keyword: `Self`
crates/rs_cam_core/src/compute/transform.rs:124:13: warning: unnecessary structure name repetition: help: use the applicable keyword: `Self`
crates/rs_cam_core/src/compute/transform.rs:126:13: warning: unnecessary structure name repetition: help: use the applicable keyword: `Self`
crates/rs_cam_core/src/compute/transform.rs:128:13: warning: unnecessary structure name repetition: help: use the applicable keyword: `Self`
crates/rs_cam_core/src/compute/transform.rs:130:13: warning: unnecessary structure name repetition: help: use the applicable keyword: `Self`
crates/rs_cam_core/src/compute/transform.rs:132:13: warning: unnecessary structure name repetition: help: use the applicable keyword: `Self`
crates/rs_cam_core/src/compute/transform.rs:134:13: warning: unnecessary structure name repetition: help: use the applicable keyword: `Self`
crates/rs_cam_core/src/compute/transform.rs:145:5: warning: this could be a `const fn`
crates/rs_cam_core/src/compute/transform.rs:148:13: warning: unnecessary structure name repetition: help: use the applicable keyword: `Self`
crates/rs_cam_core/src/compute/transform.rs:148:29: warning: unnecessary structure name repetition: help: use the applicable keyword: `Self`
crates/rs_cam_core/src/compute/transform.rs:148:44: warning: unnecessary structure name repetition: help: use the applicable keyword: `Self`
crates/rs_cam_core/src/compute/transform.rs:148:59: warning: unnecessary structure name repetition: help: use the applicable keyword: `Self`
crates/rs_cam_core/src/compute/transform.rs:153:5: warning: this could be a `const fn`
crates/rs_cam_core/src/compute/transform.rs:155:13: warning: unnecessary structure name repetition: help: use the applicable keyword: `Self`
crates/rs_cam_core/src/compute/transform.rs:155:27: warning: unnecessary structure name repetition: help: use the applicable keyword: `Self`
crates/rs_cam_core/src/compute/transform.rs:156:13: warning: unnecessary structure name repetition: help: use the applicable keyword: `Self`
crates/rs_cam_core/src/compute/transform.rs:156:29: warning: unnecessary structure name repetition: help: use the applicable keyword: `Self`
crates/rs_cam_core/src/compute/transform.rs:157:13: warning: unnecessary structure name repetition: help: use the applicable keyword: `Self`
crates/rs_cam_core/src/compute/transform.rs:157:28: warning: unnecessary structure name repetition: help: use the applicable keyword: `Self`
crates/rs_cam_core/src/compute/transform.rs:173:22: warning: unnecessary structure name repetition: help: use the applicable keyword: `Self`
crates/rs_cam_core/src/compute/transform.rs:174:9: warning: unnecessary structure name repetition: help: use the applicable keyword: `Self`
crates/rs_cam_core/src/compute/transform.rs:175:9: warning: unnecessary structure name repetition: help: use the applicable keyword: `Self`
crates/rs_cam_core/src/compute/transform.rs:176:9: warning: unnecessary structure name repetition: help: use the applicable keyword: `Self`
crates/rs_cam_core/src/compute/transform.rs:177:9: warning: unnecessary structure name repetition: help: use the applicable keyword: `Self`
crates/rs_cam_core/src/compute/transform.rs:180:5: warning: this could be a `const fn`
crates/rs_cam_core/src/compute/transform.rs:182:13: warning: unnecessary structure name repetition: help: use the applicable keyword: `Self`
crates/rs_cam_core/src/compute/transform.rs:183:13: warning: unnecessary structure name repetition: help: use the applicable keyword: `Self`
crates/rs_cam_core/src/compute/transform.rs:184:13: warning: unnecessary structure name repetition: help: use the applicable keyword: `Self`
crates/rs_cam_core/src/compute/transform.rs:185:13: warning: unnecessary structure name repetition: help: use the applicable keyword: `Self`
crates/rs_cam_core/src/compute/transform.rs:189:5: warning: this could be a `const fn`
crates/rs_cam_core/src/compute/transform.rs:191:13: warning: unnecessary structure name repetition: help: use the applicable keyword: `Self`
crates/rs_cam_core/src/compute/transform.rs:192:13: warning: unnecessary structure name repetition: help: use the applicable keyword: `Self`
crates/rs_cam_core/src/compute/transform.rs:193:13: warning: unnecessary structure name repetition: help: use the applicable keyword: `Self`
crates/rs_cam_core/src/compute/transform.rs:194:13: warning: unnecessary structure name repetition: help: use the applicable keyword: `Self`
crates/rs_cam_core/src/compute/transform.rs:200:21: warning: unnecessary structure name repetition: help: use the applicable keyword: `Self`
crates/rs_cam_core/src/compute/transform.rs:201:22: warning: unnecessary structure name repetition: help: use the applicable keyword: `Self`
crates/rs_cam_core/src/compute/transform.rs:202:22: warning: unnecessary structure name repetition: help: use the applicable keyword: `Self`
crates/rs_cam_core/src/compute/transform.rs:203:18: warning: unnecessary structure name repetition: help: use the applicable keyword: `Self`
crates/rs_cam_core/src/compute/transform.rs:210:13: warning: unnecessary structure name repetition: help: use the applicable keyword: `Self`
crates/rs_cam_core/src/compute/transform.rs:211:13: warning: unnecessary structure name repetition: help: use the applicable keyword: `Self`
crates/rs_cam_core/src/compute/transform.rs:212:13: warning: unnecessary structure name repetition: help: use the applicable keyword: `Self`
crates/rs_cam_core/src/compute/transform.rs:213:13: warning: unnecessary structure name repetition: help: use the applicable keyword: `Self`
crates/rs_cam_core/src/compute/transform.rs:220:13: warning: unnecessary structure name repetition: help: use the applicable keyword: `Self`
crates/rs_cam_core/src/compute/transform.rs:223:13: warning: unnecessary structure name repetition: help: use the applicable keyword: `Self`
crates/rs_cam_core/src/compute/transform.rs:225:13: warning: unnecessary structure name repetition: help: use the applicable keyword: `Self`
crates/rs_cam_core/src/compute/transform.rs:227:13: warning: unnecessary structure name repetition: help: use the applicable keyword: `Self`
crates/rs_cam_core/src/compute/transform.rs:232:5: warning: this could be a `const fn`
crates/rs_cam_core/src/compute/transform.rs:234:13: warning: unnecessary structure name repetition: help: use the applicable keyword: `Self`
crates/rs_cam_core/src/compute/transform.rs:234:31: warning: unnecessary structure name repetition: help: use the applicable keyword: `Self`
crates/rs_cam_core/src/compute/transform.rs:235:13: warning: unnecessary structure name repetition: help: use the applicable keyword: `Self`
crates/rs_cam_core/src/compute/transform.rs:235:32: warning: unnecessary structure name repetition: help: use the applicable keyword: `Self`
crates/rs_cam_core/src/compute/transform.rs:407:21: warning: unused `self` argument
crates/rs_cam_core/src/compute/transform.rs:524:5: warning: this could be a `const fn`
crates/rs_cam_core/src/compute/transform.rs:545:5: warning: this could be a `const fn`
crates/rs_cam_core/src/compute/transform.rs:564:19: warning: multiply and add expressions may be calculated more efficiently and accurately: help: consider using: `(ex_g.y - o_g.y).mul_add(-(ey_g.x - o_g.x), (ex_g.x - o_g.x) * (ey_g.y - o_g.y))`
crates/rs_cam_core/src/compute/validate.rs:60:5: warning: this could be a `const fn`
crates/rs_cam_core/src/compute/validate.rs:69:5: warning: this could be a `const fn`
crates/rs_cam_core/src/compute/validate.rs:117:1: warning: first doc comment paragraph is too long
crates/rs_cam_core/src/compute/validate.rs:162:1: warning: first doc comment paragraph is too long
crates/rs_cam_core/src/compute/validate.rs:334:1: warning: this could be a `const fn`
crates/rs_cam_core/src/condition.rs:56:1: warning: this function has too many lines (106/100)
crates/rs_cam_core/src/conformal_spiral.rs:264:1: warning: first doc comment paragraph is too long
crates/rs_cam_core/src/conformal_spiral.rs:294:1: warning: first doc comment paragraph is too long
crates/rs_cam_core/src/conformal_spiral.rs:537:15: warning: casting `usize` to `f64` may cause a loss of precision (`usize` can be up to 64 bits wide depending on the target architecture, but `f64`'s mantissa is only 52 bits wide)
crates/rs_cam_core/src/conformal_spiral.rs:545:9: warning: multiply and add expressions may be calculated more efficiently and accurately: help: consider using: `self.ball_radius_mm.mul_add(self.ball_radius_mm, -(v * v))`
crates/rs_cam_core/src/conformal_spiral.rs:569:9: warning: hypotenuse can be computed more accurately: help: consider using: `r.hypot(v)`
crates/rs_cam_core/src/conformal_spiral.rs:1281:1: warning: this function has too many lines (106/100)
crates/rs_cam_core/src/conformal_spiral.rs:1354:17: warning: casting `usize` to `i64` may wrap around the value on targets with 64-bit wide pointers
crates/rs_cam_core/src/conformal_spiral.rs:1354:45: warning: casting `usize` to `i64` may wrap around the value on targets with 64-bit wide pointers
crates/rs_cam_core/src/conformal_spiral.rs:1354:65: warning: casting `usize` to `i64` may wrap around the value on targets with 64-bit wide pointers
crates/rs_cam_core/src/conformal_spiral.rs:1577:17: warning: multiply and add expressions may be calculated more efficiently and accurately: help: consider using: `su = w.mul_add(uj, su)`
crates/rs_cam_core/src/conformal_spiral.rs:1578:17: warning: multiply and add expressions may be calculated more efficiently and accurately: help: consider using: `sv = w.mul_add(vj, sv)`
crates/rs_cam_core/src/conformal_spiral.rs:1610:11: warning: multiply and add expressions may be calculated more efficiently and accurately: help: consider using: `(b.1 - a.1).mul_add(-(c.0 - a.0), (b.0 - a.0) * (c.1 - a.1))`
crates/rs_cam_core/src/conformal_spiral.rs:1622:1: warning: this function has too many lines (110/100)
crates/rs_cam_core/src/conformal_spiral.rs:1698:17: warning: casting `f64` to `usize` may truncate the value
crates/rs_cam_core/src/conformal_spiral.rs:1698:17: warning: casting `f64` to `usize` may lose the sign of the value
crates/rs_cam_core/src/conformal_spiral.rs:1698:25: warning: casting `usize` to `f64` may cause a loss of precision (`usize` can be up to 64 bits wide depending on the target architecture, but `f64`'s mantissa is only 52 bits wide)
crates/rs_cam_core/src/conformal_spiral.rs:1721:23: warning: casting `usize` to `f64` may cause a loss of precision (`usize` can be up to 64 bits wide depending on the target architecture, but `f64`'s mantissa is only 52 bits wide)
crates/rs_cam_core/src/conformal_spiral.rs:1730:23: warning: casting `usize` to `f64` may cause a loss of precision (`usize` can be up to 64 bits wide depending on the target architecture, but `f64`'s mantissa is only 52 bits wide)
crates/rs_cam_core/src/conformal_spiral.rs:1731:23: warning: casting `usize` to `f64` may cause a loss of precision (`usize` can be up to 64 bits wide depending on the target architecture, but `f64`'s mantissa is only 52 bits wide)
crates/rs_cam_core/src/conformal_spiral.rs:1796:27: warning: casting `usize` to `f64` may cause a loss of precision (`usize` can be up to 64 bits wide depending on the target architecture, but `f64`'s mantissa is only 52 bits wide)
crates/rs_cam_core/src/conformal_spiral.rs:1796:40: warning: casting `usize` to `f64` may cause a loss of precision (`usize` can be up to 64 bits wide depending on the target architecture, but `f64`'s mantissa is only 52 bits wide)
crates/rs_cam_core/src/conformal_spiral.rs:1875:10: warning: multiply and add expressions may be calculated more efficiently and accurately: help: consider using: `u.1.mul_add(v.1, u.0 * v.0)`
crates/rs_cam_core/src/conformal_spiral.rs:1886:15: warning: casting `f64` to `usize` may truncate the value
crates/rs_cam_core/src/conformal_spiral.rs:1886:15: warning: casting `f64` to `usize` may lose the sign of the value
crates/rs_cam_core/src/conformal_spiral.rs:1886:36: warning: casting `usize` to `f64` may cause a loss of precision (`usize` can be up to 64 bits wide depending on the target architecture, but `f64`'s mantissa is only 52 bits wide)
crates/rs_cam_core/src/conformal_spiral.rs:1925:15: warning: multiply and add expressions may be calculated more efficiently and accurately: help: consider using: `u1.0.mul_add(-x2, u2.0 * len)`
crates/rs_cam_core/src/conformal_spiral.rs:1926:15: warning: multiply and add expressions may be calculated more efficiently and accurately: help: consider using: `u1.1.mul_add(-x2, u2.1 * len)`
crates/rs_cam_core/src/conformal_spiral.rs:1928:13: warning: manual implementation of `midpoint` which can overflow: help: use `f64::midpoint` instead: `f64::midpoint(j00, j11)`
crates/rs_cam_core/src/conformal_spiral.rs:1930:13: warning: manual implementation of `midpoint` which can overflow: help: use `f64::midpoint` instead: `f64::midpoint(j10, j01)`
crates/rs_cam_core/src/conformal_spiral.rs:1953:9: warning: manual implementation of `midpoint` which can overflow: help: use `f64::midpoint` instead: `f64::midpoint(a, b)`
crates/rs_cam_core/src/conformal_spiral.rs:2020:21: warning: casting `usize` to `u32` may truncate the value on targets with 64-bit wide pointers
crates/rs_cam_core/src/conformal_spiral.rs:2021:21: warning: casting `usize` to `u32` may truncate the value on targets with 64-bit wide pointers
crates/rs_cam_core/src/conformal_spiral.rs:2022:21: warning: casting `usize` to `u32` may truncate the value on targets with 64-bit wide pointers
crates/rs_cam_core/src/conformal_spiral.rs:2073:25: warning: multiply and add expressions may be calculated more efficiently and accurately: help: consider using: `(c.x - b.x).mul_add(a.y - c.y, (b.y - c.y) * (a.x - c.x))`
crates/rs_cam_core/src/conformal_spiral.rs:2077:22: warning: multiply and add expressions may be calculated more efficiently and accurately: help: consider using: `(c.x - b.x).mul_add(y - c.y, (b.y - c.y) * (x - c.x))`
crates/rs_cam_core/src/conformal_spiral.rs:2078:22: warning: multiply and add expressions may be calculated more efficiently and accurately: help: consider using: `(a.x - c.x).mul_add(y - c.y, (c.y - a.y) * (x - c.x))`
crates/rs_cam_core/src/conformal_spiral.rs:2157:16: warning: casting `usize` to `f64` may cause a loss of precision (`usize` can be up to 64 bits wide depending on the target architecture, but `f64`'s mantissa is only 52 bits wide)
crates/rs_cam_core/src/conformal_spiral.rs:2164:20: warning: casting `f64` to `usize` may truncate the value
crates/rs_cam_core/src/conformal_spiral.rs:2164:20: warning: casting `f64` to `usize` may lose the sign of the value
crates/rs_cam_core/src/conformal_spiral.rs:2197:51: warning: casting `usize` to `f64` may cause a loss of precision (`usize` can be up to 64 bits wide depending on the target architecture, but `f64`'s mantissa is only 52 bits wide)
crates/rs_cam_core/src/conformal_spiral.rs:2219:17: warning: multiply and add expressions may be calculated more efficiently and accurately: help: consider using: `fx = f.0.mul_add(w, fx)`
crates/rs_cam_core/src/conformal_spiral.rs:2220:17: warning: multiply and add expressions may be calculated more efficiently and accurately: help: consider using: `fy = f.1.mul_add(w, fy)`
crates/rs_cam_core/src/conformal_spiral.rs:2272:19: warning: it is more concise to loop over references to containers instead of using explicit iteration methods: help: to write this more concisely, try: `&c`
crates/rs_cam_core/src/conformal_spiral.rs:2337:13: warning: casting `f64` to `usize` may truncate the value
crates/rs_cam_core/src/conformal_spiral.rs:2337:13: warning: casting `f64` to `usize` may lose the sign of the value
crates/rs_cam_core/src/conformal_spiral.rs:2337:14: warning: casting `usize` to `f64` may cause a loss of precision (`usize` can be up to 64 bits wide depending on the target architecture, but `f64`'s mantissa is only 52 bits wide)
crates/rs_cam_core/src/conformal_spiral.rs:2338:14: warning: casting `usize` to `f64` may cause a loss of precision (`usize` can be up to 64 bits wide depending on the target architecture, but `f64`'s mantissa is only 52 bits wide)
crates/rs_cam_core/src/conformal_spiral.rs:2342:22: warning: casting `usize` to `f64` may cause a loss of precision (`usize` can be up to 64 bits wide depending on the target architecture, but `f64`'s mantissa is only 52 bits wide)
crates/rs_cam_core/src/conformal_spiral.rs:2343:22: warning: casting `usize` to `f64` may cause a loss of precision (`usize` can be up to 64 bits wide depending on the target architecture, but `f64`'s mantissa is only 52 bits wide)
crates/rs_cam_core/src/conformal_spiral.rs:2352:22: warning: casting `usize` to `f64` may cause a loss of precision (`usize` can be up to 64 bits wide depending on the target architecture, but `f64`'s mantissa is only 52 bits wide)
crates/rs_cam_core/src/conformal_spiral.rs:2353:22: warning: casting `usize` to `f64` may cause a loss of precision (`usize` can be up to 64 bits wide depending on the target architecture, but `f64`'s mantissa is only 52 bits wide)
crates/rs_cam_core/src/conformal_spiral.rs:2406:48: warning: casting `usize` to `f64` may cause a loss of precision (`usize` can be up to 64 bits wide depending on the target architecture, but `f64`'s mantissa is only 52 bits wide)
crates/rs_cam_core/src/conformal_spiral.rs:2408:19: warning: casting `f64` to `usize` may truncate the value
crates/rs_cam_core/src/conformal_spiral.rs:2408:19: warning: casting `f64` to `usize` may lose the sign of the value
crates/rs_cam_core/src/conformal_spiral.rs:2409:19: warning: casting `f64` to `usize` may truncate the value
crates/rs_cam_core/src/conformal_spiral.rs:2409:19: warning: casting `f64` to `usize` may lose the sign of the value
crates/rs_cam_core/src/conformal_spiral.rs:2428:35: warning: casting `usize` to `u32` may truncate the value on targets with 64-bit wide pointers
crates/rs_cam_core/src/conformal_spiral.rs:2442:17: warning: casting `f64` to `usize` may truncate the value
crates/rs_cam_core/src/conformal_spiral.rs:2442:17: warning: casting `f64` to `usize` may lose the sign of the value
crates/rs_cam_core/src/conformal_spiral.rs:2570:32: warning: casting `usize` to `f64` may cause a loss of precision (`usize` can be up to 64 bits wide depending on the target architecture, but `f64`'s mantissa is only 52 bits wide)
crates/rs_cam_core/src/conformal_spiral.rs:2570:45: warning: casting `usize` to `f64` may cause a loss of precision (`usize` can be up to 64 bits wide depending on the target architecture, but `f64`'s mantissa is only 52 bits wide)
crates/rs_cam_core/src/conformal_spiral.rs:2777:1: warning: this function has too many lines (174/100)
crates/rs_cam_core/src/conformal_spiral.rs:2856:23: warning: manual implementation of `midpoint` which can overflow: help: use `f64::midpoint` instead: `f64::midpoint(lo, best_hi)`
crates/rs_cam_core/src/conformal_spiral.rs:3050:34: warning: casting `usize` to `f64` may cause a loss of precision (`usize` can be up to 64 bits wide depending on the target architecture, but `f64`'s mantissa is only 52 bits wide)
crates/rs_cam_core/src/conformal_spiral.rs:3053:9: warning: casting `f64` to `usize` may truncate the value
crates/rs_cam_core/src/conformal_spiral.rs:3053:9: warning: casting `f64` to `usize` may lose the sign of the value
crates/rs_cam_core/src/conformal_spiral.rs:3076:24: warning: casting `usize` to `f64` may cause a loss of precision (`usize` can be up to 64 bits wide depending on the target architecture, but `f64`'s mantissa is only 52 bits wide)
crates/rs_cam_core/src/conformal_spiral.rs:3095:18: warning: multiply and add expressions may be calculated more efficiently and accurately: help: consider using: `(j as f64).mul_add(dtheta, real)`
crates/rs_cam_core/src/conformal_spiral.rs:3095:25: warning: casting `usize` to `f64` may cause a loss of precision (`usize` can be up to 64 bits wide depending on the target architecture, but `f64`'s mantissa is only 52 bits wide)
crates/rs_cam_core/src/conformal_spiral.rs:3097:9: warning: multiply and add expressions may be calculated more efficiently and accurately: help: consider using: `real = (run as f64).mul_add(dtheta, real)`
crates/rs_cam_core/src/conformal_spiral.rs:3097:17: warning: casting `usize` to `f64` may cause a loss of precision (`usize` can be up to 64 bits wide depending on the target architecture, but `f64`'s mantissa is only 52 bits wide)
crates/rs_cam_core/src/conformal_spiral.rs:3110:21: warning: casting `usize` to `f64` may cause a loss of precision (`usize` can be up to 64 bits wide depending on the target architecture, but `f64`'s mantissa is only 52 bits wide)
crates/rs_cam_core/src/conformal_spiral.rs:3110:34: warning: casting `usize` to `f64` may cause a loss of precision (`usize` can be up to 64 bits wide depending on the target architecture, but `f64`'s mantissa is only 52 bits wide)
crates/rs_cam_core/src/conformal_spiral.rs:3112:18: warning: multiply and add expressions may be calculated more efficiently and accurately: help: consider using: `(j as f64).mul_add(dtheta, real)`
crates/rs_cam_core/src/conformal_spiral.rs:3112:25: warning: casting `usize` to `f64` may cause a loss of precision (`usize` can be up to 64 bits wide depending on the target architecture, but `f64`'s mantissa is only 52 bits wide)
crates/rs_cam_core/src/conformal_spiral.rs:3114:9: warning: multiply and add expressions may be calculated more efficiently and accurately: help: consider using: `real = (bc as f64).mul_add(dtheta, real)`
crates/rs_cam_core/src/conformal_spiral.rs:3114:17: warning: casting `usize` to `f64` may cause a loss of precision (`usize` can be up to 64 bits wide depending on the target architecture, but `f64`'s mantissa is only 52 bits wide)
crates/rs_cam_core/src/conformal_spiral.rs:3183:1: warning: this function has too many lines (136/100)
crates/rs_cam_core/src/conformal_spiral.rs:3220:22: warning: casting `f64` to `usize` may truncate the value
crates/rs_cam_core/src/conformal_spiral.rs:3220:22: warning: casting `f64` to `usize` may lose the sign of the value
crates/rs_cam_core/src/conformal_spiral.rs:3239:19: warning: casting `usize` to `f64` may cause a loss of precision (`usize` can be up to 64 bits wide depending on the target architecture, but `f64`'s mantissa is only 52 bits wide)
crates/rs_cam_core/src/conformal_spiral.rs:3385:25: warning: casting `usize` to `f64` may cause a loss of precision (`usize` can be up to 64 bits wide depending on the target architecture, but `f64`'s mantissa is only 52 bits wide)
crates/rs_cam_core/src/conformal_spiral.rs:3409:5: warning: multiply and add expressions may be calculated more efficiently and accurately: help: consider using: `(b.1 - a.1).mul_add(-(c.0 - a.0), (b.0 - a.0) * (c.1 - a.1))`
crates/rs_cam_core/src/contour_extract.rs:207:5: warning: manual implementation of `midpoint` which can overflow: help: use `f64::midpoint` instead: `f64::midpoint(xa, xb)`
crates/rs_cam_core/src/contour_extract.rs:226:5: warning: manual implementation of `midpoint` which can overflow: help: use `f64::midpoint` instead: `f64::midpoint(ya, yb)`
crates/rs_cam_core/src/contour_extract.rs:315:22: warning: casting `usize` to `f64` may cause a loss of precision (`usize` can be up to 64 bits wide depending on the target architecture, but `f64`'s mantissa is only 52 bits wide)
crates/rs_cam_core/src/contour_extract.rs:316:22: warning: casting `usize` to `f64` may cause a loss of precision (`usize` can be up to 64 bits wide depending on the target architecture, but `f64`'s mantissa is only 52 bits wide)
crates/rs_cam_core/src/contour_extract.rs:319:25: warning: multiply and add expressions may be calculated more efficiently and accurately: help: consider using: `cf.mul_add(cell_size, origin_x)`
crates/rs_cam_core/src/contour_extract.rs:319:52: warning: multiply and add expressions may be calculated more efficiently and accurately: help: consider using: `(rf + 0.5).mul_add(cell_size, origin_y)`
crates/rs_cam_core/src/contour_extract.rs:321:21: warning: multiply and add expressions may be calculated more efficiently and accurately: help: consider using: `(cf + 0.5).mul_add(cell_size, origin_x)`
crates/rs_cam_core/src/contour_extract.rs:322:21: warning: multiply and add expressions may be calculated more efficiently and accurately: help: consider using: `(rf + 1.0).mul_add(cell_size, origin_y)`
crates/rs_cam_core/src/contour_extract.rs:325:21: warning: multiply and add expressions may be calculated more efficiently and accurately: help: consider using: `(cf + 1.0).mul_add(cell_size, origin_x)`
crates/rs_cam_core/src/contour_extract.rs:326:21: warning: multiply and add expressions may be calculated more efficiently and accurately: help: consider using: `(rf + 0.5).mul_add(cell_size, origin_y)`
crates/rs_cam_core/src/contour_extract.rs:328:25: warning: multiply and add expressions may be calculated more efficiently and accurately: help: consider using: `(cf + 0.5).mul_add(cell_size, origin_x)`
crates/rs_cam_core/src/contour_extract.rs:328:60: warning: multiply and add expressions may be calculated more efficiently and accurately: help: consider using: `rf.mul_add(cell_size, origin_y)`
crates/rs_cam_core/src/crease_paths.rs:34:1: warning: this could be a `const fn`
crates/rs_cam_core/src/crease_paths.rs:38:1: warning: first doc comment paragraph is too long
crates/rs_cam_core/src/crease_paths.rs:246:21: warning: multiply and add expressions can be calculated more efficiently and accurately: help: consider using: `(b.x - a.x).mul_add(b.x - a.x, (b.y - a.y).powi(2))`
crates/rs_cam_core/src/crease_paths.rs:246:21: warning: multiply and add expressions can be calculated more efficiently and accurately: help: consider using: `(b.y - a.y).mul_add(b.y - a.y, (b.x - a.x).powi(2))`
crates/rs_cam_core/src/crease_paths.rs:246:20: warning: multiply and add expressions can be calculated more efficiently and accurately: help: consider using: `(b.z - a.z).mul_add(b.z - a.z, (b.x - a.x).powi(2) + (b.y - a.y).powi(2))`
crates/rs_cam_core/src/crease_paths.rs:258:18: warning: multiply and add expressions can be calculated more efficiently and accurately: help: consider using: `(p.x - prev.x).mul_add(p.x - prev.x, (p.y - prev.y).powi(2))`
crates/rs_cam_core/src/crease_paths.rs:258:18: warning: multiply and add expressions can be calculated more efficiently and accurately: help: consider using: `(p.y - prev.y).mul_add(p.y - prev.y, (p.x - prev.x).powi(2))`
crates/rs_cam_core/src/crease_paths.rs:258:17: warning: multiply and add expressions can be calculated more efficiently and accurately: help: consider using: `(p.z - prev.z).mul_add(p.z - prev.z, (p.x - prev.x).powi(2) + (p.y - prev.y).powi(2))`
crates/rs_cam_core/src/crease_paths.rs:275:13: warning: called `map(<f>).unwrap_or(<a>)` on an `Option` value
crates/rs_cam_core/src/crest_lines.rs:146:9: warning: multiply and add expressions may be calculated more efficiently and accurately: help: consider using: `(kv * v1).mul_add(v1, ku * u1 * u1 + kuv * 2.0 * u1 * v1)`
crates/rs_cam_core/src/crest_lines.rs:146:9: warning: multiply and add expressions may be calculated more efficiently and accurately: help: consider using: `(kuv * 2.0 * u1).mul_add(v1, ku * u1 * u1)`
crates/rs_cam_core/src/crest_lines.rs:147:9: warning: multiply and add expressions may be calculated more efficiently and accurately: help: consider using: `(kv * v1).mul_add(v2, ku * u1 * u2 + kuv * (u1 * v2 + u2 * v1))`
crates/rs_cam_core/src/crest_lines.rs:147:9: warning: multiply and add expressions may be calculated more efficiently and accurately: help: consider using: `kuv.mul_add(u1 * v2 + u2 * v1, ku * u1 * u2)`
crates/rs_cam_core/src/crest_lines.rs:147:30: warning: multiply and add expressions may be calculated more efficiently and accurately: help: consider using: `u2.mul_add(v1, u1 * v2)`
crates/rs_cam_core/src/crest_lines.rs:148:9: warning: multiply and add expressions may be calculated more efficiently and accurately: help: consider using: `(kv * v2).mul_add(v2, ku * u2 * u2 + kuv * 2.0 * u2 * v2)`
crates/rs_cam_core/src/crest_lines.rs:148:9: warning: multiply and add expressions may be calculated more efficiently and accurately: help: consider using: `(kuv * 2.0 * u2).mul_add(v2, ku * u2 * u2)`
crates/rs_cam_core/src/crest_lines.rs:161:9: warning: multiply and add expressions may be calculated more efficiently and accurately
crates/rs_cam_core/src/crest_lines.rs:161:9: warning: multiply and add expressions may be calculated more efficiently and accurately: help: consider using: `(3.0 * d[2] * u1 * v1).mul_add(v1, d[0] * u1 * u1 * u1 + 3.0 * d[1] * u1 * u1 * v1)`
crates/rs_cam_core/src/crest_lines.rs:161:9: warning: multiply and add expressions may be calculated more efficiently and accurately: help: consider using: `(3.0 * d[1] * u1 * u1).mul_add(v1, d[0] * u1 * u1 * u1)`
crates/rs_cam_core/src/crest_lines.rs:165:9: warning: multiply and add expressions may be calculated more efficiently and accurately
crates/rs_cam_core/src/crest_lines.rs:165:9: warning: multiply and add expressions may be calculated more efficiently and accurately: help: consider using: `d[2].mul_add(u2 * v1 * v1 + 2.0 * u1 * v1 * v2, d[0] * u1 * u1 * u2 + d[1] * (u1 * u1 * v2 + 2.0 * u2 * u1 * v1))`
crates/rs_cam_core/src/crest_lines.rs:165:9: warning: multiply and add expressions may be calculated more efficiently and accurately: help: consider using: `d[1].mul_add(u1 * u1 * v2 + 2.0 * u2 * u1 * v1, d[0] * u1 * u1 * u2)`
crates/rs_cam_core/src/crest_lines.rs:166:22: warning: multiply and add expressions may be calculated more efficiently and accurately: help: consider using: `(2.0 * u2 * u1).mul_add(v1, u1 * u1 * v2)`
crates/rs_cam_core/src/crest_lines.rs:167:22: warning: multiply and add expressions may be calculated more efficiently and accurately: help: consider using: `(2.0 * u1 * v1).mul_add(v2, u2 * v1 * v1)`
crates/rs_cam_core/src/crest_lines.rs:169:9: warning: multiply and add expressions may be calculated more efficiently and accurately
crates/rs_cam_core/src/crest_lines.rs:169:9: warning: multiply and add expressions may be calculated more efficiently and accurately: help: consider using: `d[2].mul_add(u1 * v2 * v2 + 2.0 * u2 * v2 * v1, d[0] * u1 * u2 * u2 + d[1] * (u2 * u2 * v1 + 2.0 * u1 * u2 * v2))`
crates/rs_cam_core/src/crest_lines.rs:169:9: warning: multiply and add expressions may be calculated more efficiently and accurately: help: consider using: `d[1].mul_add(u2 * u2 * v1 + 2.0 * u1 * u2 * v2, d[0] * u1 * u2 * u2)`
crates/rs_cam_core/src/crest_lines.rs:170:22: warning: multiply and add expressions may be calculated more efficiently and accurately: help: consider using: `(2.0 * u1 * u2).mul_add(v2, u2 * u2 * v1)`
crates/rs_cam_core/src/crest_lines.rs:171:22: warning: multiply and add expressions may be calculated more efficiently and accurately: help: consider using: `(2.0 * u2 * v2).mul_add(v1, u1 * v2 * v2)`
crates/rs_cam_core/src/crest_lines.rs:173:9: warning: multiply and add expressions may be calculated more efficiently and accurately
crates/rs_cam_core/src/crest_lines.rs:173:9: warning: multiply and add expressions may be calculated more efficiently and accurately: help: consider using: `(3.0 * d[2] * u2 * v2).mul_add(v2, d[0] * u2 * u2 * u2 + 3.0 * d[1] * u2 * u2 * v2)`
crates/rs_cam_core/src/crest_lines.rs:173:9: warning: multiply and add expressions may be calculated more efficiently and accurately: help: consider using: `(3.0 * d[1] * u2 * u2).mul_add(v2, d[0] * u2 * u2 * u2)`
crates/rs_cam_core/src/crest_lines.rs:202:19: warning: multiply and add expressions may be calculated more efficiently and accurately: help: consider using: `tt.mul_add(tt, 1.0)`
crates/rs_cam_core/src/crest_lines.rs:206:14: warning: multiply and add expressions may be calculated more efficiently and accurately: help: consider using: `tt.mul_add(-kuv, ku)`
crates/rs_cam_core/src/crest_lines.rs:207:14: warning: multiply and add expressions may be calculated more efficiently and accurately: help: consider using: `tt.mul_add(kuv, kv)`
crates/rs_cam_core/src/crest_lines.rs:328:1: warning: this function has too many lines (205/100)
crates/rs_cam_core/src/crest_lines.rs:396:13: warning: multiply and add expressions may be calculated more efficiently and accurately: help: consider using: `w[0][0] = u.mul_add(u, w[0][0])`
crates/rs_cam_core/src/crest_lines.rs:397:13: warning: multiply and add expressions may be calculated more efficiently and accurately: help: consider using: `w[0][1] = u.mul_add(vv, w[0][1])`
crates/rs_cam_core/src/crest_lines.rs:398:13: warning: multiply and add expressions may be calculated more efficiently and accurately: help: consider using: `w[2][2] = vv.mul_add(vv, w[2][2])`
crates/rs_cam_core/src/crest_lines.rs:402:13: warning: multiply and add expressions may be calculated more efficiently and accurately: help: consider using: `m[0] = dnu.mul_add(u, m[0])`
crates/rs_cam_core/src/crest_lines.rs:403:21: warning: multiply and add expressions may be calculated more efficiently and accurately: help: consider using: `dnv.mul_add(u, dnu * vv)`
crates/rs_cam_core/src/crest_lines.rs:404:13: warning: multiply and add expressions may be calculated more efficiently and accurately: help: consider using: `m[2] = dnv.mul_add(vv, m[2])`
crates/rs_cam_core/src/crest_lines.rs:425:13: warning: multiply and add expressions may be calculated more efficiently and accurately: help: consider using: `cu[vj] = wt.mul_add(ku, cu[vj])`
crates/rs_cam_core/src/crest_lines.rs:426:13: warning: multiply and add expressions may be calculated more efficiently and accurately: help: consider using: `cuv[vj] = wt.mul_add(kuv, cuv[vj])`
crates/rs_cam_core/src/crest_lines.rs:427:13: warning: multiply and add expressions may be calculated more efficiently and accurately: help: consider using: `cv[vj] = wt.mul_add(kv, cv[vj])`
crates/rs_cam_core/src/crest_lines.rs:451:17: warning: multiply and add expressions may be calculated more efficiently and accurately: help: consider using: `aku = ku.mul_add(wt, aku)`
crates/rs_cam_core/src/crest_lines.rs:452:17: warning: multiply and add expressions may be calculated more efficiently and accurately: help: consider using: `akuv = kuv.mul_add(wt, akuv)`
crates/rs_cam_core/src/crest_lines.rs:453:17: warning: multiply and add expressions may be calculated more efficiently and accurately: help: consider using: `akv = kv.mul_add(wt, akv)`
crates/rs_cam_core/src/crest_lines.rs:504:24: warning: it looks like you're trying to convert a tuple to an array
crates/rs_cam_core/src/crest_lines.rs:526:13: warning: multiply and add expressions may be calculated more efficiently and accurately: help: consider using: `m[0] = u.mul_add(df[0], m[0])`
crates/rs_cam_core/src/crest_lines.rs:527:21: warning: multiply and add expressions may be calculated more efficiently and accurately: help: consider using: `u.mul_add(df[1], vv * df[0])`
crates/rs_cam_core/src/crest_lines.rs:528:21: warning: multiply and add expressions may be calculated more efficiently and accurately: help: consider using: `u.mul_add(df[2], vv * df[1])`
crates/rs_cam_core/src/crest_lines.rs:529:13: warning: multiply and add expressions may be calculated more efficiently and accurately: help: consider using: `m[3] = vv.mul_add(df[2], m[3])`
crates/rs_cam_core/src/crest_lines.rs:547:17: warning: multiply and add expressions may be calculated more efficiently and accurately: help: consider using: `dcurv[vj][k] = wt.mul_add(pd[k], dcurv[vj][k])`
crates/rs_cam_core/src/crest_lines.rs:625:9: warning: adding items after statements is confusing, since items exist from the start of the scope
crates/rs_cam_core/src/crest_lines.rs:640:21: warning: multiply and add expressions may be calculated more efficiently and accurately: help: consider using: `(pb.x - pa.x).mul_add(s, pa.x)`
crates/rs_cam_core/src/crest_lines.rs:641:21: warning: multiply and add expressions may be calculated more efficiently and accurately: help: consider using: `(pb.y - pa.y).mul_add(s, pa.y)`
crates/rs_cam_core/src/crest_lines.rs:642:21: warning: multiply and add expressions may be calculated more efficiently and accurately: help: consider using: `(pb.z - pa.z).mul_add(s, pa.z)`
crates/rs_cam_core/src/crest_lines.rs:644:26: warning: multiply and add expressions may be calculated more efficiently and accurately: help: consider using: `(cv.k2[vi[b]] - cv.k2[vi[a]]).mul_add(s, cv.k2[vi[a]])`
crates/rs_cam_core/src/crest_lines.rs:645:26: warning: multiply and add expressions may be calculated more efficiently and accurately: help: consider using: `(cv.k1[vi[b]] - cv.k1[vi[a]]).mul_add(s, cv.k1[vi[a]])`
crates/rs_cam_core/src/crest_lines.rs:767:1: warning: first doc comment paragraph is too long
crates/rs_cam_core/src/debug_trace.rs:54:13: warning: manual implementation of `midpoint` which can overflow: help: use `f64::midpoint` instead: `f64::midpoint(self.min_x, self.max_x)`
crates/rs_cam_core/src/debug_trace.rs:55:13: warning: manual implementation of `midpoint` which can overflow: help: use `f64::midpoint` instead: `f64::midpoint(self.min_y, self.max_y)`
crates/rs_cam_core/src/debug_trace.rs:95:24: warning: you are deriving `PartialEq` and can implement `Eq`: help: consider deriving `Eq` as well: `PartialEq, Eq`
crates/rs_cam_core/src/debug_trace.rs:101:24: warning: you are deriving `PartialEq` and can implement `Eq`: help: consider deriving `Eq` as well: `PartialEq, Eq`
crates/rs_cam_core/src/debug_trace.rs:205:5: warning: missing `#[must_use]` attribute on a method returning `Self`
crates/rs_cam_core/src/debug_trace.rs:230:28: warning: casting `i64` to `f64` may cause a loss of precision (`i64` is 64 bits wide, but `f64`'s mantissa is only 52 bits wide)
crates/rs_cam_core/src/debug_trace.rs:231:28: warning: casting `i64` to `f64` may cause a loss of precision (`i64` is 64 bits wide, but `f64`'s mantissa is only 52 bits wide)
crates/rs_cam_core/src/debug_trace.rs:235:44: warning: casting `i64` to `f64` may cause a loss of precision (`i64` is 64 bits wide, but `f64`'s mantissa is only 52 bits wide)
crates/rs_cam_core/src/debug_trace.rs:257:31: warning: casting `u128` to `u64` may truncate the value
crates/rs_cam_core/src/debug_trace.rs:289:24: warning: casting `u128` to `u64` may truncate the value
crates/rs_cam_core/src/debug_trace.rs:354:17: warning: temporary with significant `Drop` can be early dropped
crates/rs_cam_core/src/debug_trace.rs:336:24: warning: casting `f64` to `i64` may truncate the value
crates/rs_cam_core/src/debug_trace.rs:337:24: warning: casting `f64` to `i64` may truncate the value
crates/rs_cam_core/src/debug_trace.rs:341:30: warning: casting `f64` to `i64` may truncate the value
crates/rs_cam_core/src/debug_trace.rs:405:5: warning: this could be a `const fn`
crates/rs_cam_core/src/debug_trace.rs:479:26: warning: casting `u128` to `u64` may truncate the value
crates/rs_cam_core/src/depth.rs:15:30: warning: you are deriving `PartialEq` and can implement `Eq`: help: consider deriving `Eq` as well: `PartialEq, Eq`
crates/rs_cam_core/src/depth.rs:48:5: warning: this could be a `const fn`
crates/rs_cam_core/src/depth.rs:70:9: warning: casting `f64` to `usize` may truncate the value
crates/rs_cam_core/src/depth.rs:70:9: warning: casting `f64` to `usize` may lose the sign of the value
crates/rs_cam_core/src/depth.rs:107:42: warning: casting `usize` to `f64` may cause a loss of precision (`usize` can be up to 64 bits wide depending on the target architecture, but `f64`'s mantissa is only 52 bits wide)
crates/rs_cam_core/src/depth.rs:108:33: warning: multiply and add expressions may be calculated more efficiently and accurately: help: consider using: `step.mul_add(-(i as f64), self.start_z)`
crates/rs_cam_core/src/depth.rs:108:55: warning: casting `usize` to `f64` may cause a loss of precision (`usize` can be up to 64 bits wide depending on the target architecture, but `f64`'s mantissa is only 52 bits wide)
crates/rs_cam_core/src/depth.rs:113:29: warning: multiply and add expressions may be calculated more efficiently and accurately: help: consider using: `self.max_step_down.mul_add(-(i as f64), self.start_z)`
crates/rs_cam_core/src/depth.rs:113:65: warning: casting `usize` to `f64` may cause a loss of precision (`usize` can be up to 64 bits wide depending on the target architecture, but `f64`'s mantissa is only 52 bits wide)
crates/rs_cam_core/src/depth.rs:188:1: warning: first doc comment paragraph is too long
crates/rs_cam_core/src/depth.rs:257:1: warning: first doc comment paragraph is too long
crates/rs_cam_core/src/dexel.rs:204:20: warning: redundant closure: help: replace the closure with the method itself: `DexelSegment::length`
crates/rs_cam_core/src/dexel.rs:226:16: warning: it is more concise to loop over references to containers instead of using explicit iteration methods: help: to write this more concisely, try: `ray`
crates/rs_cam_core/src/dexel.rs:328:20: warning: casting `f64` to `usize` may truncate the value
crates/rs_cam_core/src/dexel.rs:328:20: warning: casting `f64` to `usize` may lose the sign of the value
crates/rs_cam_core/src/dexel.rs:329:20: warning: casting `f64` to `usize` may truncate the value
crates/rs_cam_core/src/dexel.rs:329:20: warning: casting `f64` to `usize` may lose the sign of the value
crates/rs_cam_core/src/dexel.rs:332:26: warning: casting `usize` to `f64` may cause a loss of precision (`usize` can be up to 64 bits wide depending on the target architecture, but `f64`'s mantissa is only 52 bits wide)
crates/rs_cam_core/src/dexel.rs:356:20: warning: casting `f64` to `usize` may truncate the value
crates/rs_cam_core/src/dexel.rs:356:20: warning: casting `f64` to `usize` may lose the sign of the value
crates/rs_cam_core/src/dexel.rs:357:20: warning: casting `f64` to `usize` may truncate the value
crates/rs_cam_core/src/dexel.rs:357:20: warning: casting `f64` to `usize` may lose the sign of the value
crates/rs_cam_core/src/dexel.rs:361:34: warning: casting `usize` to `f64` may cause a loss of precision (`usize` can be up to 64 bits wide depending on the target architecture, but `f64`'s mantissa is only 52 bits wide)
crates/rs_cam_core/src/dexel.rs:381:20: warning: casting `f64` to `usize` may truncate the value
crates/rs_cam_core/src/dexel.rs:381:20: warning: casting `f64` to `usize` may lose the sign of the value
crates/rs_cam_core/src/dexel.rs:382:20: warning: casting `f64` to `usize` may truncate the value
crates/rs_cam_core/src/dexel.rs:382:20: warning: casting `f64` to `usize` may lose the sign of the value
crates/rs_cam_core/src/dexel.rs:383:37: warning: casting `f64` to `f32` may truncate the value
crates/rs_cam_core/src/dexel.rs:383:56: warning: casting `f64` to `f32` may truncate the value
crates/rs_cam_core/src/dexel.rs:394:36: warning: casting `f64` to `f32` may truncate the value
crates/rs_cam_core/src/dexel.rs:406:20: warning: casting `f64` to `usize` may truncate the value
crates/rs_cam_core/src/dexel.rs:406:20: warning: casting `f64` to `usize` may lose the sign of the value
crates/rs_cam_core/src/dexel.rs:407:20: warning: casting `f64` to `usize` may truncate the value
crates/rs_cam_core/src/dexel.rs:407:20: warning: casting `f64` to `usize` may lose the sign of the value
crates/rs_cam_core/src/dexel.rs:408:37: warning: casting `f64` to `f32` may truncate the value
crates/rs_cam_core/src/dexel.rs:408:56: warning: casting `f64` to `f32` may truncate the value
crates/rs_cam_core/src/dexel.rs:419:36: warning: casting `f64` to `f32` may truncate the value
crates/rs_cam_core/src/dexel.rs:431:20: warning: casting `f64` to `usize` may truncate the value
crates/rs_cam_core/src/dexel.rs:431:20: warning: casting `f64` to `usize` may lose the sign of the value
crates/rs_cam_core/src/dexel.rs:432:20: warning: casting `f64` to `usize` may truncate the value
crates/rs_cam_core/src/dexel.rs:432:20: warning: casting `f64` to `usize` may lose the sign of the value
crates/rs_cam_core/src/dexel.rs:433:37: warning: casting `f64` to `f32` may truncate the value
crates/rs_cam_core/src/dexel.rs:433:56: warning: casting `f64` to `f32` may truncate the value
crates/rs_cam_core/src/dexel.rs:444:36: warning: casting `f64` to `f32` may truncate the value
crates/rs_cam_core/src/dexel.rs:456:19: warning: casting `f64` to `isize` may truncate the value
crates/rs_cam_core/src/dexel.rs:457:19: warning: casting `f64` to `isize` may truncate the value
crates/rs_cam_core/src/dexel.rs:458:41: warning: casting `usize` to `isize` may wrap around the value: help: if this is intentional, use `cast_signed()` instead: `self.cols.cast_signed()`
crates/rs_cam_core/src/dexel.rs:458:70: warning: casting `usize` to `isize` may wrap around the value: help: if this is intentional, use `cast_signed()` instead: `self.rows.cast_signed()`
crates/rs_cam_core/src/dexel.rs:461:15: warning: casting `isize` to `usize` may lose the sign of the value: help: if this is intentional, use `cast_unsigned()` instead: `row.cast_unsigned()`
crates/rs_cam_core/src/dexel.rs:461:29: warning: casting `isize` to `usize` may lose the sign of the value: help: if this is intentional, use `cast_unsigned()` instead: `col.cast_unsigned()`
crates/rs_cam_core/src/dexel.rs:468:13: warning: multiply and add expressions may be calculated more efficiently and accurately: help: consider using: `(col as f64).mul_add(self.cell_size, self.origin_u)`
crates/rs_cam_core/src/dexel.rs:468:29: warning: casting `usize` to `f64` may cause a loss of precision (`usize` can be up to 64 bits wide depending on the target architecture, but `f64`'s mantissa is only 52 bits wide)
crates/rs_cam_core/src/dexel.rs:469:13: warning: multiply and add expressions may be calculated more efficiently and accurately: help: consider using: `(row as f64).mul_add(self.cell_size, self.origin_v)`
crates/rs_cam_core/src/dexel.rs:469:29: warning: casting `usize` to `f64` may cause a loss of precision (`usize` can be up to 64 bits wide depending on the target architecture, but `f64`'s mantissa is only 52 bits wide)
crates/rs_cam_core/src/dexel_mesh.rs:71:65: warning: casting `f64` to `f32` may truncate the value
crates/rs_cam_core/src/dexel_mesh.rs:71:75: warning: casting `f64` to `f32` may truncate the value
crates/rs_cam_core/src/dexel_mesh.rs:81:25: warning: multiply and add expressions may be calculated more efficiently and accurately: help: consider using: `(CUT_R - UNCUT_R).mul_add(depth_t, UNCUT_R)`
crates/rs_cam_core/src/dexel_mesh.rs:82:25: warning: multiply and add expressions may be calculated more efficiently and accurately: help: consider using: `(CUT_G - UNCUT_G).mul_add(depth_t, UNCUT_G)`
crates/rs_cam_core/src/dexel_mesh.rs:83:25: warning: multiply and add expressions may be calculated more efficiently and accurately: help: consider using: `(CUT_B - UNCUT_B).mul_add(depth_t, UNCUT_B)`
crates/rs_cam_core/src/dexel_mesh.rs:90:22: warning: casting `usize` to `u32` may truncate the value on targets with 64-bit wide pointers
crates/rs_cam_core/src/dexel_mesh.rs:92:22: warning: casting `usize` to `u32` may truncate the value on targets with 64-bit wide pointers
crates/rs_cam_core/src/dexel_mesh.rs:124:26: warning: casting `f64` to `f32` may truncate the value
crates/rs_cam_core/src/dexel_mesh.rs:124:57: warning: casting `f64` to `f32` may truncate the value
crates/rs_cam_core/src/dexel_mesh.rs:125:26: warning: casting `f64` to `f32` may truncate the value
crates/rs_cam_core/src/dexel_mesh.rs:125:57: warning: casting `f64` to `f32` may truncate the value
crates/rs_cam_core/src/dexel_mesh.rs:126:26: warning: casting `f64` to `f32` may truncate the value
crates/rs_cam_core/src/dexel_mesh.rs:126:57: warning: casting `f64` to `f32` may truncate the value
crates/rs_cam_core/src/dexel_mesh.rs:130:1: warning: this could be a `const fn`
crates/rs_cam_core/src/dexel_mesh.rs:197:64: warning: redundant closure: help: replace the closure with the method itself: `smallvec::SmallVec::as_slice`
crates/rs_cam_core/src/dexel_mesh.rs:203:21: warning: casts from `f32` to `f64` can be expressed infallibly using `From`
crates/rs_cam_core/src/dexel_mesh.rs:231:20: warning: casting `usize` to `u32` may truncate the value on targets with 64-bit wide pointers
crates/rs_cam_core/src/dexel_mesh.rs:241:21: warning: casts from `f32` to `f64` can be expressed infallibly using `From`
crates/rs_cam_core/src/dexel_mesh.rs:251:31: warning: casting `f64` to `f32` may truncate the value
crates/rs_cam_core/src/dexel_mesh.rs:252:31: warning: casting `f64` to `f32` may truncate the value
crates/rs_cam_core/src/dexel_mesh.rs:253:31: warning: casting `f64` to `f32` may truncate the value
crates/rs_cam_core/src/dexel_mesh.rs:255:31: warning: casting `f64` to `f32` may truncate the value
crates/rs_cam_core/src/dexel_mesh.rs:256:29: warning: multiply and add expressions may be calculated more efficiently and accurately: help: consider using: `(CUT_R - UNCUT_R).mul_add(depth_t, UNCUT_R)`
crates/rs_cam_core/src/dexel_mesh.rs:257:29: warning: multiply and add expressions may be calculated more efficiently and accurately: help: consider using: `(CUT_G - UNCUT_G).mul_add(depth_t, UNCUT_G)`
crates/rs_cam_core/src/dexel_mesh.rs:258:29: warning: multiply and add expressions may be calculated more efficiently and accurately: help: consider using: `(CUT_B - UNCUT_B).mul_add(depth_t, UNCUT_B)`
crates/rs_cam_core/src/dexel_mesh.rs:273:33: warning: casting `usize` to `u32` may truncate the value on targets with 64-bit wide pointers
crates/rs_cam_core/src/dexel_mesh.rs:275:33: warning: casting `usize` to `u32` may truncate the value on targets with 64-bit wide pointers
crates/rs_cam_core/src/dexel_mesh.rs:291:24: warning: casting `usize` to `u32` may truncate the value on targets with 64-bit wide pointers
crates/rs_cam_core/src/dexel_mesh.rs:314:22: warning: casting `f64` to `f32` may truncate the value
crates/rs_cam_core/src/dexel_mesh.rs:321:30: warning: casting `f64` to `f32` may truncate the value
crates/rs_cam_core/src/dexel_mesh.rs:326:22: warning: casting `f64` to `f32` may truncate the value
crates/rs_cam_core/src/dexel_mesh.rs:327:22: warning: casting `f64` to `f32` may truncate the value
crates/rs_cam_core/src/dexel_mesh.rs:328:28: warning: casting `f64` to `f32` may truncate the value
crates/rs_cam_core/src/dexel_mesh.rs:329:25: warning: casting `f64` to `f32` may truncate the value
crates/rs_cam_core/src/dexel_mesh.rs:341:33: warning: casting `usize` to `f32` may cause a loss of precision (`usize` can be up to 64 bits wide depending on the target architecture, but `f32`'s mantissa is only 23 bits wide)
crates/rs_cam_core/src/dexel_mesh.rs:341:70: warning: casting `usize` to `f32` may cause a loss of precision (`usize` can be up to 64 bits wide depending on the target architecture, but `f32`'s mantissa is only 23 bits wide)
crates/rs_cam_core/src/dexel_mesh.rs:368:26: warning: casting `usize` to `u32` may truncate the value on targets with 64-bit wide pointers
crates/rs_cam_core/src/dexel_mesh.rs:369:26: warning: casting `usize` to `u32` may truncate the value on targets with 64-bit wide pointers
crates/rs_cam_core/src/dexel_mesh.rs:370:26: warning: casting `usize` to `u32` may truncate the value on targets with 64-bit wide pointers
crates/rs_cam_core/src/dexel_mesh.rs:371:26: warning: casting `usize` to `u32` may truncate the value on targets with 64-bit wide pointers
crates/rs_cam_core/src/dexel_mesh.rs:386:46: warning: casting `usize` to `u32` may truncate the value on targets with 64-bit wide pointers
crates/rs_cam_core/src/dexel_mesh.rs:386:65: warning: casting `usize` to `u32` may truncate the value on targets with 64-bit wide pointers
crates/rs_cam_core/src/dexel_mesh.rs:386:78: warning: casting `usize` to `u32` may truncate the value on targets with 64-bit wide pointers
crates/rs_cam_core/src/dexel_mesh.rs:397:46: warning: casting `usize` to `u32` may truncate the value on targets with 64-bit wide pointers
crates/rs_cam_core/src/dexel_mesh.rs:397:63: warning: casting `usize` to `u32` may truncate the value on targets with 64-bit wide pointers
crates/rs_cam_core/src/dexel_mesh.rs:397:76: warning: casting `usize` to `u32` may truncate the value on targets with 64-bit wide pointers
crates/rs_cam_core/src/dexel_mesh_mc.rs:49:1: warning: this function has too many lines (249/100)
crates/rs_cam_core/src/dexel_mesh_mc.rs:56:21: warning: casting `f64` to `f32` may truncate the value
crates/rs_cam_core/src/dexel_mesh_mc.rs:57:21: warning: casting `f64` to `f32` may truncate the value
crates/rs_cam_core/src/dexel_mesh_mc.rs:131:17: warning: multiply and add expressions may be calculated more efficiently and accurately: help: consider using: `(cj as f64 - 0.5).mul_add(grid.cell_size, grid.origin_u)`
crates/rs_cam_core/src/dexel_mesh_mc.rs:131:34: warning: casting `usize` to `f64` may cause a loss of precision (`usize` can be up to 64 bits wide depending on the target architecture, but `f64`'s mantissa is only 52 bits wide)
crates/rs_cam_core/src/dexel_mesh_mc.rs:132:17: warning: multiply and add expressions may be calculated more efficiently and accurately: help: consider using: `(ci as f64 - 0.5).mul_add(grid.cell_size, grid.origin_v)`
crates/rs_cam_core/src/dexel_mesh_mc.rs:132:34: warning: casting `usize` to `f64` may cause a loss of precision (`usize` can be up to 64 bits wide depending on the target architecture, but `f64`'s mantissa is only 52 bits wide)
crates/rs_cam_core/src/dexel_mesh_mc.rs:133:10: warning: casting `f64` to `f32` may truncate the value
crates/rs_cam_core/src/dexel_mesh_mc.rs:133:20: warning: casting `f64` to `f32` may truncate the value
crates/rs_cam_core/src/dexel_mesh_mc.rs:157:22: warning: casting `usize` to `u32` may truncate the value on targets with 64-bit wide pointers
crates/rs_cam_core/src/dexel_mesh_mc.rs:161:39: warning: it looks like you're trying to convert a tuple to an array
crates/rs_cam_core/src/dexel_mesh_mc.rs:164:22: warning: casting `usize` to `u32` may truncate the value on targets with 64-bit wide pointers
crates/rs_cam_core/src/dexel_mesh_mc.rs:168:39: warning: it looks like you're trying to convert a tuple to an array
crates/rs_cam_core/src/dexel_mesh_mc.rs:289:13: warning: unnecessary boolean `not` operation
crates/rs_cam_core/src/dexel_mesh_mc.rs:313:13: warning: unnecessary boolean `not` operation
crates/rs_cam_core/src/dexel_mesh_mc.rs:358:16: warning: casting `usize` to `u32` may truncate the value on targets with 64-bit wide pointers
crates/rs_cam_core/src/dexel_mesh_mc.rs:386:16: warning: casting `usize` to `u32` may truncate the value on targets with 64-bit wide pointers
crates/rs_cam_core/src/dexel_mesh_mc.rs:417:16: warning: casting `usize` to `u32` may truncate the value on targets with 64-bit wide pointers
crates/rs_cam_core/src/dexel_mesh_mc.rs:492:32: warning: casting `usize` to `u32` may truncate the value on targets with 64-bit wide pointers
crates/rs_cam_core/src/dexel_mesh_mc.rs:517:33: warning: casting `usize` to `u32` may truncate the value on targets with 64-bit wide pointers
crates/rs_cam_core/src/dexel_mesh_mc.rs:543:6: warning: casting `f64` to `f32` may truncate the value
crates/rs_cam_core/src/dexel_mesh_mc.rs:543:16: warning: casting `f64` to `f32` may truncate the value
crates/rs_cam_core/src/dexel_mesh_mc.rs:546:52: warning: this argument (8 byte) is passed by reference, but would be more efficient if passed by value (limit: 8 byte): help: consider passing by value instead: `[f32; 2]`
crates/rs_cam_core/src/dexel_mesh_mc.rs:564:9: warning: multiply and add expressions may be calculated more efficiently and accurately: help: consider using: `(CUT_R - UNCUT_R).mul_add(depth_t, UNCUT_R)`
crates/rs_cam_core/src/dexel_mesh_mc.rs:565:9: warning: multiply and add expressions may be calculated more efficiently and accurately: help: consider using: `(CUT_G - UNCUT_G).mul_add(depth_t, UNCUT_G)`
crates/rs_cam_core/src/dexel_mesh_mc.rs:566:9: warning: multiply and add expressions may be calculated more efficiently and accurately: help: consider using: `(CUT_B - UNCUT_B).mul_add(depth_t, UNCUT_B)`
crates/rs_cam_core/src/dexel_stock/band.rs:65:5: warning: this could be a `const fn`
crates/rs_cam_core/src/dexel_stock/band.rs:72:5: warning: this could be a `const fn`
crates/rs_cam_core/src/dexel_stock/band.rs:227:16: warning: multiply and add expressions may be calculated more efficiently and accurately: help: consider using: `2.0f64.mul_add(cs, radius)`
crates/rs_cam_core/src/dexel_stock/band.rs:230:14: warning: casting `f64` to `isize` may truncate the value
crates/rs_cam_core/src/dexel_stock/band.rs:231:14: warning: casting `f64` to `isize` may truncate the value
crates/rs_cam_core/src/dexel_stock/band.rs:232:16: warning: casting `usize` to `isize` may wrap around the value: help: if this is intentional, use `cast_signed()` instead: `(grid.rows - 1).cast_signed()`
crates/rs_cam_core/src/dexel_stock/band.rs:236:11: warning: casting `isize` to `usize` may lose the sign of the value: help: if this is intentional, use `cast_unsigned()` instead: `lo.max(0).cast_unsigned()`
crates/rs_cam_core/src/dexel_stock/band.rs:236:31: warning: casting `isize` to `usize` may lose the sign of the value: help: if this is intentional, use `cast_unsigned()` instead: `hi.min(last).cast_unsigned()`
crates/rs_cam_core/src/dexel_stock/band.rs:300:18: warning: multiply and add expressions may be calculated more efficiently and accurately: help: consider using: `2.0f64.mul_add(scan, (end.0 - start.0).abs())`
crates/rs_cam_core/src/dexel_stock/band.rs:301:18: warning: multiply and add expressions may be calculated more efficiently and accurately: help: consider using: `2.0f64.mul_add(scan, (end.1 - start.1).abs())`
crates/rs_cam_core/src/dexel_stock/cut_direction.rs:28:5: warning: this could be a `const fn`
crates/rs_cam_core/src/dexel_stock/cut_direction.rs:40:5: warning: this could be a `const fn`
crates/rs_cam_core/src/dexel_stock/playback.rs:114:5: warning: this could be a `const fn`
crates/rs_cam_core/src/dexel_stock/playback.rs:293:29: warning: casting `f64` to `u64` may truncate the value
crates/rs_cam_core/src/dexel_stock/playback.rs:293:29: warning: casting `f64` to `u64` may lose the sign of the value
crates/rs_cam_core/src/dexel_stock/playback.rs:301:9: warning: unnecessary `!=` operation
crates/rs_cam_core/src/dexel_stock/playback.rs:307:27: warning: it is more concise to loop over references to containers instead of using explicit iteration methods: help: to write this more concisely, try: `&mut self.buckets`
crates/rs_cam_core/src/dexel_stock/playback.rs:324:29: warning: casting `usize` to `u32` may truncate the value on targets with 64-bit wide pointers
crates/rs_cam_core/src/dexel_stock/playback.rs:331:5: warning: this could be a `const fn`
crates/rs_cam_core/src/dexel_stock/playback.rs:337:5: warning: this could be a `const fn`
crates/rs_cam_core/src/dexel_stock/playback.rs:449:31: warning: it is more concise to loop over references to containers instead of using explicit iteration methods: help: to write this more concisely, try: `bucket`
crates/rs_cam_core/src/dexel_stock/simulation.rs:121:5: warning: this function has too many lines (103/100)
crates/rs_cam_core/src/dexel_stock/simulation.rs:403:5: warning: this function has too many lines (280/100)
crates/rs_cam_core/src/dexel_stock/simulation.rs:488:40: warning: called `map(<f>).unwrap_or(<a>)` on an `Option` value
crates/rs_cam_core/src/dexel_stock/simulation.rs:490:22: warning: redundant closure: help: replace the closure with the method itself: `std::vec::Vec::as_slice`
crates/rs_cam_core/src/dexel_stock/simulation.rs:860:5: warning: this function has too many lines (108/100)
crates/rs_cam_core/src/dexel_stock/simulation.rs:921:9: warning: adding items after statements is confusing, since items exist from the start of the scope
crates/rs_cam_core/src/dexel_stock/simulation.rs:923:25: warning: casting `f64` to `usize` may truncate the value
crates/rs_cam_core/src/dexel_stock/simulation.rs:923:25: warning: casting `f64` to `usize` may lose the sign of the value
crates/rs_cam_core/src/dexel_stock/simulation.rs:924:20: warning: casting `f64` to `usize` may truncate the value
crates/rs_cam_core/src/dexel_stock/simulation.rs:924:20: warning: casting `f64` to `usize` may lose the sign of the value
crates/rs_cam_core/src/dexel_stock/simulation.rs:928:22: warning: casting `usize` to `f64` may cause a loss of precision (`usize` can be up to 64 bits wide depending on the target architecture, but `f64`'s mantissa is only 52 bits wide)
crates/rs_cam_core/src/dexel_stock/simulation.rs:928:42: warning: casting `usize` to `f64` may cause a loss of precision (`usize` can be up to 64 bits wide depending on the target architecture, but `f64`'s mantissa is only 52 bits wide)
crates/rs_cam_core/src/dexel_stock/simulation.rs:929:22: warning: casting `usize` to `f64` may cause a loss of precision (`usize` can be up to 64 bits wide depending on the target architecture, but `f64`'s mantissa is only 52 bits wide)
crates/rs_cam_core/src/dexel_stock/simulation.rs:929:48: warning: casting `usize` to `f64` may cause a loss of precision (`usize` can be up to 64 bits wide depending on the target architecture, but `f64`'s mantissa is only 52 bits wide)
crates/rs_cam_core/src/dexel_stock/simulation.rs:1217:5: warning: this function has too many lines (116/100)
crates/rs_cam_core/src/dexel_stock/simulation.rs:1249:9: warning: adding items after statements is confusing, since items exist from the start of the scope
crates/rs_cam_core/src/dexel_stock/simulation.rs:1251:25: warning: casting `f64` to `usize` may truncate the value
crates/rs_cam_core/src/dexel_stock/simulation.rs:1251:25: warning: casting `f64` to `usize` may lose the sign of the value
crates/rs_cam_core/src/dexel_stock/simulation.rs:1252:20: warning: casting `f64` to `usize` may truncate the value
crates/rs_cam_core/src/dexel_stock/simulation.rs:1252:20: warning: casting `f64` to `usize` may lose the sign of the value
crates/rs_cam_core/src/dexel_stock/simulation.rs:1262:22: warning: casting `usize` to `f64` may cause a loss of precision (`usize` can be up to 64 bits wide depending on the target architecture, but `f64`'s mantissa is only 52 bits wide)
crates/rs_cam_core/src/dexel_stock/simulation.rs:1262:42: warning: casting `usize` to `f64` may cause a loss of precision (`usize` can be up to 64 bits wide depending on the target architecture, but `f64`'s mantissa is only 52 bits wide)
crates/rs_cam_core/src/dexel_stock/simulation.rs:1263:22: warning: casting `usize` to `f64` may cause a loss of precision (`usize` can be up to 64 bits wide depending on the target architecture, but `f64`'s mantissa is only 52 bits wide)
crates/rs_cam_core/src/dexel_stock/simulation.rs:1263:48: warning: casting `usize` to `f64` may cause a loss of precision (`usize` can be up to 64 bits wide depending on the target architecture, but `f64`'s mantissa is only 52 bits wide)
crates/rs_cam_core/src/dexel_stock/simulation.rs:1300:26: warning: use Option::map_or instead of an if let/else
crates/rs_cam_core/src/dexel_stock/simulation.rs:1460:12: warning: multiply and add expressions may be calculated more efficiently and accurately: help: consider using: `(ev - sv).mul_add(ev - sv, (eu - su) * (eu - su))`
crates/rs_cam_core/src/dexel_stock/simulation.rs:1616:25: warning: casting `f64` to `usize` may truncate the value
crates/rs_cam_core/src/dexel_stock/simulation.rs:1616:25: warning: casting `f64` to `usize` may lose the sign of the value
crates/rs_cam_core/src/dexel_stock/simulation.rs:1627:17: warning: casting `f64` to `usize` may truncate the value
crates/rs_cam_core/src/dexel_stock/simulation.rs:1627:17: warning: casting `f64` to `usize` may lose the sign of the value
crates/rs_cam_core/src/dexel_stock/simulation.rs:1642:21: warning: multiply and add expressions may be calculated more efficiently and accurately: help: consider using: `dy.mul_add(dy, dx * dx)`
crates/rs_cam_core/src/dexel_stock/stamping.rs:62:18: warning: multiply and add expressions may be calculated more efficiently and accurately: help: consider using: `far_v.mul_add(far_v, far_u * far_u)`
crates/rs_cam_core/src/dexel_stock/stamping.rs:80:18: warning: multiply and add expressions may be calculated more efficiently and accurately: help: consider using: `v_off.mul_add(cs, dv)`
crates/rs_cam_core/src/dexel_stock/stamping.rs:83:22: warning: multiply and add expressions may be calculated more efficiently and accurately: help: consider using: `u_off.mul_add(cs, du)`
crates/rs_cam_core/src/dexel_stock/stamping.rs:84:16: warning: multiply and add expressions may be calculated more efficiently and accurately: help: consider using: `px.mul_add(px, py_sq)`
crates/rs_cam_core/src/dexel_stock/stamping.rs:89:5: warning: casting `u32` to `f32` may cause a loss of precision (`u32` is 32 bits wide, but `f32`'s mantissa is only 23 bits wide)
crates/rs_cam_core/src/dexel_stock/stamping.rs:89:21: warning: casting `usize` to `f32` may cause a loss of precision (`usize` can be up to 64 bits wide depending on the target architecture, but `f32`'s mantissa is only 23 bits wide)
crates/rs_cam_core/src/dexel_stock/stamping.rs:234:21: warning: multiply and add expressions may be calculated more efficiently and accurately: help: consider using: `pv.mul_add(seg_dv, pu * seg_du)`
crates/rs_cam_core/src/dexel_stock/stamping.rs:257:18: warning: multiply and add expressions may be calculated more efficiently and accurately: help: consider using: `v_off.mul_add(cs, cv)`
crates/rs_cam_core/src/dexel_stock/stamping.rs:259:22: warning: multiply and add expressions may be calculated more efficiently and accurately: help: consider using: `u_off.mul_add(cs, cu)`
crates/rs_cam_core/src/dexel_stock/stamping.rs:260:22: warning: multiply and add expressions may be calculated more efficiently and accurately: help: consider using: `py.mul_add(seg_dv, px * seg_du)`
crates/rs_cam_core/src/dexel_stock/stamping.rs:268:15: warning: casting `u32` to `f32` may cause a loss of precision (`u32` is 32 bits wide, but `f32`'s mantissa is only 23 bits wide)
crates/rs_cam_core/src/dexel_stock/stamping.rs:268:31: warning: casting `usize` to `f32` may cause a loss of precision (`usize` can be up to 64 bits wide depending on the target architecture, but `f32`'s mantissa is only 23 bits wide)
crates/rs_cam_core/src/dexel_stock/stamping.rs:297:1: warning: first doc comment paragraph is too long
crates/rs_cam_core/src/dexel_stock/stamping.rs:379:15: warning: multiply and add expressions may be calculated more efficiently and accurately: help: consider using: `(cs * std::f64::consts::SQRT_2).mul_add(0.5, near_dist_sq.sqrt())`
crates/rs_cam_core/src/dexel_stock/stamping.rs:447:15: warning: casts from `f32` to `f64` can be expressed infallibly using `From`
crates/rs_cam_core/src/dexel_stock/stamping.rs:491:20: warning: casting `usize` to `isize` may wrap around the value: help: if this is intentional, use `cast_signed()` instead: `(cols - 1).cast_signed()`
crates/rs_cam_core/src/dexel_stock/stamping.rs:492:20: warning: casting `usize` to `isize` may wrap around the value: help: if this is intentional, use `cast_signed()` instead: `(rows - 1).cast_signed()`
crates/rs_cam_core/src/dexel_stock/stamping.rs:498:9: warning: casting `isize` to `usize` may lose the sign of the value: help: if this is intentional, use `cast_unsigned()` instead: `col_min.max(0).cast_unsigned()`
crates/rs_cam_core/src/dexel_stock/stamping.rs:499:9: warning: casting `isize` to `usize` may lose the sign of the value: help: if this is intentional, use `cast_unsigned()` instead: `col_max.min(last_col).cast_unsigned()`
crates/rs_cam_core/src/dexel_stock/stamping.rs:500:9: warning: casting `isize` to `usize` may lose the sign of the value: help: if this is intentional, use `cast_unsigned()` instead: `row_min.max(0).cast_unsigned()`
crates/rs_cam_core/src/dexel_stock/stamping.rs:501:9: warning: casting `isize` to `usize` may lose the sign of the value: help: if this is intentional, use `cast_unsigned()` instead: `row_max.min(last_row).cast_unsigned()`
crates/rs_cam_core/src/dexel_stock/stamping.rs:562:23: warning: multiply and add expressions may be calculated more efficiently and accurately: help: consider using: `(cs * SUBSAMPLE_HALF_EXTENT).mul_add(std::f64::consts::SQRT_2, radius)`
crates/rs_cam_core/src/dexel_stock/stamping.rs:564:19: warning: casting `f64` to `isize` may truncate the value
crates/rs_cam_core/src/dexel_stock/stamping.rs:565:19: warning: casting `f64` to `isize` may truncate the value
crates/rs_cam_core/src/dexel_stock/stamping.rs:566:19: warning: casting `f64` to `isize` may truncate the value
crates/rs_cam_core/src/dexel_stock/stamping.rs:567:19: warning: casting `f64` to `isize` may truncate the value
crates/rs_cam_core/src/dexel_stock/stamping.rs:591:22: warning: multiply and add expressions may be calculated more efficiently and accurately: help: consider using: `(row as f64).mul_add(cs, grid.origin_v)`
crates/rs_cam_core/src/dexel_stock/stamping.rs:591:38: warning: casting `usize` to `f64` may cause a loss of precision (`usize` can be up to 64 bits wide depending on the target architecture, but `f64`'s mantissa is only 52 bits wide)
crates/rs_cam_core/src/dexel_stock/stamping.rs:594:26: warning: multiply and add expressions may be calculated more efficiently and accurately: help: consider using: `(col as f64).mul_add(cs, grid.origin_u)`
crates/rs_cam_core/src/dexel_stock/stamping.rs:594:42: warning: casting `usize` to `f64` may cause a loss of precision (`usize` can be up to 64 bits wide depending on the target architecture, but `f64`'s mantissa is only 52 bits wide)
crates/rs_cam_core/src/dexel_stock/stamping.rs:606:27: warning: multiply and add expressions may be calculated more efficiently and accurately: help: consider using: `dv.mul_add(dv, du * du)`
crates/rs_cam_core/src/dexel_stock/stamping.rs:613:31: warning: casting `f64` to `f32` may truncate the value
crates/rs_cam_core/src/dexel_stock/stamping.rs:616:31: warning: casting `f64` to `f32` may truncate the value
crates/rs_cam_core/src/dexel_stock/stamping.rs:625:50: warning: casting `f64` to `f32` may truncate the value
crates/rs_cam_core/src/dexel_stock/stamping.rs:654:22: warning: multiply and add expressions may be calculated more efficiently and accurately: help: consider using: `seg_dv.mul_add(seg_dv, seg_du * seg_du)`
crates/rs_cam_core/src/dexel_stock/stamping.rs:673:23: warning: multiply and add expressions may be calculated more efficiently and accurately: help: consider using: `(cs * SUBSAMPLE_HALF_EXTENT).mul_add(std::f64::consts::SQRT_2, radius)`
crates/rs_cam_core/src/dexel_stock/stamping.rs:683:19: warning: casting `f64` to `isize` may truncate the value
crates/rs_cam_core/src/dexel_stock/stamping.rs:684:19: warning: casting `f64` to `isize` may truncate the value
crates/rs_cam_core/src/dexel_stock/stamping.rs:685:19: warning: casting `f64` to `isize` may truncate the value
crates/rs_cam_core/src/dexel_stock/stamping.rs:686:19: warning: casting `f64` to `isize` may truncate the value
crates/rs_cam_core/src/dexel_stock/stamping.rs:706:22: warning: multiply and add expressions may be calculated more efficiently and accurately: help: consider using: `(row as f64).mul_add(cs, grid.origin_v)`
crates/rs_cam_core/src/dexel_stock/stamping.rs:706:38: warning: casting `usize` to `f64` may cause a loss of precision (`usize` can be up to 64 bits wide depending on the target architecture, but `f64`'s mantissa is only 52 bits wide)
crates/rs_cam_core/src/dexel_stock/stamping.rs:708:26: warning: multiply and add expressions may be calculated more efficiently and accurately: help: consider using: `(col as f64).mul_add(cs, grid.origin_u)`
crates/rs_cam_core/src/dexel_stock/stamping.rs:708:42: warning: casting `usize` to `f64` may cause a loss of precision (`usize` can be up to 64 bits wide depending on the target architecture, but `f64`'s mantissa is only 52 bits wide)
crates/rs_cam_core/src/dexel_stock/stamping.rs:730:25: warning: multiply and add expressions may be calculated more efficiently and accurately: help: consider using: `t_center.mul_add(seg_dd, sd)`
crates/rs_cam_core/src/dexel_stock/stamping.rs:734:31: warning: casting `f64` to `f32` may truncate the value
crates/rs_cam_core/src/dexel_stock/stamping.rs:737:31: warning: casting `f64` to `f32` may truncate the value
crates/rs_cam_core/src/dexel_stock/stamping.rs:748:50: warning: casting `f64` to `f32` may truncate the value
crates/rs_cam_core/src/dexel_stock/stamping.rs:775:5: warning: this could be a `const fn`
crates/rs_cam_core/src/dexel_stock/stamping.rs:790:5: warning: this could be a `const fn`
crates/rs_cam_core/src/dexel_stock/stamping.rs:839:1: warning: this function has too many lines (157/100)
crates/rs_cam_core/src/dexel_stock/stamping.rs:854:22: warning: multiply and add expressions may be calculated more efficiently and accurately: help: consider using: `seg_dv.mul_add(seg_dv, seg_du * seg_du)`
crates/rs_cam_core/src/dexel_stock/stamping.rs:867:23: warning: multiply and add expressions may be calculated more efficiently and accurately: help: consider using: `(cs * SUBSAMPLE_HALF_EXTENT).mul_add(std::f64::consts::SQRT_2, radius)`
crates/rs_cam_core/src/dexel_stock/stamping.rs:876:23: warning: casting `f64` to `isize` may truncate the value
crates/rs_cam_core/src/dexel_stock/stamping.rs:877:23: warning: casting `f64` to `isize` may truncate the value
crates/rs_cam_core/src/dexel_stock/stamping.rs:878:23: warning: casting `f64` to `isize` may truncate the value
crates/rs_cam_core/src/dexel_stock/stamping.rs:879:23: warning: casting `f64` to `isize` may truncate the value
crates/rs_cam_core/src/dexel_stock/stamping.rs:908:26: warning: multiply and add expressions may be calculated more efficiently and accurately: help: consider using: `(row as f64).mul_add(cs, band.origin_v)`
crates/rs_cam_core/src/dexel_stock/stamping.rs:908:42: warning: casting `usize` to `f64` may cause a loss of precision (`usize` can be up to 64 bits wide depending on the target architecture, but `f64`'s mantissa is only 52 bits wide)
crates/rs_cam_core/src/dexel_stock/stamping.rs:911:30: warning: multiply and add expressions may be calculated more efficiently and accurately: help: consider using: `(col as f64).mul_add(cs, band.origin_u)`
crates/rs_cam_core/src/dexel_stock/stamping.rs:911:46: warning: casting `usize` to `f64` may cause a loss of precision (`usize` can be up to 64 bits wide depending on the target architecture, but `f64`'s mantissa is only 52 bits wide)
crates/rs_cam_core/src/dexel_stock/stamping.rs:921:31: warning: multiply and add expressions may be calculated more efficiently and accurately: help: consider using: `dv.mul_add(dv, du * du)`
crates/rs_cam_core/src/dexel_stock/stamping.rs:927:35: warning: casting `f64` to `f32` may truncate the value
crates/rs_cam_core/src/dexel_stock/stamping.rs:930:35: warning: casting `f64` to `f32` may truncate the value
crates/rs_cam_core/src/dexel_stock/stamping.rs:937:54: warning: casting `f64` to `f32` may truncate the value
crates/rs_cam_core/src/dexel_stock/stamping.rs:950:9: warning: casting `f64` to `isize` may truncate the value
crates/rs_cam_core/src/dexel_stock/stamping.rs:951:9: warning: casting `f64` to `isize` may truncate the value
crates/rs_cam_core/src/dexel_stock/stamping.rs:952:9: warning: casting `f64` to `isize` may truncate the value
crates/rs_cam_core/src/dexel_stock/stamping.rs:953:9: warning: casting `f64` to `isize` may truncate the value
crates/rs_cam_core/src/dexel_stock/stamping.rs:982:22: warning: multiply and add expressions may be calculated more efficiently and accurately: help: consider using: `(row as f64).mul_add(cs, band.origin_v)`
crates/rs_cam_core/src/dexel_stock/stamping.rs:982:38: warning: casting `usize` to `f64` may cause a loss of precision (`usize` can be up to 64 bits wide depending on the target architecture, but `f64`'s mantissa is only 52 bits wide)
crates/rs_cam_core/src/dexel_stock/stamping.rs:984:26: warning: multiply and add expressions may be calculated more efficiently and accurately: help: consider using: `(col as f64).mul_add(cs, band.origin_u)`
crates/rs_cam_core/src/dexel_stock/stamping.rs:984:42: warning: casting `usize` to `f64` may cause a loss of precision (`usize` can be up to 64 bits wide depending on the target architecture, but `f64`'s mantissa is only 52 bits wide)
crates/rs_cam_core/src/dexel_stock/stamping.rs:1007:25: warning: multiply and add expressions may be calculated more efficiently and accurately: help: consider using: `t_center.mul_add(seg_dd, sd)`
crates/rs_cam_core/src/dexel_stock/stamping.rs:1010:31: warning: casting `f64` to `f32` may truncate the value
crates/rs_cam_core/src/dexel_stock/stamping.rs:1013:31: warning: casting `f64` to `f32` may truncate the value
crates/rs_cam_core/src/dexel_stock/stamping.rs:1020:50: warning: casting `f64` to `f32` may truncate the value
crates/rs_cam_core/src/dexel_stock/stamping.rs:1066:5: warning: this could be a `const fn`
crates/rs_cam_core/src/dexel_stock/stamping.rs:1212:46: warning: multiply and add expressions may be calculated more efficiently and accurately: help: consider using: `2.0f64.mul_add(-radial_engagement, 1.0)`
crates/rs_cam_core/src/dexel_stock/stamping.rs:1277:1: warning: this function has too many lines (211/100)
crates/rs_cam_core/src/dexel_stock/stamping.rs:1293:22: warning: multiply and add expressions may be calculated more efficiently and accurately: help: consider using: `seg_dv.mul_add(seg_dv, seg_du * seg_du)`
crates/rs_cam_core/src/dexel_stock/stamping.rs:1315:23: warning: multiply and add expressions may be calculated more efficiently and accurately: help: consider using: `(cs * SUBSAMPLE_HALF_EXTENT).mul_add(std::f64::consts::SQRT_2, radius)`
crates/rs_cam_core/src/dexel_stock/stamping.rs:1326:23: warning: casting `f64` to `isize` may truncate the value
crates/rs_cam_core/src/dexel_stock/stamping.rs:1327:23: warning: casting `f64` to `isize` may truncate the value
crates/rs_cam_core/src/dexel_stock/stamping.rs:1328:23: warning: casting `f64` to `isize` may truncate the value
crates/rs_cam_core/src/dexel_stock/stamping.rs:1329:23: warning: casting `f64` to `isize` may truncate the value
crates/rs_cam_core/src/dexel_stock/stamping.rs:1368:26: warning: multiply and add expressions may be calculated more efficiently and accurately: help: consider using: `(row as f64).mul_add(cs, band.origin_v)`
crates/rs_cam_core/src/dexel_stock/stamping.rs:1368:42: warning: casting `usize` to `f64` may cause a loss of precision (`usize` can be up to 64 bits wide depending on the target architecture, but `f64`'s mantissa is only 52 bits wide)
crates/rs_cam_core/src/dexel_stock/stamping.rs:1371:30: warning: multiply and add expressions may be calculated more efficiently and accurately: help: consider using: `(col as f64).mul_add(cs, band.origin_u)`
crates/rs_cam_core/src/dexel_stock/stamping.rs:1371:46: warning: casting `usize` to `f64` may cause a loss of precision (`usize` can be up to 64 bits wide depending on the target architecture, but `f64`'s mantissa is only 52 bits wide)
crates/rs_cam_core/src/dexel_stock/stamping.rs:1382:31: warning: multiply and add expressions may be calculated more efficiently and accurately: help: consider using: `dv.mul_add(dv, du * du)`
crates/rs_cam_core/src/dexel_stock/stamping.rs:1388:35: warning: casting `f64` to `f32` may truncate the value
crates/rs_cam_core/src/dexel_stock/stamping.rs:1389:33: warning: casts from `f32` to `f64` can be expressed infallibly using `From`
crates/rs_cam_core/src/dexel_stock/stamping.rs:1397:21: warning: multiply and add expressions may be calculated more efficiently and accurately: help: consider using: `out.removed_volume = (coverage as f64 * above).mul_add(cell_area, out.removed_volume)`
crates/rs_cam_core/src/dexel_stock/stamping.rs:1397:43: warning: casts from `f32` to `f64` can be expressed infallibly using `From`
crates/rs_cam_core/src/dexel_stock/stamping.rs:1399:35: warning: casting `f64` to `f32` may truncate the value
crates/rs_cam_core/src/dexel_stock/stamping.rs:1400:40: warning: casts from `f32` to `f64` can be expressed infallibly using `From`
crates/rs_cam_core/src/dexel_stock/stamping.rs:1402:39: warning: casts from `f32` to `f64` can be expressed infallibly using `From`
crates/rs_cam_core/src/dexel_stock/stamping.rs:1403:21: warning: multiply and add expressions may be calculated more efficiently and accurately: help: consider using: `out.removed_volume = (total_before - total_after).mul_add(cell_area, out.removed_volume)`
crates/rs_cam_core/src/dexel_stock/stamping.rs:1410:54: warning: casting `f64` to `f32` may truncate the value
crates/rs_cam_core/src/dexel_stock/stamping.rs:1445:9: warning: casting `f64` to `isize` may truncate the value
crates/rs_cam_core/src/dexel_stock/stamping.rs:1446:9: warning: casting `f64` to `isize` may truncate the value
crates/rs_cam_core/src/dexel_stock/stamping.rs:1447:9: warning: casting `f64` to `isize` may truncate the value
crates/rs_cam_core/src/dexel_stock/stamping.rs:1448:9: warning: casting `f64` to `isize` may truncate the value
crates/rs_cam_core/src/dexel_stock/stamping.rs:1499:22: warning: multiply and add expressions may be calculated more efficiently and accurately: help: consider using: `(row as f64).mul_add(cs, band.origin_v)`
crates/rs_cam_core/src/dexel_stock/stamping.rs:1499:38: warning: casting `usize` to `f64` may cause a loss of precision (`usize` can be up to 64 bits wide depending on the target architecture, but `f64`'s mantissa is only 52 bits wide)
crates/rs_cam_core/src/dexel_stock/stamping.rs:1501:26: warning: multiply and add expressions may be calculated more efficiently and accurately: help: consider using: `(col as f64).mul_add(cs, band.origin_u)`
crates/rs_cam_core/src/dexel_stock/stamping.rs:1501:42: warning: casting `usize` to `f64` may cause a loss of precision (`usize` can be up to 64 bits wide depending on the target architecture, but `f64`'s mantissa is only 52 bits wide)
crates/rs_cam_core/src/dexel_stock/stamping.rs:1523:29: warning: casts from `f32` to `f64` can be expressed infallibly using `From`
crates/rs_cam_core/src/dexel_stock/stamping.rs:1542:27: warning: casts from `f32` to `f64` can be expressed infallibly using `From`
crates/rs_cam_core/src/dexel_stock/stamping.rs:1543:13: warning: multiply and add expressions may be calculated more efficiently and accurately: help: consider using: `pre_volume = pre_len.mul_add(cell_area, pre_volume)`
crates/rs_cam_core/src/dexel_stock/stamping.rs:1544:25: warning: multiply and add expressions may be calculated more efficiently and accurately: help: consider using: `t_center.mul_add(seg_dd, sd)`
crates/rs_cam_core/src/dexel_stock/stamping.rs:1546:25: warning: casts from `f32` to `f64` can be expressed infallibly using `From`
crates/rs_cam_core/src/dexel_stock/stamping.rs:1546:56: warning: casting `f64` to `f32` may truncate the value
crates/rs_cam_core/src/dexel_stock/stamping.rs:1553:38: warning: casting `f64` to `f32` may truncate the value
crates/rs_cam_core/src/dexel_stock/stamping.rs:1555:38: warning: casting `f64` to `f32` may truncate the value
crates/rs_cam_core/src/dexel_stock/stamping.rs:1560:28: warning: casts from `f32` to `f64` can be expressed infallibly using `From`
crates/rs_cam_core/src/dexel_stock/stamping.rs:1561:13: warning: multiply and add expressions may be calculated more efficiently and accurately: help: consider using: `post_volume = post_len.mul_add(cell_area, post_volume)`
crates/rs_cam_core/src/dexel_stock/stamping.rs:1572:50: warning: casting `f64` to `f32` may truncate the value
crates/rs_cam_core/src/dexel_stock/stamping.rs:1586:31: warning: multiply and add expressions may be calculated more efficiently and accurately: help: consider using: `dm_v.mul_add(dm_v, dm_u * dm_u)`
crates/rs_cam_core/src/dexel_stock/stamping.rs:1589:32: warning: multiply and add expressions may be calculated more efficiently and accurately: help: consider using: `seg_du.mul_add(dm_v, -seg_dv * dm_u)`
crates/rs_cam_core/src/dexel_stock/stamping.rs:1644:23: warning: casting `f64` to `usize` may truncate the value
crates/rs_cam_core/src/dexel_stock/stamping.rs:1644:23: warning: casting `f64` to `usize` may lose the sign of the value
crates/rs_cam_core/src/dexel_stock/stamping.rs:1646:18: warning: casting `usize` to `f64` may cause a loss of precision (`usize` can be up to 64 bits wide depending on the target architecture, but `f64`'s mantissa is only 52 bits wide)
crates/rs_cam_core/src/dexel_stock/stamping.rs:1646:38: warning: casting `usize` to `f64` may cause a loss of precision (`usize` can be up to 64 bits wide depending on the target architecture, but `f64`'s mantissa is only 52 bits wide)
crates/rs_cam_core/src/dexel_stock/stamping.rs:1647:18: warning: casting `usize` to `f64` may cause a loss of precision (`usize` can be up to 64 bits wide depending on the target architecture, but `f64`'s mantissa is only 52 bits wide)
crates/rs_cam_core/src/dexel_stock/stamping.rs:1647:44: warning: casting `usize` to `f64` may cause a loss of precision (`usize` can be up to 64 bits wide depending on the target architecture, but `f64`'s mantissa is only 52 bits wide)
crates/rs_cam_core/src/dexel_stock/stamping.rs:1695:28: warning: casts from `u32` to `f64` can be expressed infallibly using `From`
crates/rs_cam_core/src/dexel_stock/stamping.rs:1695:49: warning: casts from `u32` to `f64` can be expressed infallibly using `From`
crates/rs_cam_core/src/dexel_stock/swept.rs:78:9: warning: multiply and add expressions may be calculated more efficiently and accurately: help: consider using: `(e.0 - s.0).mul_add(t, s.0)`
crates/rs_cam_core/src/dexel_stock/swept.rs:79:9: warning: multiply and add expressions may be calculated more efficiently and accurately: help: consider using: `(e.1 - s.1).mul_add(t, s.1)`
crates/rs_cam_core/src/dexel_stock/swept.rs:80:9: warning: multiply and add expressions may be calculated more efficiently and accurately: help: consider using: `(e.2 - s.2).mul_add(t, s.2)`
crates/rs_cam_core/src/dexel_stock/swept.rs:126:17: warning: casting `usize` to `f64` may cause a loss of precision (`usize` can be up to 64 bits wide depending on the target architecture, but `f64`'s mantissa is only 52 bits wide)
crates/rs_cam_core/src/dexel_stock/swept.rs:127:17: warning: casting `usize` to `f64` may cause a loss of precision (`usize` can be up to 64 bits wide depending on the target architecture, but `f64`'s mantissa is only 52 bits wide)
crates/rs_cam_core/src/dexel_stock/swept.rs:138:17: warning: casting `usize` to `f64` may cause a loss of precision (`usize` can be up to 64 bits wide depending on the target architecture, but `f64`'s mantissa is only 52 bits wide)
crates/rs_cam_core/src/dexel_stock/swept.rs:140:45: warning: casting `usize` to `f64` may cause a loss of precision (`usize` can be up to 64 bits wide depending on the target architecture, but `f64`'s mantissa is only 52 bits wide)
crates/rs_cam_core/src/dexel_stock/swept.rs:141:45: warning: casting `usize` to `f64` may cause a loss of precision (`usize` can be up to 64 bits wide depending on the target architecture, but `f64`'s mantissa is only 52 bits wide)
crates/rs_cam_core/src/dexel_stock/swept.rs:181:15: warning: hypotenuse can be computed more accurately: help: consider using: `du.hypot(dv)`
crates/rs_cam_core/src/dexel_stock/swept.rs:184:19: warning: multiply and add expressions may be calculated more efficiently and accurately: help: consider using: `(std::f64::consts::PI * scan).mul_add(scan, 2.0 * scan * len)`
crates/rs_cam_core/src/dexel_stock/swept.rs:250:1: warning: this function has too many lines (106/100)
crates/rs_cam_core/src/dexel_stock/swept.rs:282:23: warning: multiply and add expressions may be calculated more efficiently and accurately: help: consider using: `(cs * SUBSAMPLE_HALF_EXTENT).mul_add(std::f64::consts::SQRT_2, radius)`
crates/rs_cam_core/src/dexel_stock/swept.rs:284:19: warning: casting `f64` to `isize` may truncate the value
crates/rs_cam_core/src/dexel_stock/swept.rs:285:19: warning: casting `f64` to `isize` may truncate the value
crates/rs_cam_core/src/dexel_stock/swept.rs:286:19: warning: casting `f64` to `isize` may truncate the value
crates/rs_cam_core/src/dexel_stock/swept.rs:287:19: warning: casting `f64` to `isize` may truncate the value
crates/rs_cam_core/src/dexel_stock/swept.rs:333:22: warning: multiply and add expressions may be calculated more efficiently and accurately: help: consider using: `(row as f64).mul_add(cs, band.origin_v)`
crates/rs_cam_core/src/dexel_stock/swept.rs:333:38: warning: casting `usize` to `f64` may cause a loss of precision (`usize` can be up to 64 bits wide depending on the target architecture, but `f64`'s mantissa is only 52 bits wide)
crates/rs_cam_core/src/dexel_stock/swept.rs:336:26: warning: multiply and add expressions may be calculated more efficiently and accurately: help: consider using: `(col as f64).mul_add(cs, band.origin_u)`
crates/rs_cam_core/src/dexel_stock/swept.rs:336:42: warning: casting `usize` to `f64` may cause a loss of precision (`usize` can be up to 64 bits wide depending on the target architecture, but `f64`'s mantissa is only 52 bits wide)
crates/rs_cam_core/src/dexel_stock/swept.rs:343:27: warning: multiply and add expressions may be calculated more efficiently and accurately: help: consider using: `dv.mul_add(dv, du * du)`
crates/rs_cam_core/src/dexel_stock/swept.rs:365:35: warning: casting `f64` to `f32` may truncate the value
crates/rs_cam_core/src/dexel_stock/swept.rs:366:33: warning: casts from `f32` to `f64` can be expressed infallibly using `From`
crates/rs_cam_core/src/dexel_stock/swept.rs:368:21: warning: multiply and add expressions may be calculated more efficiently and accurately: help: consider using: `out[b].removed_volume = (coverage as f64 * above).mul_add(cell_area, out[b].removed_volume)`
crates/rs_cam_core/src/dexel_stock/swept.rs:368:46: warning: casts from `f32` to `f64` can be expressed infallibly using `From`
crates/rs_cam_core/src/dexel_stock/swept.rs:370:35: warning: casting `f64` to `f32` may truncate the value
crates/rs_cam_core/src/dexel_stock/swept.rs:371:40: warning: casts from `f32` to `f64` can be expressed infallibly using `From`
crates/rs_cam_core/src/dexel_stock/swept.rs:373:39: warning: casts from `f32` to `f64` can be expressed infallibly using `From`
crates/rs_cam_core/src/dexel_stock/swept.rs:374:21: warning: multiply and add expressions may be calculated more efficiently and accurately: help: consider using: `out[b].removed_volume = (total_before - total_after).mul_add(cell_area, out[b].removed_volume)`
crates/rs_cam_core/src/dexel_stock/swept.rs:377:54: warning: casting `f64` to `f32` may truncate the value
crates/rs_cam_core/src/dexel_stock/swept.rs:398:1: warning: this function has too many lines (218/100)
crates/rs_cam_core/src/dexel_stock/swept.rs:420:22: warning: multiply and add expressions may be calculated more efficiently and accurately: help: consider using: `seg_dv.mul_add(seg_dv, seg_du * seg_du)`
crates/rs_cam_core/src/dexel_stock/swept.rs:428:23: warning: multiply and add expressions may be calculated more efficiently and accurately: help: consider using: `(cs * SUBSAMPLE_HALF_EXTENT).mul_add(std::f64::consts::SQRT_2, radius)`
crates/rs_cam_core/src/dexel_stock/swept.rs:435:9: warning: casting `f64` to `isize` may truncate the value
crates/rs_cam_core/src/dexel_stock/swept.rs:436:9: warning: casting `f64` to `isize` may truncate the value
crates/rs_cam_core/src/dexel_stock/swept.rs:437:9: warning: casting `f64` to `isize` may truncate the value
crates/rs_cam_core/src/dexel_stock/swept.rs:438:9: warning: casting `f64` to `isize` may truncate the value
crates/rs_cam_core/src/dexel_stock/swept.rs:477:18: warning: casting `usize` to `f64` may cause a loss of precision (`usize` can be up to 64 bits wide depending on the target architecture, but `f64`'s mantissa is only 52 bits wide)
crates/rs_cam_core/src/dexel_stock/swept.rs:532:19: warning: strict comparison of `f32` or `f64`: help: consider comparing them within some margin of error: `(t - 1.0).abs() < error_margin`
crates/rs_cam_core/src/dexel_stock/swept.rs:535:13: warning: multiply and add expressions may be calculated more efficiently and accurately: help: consider using: `t.mul_add(seg_dd, sd)`
crates/rs_cam_core/src/dexel_stock/swept.rs:540:22: warning: multiply and add expressions may be calculated more efficiently and accurately: help: consider using: `(row as f64).mul_add(cs, band.origin_v)`
crates/rs_cam_core/src/dexel_stock/swept.rs:540:38: warning: casting `usize` to `f64` may cause a loss of precision (`usize` can be up to 64 bits wide depending on the target architecture, but `f64`'s mantissa is only 52 bits wide)
crates/rs_cam_core/src/dexel_stock/swept.rs:542:26: warning: multiply and add expressions may be calculated more efficiently and accurately: help: consider using: `(col as f64).mul_add(cs, band.origin_u)`
crates/rs_cam_core/src/dexel_stock/swept.rs:542:42: warning: casting `usize` to `f64` may cause a loss of precision (`usize` can be up to 64 bits wide depending on the target architecture, but `f64`'s mantissa is only 52 bits wide)
crates/rs_cam_core/src/dexel_stock/swept.rs:561:23: warning: casting `f64` to `usize` may truncate the value
crates/rs_cam_core/src/dexel_stock/swept.rs:561:23: warning: casting `f64` to `usize` may lose the sign of the value
crates/rs_cam_core/src/dexel_stock/swept.rs:584:17: warning: casting `f64` to `usize` may truncate the value
crates/rs_cam_core/src/dexel_stock/swept.rs:584:17: warning: casting `f64` to `usize` may lose the sign of the value
crates/rs_cam_core/src/dexel_stock/swept.rs:589:17: warning: casting `f64` to `usize` may truncate the value
crates/rs_cam_core/src/dexel_stock/swept.rs:589:17: warning: casting `f64` to `usize` may lose the sign of the value
crates/rs_cam_core/src/dexel_stock/swept.rs:601:25: warning: multiply and add expressions may be calculated more efficiently and accurately: help: consider using: `t_center.mul_add(seg_dd, sd)`
crates/rs_cam_core/src/dexel_stock/swept.rs:614:27: warning: casting `usize` to `f64` may cause a loss of precision (`usize` can be up to 64 bits wide depending on the target architecture, but `f64`'s mantissa is only 52 bits wide)
crates/rs_cam_core/src/dexel_stock/swept.rs:615:27: warning: casting `usize` to `f64` may cause a loss of precision (`usize` can be up to 64 bits wide depending on the target architecture, but `f64`'s mantissa is only 52 bits wide)
crates/rs_cam_core/src/dexel_stock/swept.rs:624:29: warning: casts from `f32` to `f64` can be expressed infallibly using `From`
crates/rs_cam_core/src/dexel_stock/swept.rs:649:27: warning: casts from `f32` to `f64` can be expressed infallibly using `From`
crates/rs_cam_core/src/dexel_stock/swept.rs:651:25: warning: casts from `f32` to `f64` can be expressed infallibly using `From`
crates/rs_cam_core/src/dexel_stock/swept.rs:651:56: warning: casting `f64` to `f32` may truncate the value
crates/rs_cam_core/src/dexel_stock/swept.rs:655:38: warning: casting `f64` to `f32` may truncate the value
crates/rs_cam_core/src/dexel_stock/swept.rs:657:38: warning: casting `f64` to `f32` may truncate the value
crates/rs_cam_core/src/dexel_stock/swept.rs:659:28: warning: casts from `f32` to `f64` can be expressed infallibly using `From`
crates/rs_cam_core/src/dexel_stock/swept.rs:661:17: warning: multiply and add expressions may be calculated more efficiently and accurately: help: consider using: `out[0].pre_volume = pre_len.mul_add(cell_area, out[0].pre_volume)`
crates/rs_cam_core/src/dexel_stock/swept.rs:662:17: warning: multiply and add expressions may be calculated more efficiently and accurately: help: consider using: `out[0].post_volume = post_len.mul_add(cell_area, out[0].post_volume)`
crates/rs_cam_core/src/dexel_stock/swept.rs:672:21: warning: multiply and add expressions may be calculated more efficiently and accurately: help: consider using: `out[b].pre_volume = (w * pre_len).mul_add(cell_area, out[b].pre_volume)`
crates/rs_cam_core/src/dexel_stock/swept.rs:673:21: warning: multiply and add expressions may be calculated more efficiently and accurately: help: consider using: `out[b].post_volume = (w * post_len).mul_add(cell_area, out[b].post_volume)`
crates/rs_cam_core/src/dexel_stock/swept.rs:683:26: warning: casting `usize` to `f64` may cause a loss of precision (`usize` can be up to 64 bits wide depending on the target architecture, but `f64`'s mantissa is only 52 bits wide)
crates/rs_cam_core/src/dexel_stock/swept.rs:683:57: warning: casting `usize` to `f64` may cause a loss of precision (`usize` can be up to 64 bits wide depending on the target architecture, but `f64`'s mantissa is only 52 bits wide)
crates/rs_cam_core/src/dexel_stock/swept.rs:686:50: warning: casting `f64` to `f32` may truncate the value
crates/rs_cam_core/src/dexel_stock/swept.rs:703:26: warning: casting `usize` to `f64` may cause a loss of precision (`usize` can be up to 64 bits wide depending on the target architecture, but `f64`'s mantissa is only 52 bits wide)
crates/rs_cam_core/src/dexel_stock/swept.rs:707:31: warning: multiply and add expressions may be calculated more efficiently and accurately: help: consider using: `dm_v.mul_add(dm_v, dm_u * dm_u)`
crates/rs_cam_core/src/dexel_stock/swept.rs:711:28: warning: multiply and add expressions may be calculated more efficiently and accurately: help: consider using: `seg_du.mul_add(dm_v, -seg_dv * dm_u)`
crates/rs_cam_core/src/dexel_stock/swept.rs:858:29: warning: casting `f64` to `u64` may truncate the value
crates/rs_cam_core/src/dexel_stock/swept.rs:858:29: warning: casting `f64` to `u64` may lose the sign of the value
crates/rs_cam_core/src/dexel_stock/swept.rs:862:5: warning: this could be a `const fn`
crates/rs_cam_core/src/dexel_stock/swept.rs:868:5: warning: this could be a `const fn`
crates/rs_cam_core/src/dexel_stock/swept.rs:872:5: warning: this could be a `const fn`
crates/rs_cam_core/src/dexel_stock/swept.rs:878:9: warning: unnecessary `!=` operation
crates/rs_cam_core/src/dexel_stock/swept.rs:884:27: warning: it is more concise to loop over references to containers instead of using explicit iteration methods: help: to write this more concisely, try: `&mut self.buckets`
crates/rs_cam_core/src/dexel_stock/swept.rs:887:28: warning: it is more concise to loop over references to containers instead of using explicit iteration methods: help: to write this more concisely, try: `&mut self.bucket_offsets`
crates/rs_cam_core/src/dexel_stock/swept.rs:916:29: warning: casting `usize` to `u32` may truncate the value on targets with 64-bit wide pointers
crates/rs_cam_core/src/dexel_stock/swept.rs:933:5: warning: this function has too many lines (115/100)
crates/rs_cam_core/src/dexel_stock/swept.rs:1057:20: warning: multiply and add expressions may be calculated more efficiently and accurately: help: consider using: `dv.mul_add(dv, du * du)`
crates/rs_cam_core/src/dexel_stock/swept.rs:1096:13: warning: casting `usize` to `f64` may cause a loss of precision (`usize` can be up to 64 bits wide depending on the target architecture, but `f64`'s mantissa is only 52 bits wide)
crates/rs_cam_core/src/dexel_stock/swept.rs:1097:35: warning: casting `usize` to `f64` may cause a loss of precision (`usize` can be up to 64 bits wide depending on the target architecture, but `f64`'s mantissa is only 52 bits wide)
crates/rs_cam_core/src/dexel_stock/swept.rs:1098:36: warning: casting `usize` to `f64` may cause a loss of precision (`usize` can be up to 64 bits wide depending on the target architecture, but `f64`'s mantissa is only 52 bits wide)
crates/rs_cam_core/src/dexel_stock/tile_mip.rs:110:21: warning: casting `usize` to `i64` may wrap around the value on targets with 64-bit wide pointers
crates/rs_cam_core/src/dexel_stock/tile_mip.rs:126:5: warning: this could be a `const fn`
crates/rs_cam_core/src/dexel_stock/tile_mip.rs:133:5: warning: this could be a `const fn`
crates/rs_cam_core/src/dexel_stock/tile_mip.rs:146:5: warning: this could be a `const fn`
crates/rs_cam_core/src/dexel_stock/tile_mip.rs:147:24: warning: casting `u64` to `i64` may wrap around the value: help: if this is intentional, use `cast_signed()` instead: `cell_visits.cast_signed()`
crates/rs_cam_core/src/dexel_stock/tile_mip.rs:196:21: warning: it is more concise to loop over references to containers instead of using explicit iteration methods: help: to write this more concisely, try: `&mut self.tile_max`
crates/rs_cam_core/src/dexel_stock/whole_path.rs:157:5: warning: this could be a `const fn`
crates/rs_cam_core/src/dexel_stock/whole_path.rs:255:9: warning: multiply and add expressions may be calculated more efficiently and accurately: help: consider using: `dv.mul_add(dv, du * du)`
crates/rs_cam_core/src/dexel_stock/whole_path.rs:294:13: warning: these match arms have identical bodies
crates/rs_cam_core/src/dexel_stock/whole_path.rs:345:29: warning: casting `f64` to `u64` may truncate the value
crates/rs_cam_core/src/dexel_stock/whole_path.rs:345:29: warning: casting `f64` to `u64` may lose the sign of the value
crates/rs_cam_core/src/dexel_stock/whole_path.rs:355:9: warning: unnecessary `!=` operation
crates/rs_cam_core/src/dexel_stock/whole_path.rs:360:27: warning: it is more concise to loop over references to containers instead of using explicit iteration methods: help: to write this more concisely, try: `&mut self.buckets`
crates/rs_cam_core/src/dexel_stock/whole_path.rs:377:29: warning: casting `usize` to `u32` may truncate the value on targets with 64-bit wide pointers
crates/rs_cam_core/src/dexel_stock/whole_path.rs:384:5: warning: this could be a `const fn`
crates/rs_cam_core/src/dexel_stock/whole_path.rs:390:5: warning: this could be a `const fn`
crates/rs_cam_core/src/dexel_stock/whole_path.rs:394:5: warning: this could be a `const fn`
crates/rs_cam_core/src/dexel_stock/whole_path.rs:515:31: warning: it is more concise to loop over references to containers instead of using explicit iteration methods: help: to write this more concisely, try: `bucket`
crates/rs_cam_core/src/dexel_stock/mod.rs:176:5: warning: missing `#[must_use]` attribute on a method returning `Self`
crates/rs_cam_core/src/dexel_stock/mod.rs:268:23: warning: casting `f64` to `isize` may truncate the value
crates/rs_cam_core/src/dexel_stock/mod.rs:271:26: warning: casting `f64` to `isize` may truncate the value
crates/rs_cam_core/src/dexel_stock/mod.rs:272:26: warning: casting `f64` to `isize` may truncate the value
crates/rs_cam_core/src/dexel_stock/mod.rs:294:26: warning: multiply and add expressions may be calculated more efficiently and accurately: help: consider using: `(row as f64).mul_add(cs, grid.origin_v)`
crates/rs_cam_core/src/dexel_stock/mod.rs:294:42: warning: casting `usize` to `f64` may cause a loss of precision (`usize` can be up to 64 bits wide depending on the target architecture, but `f64`'s mantissa is only 52 bits wide)
crates/rs_cam_core/src/dexel_stock/mod.rs:301:30: warning: multiply and add expressions may be calculated more efficiently and accurately: help: consider using: `(col as f64).mul_add(cs, grid.origin_u)`
crates/rs_cam_core/src/dexel_stock/mod.rs:301:46: warning: casting `usize` to `f64` may cause a loss of precision (`usize` can be up to 64 bits wide depending on the target architecture, but `f64`'s mantissa is only 52 bits wide)
crates/rs_cam_core/src/dexel_stock/mod.rs:303:31: warning: multiply and add expressions may be calculated more efficiently and accurately: help: consider using: `dx.mul_add(dx, dy_sq)`
crates/rs_cam_core/src/dexel_stock/mod.rs:308:28: warning: casts from `f32` to `f64` can be expressed infallibly using `From`
crates/rs_cam_core/src/dexel_stock/mod.rs:327:23: warning: casting `f64` to `isize` may truncate the value
crates/rs_cam_core/src/dexel_stock/mod.rs:330:26: warning: casting `f64` to `isize` may truncate the value
crates/rs_cam_core/src/dexel_stock/mod.rs:331:26: warning: casting `f64` to `isize` may truncate the value
crates/rs_cam_core/src/dexel_stock/mod.rs:347:26: warning: multiply and add expressions may be calculated more efficiently and accurately: help: consider using: `(row as f64).mul_add(cs, grid.origin_v)`
crates/rs_cam_core/src/dexel_stock/mod.rs:347:42: warning: casting `usize` to `f64` may cause a loss of precision (`usize` can be up to 64 bits wide depending on the target architecture, but `f64`'s mantissa is only 52 bits wide)
crates/rs_cam_core/src/dexel_stock/mod.rs:354:30: warning: multiply and add expressions may be calculated more efficiently and accurately: help: consider using: `(col as f64).mul_add(cs, grid.origin_u)`
crates/rs_cam_core/src/dexel_stock/mod.rs:354:46: warning: casting `usize` to `f64` may cause a loss of precision (`usize` can be up to 64 bits wide depending on the target architecture, but `f64`'s mantissa is only 52 bits wide)
crates/rs_cam_core/src/dexel_stock/mod.rs:356:31: warning: multiply and add expressions may be calculated more efficiently and accurately: help: consider using: `dx.mul_add(dx, dy_sq)`
crates/rs_cam_core/src/dexel_stock/mod.rs:361:31: warning: casts from `f32` to `f64` can be expressed infallibly using `From`
crates/rs_cam_core/src/dexel_stock/mod.rs:392:21: warning: multiply and add expressions may be calculated more efficiently and accurately: help: consider using: `cs.mul_add(0.5, radius)`
crates/rs_cam_core/src/dexel_stock/mod.rs:393:23: warning: casting `f64` to `isize` may truncate the value
crates/rs_cam_core/src/dexel_stock/mod.rs:395:26: warning: casting `f64` to `isize` may truncate the value
crates/rs_cam_core/src/dexel_stock/mod.rs:396:26: warning: casting `f64` to `isize` may truncate the value
crates/rs_cam_core/src/dexel_stock/mod.rs:413:26: warning: multiply and add expressions may be calculated more efficiently and accurately: help: consider using: `(row as f64).mul_add(cs, grid.origin_v)`
crates/rs_cam_core/src/dexel_stock/mod.rs:413:42: warning: casting `usize` to `f64` may cause a loss of precision (`usize` can be up to 64 bits wide depending on the target architecture, but `f64`'s mantissa is only 52 bits wide)
crates/rs_cam_core/src/dexel_stock/mod.rs:420:30: warning: multiply and add expressions may be calculated more efficiently and accurately: help: consider using: `(col as f64).mul_add(cs, grid.origin_u)`
crates/rs_cam_core/src/dexel_stock/mod.rs:420:46: warning: casting `usize` to `f64` may cause a loss of precision (`usize` can be up to 64 bits wide depending on the target architecture, but `f64`'s mantissa is only 52 bits wide)
crates/rs_cam_core/src/dexel_stock/mod.rs:422:20: warning: multiply and add expressions may be calculated more efficiently and accurately: help: consider using: `dx.mul_add(dx, dy_sq)`
crates/rs_cam_core/src/dexel_stock/mod.rs:497:21: warning: multiply and add expressions may be calculated more efficiently and accurately: help: consider using: `cs.mul_add(0.5, radius)`
crates/rs_cam_core/src/dexel_stock/mod.rs:498:23: warning: casting `f64` to `isize` may truncate the value
crates/rs_cam_core/src/dexel_stock/mod.rs:500:26: warning: casting `f64` to `isize` may truncate the value
crates/rs_cam_core/src/dexel_stock/mod.rs:501:26: warning: casting `f64` to `isize` may truncate the value
crates/rs_cam_core/src/dexel_stock/mod.rs:519:26: warning: multiply and add expressions may be calculated more efficiently and accurately: help: consider using: `(row as f64).mul_add(cs, grid.origin_v)`
crates/rs_cam_core/src/dexel_stock/mod.rs:519:42: warning: casting `usize` to `f64` may cause a loss of precision (`usize` can be up to 64 bits wide depending on the target architecture, but `f64`'s mantissa is only 52 bits wide)
crates/rs_cam_core/src/dexel_stock/mod.rs:526:30: warning: multiply and add expressions may be calculated more efficiently and accurately: help: consider using: `(col as f64).mul_add(cs, grid.origin_u)`
crates/rs_cam_core/src/dexel_stock/mod.rs:526:46: warning: casting `usize` to `f64` may cause a loss of precision (`usize` can be up to 64 bits wide depending on the target architecture, but `f64`'s mantissa is only 52 bits wide)
crates/rs_cam_core/src/dexel_stock/mod.rs:528:31: warning: multiply and add expressions may be calculated more efficiently and accurately: help: consider using: `dx.mul_add(dx, dy_sq)`
crates/rs_cam_core/src/dexel_stock/mod.rs:699:27: warning: casting `f64` to `isize` may truncate the value
crates/rs_cam_core/src/dexel_stock/mod.rs:708:30: warning: casting `usize` to `isize` may wrap around the value: help: if this is intentional, use `cast_signed()` instead: `center_row.cast_signed()`
crates/rs_cam_core/src/dexel_stock/mod.rs:709:30: warning: casting `usize` to `isize` may wrap around the value: help: if this is intentional, use `cast_signed()` instead: `center_col.cast_signed()`
crates/rs_cam_core/src/dexel_stock/mod.rs:713:38: warning: casting `usize` to `isize` may wrap around the value: help: if this is intentional, use `cast_signed()` instead: `self.z_grid.rows.cast_signed()`
crates/rs_cam_core/src/dexel_stock/mod.rs:718:42: warning: casting `usize` to `isize` may wrap around the value: help: if this is intentional, use `cast_signed()` instead: `self.z_grid.cols.cast_signed()`
crates/rs_cam_core/src/dexel_stock/mod.rs:721:70: warning: casting `isize` to `usize` may lose the sign of the value: help: if this is intentional, use `cast_unsigned()` instead: `row.cast_unsigned()`
crates/rs_cam_core/src/dexel_stock/mod.rs:721:84: warning: casting `isize` to `usize` may lose the sign of the value: help: if this is intentional, use `cast_unsigned()` instead: `col.cast_unsigned()`
crates/rs_cam_core/src/dexel_stock/mod.rs:724:32: warning: multiply and add expressions may be calculated more efficiently and accurately: help: consider using: `dy.mul_add(dy, dx * dx)`
crates/rs_cam_core/src/dexel_stock/mod.rs:732:33: warning: use Option::map_or instead of an if let/else
crates/rs_cam_core/src/dexel_stock/mod.rs:737:33: warning: multiply and add expressions may be calculated more efficiently and accurately: help: consider using: `r.mul_add(inv_tan, hole.bottom_z)`
crates/rs_cam_core/src/dexel_stock/mod.rs:739:33: warning: multiply and add expressions may be calculated more efficiently and accurately: help: consider using: `r.mul_add(-inv_tan, hole.bottom_z)`
crates/rs_cam_core/src/dexel_stock/mod.rs:744:45: warning: casting `isize` to `usize` may lose the sign of the value: help: if this is intentional, use `cast_unsigned()` instead: `row.cast_unsigned()`
crates/rs_cam_core/src/dexel_stock/mod.rs:744:59: warning: casting `isize` to `usize` may lose the sign of the value: help: if this is intentional, use `cast_unsigned()` instead: `col.cast_unsigned()`
crates/rs_cam_core/src/dexel_stock/mod.rs:744:73: warning: casting `f64` to `f32` may truncate the value
crates/rs_cam_core/src/dexel_stock/mod.rs:746:45: warning: casting `isize` to `usize` may lose the sign of the value: help: if this is intentional, use `cast_unsigned()` instead: `row.cast_unsigned()`
crates/rs_cam_core/src/dexel_stock/mod.rs:746:59: warning: casting `isize` to `usize` may lose the sign of the value: help: if this is intentional, use `cast_unsigned()` instead: `col.cast_unsigned()`
crates/rs_cam_core/src/dexel_stock/mod.rs:746:73: warning: casting `f64` to `f32` may truncate the value
crates/rs_cam_core/src/diagnostics/adapters/from_feeds.rs:31:1: warning: this function has too many lines (260/100)
crates/rs_cam_core/src/diagnostics/adapters/from_feeds.rs:203:22: warning: use Option::map_or_else instead of an if let/else
crates/rs_cam_core/src/diagnostics/adapters/from_feeds.rs:296:17: warning: use Option::map_or_else instead of an if let/else
crates/rs_cam_core/src/diagnostics/adapters/from_feeds.rs:315:1: warning: first doc comment paragraph is too long
crates/rs_cam_core/src/diagnostics/adapters/from_generation.rs:406:17: warning: casting `usize` to `f64` may cause a loss of precision (`usize` can be up to 64 bits wide depending on the target architecture, but `f64`'s mantissa is only 52 bits wide)
crates/rs_cam_core/src/diagnostics/adapters/from_generation.rs:406:43: warning: casting `usize` to `f64` may cause a loss of precision (`usize` can be up to 64 bits wide depending on the target architecture, but `f64`'s mantissa is only 52 bits wide)
crates/rs_cam_core/src/diagnostics/adapters/from_generation.rs:486:22: warning: use Option::map_or_else instead of an if let/else
crates/rs_cam_core/src/diagnostics/adapters/from_preconditions.rs:235:19: warning: called `map(<f>).unwrap_or(<a>)` on an `Option` value
crates/rs_cam_core/src/diagnostics/adapters/from_preconditions.rs:257:24: warning: called `map(<f>).unwrap_or(false)` on an `Option` value
crates/rs_cam_core/src/diagnostics/adapters/from_preconditions.rs:258:23: warning: called `map(<f>).unwrap_or(false)` on an `Option` value
crates/rs_cam_core/src/diagnostics/adapters/from_project_diagnostics.rs:65:1: warning: this could be a `const fn`
crates/rs_cam_core/src/diagnostics/adapters/from_project_diagnostics.rs:73:1: warning: this could be a `const fn`
crates/rs_cam_core/src/diagnostics/adapters/from_project_diagnostics.rs:93:1: warning: this could be a `const fn`
crates/rs_cam_core/src/diagnostics/adapters/from_stale_default.rs:43:1: warning: this could be a `const fn`
crates/rs_cam_core/src/diagnostics/adapters/from_static_checks.rs:53:1: warning: first doc comment paragraph is too long
crates/rs_cam_core/src/diagnostics/adapters/from_static_checks.rs:89:5: warning: this could be a `const fn`
crates/rs_cam_core/src/diagnostics/adapters/from_static_checks.rs:196:1: warning: this function has too many lines (122/100)
crates/rs_cam_core/src/diagnostics/adapters/from_static_checks.rs:441:1: warning: first doc comment paragraph is too long
crates/rs_cam_core/src/diagnostics/adapters/from_tool_load.rs:88:1: warning: this could be a `const fn`
crates/rs_cam_core/src/diagnostics/adapters/from_tool_load.rs:118:5: warning: use Option::map_or_else instead of an if let/else
crates/rs_cam_core/src/diagnostics/adapters/from_tool_load.rs:216:1: warning: this function has too many lines (126/100)
crates/rs_cam_core/src/diagnostics/adapters/from_tool_load.rs:419:1: warning: this could be a `const fn`
crates/rs_cam_core/src/diagnostics/adapters/from_tool_load.rs:419:29: warning: this argument (1 byte) is passed by reference, but would be more efficient if passed by value (limit: 8 byte): help: consider passing by value instead: `ChipBoundsSource`
crates/rs_cam_core/src/diagnostics/adapters/from_tool_load.rs:818:1: warning: this could be a `const fn`
crates/rs_cam_core/src/diagnostics/diagnose.rs:32:1: warning: first doc comment paragraph is too long
crates/rs_cam_core/src/diagnostics/diagnose.rs:131:1: warning: first doc comment paragraph is too long
crates/rs_cam_core/src/diagnostics/evidence.rs:28:5: warning: this could be a `const fn`
crates/rs_cam_core/src/diagnostics/ids.rs:17:1: warning: first doc comment paragraph is too long
crates/rs_cam_core/src/diagnostics/ids.rs:41:1: warning: first doc comment paragraph is too long
crates/rs_cam_core/src/diagnostics/ids.rs:46:1: warning: first doc comment paragraph is too long
crates/rs_cam_core/src/diagnostics/ids.rs:51:1: warning: first doc comment paragraph is too long
crates/rs_cam_core/src/diagnostics/ids.rs:59:1: warning: first doc comment paragraph is too long
crates/rs_cam_core/src/diagnostics/ids.rs:76:1: warning: first doc comment paragraph is too long
crates/rs_cam_core/src/diagnostics/ids.rs:89:1: warning: first doc comment paragraph is too long
crates/rs_cam_core/src/diagnostics/ids.rs:134:1: warning: first doc comment paragraph is too long
crates/rs_cam_core/src/diagnostics/ids.rs:139:1: warning: first doc comment paragraph is too long
crates/rs_cam_core/src/diagnostics/ids.rs:146:1: warning: first doc comment paragraph is too long
crates/rs_cam_core/src/diagnostics/ids.rs:151:1: warning: first doc comment paragraph is too long
crates/rs_cam_core/src/diagnostics/ids.rs:160:1: warning: first doc comment paragraph is too long
crates/rs_cam_core/src/diagnostics/ids.rs:169:1: warning: first doc comment paragraph is too long
crates/rs_cam_core/src/diagnostics/ids.rs:181:1: warning: first doc comment paragraph is too long
crates/rs_cam_core/src/diagnostics/ids.rs:189:1: warning: first doc comment paragraph is too long
crates/rs_cam_core/src/diagnostics/ids.rs:200:1: warning: first doc comment paragraph is too long
crates/rs_cam_core/src/diagnostics/ids.rs:205:1: warning: first doc comment paragraph is too long
crates/rs_cam_core/src/diagnostics/ids.rs:211:1: warning: first doc comment paragraph is too long
crates/rs_cam_core/src/diagnostics/supersession.rs:25:1: warning: first doc comment paragraph is too long
crates/rs_cam_core/src/diagnostics/mod.rs:154:5: warning: this could be a `const fn`
crates/rs_cam_core/src/direction_field.rs:303:9: warning: casting `usize` to `u32` may truncate the value on targets with 64-bit wide pointers
crates/rs_cam_core/src/direction_field.rs:317:34: warning: casting `usize` to `u32` may truncate the value on targets with 64-bit wide pointers
crates/rs_cam_core/src/direction_field.rs:846:9: warning: you seem to be trying to use `match` for destructuring a single pattern. Consider using `if let`
crates/rs_cam_core/src/direction_field.rs:937:17: warning: multiply and add expressions may be calculated more efficiently and accurately: help: consider using: `b.mul_add(b, a * a)`
crates/rs_cam_core/src/direction_field.rs:939:13: warning: multiply and add expressions may be calculated more efficiently and accurately: help: consider using: `(k2 * b).mul_add(b, k1 * a * a)`
crates/rs_cam_core/src/direction_field.rs:941:13: warning: manual implementation of `midpoint` which can overflow: help: use `f64::midpoint` instead: `f64::midpoint(k1, k2)`
crates/rs_cam_core/src/direction_field.rs:1009:19: warning: you seem to be trying to use `match` for destructuring a single pattern. Consider using `if let`
crates/rs_cam_core/src/direction_field.rs:1037:15: warning: casting `usize` to `f64` may cause a loss of precision (`usize` can be up to 64 bits wide depending on the target architecture, but `f64`'s mantissa is only 52 bits wide)
crates/rs_cam_core/src/direction_field.rs:1117:26: warning: multiply and add expressions may be calculated more efficiently and accurately: help: consider using: `cot_j.mul_add((p[k] - p[i]).dot(&v), cot_k * (p[j] - p[i]).dot(&v))`
crates/rs_cam_core/src/direction_field.rs:1158:5: warning: adding items after statements is confusing, since items exist from the start of the scope
crates/rs_cam_core/src/direction_field.rs:1158:5: warning: this could be a `const fn`
crates/rs_cam_core/src/direction_field.rs:1207:17: warning: multiply and add expressions may be calculated more efficiently and accurately: help: consider using: `acc = w.mul_add(-x.get(j).copied().unwrap_or(0.0), acc)`
crates/rs_cam_core/src/direction_field.rs:1389:17: warning: multiply and add expressions may be calculated more efficiently and accurately: help: consider using: `(pb.x - pa.x).mul_add(s, pa.x)`
crates/rs_cam_core/src/direction_field.rs:1390:17: warning: multiply and add expressions may be calculated more efficiently and accurately: help: consider using: `(pb.y - pa.y).mul_add(s, pa.y)`
crates/rs_cam_core/src/direction_field.rs:1391:17: warning: multiply and add expressions may be calculated more efficiently and accurately: help: consider using: `(pb.z - pa.z).mul_add(s, pa.z)`
crates/rs_cam_core/src/direction_field.rs:1394:35: warning: casting `usize` to `u32` may truncate the value on targets with 64-bit wide pointers
crates/rs_cam_core/src/direction_field.rs:1394:48: warning: casting `usize` to `u32` may truncate the value on targets with 64-bit wide pointers
crates/rs_cam_core/src/direction_field.rs:1629:21: warning: multiply and add expressions may be calculated more efficiently and accurately: help: consider using: `0.5f64.mul_add(increment, phi_min)`
crates/rs_cam_core/src/direction_field.rs:1630:11: warning: while condition comparing floats
crates/rs_cam_core/src/dressup.rs:198:29: warning: hypotenuse can be computed more accurately: help: consider using: `dx.hypot(dy)`
crates/rs_cam_core/src/dressup.rs:406:1: warning: first doc comment paragraph is too long
crates/rs_cam_core/src/dressup.rs:467:1: warning: first doc comment paragraph is too long
crates/rs_cam_core/src/dressup.rs:475:1: warning: this function has too many lines (128/100)
crates/rs_cam_core/src/dressup.rs:712:16: warning: hypotenuse can be computed more accurately: help: consider using: `(point.x - prev.x).hypot(point.y - prev.y)`
crates/rs_cam_core/src/dressup.rs:727:19: warning: hypotenuse can be computed more accurately: help: consider using: `pdx.hypot(pdy)`
crates/rs_cam_core/src/dressup.rs:741:20: warning: hypotenuse can be computed more accurately: help: consider using: `dx.hypot(dy)`
crates/rs_cam_core/src/dressup.rs:810:16: warning: hypotenuse can be computed more accurately: help: consider using: `dx.hypot(dy)`
crates/rs_cam_core/src/dressup.rs:868:13: warning: hypotenuse can be computed more accurately: help: consider using: `dx.hypot(dy)`
crates/rs_cam_core/src/dressup.rs:905:9: warning: all if blocks contain the same code at the end
crates/rs_cam_core/src/dressup.rs:931:19: warning: hypotenuse can be computed more accurately: help: consider using: `dx.hypot(dy)`
crates/rs_cam_core/src/dressup.rs:937:33: warning: multiply and add expressions may be calculated more efficiently and accurately: help: consider using: `dx.mul_add(t, a.x)`
crates/rs_cam_core/src/dressup.rs:937:47: warning: multiply and add expressions may be calculated more efficiently and accurately: help: consider using: `dy.mul_add(t, a.y)`
crates/rs_cam_core/src/dressup.rs:937:61: warning: multiply and add expressions may be calculated more efficiently and accurately: help: consider using: `(b.z - a.z).mul_add(t, a.z)`
crates/rs_cam_core/src/dressup.rs:997:16: warning: hypotenuse can be computed more accurately: help: consider using: `dx.hypot(dy)`
crates/rs_cam_core/src/dressup.rs:998:25: warning: multiply and add expressions may be calculated more efficiently and accurately: help: consider using: `drop.mul_add(-(acc / total), ramp_start_z)`
crates/rs_cam_core/src/dressup.rs:1012:1: warning: this function has too many lines (102/100)
crates/rs_cam_core/src/dressup.rs:1050:23: warning: multiply and add expressions may be calculated more efficiently and accurately: help: consider using: `dir.0.mul_add(window, end.x)`
crates/rs_cam_core/src/dressup.rs:1050:47: warning: multiply and add expressions may be calculated more efficiently and accurately: help: consider using: `dir.1.mul_add(window, end.y)`
crates/rs_cam_core/src/dressup.rs:1069:9: warning: you seem to be trying to use `match` for destructuring a single pattern. Consider using `if let`
crates/rs_cam_core/src/dressup.rs:1150:17: warning: manual implementation of `midpoint` which can overflow: help: use `f64::midpoint` instead: `f64::midpoint(ramp_start_z, end.z)`
crates/rs_cam_core/src/dressup.rs:1155:13: warning: multiply and add expressions may be calculated more efficiently and accurately: help: consider using: `dir.0.mul_add(half_len, start.x)`
crates/rs_cam_core/src/dressup.rs:1156:13: warning: multiply and add expressions may be calculated more efficiently and accurately: help: consider using: `dir.1.mul_add(half_len, start.y)`
crates/rs_cam_core/src/dressup.rs:1229:19: warning: multiply and add expressions may be calculated more efficiently and accurately: help: consider using: `dz.mul_add(dz, dx * dx + dy * dy)`
crates/rs_cam_core/src/dressup.rs:1229:20: warning: multiply and add expressions may be calculated more efficiently and accurately: help: consider using: `dy.mul_add(dy, dx * dx)`
crates/rs_cam_core/src/dressup.rs:1230:17: warning: casting `f64` to `usize` may truncate the value
crates/rs_cam_core/src/dressup.rs:1230:17: warning: casting `f64` to `usize` may lose the sign of the value
crates/rs_cam_core/src/dressup.rs:1232:21: warning: casting `usize` to `f64` may cause a loss of precision (`usize` can be up to 64 bits wide depending on the target architecture, but `f64`'s mantissa is only 52 bits wide)
crates/rs_cam_core/src/dressup.rs:1232:32: warning: casting `usize` to `f64` may cause a loss of precision (`usize` can be up to 64 bits wide depending on the target architecture, but `f64`'s mantissa is only 52 bits wide)
crates/rs_cam_core/src/dressup.rs:1233:29: warning: multiply and add expressions may be calculated more efficiently and accurately: help: consider using: `dx.mul_add(t, a.x)`
crates/rs_cam_core/src/dressup.rs:1233:43: warning: multiply and add expressions may be calculated more efficiently and accurately: help: consider using: `dy.mul_add(t, a.y)`
crates/rs_cam_core/src/dressup.rs:1233:57: warning: multiply and add expressions may be calculated more efficiently and accurately: help: consider using: `dz.mul_add(t, a.z)`
crates/rs_cam_core/src/dressup.rs:1297:23: warning: casting `f64` to `usize` may truncate the value
crates/rs_cam_core/src/dressup.rs:1297:23: warning: casting `f64` to `usize` may lose the sign of the value
crates/rs_cam_core/src/dressup.rs:1297:38: warning: casts from `i32` to `f64` can be expressed infallibly using `From`
crates/rs_cam_core/src/dressup.rs:1309:17: warning: casting `usize` to `f64` may cause a loss of precision (`usize` can be up to 64 bits wide depending on the target architecture, but `f64`'s mantissa is only 52 bits wide)
crates/rs_cam_core/src/dressup.rs:1309:28: warning: casting `usize` to `f64` may cause a loss of precision (`usize` can be up to 64 bits wide depending on the target architecture, but `f64`'s mantissa is only 52 bits wide)
crates/rs_cam_core/src/dressup.rs:1311:17: warning: multiply and add expressions may be calculated more efficiently and accurately: help: consider using: `dz.mul_add(-t, helix_top)`
crates/rs_cam_core/src/dressup.rs:1313:17: warning: multiply and add expressions may be calculated more efficiently and accurately: help: consider using: `radius.mul_add(cos_a, center_x)`
crates/rs_cam_core/src/dressup.rs:1314:17: warning: multiply and add expressions may be calculated more efficiently and accurately: help: consider using: `radius.mul_add(sin_a, center_y)`
crates/rs_cam_core/src/dressup.rs:1369:1: warning: this function has too many lines (142/100)
crates/rs_cam_core/src/dressup.rs:1409:5: warning: adding items after statements is confusing, since items exist from the start of the scope
crates/rs_cam_core/src/dressup.rs:1397:17: warning: hypotenuse can be computed more accurately: help: consider using: `ddx.hypot(ddy)`
crates/rs_cam_core/src/dressup.rs:1479:32: warning: manual implementation of `midpoint` which can overflow: help: use `f64::midpoint` instead: `f64::midpoint(seg_start_dist, seg_end_dist)`
crates/rs_cam_core/src/dressup.rs:1507:35: warning: multiply and add expressions may be calculated more efficiently and accurately: help: consider using: `t.mul_add(curr_target.x - prev_target.x, prev_target.x)`
crates/rs_cam_core/src/dressup.rs:1508:35: warning: multiply and add expressions may be calculated more efficiently and accurately: help: consider using: `t.mul_add(curr_target.y - prev_target.y, prev_target.y)`
crates/rs_cam_core/src/dressup.rs:1669:1: warning: this function has too many lines (220/100)
crates/rs_cam_core/src/dressup.rs:1761:35: warning: hypotenuse can be computed more accurately: help: consider using: `cut_dir_x.hypot(cut_dir_y)`
crates/rs_cam_core/src/dressup.rs:1772:25: warning: multiply and add expressions may be calculated more efficiently and accurately: help: consider using: `ux.mul_add(-radius, plunge_end.x + perp_x * radius)`
crates/rs_cam_core/src/dressup.rs:1772:25: warning: multiply and add expressions may be calculated more efficiently and accurately: help: consider using: `perp_x.mul_add(radius, plunge_end.x)`
crates/rs_cam_core/src/dressup.rs:1773:25: warning: multiply and add expressions may be calculated more efficiently and accurately: help: consider using: `uy.mul_add(-radius, plunge_end.y + perp_y * radius)`
crates/rs_cam_core/src/dressup.rs:1773:25: warning: multiply and add expressions may be calculated more efficiently and accurately: help: consider using: `perp_y.mul_add(radius, plunge_end.y)`
crates/rs_cam_core/src/dressup.rs:1800:34: warning: use Option::map_or_else instead of an if let/else: help: try: `retract_z.map_or_else(|| moves[i - 1].target.z, |plane| plane.max(moves[i - 1].target.z))`
crates/rs_cam_core/src/dressup.rs:1812:33: warning: casting `usize` to `f64` may cause a loss of precision (`usize` can be up to 64 bits wide depending on the target architecture, but `f64`'s mantissa is only 52 bits wide)
crates/rs_cam_core/src/dressup.rs:1812:44: warning: casting `usize` to `f64` may cause a loss of precision (`usize` can be up to 64 bits wide depending on the target architecture, but `f64`'s mantissa is only 52 bits wide)
crates/rs_cam_core/src/dressup.rs:1815:34: warning: multiply and add expressions may be calculated more efficiently and accurately: help: consider using: `(ux * radius).mul_add(-(1.0 - cos_a), plunge_end.x + perp_x * radius * (1.0 - sin_a))`
crates/rs_cam_core/src/dressup.rs:1815:34: warning: multiply and add expressions may be calculated more efficiently and accurately: help: consider using: `(perp_x * radius).mul_add(1.0 - sin_a, plunge_end.x)`
crates/rs_cam_core/src/dressup.rs:1817:34: warning: multiply and add expressions may be calculated more efficiently and accurately: help: consider using: `(uy * radius).mul_add(-(1.0 - cos_a), plunge_end.y + perp_y * radius * (1.0 - sin_a))`
crates/rs_cam_core/src/dressup.rs:1817:34: warning: multiply and add expressions may be calculated more efficiently and accurately: help: consider using: `(perp_y * radius).mul_add(1.0 - sin_a, plunge_end.y)`
crates/rs_cam_core/src/dressup.rs:1822:35: warning: use Option::map_or instead of an if let/else: help: try: `surface.map_or(true, |probe| lift_lead_points(probe, &mut plunge_target, &mut arc_pts))`
crates/rs_cam_core/src/dressup.rs:1900:31: warning: hypotenuse can be computed more accurately: help: consider using: `dir_x.hypot(dir_y)`
crates/rs_cam_core/src/dressup.rs:1922:33: warning: casting `usize` to `f64` may cause a loss of precision (`usize` can be up to 64 bits wide depending on the target architecture, but `f64`'s mantissa is only 52 bits wide)
crates/rs_cam_core/src/dressup.rs:1922:44: warning: casting `usize` to `f64` may cause a loss of precision (`usize` can be up to 64 bits wide depending on the target architecture, but `f64`'s mantissa is only 52 bits wide)
crates/rs_cam_core/src/dressup.rs:1925:34: warning: multiply and add expressions may be calculated more efficiently and accurately: help: consider using: `(perp_x * radius).mul_add(1.0 - cos_a, cut_end.x + ux * radius * sin_a)`
crates/rs_cam_core/src/dressup.rs:1925:34: warning: multiply and add expressions may be calculated more efficiently and accurately: help: consider using: `(ux * radius).mul_add(sin_a, cut_end.x)`
crates/rs_cam_core/src/dressup.rs:1926:34: warning: multiply and add expressions may be calculated more efficiently and accurately: help: consider using: `(perp_y * radius).mul_add(1.0 - cos_a, cut_end.y + uy * radius * sin_a)`
crates/rs_cam_core/src/dressup.rs:1926:34: warning: multiply and add expressions may be calculated more efficiently and accurately: help: consider using: `(uy * radius).mul_add(sin_a, cut_end.y)`
crates/rs_cam_core/src/dressup.rs:1929:39: warning: use Option::map_or instead of an if let/else: help: try: `surface.map_or(true, |probe| lift_arc_points(probe, &mut lo_pts))`
crates/rs_cam_core/src/dressup.rs:2040:1: warning: this function has too many lines (107/100)
crates/rs_cam_core/src/dressup.rs:2096:28: warning: hypotenuse can be computed more accurately: help: consider using: `v1x.hypot(v1y)`
crates/rs_cam_core/src/dressup.rs:2097:28: warning: hypotenuse can be computed more accurately: help: consider using: `v2x.hypot(v2y)`
crates/rs_cam_core/src/dressup.rs:2105:31: warning: multiply and add expressions may be calculated more efficiently and accurately: help: consider using: `u1y.mul_add(u2y, u1x * u2x)`
crates/rs_cam_core/src/dressup.rs:2111:36: warning: hypotenuse can be computed more accurately: help: consider using: `bx.hypot(by)`
crates/rs_cam_core/src/dressup.rs:2122:45: warning: multiply and add expressions may be calculated more efficiently and accurately: help: consider using: `dx.mul_add(tool_radius, b.x)`
crates/rs_cam_core/src/dressup.rs:2123:45: warning: multiply and add expressions may be calculated more efficiently and accurately: help: consider using: `dy.mul_add(tool_radius, b.y)`
crates/rs_cam_core/src/dressup.rs:2240:16: warning: multiply and add expressions may be calculated more efficiently and accurately: help: consider using: `aby.mul_add(aby, abx * abx)`
crates/rs_cam_core/src/dressup.rs:2243:16: warning: hypotenuse can be computed more accurately: help: consider using: `(px - a.x).hypot(py - a.y)`
crates/rs_cam_core/src/dressup.rs:2245:14: warning: multiply and add expressions may be calculated more efficiently and accurately: help: consider using: `(py - a.y).mul_add(aby, (px - a.x) * abx)`
crates/rs_cam_core/src/dressup.rs:2248:5: warning: hypotenuse can be computed more accurately: help: consider using: `(px - cx).hypot(py - cy)`
crates/rs_cam_core/src/dressup.rs:2299:16: warning: hypotenuse can be computed more accurately: help: consider using: `dx.hypot(dy)`
crates/rs_cam_core/src/dressup.rs:2305:22: warning: casting `f64` to `usize` may truncate the value
crates/rs_cam_core/src/dressup.rs:2305:22: warning: casting `f64` to `usize` may lose the sign of the value
crates/rs_cam_core/src/dressup.rs:2325:17: warning: casting `usize` to `f64` may cause a loss of precision (`usize` can be up to 64 bits wide depending on the target architecture, but `f64`'s mantissa is only 52 bits wide)
crates/rs_cam_core/src/dressup.rs:2325:28: warning: casting `usize` to `f64` may cause a loss of precision (`usize` can be up to 64 bits wide depending on the target architecture, but `f64`'s mantissa is only 52 bits wide)
crates/rs_cam_core/src/dressup.rs:2326:18: warning: multiply and add expressions may be calculated more efficiently and accurately: help: consider using: `dx.mul_add(t, from.x)`
crates/rs_cam_core/src/dressup.rs:2327:18: warning: multiply and add expressions may be calculated more efficiently and accurately: help: consider using: `dy.mul_add(t, from.y)`
crates/rs_cam_core/src/dressup.rs:2328:18: warning: multiply and add expressions may be calculated more efficiently and accurately: help: consider using: `(to.z - from.z).mul_add(t, from.z)`
crates/rs_cam_core/src/dressup.rs:2401:1: warning: this function has too many lines (130/100)
crates/rs_cam_core/src/dressup.rs:2487:28: warning: hypotenuse can be computed more accurately: help: consider using: `dx.hypot(dy)`
crates/rs_cam_core/src/dressup.rs:2565:23: warning: casting `usize` to `f64` may cause a loss of precision (`usize` can be up to 64 bits wide depending on the target architecture, but `f64`'s mantissa is only 52 bits wide)
crates/rs_cam_core/src/dressup.rs:2565:34: warning: casting `usize` to `f64` may cause a loss of precision (`usize` can be up to 64 bits wide depending on the target architecture, but `f64`'s mantissa is only 52 bits wide)
crates/rs_cam_core/src/dressup.rs:2594:10: warning: casts from `f32` to `f64` can be expressed infallibly using `From`
crates/rs_cam_core/src/dressup.rs:2689:18: warning: hypotenuse can be computed more accurately: help: consider using: `(cx - x).hypot(cy - y)`
crates/rs_cam_core/src/dressup.rs:2693:10: warning: casts from `f32` to `f64` can be expressed infallibly using `From`
crates/rs_cam_core/src/dressup.rs:2781:27: warning: multiply and add expressions may be calculated more efficiently and accurately: help: consider using: `dz.mul_add(dz, dx * dx + dy * dy)`
crates/rs_cam_core/src/dressup.rs:2781:28: warning: multiply and add expressions may be calculated more efficiently and accurately: help: consider using: `dy.mul_add(dy, dx * dx)`
crates/rs_cam_core/src/dressup.rs:2782:29: warning: casting `f64` to `usize` may truncate the value
crates/rs_cam_core/src/dressup.rs:2782:29: warning: casting `f64` to `usize` may lose the sign of the value
crates/rs_cam_core/src/dressup.rs:2784:29: warning: casting `usize` to `f64` may cause a loss of precision (`usize` can be up to 64 bits wide depending on the target architecture, but `f64`'s mantissa is only 52 bits wide)
crates/rs_cam_core/src/dressup.rs:2784:40: warning: casting `usize` to `f64` may cause a loss of precision (`usize` can be up to 64 bits wide depending on the target architecture, but `f64`'s mantissa is only 52 bits wide)
crates/rs_cam_core/src/dressup.rs:2786:34: warning: multiply and add expressions may be calculated more efficiently and accurately: help: consider using: `dx.mul_add(t, prev.x)`
crates/rs_cam_core/src/dressup.rs:2786:51: warning: multiply and add expressions may be calculated more efficiently and accurately: help: consider using: `dy.mul_add(t, prev.y)`
crates/rs_cam_core/src/dressup.rs:2786:68: warning: multiply and add expressions may be calculated more efficiently and accurately: help: consider using: `dz.mul_add(t, prev.z)`
crates/rs_cam_core/src/dressup.rs:2855:23: warning: multiply and add expressions may be calculated more efficiently and accurately: help: consider using: `dz.mul_add(dz, dx * dx + dy * dy)`
crates/rs_cam_core/src/dressup.rs:2855:24: warning: multiply and add expressions may be calculated more efficiently and accurately: help: consider using: `dy.mul_add(dy, dx * dx)`
crates/rs_cam_core/src/dressup.rs:2856:25: warning: casting `f64` to `usize` may truncate the value
crates/rs_cam_core/src/dressup.rs:2856:25: warning: casting `f64` to `usize` may lose the sign of the value
crates/rs_cam_core/src/dressup.rs:2859:25: warning: casting `usize` to `f64` may cause a loss of precision (`usize` can be up to 64 bits wide depending on the target architecture, but `f64`'s mantissa is only 52 bits wide)
crates/rs_cam_core/src/dressup.rs:2859:36: warning: casting `usize` to `f64` may cause a loss of precision (`usize` can be up to 64 bits wide depending on the target architecture, but `f64`'s mantissa is only 52 bits wide)
crates/rs_cam_core/src/dressup.rs:2860:33: warning: multiply and add expressions may be calculated more efficiently and accurately: help: consider using: `dx.mul_add(t, prev.x)`
crates/rs_cam_core/src/dressup.rs:2860:50: warning: multiply and add expressions may be calculated more efficiently and accurately: help: consider using: `dy.mul_add(t, prev.y)`
crates/rs_cam_core/src/dressup.rs:2860:67: warning: multiply and add expressions may be calculated more efficiently and accurately: help: consider using: `dz.mul_add(t, prev.z)`
crates/rs_cam_core/src/dressup.rs:2946:1: warning: this function has too many lines (165/100)
crates/rs_cam_core/src/dressup.rs:3017:29: warning: multiply and add expressions can be calculated more efficiently and accurately: help: consider using: `(b.x - a.x).mul_add(b.x - a.x, (b.y - a.y).powi(2))`
crates/rs_cam_core/src/dressup.rs:3017:29: warning: multiply and add expressions can be calculated more efficiently and accurately: help: consider using: `(b.y - a.y).mul_add(b.y - a.y, (b.x - a.x).powi(2))`
crates/rs_cam_core/src/dressup.rs:3017:28: warning: multiply and add expressions can be calculated more efficiently and accurately: help: consider using: `(b.z - a.z).mul_add(b.z - a.z, (b.x - a.x).powi(2) + (b.y - a.y).powi(2))`
crates/rs_cam_core/src/dressup.rs:3058:17: warning: hypotenuse can be computed more accurately: help: consider using: `dx.hypot(dy)`
crates/rs_cam_core/src/dressup.rs:3082:35: warning: use Option::map_or_else instead of an if let/else
crates/rs_cam_core/src/drill.rs:48:5: warning: this could be a `const fn`
crates/rs_cam_core/src/drill.rs:50:35: warning: unnecessary structure name repetition: help: use the applicable keyword: `Self`
crates/rs_cam_core/src/drill.rs:51:37: warning: unnecessary structure name repetition: help: use the applicable keyword: `Self`
crates/rs_cam_core/src/drill.rs:52:36: warning: unnecessary structure name repetition: help: use the applicable keyword: `Self`
crates/rs_cam_core/src/drill.rs:53:44: warning: unnecessary structure name repetition: help: use the applicable keyword: `Self`
crates/rs_cam_core/src/drill.rs:60:5: warning: this could be a `const fn`
crates/rs_cam_core/src/drill.rs:61:24: warning: unnecessary structure name repetition: help: use the applicable keyword: `Self`
crates/rs_cam_core/src/drill.rs:61:47: warning: unnecessary structure name repetition: help: use the applicable keyword: `Self`
crates/rs_cam_core/src/drill_metrics.rs:158:1: warning: first doc comment paragraph is too long
crates/rs_cam_core/src/drill_metrics.rs:260:15: warning: casts from `u32` to `f64` can be expressed infallibly using `From`
crates/rs_cam_core/src/drill_metrics.rs:294:29: warning: casting `usize` to `u32` may truncate the value on targets with 64-bit wide pointers
crates/rs_cam_core/src/drill_metrics.rs:342:9: warning: multiply and add expressions may be calculated more efficiently and accurately: help: consider using: `weighted_score_sum = s.chip_evacuation_score.mul_add(peck_time, weighted_score_sum)`
crates/rs_cam_core/src/drill_metrics.rs:382:1: warning: first doc comment paragraph is too long
crates/rs_cam_core/src/drill_metrics.rs:404:1: warning: first doc comment paragraph is too long
crates/rs_cam_core/src/drill_op.rs:84:13: warning: unnecessary structure name repetition: help: use the applicable keyword: `Self`
crates/rs_cam_core/src/drill_op.rs:87:13: warning: unnecessary structure name repetition: help: use the applicable keyword: `Self`
crates/rs_cam_core/src/drill_op.rs:88:13: warning: unnecessary structure name repetition: help: use the applicable keyword: `Self`
crates/rs_cam_core/src/drill_op.rs:100:9: warning: you seem to be trying to use `match` for an equality check. Consider using `if`
crates/rs_cam_core/src/drill_op.rs:101:13: warning: unnecessary structure name repetition: help: use the applicable keyword: `Self`
crates/rs_cam_core/src/drill_op.rs:164:5: warning: this could be a `const fn`
crates/rs_cam_core/src/drill_op.rs:166:13: warning: these match arms have identical bodies
crates/rs_cam_core/src/drill_op.rs:166:13: warning: unnecessary structure name repetition: help: use the applicable keyword: `Self`
crates/rs_cam_core/src/drill_op.rs:167:13: warning: unnecessary structure name repetition: help: use the applicable keyword: `Self`
crates/rs_cam_core/src/drill_op.rs:172:5: warning: this could be a `const fn`
crates/rs_cam_core/src/drill_op.rs:174:13: warning: unnecessary structure name repetition: help: use the applicable keyword: `Self`
crates/rs_cam_core/src/drill_op.rs:175:13: warning: unnecessary structure name repetition: help: use the applicable keyword: `Self`
crates/rs_cam_core/src/drill_op.rs:179:5: warning: this could be a `const fn`
crates/rs_cam_core/src/drill_op.rs:180:24: warning: unnecessary structure name repetition: help: use the applicable keyword: `Self`
crates/rs_cam_core/src/dropcutter.rs:239:5: warning: adding items after statements is confusing, since items exist from the start of the scope
crates/rs_cam_core/src/dropcutter.rs:246:27: warning: casting `usize` to `f64` may cause a loss of precision (`usize` can be up to 64 bits wide depending on the target architecture, but `f64`'s mantissa is only 52 bits wide)
crates/rs_cam_core/src/dropcutter.rs:253:10: warning: casting `f64` to `usize` may truncate the value
crates/rs_cam_core/src/dropcutter.rs:253:10: warning: casting `f64` to `usize` may lose the sign of the value
crates/rs_cam_core/src/dropcutter.rs:253:26: warning: casting `f64` to `usize` may truncate the value
crates/rs_cam_core/src/dropcutter.rs:253:26: warning: casting `f64` to `usize` may lose the sign of the value
crates/rs_cam_core/src/dropcutter.rs:279:9: warning: multiply and add expressions may be calculated more efficiently and accurately: help: consider using: `(index0 as f64).mul_add(step_over, parent_origin)`
crates/rs_cam_core/src/dropcutter.rs:279:25: warning: casting `usize` to `f64` may cause a loss of precision (`usize` can be up to 64 bits wide depending on the target architecture, but `f64`'s mantissa is only 52 bits wide)
crates/rs_cam_core/src/dropcutter.rs:300:1: warning: this function has too many lines (142/100)
crates/rs_cam_core/src/dropcutter.rs:337:27: warning: casting `f64` to `usize` may truncate the value
crates/rs_cam_core/src/dropcutter.rs:337:27: warning: casting `f64` to `usize` may lose the sign of the value
crates/rs_cam_core/src/dropcutter.rs:338:27: warning: casting `f64` to `usize` may truncate the value
crates/rs_cam_core/src/dropcutter.rs:338:27: warning: casting `f64` to `usize` may lose the sign of the value
crates/rs_cam_core/src/dropcutter.rs:374:25: warning: multiply and add expressions may be calculated more efficiently and accurately: help: consider using: `((col0 + col) as f64).mul_add(step_over, x_start)`
crates/rs_cam_core/src/dropcutter.rs:374:35: warning: casting `usize` to `f64` may cause a loss of precision (`usize` can be up to 64 bits wide depending on the target architecture, but `f64`'s mantissa is only 52 bits wide)
crates/rs_cam_core/src/dropcutter.rs:375:25: warning: multiply and add expressions may be calculated more efficiently and accurately: help: consider using: `((row0 + row) as f64).mul_add(step_over, y_start)`
crates/rs_cam_core/src/dropcutter.rs:375:35: warning: casting `usize` to `f64` may cause a loss of precision (`usize` can be up to 64 bits wide depending on the target architecture, but `f64`'s mantissa is only 52 bits wide)
crates/rs_cam_core/src/dropcutter.rs:406:17: warning: multiply and add expressions may be calculated more efficiently and accurately: help: consider using: `y.mul_add(sin_a, x * cos_a)`
crates/rs_cam_core/src/dropcutter.rs:407:17: warning: multiply and add expressions may be calculated more efficiently and accurately: help: consider using: `y.mul_add(cos_a, -x * sin_a)`
crates/rs_cam_core/src/dropcutter.rs:414:23: warning: casting `f64` to `usize` may truncate the value
crates/rs_cam_core/src/dropcutter.rs:414:23: warning: casting `f64` to `usize` may lose the sign of the value
crates/rs_cam_core/src/dropcutter.rs:415:23: warning: casting `f64` to `usize` may truncate the value
crates/rs_cam_core/src/dropcutter.rs:415:23: warning: casting `f64` to `usize` may lose the sign of the value
crates/rs_cam_core/src/dropcutter.rs:427:21: warning: multiply and add expressions may be calculated more efficiently and accurately: help: consider using: `y.mul_add(sin_a, x * cos_a)`
crates/rs_cam_core/src/dropcutter.rs:428:21: warning: multiply and add expressions may be calculated more efficiently and accurately: help: consider using: `y.mul_add(cos_a, -x * sin_a)`
crates/rs_cam_core/src/dropcutter.rs:465:21: warning: multiply and add expressions may be calculated more efficiently and accurately: help: consider using: `((col0 + col) as f64).mul_add(step_over, u_min)`
crates/rs_cam_core/src/dropcutter.rs:465:29: warning: casting `usize` to `f64` may cause a loss of precision (`usize` can be up to 64 bits wide depending on the target architecture, but `f64`'s mantissa is only 52 bits wide)
crates/rs_cam_core/src/dropcutter.rs:466:21: warning: multiply and add expressions may be calculated more efficiently and accurately: help: consider using: `((row0 + row) as f64).mul_add(step_over, v_min)`
crates/rs_cam_core/src/dropcutter.rs:466:29: warning: casting `usize` to `f64` may cause a loss of precision (`usize` can be up to 64 bits wide depending on the target architecture, but `f64`'s mantissa is only 52 bits wide)
crates/rs_cam_core/src/dropcutter.rs:468:21: warning: multiply and add expressions may be calculated more efficiently and accurately: help: consider using: `v.mul_add(-sin_a, u * cos_a)`
crates/rs_cam_core/src/dropcutter.rs:469:21: warning: multiply and add expressions may be calculated more efficiently and accurately: help: consider using: `v.mul_add(cos_a, u * sin_a)`
crates/rs_cam_core/src/dxf_input.rs:71:1: warning: this could be a `const fn`
crates/rs_cam_core/src/dxf_input.rs:76:9: warning: these match arms have identical bodies: the wildcard arm
crates/rs_cam_core/src/dxf_input.rs:156:1: warning: this function has too many lines (110/100)
crates/rs_cam_core/src/dxf_input.rs:350:17: warning: hypotenuse can be computed more accurately: help: consider using: `dx.hypot(dy)`
crates/rs_cam_core/src/dxf_input.rs:365:17: warning: manual implementation of `midpoint` which can overflow: help: use `f64::midpoint` instead: `f64::midpoint(p1.x, p2.x)`
crates/rs_cam_core/src/dxf_input.rs:366:17: warning: manual implementation of `midpoint` which can overflow: help: use `f64::midpoint` instead: `f64::midpoint(p1.y, p2.y)`
crates/rs_cam_core/src/dxf_input.rs:379:14: warning: multiply and add expressions may be calculated more efficiently and accurately: help: consider using: `(sign * h).mul_add(ux, mid_x)`
crates/rs_cam_core/src/dxf_input.rs:380:14: warning: multiply and add expressions may be calculated more efficiently and accurately: help: consider using: `(sign * h).mul_add(uy, mid_y)`
crates/rs_cam_core/src/dxf_input.rs:386:19: warning: casting `f64` to `usize` may truncate the value
crates/rs_cam_core/src/dxf_input.rs:386:19: warning: casting `f64` to `usize` may lose the sign of the value
crates/rs_cam_core/src/dxf_input.rs:391:30: warning: casting `usize` to `f64` may cause a loss of precision (`usize` can be up to 64 bits wide depending on the target architecture, but `f64`'s mantissa is only 52 bits wide)
crates/rs_cam_core/src/dxf_input.rs:395:48: warning: casting `usize` to `f64` may cause a loss of precision (`usize` can be up to 64 bits wide depending on the target architecture, but `f64`'s mantissa is only 52 bits wide)
crates/rs_cam_core/src/dxf_input.rs:396:17: warning: multiply and add expressions may be calculated more efficiently and accurately: help: consider using: `radius.abs().mul_add(angle.cos(), cx)`
crates/rs_cam_core/src/dxf_input.rs:397:17: warning: multiply and add expressions may be calculated more efficiently and accurately: help: consider using: `radius.abs().mul_add(angle.sin(), cy)`
crates/rs_cam_core/src/dxf_input.rs:403:13: warning: casting `f64` to `usize` may truncate the value
crates/rs_cam_core/src/dxf_input.rs:403:13: warning: casting `f64` to `usize` may lose the sign of the value
crates/rs_cam_core/src/dxf_input.rs:407:49: warning: casting `usize` to `f64` may cause a loss of precision (`usize` can be up to 64 bits wide depending on the target architecture, but `f64`'s mantissa is only 52 bits wide)
crates/rs_cam_core/src/dxf_input.rs:407:60: warning: casting `usize` to `f64` may cause a loss of precision (`usize` can be up to 64 bits wide depending on the target architecture, but `f64`'s mantissa is only 52 bits wide)
crates/rs_cam_core/src/dxf_input.rs:408:21: warning: multiply and add expressions may be calculated more efficiently and accurately: help: consider using: `radius.mul_add(angle.cos(), cx)`
crates/rs_cam_core/src/dxf_input.rs:408:48: warning: multiply and add expressions may be calculated more efficiently and accurately: help: consider using: `radius.mul_add(angle.sin(), cy)`
crates/rs_cam_core/src/dxf_input.rs:442:13: warning: casting `f64` to `usize` may truncate the value
crates/rs_cam_core/src/dxf_input.rs:442:13: warning: casting `f64` to `usize` may lose the sign of the value
crates/rs_cam_core/src/dxf_input.rs:448:41: warning: casting `usize` to `f64` may cause a loss of precision (`usize` can be up to 64 bits wide depending on the target architecture, but `f64`'s mantissa is only 52 bits wide)
crates/rs_cam_core/src/dxf_input.rs:448:52: warning: casting `usize` to `f64` may cause a loss of precision (`usize` can be up to 64 bits wide depending on the target architecture, but `f64`'s mantissa is only 52 bits wide)
crates/rs_cam_core/src/dxf_input.rs:449:26: warning: multiply and add expressions may be calculated more efficiently and accurately: help: consider using: `r.mul_add(t.cos(), cx)`
crates/rs_cam_core/src/dxf_input.rs:449:44: warning: multiply and add expressions may be calculated more efficiently and accurately: help: consider using: `r.mul_add(t.sin(), cy)`
crates/rs_cam_core/src/dxf_input.rs:471:13: warning: casting `f64` to `usize` may truncate the value
crates/rs_cam_core/src/dxf_input.rs:471:13: warning: casting `f64` to `usize` may lose the sign of the value
crates/rs_cam_core/src/dxf_input.rs:475:21: warning: hypotenuse can be computed more accurately: help: consider using: `major_x.hypot(major_y)`
crates/rs_cam_core/src/dxf_input.rs:483:37: warning: casting `usize` to `f64` may cause a loss of precision (`usize` can be up to 64 bits wide depending on the target architecture, but `f64`'s mantissa is only 52 bits wide)
crates/rs_cam_core/src/dxf_input.rs:483:48: warning: casting `usize` to `f64` may cause a loss of precision (`usize` can be up to 64 bits wide depending on the target architecture, but `f64`'s mantissa is only 52 bits wide)
crates/rs_cam_core/src/dxf_input.rs:505:5: warning: multiply and add expressions may be calculated more efficiently and accurately: help: consider using: `dy.mul_add(dy, dx * dx)`
crates/rs_cam_core/src/dxf_input.rs:525:5: warning: adding items after statements is confusing, since items exist from the start of the scope
crates/rs_cam_core/src/dxf_input.rs:526:8: warning: hypotenuse can be computed more accurately: help: consider using: `dx.hypot(dy)`
crates/rs_cam_core/src/dxf_input.rs:648:17: warning: multiply and add expressions may be calculated more efficiently and accurately: help: consider using: `alpha.mul_add(d[j].x, (1.0 - alpha) * d[j - 1].x)`
crates/rs_cam_core/src/dxf_input.rs:649:17: warning: multiply and add expressions may be calculated more efficiently and accurately: help: consider using: `alpha.mul_add(d[j].y, (1.0 - alpha) * d[j - 1].y)`
crates/rs_cam_core/src/dxf_input.rs:660:18: warning: casting `i32` to `usize` may lose the sign of the value
crates/rs_cam_core/src/dxf_input.rs:682:26: warning: casting `f64` to `usize` may truncate the value
crates/rs_cam_core/src/dxf_input.rs:682:26: warning: casting `f64` to `usize` may lose the sign of the value
crates/rs_cam_core/src/dxf_input.rs:687:17: warning: multiply and add expressions may be calculated more efficiently and accurately: help: consider using: `span.mul_add(i as f64 / n_steps as f64, t_start)`
crates/rs_cam_core/src/dxf_input.rs:687:35: warning: casting `usize` to `f64` may cause a loss of precision (`usize` can be up to 64 bits wide depending on the target architecture, but `f64`'s mantissa is only 52 bits wide)
crates/rs_cam_core/src/dxf_input.rs:687:46: warning: casting `usize` to `f64` may cause a loss of precision (`usize` can be up to 64 bits wide depending on the target architecture, but `f64`'s mantissa is only 52 bits wide)
crates/rs_cam_core/src/edge_distance.rs:119:5: warning: this could be a `const fn`
crates/rs_cam_core/src/edge_distance.rs:163:17: warning: casting `usize` to `f64` may cause a loss of precision (`usize` can be up to 64 bits wide depending on the target architecture, but `f64`'s mantissa is only 52 bits wide)
crates/rs_cam_core/src/edge_distance.rs:170:21: warning: casting `f64` to `usize` may truncate the value
crates/rs_cam_core/src/edge_distance.rs:170:21: warning: casting `f64` to `usize` may lose the sign of the value
crates/rs_cam_core/src/edge_distance.rs:171:21: warning: casting `f64` to `usize` may truncate the value
crates/rs_cam_core/src/edge_distance.rs:171:21: warning: casting `f64` to `usize` may lose the sign of the value
crates/rs_cam_core/src/edge_distance.rs:179:21: warning: casting `f64` to `usize` may truncate the value
crates/rs_cam_core/src/edge_distance.rs:179:21: warning: casting `f64` to `usize` may lose the sign of the value
crates/rs_cam_core/src/edge_distance.rs:193:39: warning: casting `usize` to `f64` may cause a loss of precision (`usize` can be up to 64 bits wide depending on the target architecture, but `f64`'s mantissa is only 52 bits wide)
crates/rs_cam_core/src/edge_distance.rs:194:39: warning: casting `usize` to `f64` may cause a loss of precision (`usize` can be up to 64 bits wide depending on the target architecture, but `f64`'s mantissa is only 52 bits wide)
crates/rs_cam_core/src/edge_distance.rs:254:37: warning: casting `usize` to `u32` may truncate the value on targets with 64-bit wide pointers
crates/rs_cam_core/src/edge_distance.rs:273:24: warning: casting `usize` to `f64` may cause a loss of precision (`usize` can be up to 64 bits wide depending on the target architecture, but `f64`'s mantissa is only 52 bits wide)
crates/rs_cam_core/src/edge_distance.rs:276:13: warning: casting `f64` to `usize` may truncate the value
crates/rs_cam_core/src/edge_distance.rs:276:13: warning: casting `f64` to `usize` may lose the sign of the value
crates/rs_cam_core/src/edge_distance.rs:310:27: warning: multiply and add expressions may be calculated more efficiently and accurately: help: consider using: `(ix as f64).mul_add(cell_x, min_x)`
crates/rs_cam_core/src/edge_distance.rs:310:35: warning: casting `usize` to `f64` may cause a loss of precision (`usize` can be up to 64 bits wide depending on the target architecture, but `f64`'s mantissa is only 52 bits wide)
crates/rs_cam_core/src/edge_distance.rs:384:17: warning: casting `usize` to `f64` may cause a loss of precision (`usize` can be up to 64 bits wide depending on the target architecture, but `f64`'s mantissa is only 52 bits wide)
crates/rs_cam_core/src/edge_distance.rs:385:20: warning: multiply and add expressions may be calculated more efficiently and accurately: help: consider using: `(cx as f64 - r).mul_add(self.cell_x, self.min_x)`
crates/rs_cam_core/src/edge_distance.rs:385:34: warning: casting `usize` to `f64` may cause a loss of precision (`usize` can be up to 64 bits wide depending on the target architecture, but `f64`'s mantissa is only 52 bits wide)
crates/rs_cam_core/src/edge_distance.rs:386:20: warning: multiply and add expressions may be calculated more efficiently and accurately: help: consider using: `(cx as f64 + r + 1.0).mul_add(self.cell_x, self.min_x)`
crates/rs_cam_core/src/edge_distance.rs:386:34: warning: casting `usize` to `f64` may cause a loss of precision (`usize` can be up to 64 bits wide depending on the target architecture, but `f64`'s mantissa is only 52 bits wide)
crates/rs_cam_core/src/edge_distance.rs:387:20: warning: multiply and add expressions may be calculated more efficiently and accurately: help: consider using: `(cy as f64 - r).mul_add(self.cell_y, self.min_y)`
crates/rs_cam_core/src/edge_distance.rs:387:34: warning: casting `usize` to `f64` may cause a loss of precision (`usize` can be up to 64 bits wide depending on the target architecture, but `f64`'s mantissa is only 52 bits wide)
crates/rs_cam_core/src/edge_distance.rs:388:20: warning: multiply and add expressions may be calculated more efficiently and accurately: help: consider using: `(cy as f64 + r + 1.0).mul_add(self.cell_y, self.min_y)`
crates/rs_cam_core/src/edge_distance.rs:388:34: warning: casting `usize` to `f64` may cause a loss of precision (`usize` can be up to 64 bits wide depending on the target architecture, but `f64`'s mantissa is only 52 bits wide)
crates/rs_cam_core/src/edge_distance.rs:401:28: warning: casting `usize` to `isize` may wrap around the value: help: if this is intentional, use `cast_signed()` instead: `cx.cast_signed()`
crates/rs_cam_core/src/edge_distance.rs:401:41: warning: casting `usize` to `isize` may wrap around the value: help: if this is intentional, use `cast_signed()` instead: `cy.cast_signed()`
crates/rs_cam_core/src/edge_distance.rs:401:54: warning: casting `usize` to `isize` may wrap around the value: help: if this is intentional, use `cast_signed()` instead: `r.cast_signed()`
crates/rs_cam_core/src/edge_distance.rs:410:19: warning: an exclusive range would be more readable: help: use: `((cy - r + 1)..(cy + r))`
crates/rs_cam_core/src/edge_distance.rs:417:38: warning: casting `usize` to `isize` may wrap around the value: help: if this is intentional, use `cast_signed()` instead: `self.nx.cast_signed()`
crates/rs_cam_core/src/edge_distance.rs:417:64: warning: casting `usize` to `isize` may wrap around the value: help: if this is intentional, use `cast_signed()` instead: `self.ny.cast_signed()`
crates/rs_cam_core/src/edge_distance.rs:420:17: warning: casting `isize` to `usize` may lose the sign of the value: help: if this is intentional, use `cast_unsigned()` instead: `iy.cast_unsigned()`
crates/rs_cam_core/src/edge_distance.rs:420:41: warning: casting `isize` to `usize` may lose the sign of the value: help: if this is intentional, use `cast_unsigned()` instead: `ix.cast_unsigned()`
crates/rs_cam_core/src/enriched_mesh.rs:149:5: warning: this could be a `const fn`
crates/rs_cam_core/src/enriched_mesh.rs:260:22: warning: it is more concise to loop over references to containers instead of using explicit iteration methods: help: to write this more concisely, try: `&mut edge.vertices`
crates/rs_cam_core/src/enriched_mesh.rs:341:9: warning: adding items after statements is confusing, since items exist from the start of the scope
crates/rs_cam_core/src/enriched_mesh.rs:392:29: warning: casting `usize` to `u32` may truncate the value on targets with 64-bit wide pointers
crates/rs_cam_core/src/enriched_mesh.rs:405:35: warning: casting `usize` to `u16` may truncate the value
crates/rs_cam_core/src/enriched_mesh.rs:421:29: warning: casting `usize` to `u16` may truncate the value
crates/rs_cam_core/src/enriched_mesh.rs:453:19: warning: this argument (1 byte) is passed by reference, but would be more efficient if passed by value (limit: 8 byte): help: consider passing by value instead: `SurfaceType`
crates/rs_cam_core/src/entry_audit.rs:33:1: warning: this could be a `const fn`
crates/rs_cam_core/src/entry_audit.rs:84:27: warning: multiply and add expressions may be calculated more efficiently and accurately: help: consider using: `d.z.mul_add(d.z, d.x * d.x + d.y * d.y)`
crates/rs_cam_core/src/entry_audit.rs:84:28: warning: multiply and add expressions may be calculated more efficiently and accurately: help: consider using: `d.y.mul_add(d.y, d.x * d.x)`
crates/rs_cam_core/src/entry_audit.rs:85:25: warning: casting `f64` to `usize` may truncate the value
crates/rs_cam_core/src/entry_audit.rs:85:25: warning: casting `f64` to `usize` may lose the sign of the value
crates/rs_cam_core/src/entry_audit.rs:88:33: warning: casting `usize` to `f64` may cause a loss of precision (`usize` can be up to 64 bits wide depending on the target architecture, but `f64`'s mantissa is only 52 bits wide)
crates/rs_cam_core/src/entry_audit.rs:88:44: warning: casting `usize` to `f64` may cause a loss of precision (`usize` can be up to 64 bits wide depending on the target architecture, but `f64`'s mantissa is only 52 bits wide)
crates/rs_cam_core/src/entry_audit.rs:90:29: warning: multiply and add expressions may be calculated more efficiently and accurately: help: consider using: `d.x.mul_add(t, prev.target.x)`
crates/rs_cam_core/src/entry_audit.rs:91:29: warning: multiply and add expressions may be calculated more efficiently and accurately: help: consider using: `d.y.mul_add(t, prev.target.y)`
crates/rs_cam_core/src/entry_audit.rs:92:29: warning: multiply and add expressions may be calculated more efficiently and accurately: help: consider using: `d.z.mul_add(t, prev.target.z)`
crates/rs_cam_core/src/entry_audit.rs:126:31: warning: hypotenuse can be computed more accurately: help: consider using: `dx.hypot(dy)`
crates/rs_cam_core/src/entry_audit.rs:215:27: warning: multiply and add expressions may be calculated more efficiently and accurately: help: consider using: `d.z.mul_add(d.z, d.x * d.x + d.y * d.y)`
crates/rs_cam_core/src/entry_audit.rs:215:28: warning: multiply and add expressions may be calculated more efficiently and accurately: help: consider using: `d.y.mul_add(d.y, d.x * d.x)`
crates/rs_cam_core/src/entry_audit.rs:216:25: warning: casting `f64` to `usize` may truncate the value
crates/rs_cam_core/src/entry_audit.rs:216:25: warning: casting `f64` to `usize` may lose the sign of the value
crates/rs_cam_core/src/entry_audit.rs:219:33: warning: casting `usize` to `f64` may cause a loss of precision (`usize` can be up to 64 bits wide depending on the target architecture, but `f64`'s mantissa is only 52 bits wide)
crates/rs_cam_core/src/entry_audit.rs:219:44: warning: casting `usize` to `f64` may cause a loss of precision (`usize` can be up to 64 bits wide depending on the target architecture, but `f64`'s mantissa is only 52 bits wide)
crates/rs_cam_core/src/entry_audit.rs:221:29: warning: multiply and add expressions may be calculated more efficiently and accurately: help: consider using: `d.x.mul_add(t, prev.target.x)`
crates/rs_cam_core/src/entry_audit.rs:222:29: warning: multiply and add expressions may be calculated more efficiently and accurately: help: consider using: `d.y.mul_add(t, prev.target.y)`
crates/rs_cam_core/src/entry_audit.rs:223:29: warning: multiply and add expressions may be calculated more efficiently and accurately: help: consider using: `d.z.mul_add(t, prev.target.z)`
crates/rs_cam_core/src/face.rs:103:13: warning: multiply and add expressions may be calculated more efficiently and accurately: help: consider using: `dy.mul_add(sin_a, dx * cos_a)`
crates/rs_cam_core/src/face.rs:110:27: warning: multiply and add expressions may be calculated more efficiently and accurately: help: consider using: `(line[1].y - line[0].y).mul_add(sin_a, (line[1].x - line[0].x) * cos_a)`
crates/rs_cam_core/src/face.rs:135:1: warning: first doc comment paragraph is too long
crates/rs_cam_core/src/face.rs:157:5: warning: adding items after statements is confusing, since items exist from the start of the scope
crates/rs_cam_core/src/feed_modulation.rs:93:5: warning: this could be a `const fn`
crates/rs_cam_core/src/feed_modulation.rs:350:21: warning: manual implementation of `midpoint` which can overflow: help: use `f64::midpoint` instead: `f64::midpoint(deltas[mid - 1], deltas[mid])`
crates/rs_cam_core/src/feed_modulation.rs:354:21: warning: casting `usize` to `f64` may cause a loss of precision (`usize` can be up to 64 bits wide depending on the target architecture, but `f64`'s mantissa is only 52 bits wide)
crates/rs_cam_core/src/feed_modulation.rs:358:31: warning: casting `usize` to `f64` may cause a loss of precision (`usize` can be up to 64 bits wide depending on the target architecture, but `f64`'s mantissa is only 52 bits wide)
crates/rs_cam_core/src/feed_modulation.rs:372:1: warning: this could be a `const fn`
crates/rs_cam_core/src/feed_modulation.rs:403:18: warning: casts from `u32` to `f64` can be expressed infallibly using `From`
crates/rs_cam_core/src/feed_modulation.rs:520:17: warning: you seem to be trying to use `match` for destructuring a single pattern. Consider using `if let`
crates/rs_cam_core/src/feed_modulation.rs:634:5: warning: called `map(<f>).unwrap_or(<a>)` on an `Option` value
crates/rs_cam_core/src/feed_modulation.rs:652:18: warning: casts from `u32` to `f64` can be expressed infallibly using `From`
crates/rs_cam_core/src/feed_modulation.rs:716:64: warning: casts from `u32` to `f64` can be expressed infallibly using `From`
crates/rs_cam_core/src/feed_modulation.rs:719:14: warning: it is more concise to loop over references to containers instead of using explicit iteration methods: help: to write this more concisely, try: `&mut probe.moves`
crates/rs_cam_core/src/feedopt.rs:95:40: warning: casting `usize` to `f64` may cause a loss of precision (`usize` can be up to 64 bits wide depending on the target architecture, but `f64`'s mantissa is only 52 bits wide)
crates/rs_cam_core/src/feedopt.rs:99:21: warning: casting `usize` to `f64` may cause a loss of precision (`usize` can be up to 64 bits wide depending on the target architecture, but `f64`'s mantissa is only 52 bits wide)
crates/rs_cam_core/src/feedopt.rs:100:18: warning: multiply and add expressions may be calculated more efficiently and accurately: help: consider using: `tool_radius.mul_add(angle.cos(), cx)`
crates/rs_cam_core/src/feedopt.rs:101:18: warning: multiply and add expressions may be calculated more efficiently and accurately: help: consider using: `tool_radius.mul_add(angle.sin(), cy)`
crates/rs_cam_core/src/feedopt.rs:107:30: warning: casts from `f32` to `f64` can be expressed infallibly using `From`
crates/rs_cam_core/src/feedopt.rs:115:5: warning: casts from `i32` to `f64` can be expressed infallibly using `From`
crates/rs_cam_core/src/feedopt.rs:115:22: warning: casting `usize` to `f64` may cause a loss of precision (`usize` can be up to 64 bits wide depending on the target architecture, but `f64`'s mantissa is only 52 bits wide)
crates/rs_cam_core/src/feedopt.rs:305:5: warning: multiply and add expressions may be calculated more efficiently and accurately: help: consider using: `dz.mul_add(dz, dx * dx + dy * dy)`
crates/rs_cam_core/src/feedopt.rs:305:6: warning: multiply and add expressions may be calculated more efficiently and accurately: help: consider using: `dy.mul_add(dy, dx * dx)`
crates/rs_cam_core/src/feeds/cutter_constraints.rs:90:1: warning: first doc comment paragraph is too long
crates/rs_cam_core/src/feeds/cutter_constraints.rs:142:5: warning: this could be a `const fn`
crates/rs_cam_core/src/feeds/cutter_constraints.rs:318:19: warning: manual implementation of `midpoint` which can overflow: help: use `f64::midpoint` instead: `f64::midpoint(lo, hi)`
crates/rs_cam_core/src/feeds/cutter_constraints.rs:454:19: warning: manual implementation of `midpoint` which can overflow: help: use `f64::midpoint` instead: `f64::midpoint(lo, hi)`
crates/rs_cam_core/src/feeds/efficiency.rs:197:19: warning: use Option::map_or instead of an if let/else
crates/rs_cam_core/src/feeds/efficiency.rs:217:36: warning: manual implementation of `midpoint` which can overflow: help: use `f64::midpoint` instead: `f64::midpoint(b.min_mm_per_tooth, b.max_mm_per_tooth)`
crates/rs_cam_core/src/feeds/explain_payload.rs:114:10: warning: function call inside of `and`: help: try: `and_then(|_| vendor_normalize::to_lookup_query(input))`
crates/rs_cam_core/src/feeds/explain_payload.rs:115:32: warning: you seem to be trying to use `match` for destructuring a single pattern. Consider using `if let`
crates/rs_cam_core/src/feeds/feed_explanation.rs:70:1: warning: first doc comment paragraph is too long
crates/rs_cam_core/src/feeds/feed_explanation.rs:88:13: warning: unnecessary structure name repetition: help: use the applicable keyword: `Self`
crates/rs_cam_core/src/feeds/feed_explanation.rs:89:13: warning: unnecessary structure name repetition: help: use the applicable keyword: `Self`
crates/rs_cam_core/src/feeds/feed_explanation.rs:142:13: warning: unnecessary structure name repetition: help: use the applicable keyword: `Self`
crates/rs_cam_core/src/feeds/feed_explanation.rs:145:13: warning: unnecessary structure name repetition: help: use the applicable keyword: `Self`
crates/rs_cam_core/src/feeds/feed_explanation.rs:161:24: warning: unnecessary structure name repetition: help: use the applicable keyword: `Self`
crates/rs_cam_core/src/feeds/feed_explanation.rs:401:9: warning: use Option::map_or_else instead of an if let/else: help: try: `self.achieved_feed.median_ratio.map_or_else(|| "×1.0 feed (no predicted-feed map)".to_owned(), |r| format!("×{r:.4} achieved/commanded feed"))`
crates/rs_cam_core/src/feeds/force.rs:1:1: warning: first doc comment paragraph is too long
crates/rs_cam_core/src/feeds/force.rs:79:1: warning: first doc comment paragraph is too long
crates/rs_cam_core/src/feeds/force.rs:123:1: warning: first doc comment paragraph is too long
crates/rs_cam_core/src/feeds/force.rs:157:21: warning: multiply and add expressions may be calculated more efficiently and accurately: help: consider using: `ks.mul_add(h_eff, f_edge)`
crates/rs_cam_core/src/feeds/force.rs:242:19: warning: multiply and add expressions may be calculated more efficiently and accurately: help: consider using: `2.0f64.mul_add(-radial_woc_fraction, 1.0)`
crates/rs_cam_core/src/feeds/geometry.rs:25:17: warning: multiply and add expressions can be calculated more efficiently and accurately: help: consider using: `(1.0 - 2.0 * ae_ratio).mul_add(-(1.0 - 2.0 * ae_ratio), 1.0)`
crates/rs_cam_core/src/feeds/geometry.rs:25:24: warning: multiply and add expressions may be calculated more efficiently and accurately: help: consider using: `2.0f64.mul_add(-ae_ratio, 1.0)`
crates/rs_cam_core/src/feeds/geometry.rs:101:18: warning: multiply and add expressions may be calculated more efficiently and accurately: help: consider using: `(2.0 * ball_radius).mul_add(target_scallop, -target_scallop.powi(2))`
crates/rs_cam_core/src/feeds/geometry.rs:101:18: warning: multiply and add expressions can be calculated more efficiently and accurately: help: consider using: `target_scallop.mul_add(-target_scallop, 2.0 * ball_radius * target_scallop)`
crates/rs_cam_core/src/feeds/geometry.rs:147:9: warning: multiply and add expressions may be calculated more efficiently and accurately: help: consider using: `0.25f64.mul_add(-(ratio - 1.0), 1.0)`
crates/rs_cam_core/src/feeds/geometry.rs:149:9: warning: multiply and add expressions may be calculated more efficiently and accurately: help: consider using: `0.25f64.mul_add(-(ratio - 2.0), 0.75)`
crates/rs_cam_core/src/feeds/geometry.rs:184:1: warning: first doc comment paragraph is too long
crates/rs_cam_core/src/feeds/geometry.rs:287:17: warning: multiply and add expressions may be calculated more efficiently and accurately: help: consider using: `(2.0 * ap).mul_add(half_angle.tan(), tip_d)`
crates/rs_cam_core/src/feeds/geometry_class.rs:72:9: warning: usage of wildcard import for enum variants: help: try: `OperationType::{VCarve, ProjectCurve, Drill, AlignmentPinDrill, Trace, Inlay, Pocket, Rest, Profile, Chamfer, Face, Pencil, Adaptive, Adaptive3d, DropCutter, Scallop, UnifiedFinish, Waterline, HorizontalFinish, SteepShallow, SpiralFinish, RadialFinish, Zigzag, RampFinish}`
crates/rs_cam_core/src/feeds/geometry_class.rs:153:20: warning: multiply and add expressions may be calculated more efficiently and accurately: help: consider using: `tool_diameter_mm.mul_add(2.0, helix_radius_factor * tool_diameter_mm * 2.0)`
crates/rs_cam_core/src/feeds/predict.rs:58:1: warning: first doc comment paragraph is too long
crates/rs_cam_core/src/feeds/predict.rs:73:1: warning: first doc comment paragraph is too long
crates/rs_cam_core/src/feeds/predict.rs:129:1: warning: this function has too many lines (156/100)
crates/rs_cam_core/src/feeds/predict.rs:248:45: warning: casts from `u32` to `f64` can be expressed infallibly using `From`
crates/rs_cam_core/src/feeds/predict.rs:249:23: warning: casts from `u32` to `f64` can be expressed infallibly using `From`
crates/rs_cam_core/src/feeds/predict.rs:268:17: warning: struct constructor field order is inconsistent with struct definition field order
crates/rs_cam_core/src/feeds/predict.rs:390:13: warning: multiply and add expressions may be calculated more efficiently and accurately: help: consider using: `PREDICTOR_TAPERED_BALL_TIP_WEIGHT.mul_add(tool.diameter, PREDICTOR_TAPERED_BALL_SHANK_WEIGHT * shank)`
crates/rs_cam_core/src/feeds/predict.rs:398:1: warning: first doc comment paragraph is too long
crates/rs_cam_core/src/feeds/predict.rs:438:1: warning: first doc comment paragraph is too long
crates/rs_cam_core/src/feeds/predict.rs:451:1: warning: first doc comment paragraph is too long
crates/rs_cam_core/src/feeds/predict.rs:593:5: warning: casting `f64` to `u64` may truncate the value
crates/rs_cam_core/src/feeds/predict.rs:593:5: warning: casting `f64` to `u64` may lose the sign of the value
crates/rs_cam_core/src/feeds/predict.rs:593:17: warning: casting `u64` to `f64` may cause a loss of precision (`u64` is 64 bits wide, but `f64`'s mantissa is only 52 bits wide)
crates/rs_cam_core/src/feeds/profile.rs:42:1: warning: first doc comment paragraph is too long
crates/rs_cam_core/src/feeds/profile.rs:73:1: warning: first doc comment paragraph is too long
crates/rs_cam_core/src/feeds/provenance.rs:66:5: warning: this could be a `const fn`
crates/rs_cam_core/src/feeds/provenance.rs:182:5: warning: this could be a `const fn`
crates/rs_cam_core/src/feeds/provenance.rs:207:15: warning: unnecessary structure name repetition: help: use the applicable keyword: `Self`
crates/rs_cam_core/src/feeds/provenance.rs:212:12: warning: strict comparison of `f32` or `f64`: help: consider comparing them within some margin of error: `(o.feed_rate() - n.feed_rate()).abs() > error_margin`
crates/rs_cam_core/src/feeds/provenance.rs:215:12: warning: strict comparison of `f32` or `f64`: help: consider comparing them within some margin of error: `(o.plunge_rate() - n.plunge_rate()).abs() > error_margin`
crates/rs_cam_core/src/feeds/provenance.rs:244:12: warning: strict comparison of `f32` or `f64`: help: consider comparing them within some margin of error: `(b.feed_rate() - c.feed_rate()).abs() > error_margin`
crates/rs_cam_core/src/feeds/provenance.rs:247:12: warning: strict comparison of `f32` or `f64`: help: consider comparing them within some margin of error: `(b.plunge_rate() - c.plunge_rate()).abs() > error_margin`
crates/rs_cam_core/src/feeds/provenance.rs:265:5: warning: this could be a `const fn`
crates/rs_cam_core/src/feeds/quantities.rs:85:1: warning: first doc comment paragraph is too long
crates/rs_cam_core/src/feeds/rationale.rs:183:5: warning: this could be a `const fn`
crates/rs_cam_core/src/feeds/rationale.rs:191:1: warning: this function has too many lines (359/100)
crates/rs_cam_core/src/feeds/rationale.rs:358:17: warning: these match arms have identical bodies: the wildcard arm
crates/rs_cam_core/src/feeds/rationale.rs:479:17: warning: these match arms have identical bodies: the wildcard arm
crates/rs_cam_core/src/feeds/suggest.rs:75:30: warning: manual implementation of `midpoint` which can overflow: help: use `f64::midpoint` instead: `f64::midpoint(bounds.min_mm_per_tooth, bounds.max_mm_per_tooth)`
crates/rs_cam_core/src/feeds/suggest.rs:81:1: warning: first doc comment paragraph is too long
crates/rs_cam_core/src/feeds/suggest.rs:106:1: warning: first doc comment paragraph is too long
crates/rs_cam_core/src/feeds/suggest.rs:119:1: warning: first doc comment paragraph is too long
crates/rs_cam_core/src/feeds/suggest.rs:293:9: warning: code link adjacent to code text
crates/rs_cam_core/src/feeds/suggest.rs:605:1: warning: first doc comment paragraph is too long
crates/rs_cam_core/src/feeds/suggest.rs:708:1: warning: first doc comment paragraph is too long
crates/rs_cam_core/src/feeds/suggest.rs:828:1: warning: first doc comment paragraph is too long
crates/rs_cam_core/src/feeds/suggest.rs:934:38: warning: casting `f64` to `u32` may truncate the value
crates/rs_cam_core/src/feeds/suggest.rs:934:38: warning: casting `f64` to `u32` may lose the sign of the value
crates/rs_cam_core/src/feeds/suggest.rs:1051:1: warning: first doc comment paragraph is too long
crates/rs_cam_core/src/feeds/suggest.rs:1079:1: warning: first doc comment paragraph is too long
crates/rs_cam_core/src/feeds/suggest.rs:1146:70: warning: casting `f64` to `u32` may truncate the value
crates/rs_cam_core/src/feeds/suggest.rs:1146:70: warning: casting `f64` to `u32` may lose the sign of the value
crates/rs_cam_core/src/feeds/suggest.rs:1162:1: warning: first doc comment paragraph is too long
crates/rs_cam_core/src/feeds/suggest.rs:1177:5: warning: this could be a `const fn`
crates/rs_cam_core/src/feeds/suggest.rs:1288:1: warning: first doc comment paragraph is too long
crates/rs_cam_core/src/feeds/suggest.rs:1315:5: warning: this could be a `const fn`
crates/rs_cam_core/src/feeds/suggest.rs:1322:5: warning: this could be a `const fn`
crates/rs_cam_core/src/feeds/suggest.rs:1330:5: warning: this could be a `const fn`
crates/rs_cam_core/src/feeds/suggest.rs:1342:5: warning: this could be a `const fn`
crates/rs_cam_core/src/feeds/suggest.rs:1425:1: warning: first doc comment paragraph is too long
crates/rs_cam_core/src/feeds/suggest.rs:1692:5: warning: code link adjacent to code text
crates/rs_cam_core/src/feeds/suggest.rs:1823:1: warning: this could be a `const fn`
crates/rs_cam_core/src/feeds/suggest.rs:1870:15: warning: casts from `u32` to `f64` can be expressed infallibly using `From`
crates/rs_cam_core/src/feeds/suggest.rs:1871:23: warning: casts from `u32` to `f64` can be expressed infallibly using `From`
crates/rs_cam_core/src/feeds/suggest.rs:2950:1: warning: this could be a `const fn`
crates/rs_cam_core/src/feeds/vendor_lookup.rs:182:17: warning: casting `f64` to `i64` may truncate the value
crates/rs_cam_core/src/feeds/vendor_lookup.rs:205:1: warning: first doc comment paragraph is too long
crates/rs_cam_core/src/feeds/vendor_lookup.rs:263:1: warning: first doc comment paragraph is too long
crates/rs_cam_core/src/feeds/vendor_lookup.rs:311:1: warning: first doc comment paragraph is too long
crates/rs_cam_core/src/feeds/vendor_lookup.rs:333:1: warning: first doc comment paragraph is too long
crates/rs_cam_core/src/feeds/vendor_lookup.rs:342:1: warning: first doc comment paragraph is too long
crates/rs_cam_core/src/feeds/vendor_lookup.rs:479:1: warning: this could be a `const fn`
crates/rs_cam_core/src/feeds/vendor_lookup.rs:521:13: warning: use Option::map_or instead of an if let/else: help: try: `family_default_janka(obs.material_family).map_or(1.0, |ov| (ov / qv).clamp(SCALE_CLAMP_LO, SCALE_CLAMP_HI))`
crates/rs_cam_core/src/feeds/vendor_lookup.rs:635:1: warning: this could be a `const fn`
crates/rs_cam_core/src/feeds/vendor_lookup.rs:707:23: warning: casts from `u32` to `i64` can be expressed infallibly using `From`
crates/rs_cam_core/src/feeds/vendor_lookup.rs:707:50: warning: casts from `u32` to `i64` can be expressed infallibly using `From`
crates/rs_cam_core/src/feeds/vendor_lookup.rs:721:13: warning: casting `f64` to `i64` may truncate the value
crates/rs_cam_core/src/feeds/vendor_lookup.rs:736:23: warning: casting `f64` to `i64` may truncate the value
crates/rs_cam_core/src/feeds/vendor_lookup.rs:793:35: warning: manual implementation of `midpoint` which can overflow: help: use `f64::midpoint` instead: `f64::midpoint(min, max)`
crates/rs_cam_core/src/feeds/vendor_lookup.rs:802:17: warning: all if blocks contain the same code at the end
crates/rs_cam_core/src/feeds/vendor_lut.rs:72:5: warning: this could be a `const fn`
crates/rs_cam_core/src/feeds/vendor_lut.rs:74:13: warning: unnecessary structure name repetition: help: use the applicable keyword: `Self`
crates/rs_cam_core/src/feeds/vendor_lut.rs:75:13: warning: unnecessary structure name repetition: help: use the applicable keyword: `Self`
crates/rs_cam_core/src/feeds/vendor_lut.rs:76:13: warning: unnecessary structure name repetition: help: use the applicable keyword: `Self`
crates/rs_cam_core/src/feeds/vendor_lut.rs:91:5: warning: this could be a `const fn`
crates/rs_cam_core/src/feeds/vendor_lut.rs:93:13: warning: unnecessary structure name repetition: help: use the applicable keyword: `Self`
crates/rs_cam_core/src/feeds/vendor_lut.rs:94:13: warning: unnecessary structure name repetition: help: use the applicable keyword: `Self`
crates/rs_cam_core/src/feeds/vendor_lut.rs:95:13: warning: unnecessary structure name repetition: help: use the applicable keyword: `Self`
crates/rs_cam_core/src/feeds/vendor_lut.rs:392:9: warning: unnecessary structure name repetition: help: use the applicable keyword: `Self`
crates/rs_cam_core/src/feeds/vendor_lut.rs:436:1: warning: first doc comment paragraph is too long
crates/rs_cam_core/src/feeds/vendor_lut.rs:443:1: warning: first doc comment paragraph is too long
crates/rs_cam_core/src/feeds/vendor_lut.rs:463:19: warning: manual implementation of `midpoint` which can overflow: help: use `f64::midpoint` instead: `f64::midpoint(min, max)`
crates/rs_cam_core/src/feeds/vendor_normalize.rs:101:1: warning: first doc comment paragraph is too long
crates/rs_cam_core/src/feeds/vendor_normalize.rs:106:1: warning: this could be a `const fn`
crates/rs_cam_core/src/feeds/vendor_normalize.rs:126:1: warning: first doc comment paragraph is too long
crates/rs_cam_core/src/feeds/vendor_normalize.rs:130:1: warning: this could be a `const fn`
crates/rs_cam_core/src/feeds/mod.rs:97:13: warning: unnecessary structure name repetition: help: use the applicable keyword: `Self`
crates/rs_cam_core/src/feeds/mod.rs:102:13: warning: unnecessary structure name repetition: help: use the applicable keyword: `Self`
crates/rs_cam_core/src/feeds/mod.rs:103:15: warning: unnecessary structure name repetition: help: use the applicable keyword: `Self`
crates/rs_cam_core/src/feeds/mod.rs:104:15: warning: unnecessary structure name repetition: help: use the applicable keyword: `Self`
crates/rs_cam_core/src/feeds/mod.rs:105:15: warning: unnecessary structure name repetition: help: use the applicable keyword: `Self`
crates/rs_cam_core/src/feeds/mod.rs:145:13: warning: unnecessary structure name repetition: help: use the applicable keyword: `Self`
crates/rs_cam_core/src/feeds/mod.rs:160:21: warning: multiply and add expressions may be calculated more efficiently and accurately: help: consider using: `(2.0 * tip_radius).mul_add(axial_doc, -(axial_doc * axial_doc))`
crates/rs_cam_core/src/feeds/mod.rs:168:13: warning: unnecessary structure name repetition: help: use the applicable keyword: `Self`
crates/rs_cam_core/src/feeds/mod.rs:172:13: warning: unnecessary structure name repetition: help: use the applicable keyword: `Self`
crates/rs_cam_core/src/feeds/mod.rs:172:38: warning: unnecessary structure name repetition: help: use the applicable keyword: `Self`
crates/rs_cam_core/src/feeds/mod.rs:172:63: warning: unnecessary structure name repetition: help: use the applicable keyword: `Self`
crates/rs_cam_core/src/feeds/mod.rs:182:5: warning: this could be a `const fn`
crates/rs_cam_core/src/feeds/mod.rs:184:13: warning: unnecessary structure name repetition: help: use the applicable keyword: `Self`
crates/rs_cam_core/src/feeds/mod.rs:185:13: warning: unnecessary structure name repetition: help: use the applicable keyword: `Self`
crates/rs_cam_core/src/feeds/mod.rs:186:13: warning: unnecessary structure name repetition: help: use the applicable keyword: `Self`
crates/rs_cam_core/src/feeds/mod.rs:187:13: warning: unnecessary structure name repetition: help: use the applicable keyword: `Self`
crates/rs_cam_core/src/feeds/mod.rs:188:13: warning: unnecessary structure name repetition: help: use the applicable keyword: `Self`
crates/rs_cam_core/src/feeds/mod.rs:223:22: warning: unnecessary structure name repetition: help: use the applicable keyword: `Self`
crates/rs_cam_core/src/feeds/mod.rs:224:9: warning: unnecessary structure name repetition: help: use the applicable keyword: `Self`
crates/rs_cam_core/src/feeds/mod.rs:225:9: warning: unnecessary structure name repetition: help: use the applicable keyword: `Self`
crates/rs_cam_core/src/feeds/mod.rs:226:9: warning: unnecessary structure name repetition: help: use the applicable keyword: `Self`
crates/rs_cam_core/src/feeds/mod.rs:227:9: warning: unnecessary structure name repetition: help: use the applicable keyword: `Self`
crates/rs_cam_core/src/feeds/mod.rs:228:9: warning: unnecessary structure name repetition: help: use the applicable keyword: `Self`
crates/rs_cam_core/src/feeds/mod.rs:243:5: warning: this could be a `const fn`
crates/rs_cam_core/src/feeds/mod.rs:245:13: warning: unnecessary structure name repetition: help: use the applicable keyword: `Self`
crates/rs_cam_core/src/feeds/mod.rs:246:13: warning: unnecessary structure name repetition: help: use the applicable keyword: `Self`
crates/rs_cam_core/src/feeds/mod.rs:247:13: warning: unnecessary structure name repetition: help: use the applicable keyword: `Self`
crates/rs_cam_core/src/feeds/mod.rs:248:13: warning: unnecessary structure name repetition: help: use the applicable keyword: `Self`
crates/rs_cam_core/src/feeds/mod.rs:249:13: warning: unnecessary structure name repetition: help: use the applicable keyword: `Self`
crates/rs_cam_core/src/feeds/mod.rs:260:13: warning: unnecessary structure name repetition: help: use the applicable keyword: `Self`
crates/rs_cam_core/src/feeds/mod.rs:261:13: warning: unnecessary structure name repetition: help: use the applicable keyword: `Self`
crates/rs_cam_core/src/feeds/mod.rs:262:13: warning: unnecessary structure name repetition: help: use the applicable keyword: `Self`
crates/rs_cam_core/src/feeds/mod.rs:263:13: warning: unnecessary structure name repetition: help: use the applicable keyword: `Self`
crates/rs_cam_core/src/feeds/mod.rs:264:13: warning: unnecessary structure name repetition: help: use the applicable keyword: `Self`
crates/rs_cam_core/src/feeds/mod.rs:352:1: warning: first doc comment paragraph is too long
crates/rs_cam_core/src/feeds/mod.rs:512:1: warning: first doc comment paragraph is too long
crates/rs_cam_core/src/feeds/mod.rs:838:1: warning: first doc comment paragraph is too long
crates/rs_cam_core/src/feeds/mod.rs:867:13: warning: unnecessary structure name repetition: help: use the applicable keyword: `Self`
crates/rs_cam_core/src/feeds/mod.rs:881:1: warning: first doc comment paragraph is too long
crates/rs_cam_core/src/feeds/mod.rs:913:1: warning: first doc comment paragraph is too long
crates/rs_cam_core/src/feeds/mod.rs:1183:19: warning: manual implementation of `midpoint` which can overflow: help: use `f64::midpoint` instead: `f64::midpoint(lo, hi)`
crates/rs_cam_core/src/feeds/mod.rs:1193:1: warning: this function has too many lines (578/100)
crates/rs_cam_core/src/feeds/mod.rs:1231:5: warning: adding items after statements is confusing, since items exist from the start of the scope
crates/rs_cam_core/src/feeds/mod.rs:1310:5: warning: adding items after statements is confusing, since items exist from the start of the scope
crates/rs_cam_core/src/feeds/mod.rs:1676:5: warning: adding items after statements is confusing, since items exist from the start of the scope
crates/rs_cam_core/src/feeds/mod.rs:1691:5: warning: adding items after statements is confusing, since items exist from the start of the scope
crates/rs_cam_core/src/feeds/mod.rs:1692:5: warning: adding items after statements is confusing, since items exist from the start of the scope
crates/rs_cam_core/src/feeds/mod.rs:1699:5: warning: adding items after statements is confusing, since items exist from the start of the scope
crates/rs_cam_core/src/feeds/mod.rs:1700:5: warning: adding items after statements is confusing, since items exist from the start of the scope
crates/rs_cam_core/src/feeds/mod.rs:1795:5: warning: adding items after statements is confusing, since items exist from the start of the scope
crates/rs_cam_core/src/feeds/mod.rs:1796:5: warning: adding items after statements is confusing, since items exist from the start of the scope
crates/rs_cam_core/src/feeds/mod.rs:1797:5: warning: adding items after statements is confusing, since items exist from the start of the scope
crates/rs_cam_core/src/feeds/mod.rs:1798:5: warning: adding items after statements is confusing, since items exist from the start of the scope
crates/rs_cam_core/src/feeds/mod.rs:1813:5: warning: adding items after statements is confusing, since items exist from the start of the scope
crates/rs_cam_core/src/feeds/mod.rs:1814:5: warning: adding items after statements is confusing, since items exist from the start of the scope
crates/rs_cam_core/src/feeds/mod.rs:1455:17: warning: `if _ { .. } else { .. }` is an expression
crates/rs_cam_core/src/feeds/mod.rs:1791:42: warning: casts from `u32` to `f64` can be expressed infallibly using `From`
crates/rs_cam_core/src/feeds/mod.rs:1799:21: warning: use Option::map_or instead of an if let/else
crates/rs_cam_core/src/feeds/mod.rs:2052:13: warning: adding items after statements is confusing, since items exist from the start of the scope
crates/rs_cam_core/src/feeds/mod.rs:2079:31: warning: manual implementation of `midpoint` which can overflow: help: use `f64::midpoint` instead: `f64::midpoint(lo, hi)`
crates/rs_cam_core/src/feeds/mod.rs:2324:29: warning: casts from `u32` to `f64` can be expressed infallibly using `From`
crates/rs_cam_core/src/feeds/mod.rs:2400:26: warning: casts from `u32` to `f64` can be expressed infallibly using `From`
crates/rs_cam_core/src/feeds/mod.rs:2423:24: warning: use Option::map_or instead of an if let/else
crates/rs_cam_core/src/feeds/mod.rs:2495:1: warning: this could be a `const fn`
crates/rs_cam_core/src/feeds/mod.rs:2545:9: warning: these match arms have identical bodies
crates/rs_cam_core/src/fiber.rs:20:9: warning: variables can be used directly in the `format!` string
crates/rs_cam_core/src/fiber.rs:38:36: warning: unnecessary structure name repetition: help: use the applicable keyword: `Self`
crates/rs_cam_core/src/fiber.rs:43:5: warning: missing `#[must_use]` attribute on a method returning `Self`
crates/rs_cam_core/src/fiber.rs:43:33: warning: unnecessary structure name repetition: help: use the applicable keyword: `Self`
crates/rs_cam_core/src/fiber.rs:43:46: warning: unnecessary structure name repetition: help: use the applicable keyword: `Self`
crates/rs_cam_core/src/fiber.rs:44:9: warning: unnecessary structure name repetition: help: use the applicable keyword: `Self`
crates/rs_cam_core/src/fiber.rs:66:5: warning: this could be a `const fn`
crates/rs_cam_core/src/fiber.rs:75:5: warning: this could be a `const fn`
crates/rs_cam_core/src/fiber.rs:92:9: warning: hypotenuse can be computed more accurately: help: consider using: `dx.hypot(dy)`
crates/rs_cam_core/src/fiber.rs:98:13: warning: multiply and add expressions may be calculated more efficiently and accurately: help: consider using: `t.mul_add(self.p2.x - self.p1.x, self.p1.x)`
crates/rs_cam_core/src/fiber.rs:99:13: warning: multiply and add expressions may be calculated more efficiently and accurately: help: consider using: `t.mul_add(self.p2.y - self.p1.y, self.p1.y)`
crates/rs_cam_core/src/fiber.rs:108:22: warning: multiply and add expressions may be calculated more efficiently and accurately: help: consider using: `dy.mul_add(dy, dx * dx)`
crates/rs_cam_core/src/fiber.rs:112:9: warning: multiply and add expressions may be calculated more efficiently and accurately: help: consider using: `(p.y - self.p1.y).mul_add(dy, (p.x - self.p1.x) * dx)`
crates/rs_cam_core/src/fingerprint.rs:128:5: warning: this could be a `const fn`
crates/rs_cam_core/src/fingerprint.rs:142:1: warning: this function has too many lines (157/100)
crates/rs_cam_core/src/fingerprint.rs:318:5: warning: unnecessary `!=` operation
crates/rs_cam_core/src/fingerprint.rs:320:20: warning: casting `usize` to `f64` may cause a loss of precision (`usize` can be up to 64 bits wide depending on the target architecture, but `f64`'s mantissa is only 52 bits wide)
crates/rs_cam_core/src/fingerprint.rs:320:31: warning: casting `usize` to `f64` may cause a loss of precision (`usize` can be up to 64 bits wide depending on the target architecture, but `f64`'s mantissa is only 52 bits wide)
crates/rs_cam_core/src/fingerprint.rs:320:43: warning: casting `usize` to `f64` may cause a loss of precision (`usize` can be up to 64 bits wide depending on the target architecture, but `f64`'s mantissa is only 52 bits wide)
crates/rs_cam_core/src/fingerprint.rs:376:5: warning: unnecessary boolean `not` operation
crates/rs_cam_core/src/fingerprint.rs:522:9: warning: multiply and add expressions may be calculated more efficiently and accurately: help: consider using: `z.mul_add(self.rz, x * self.rx + y * self.ry)`
crates/rs_cam_core/src/fingerprint.rs:522:9: warning: multiply and add expressions may be calculated more efficiently and accurately: help: consider using: `y.mul_add(self.ry, x * self.rx)`
crates/rs_cam_core/src/fingerprint.rs:527:9: warning: multiply and add expressions may be calculated more efficiently and accurately: help: consider using: `z.mul_add(self.uz, x * self.ux + y * self.uy)`
crates/rs_cam_core/src/fingerprint.rs:527:9: warning: multiply and add expressions may be calculated more efficiently and accurately: help: consider using: `y.mul_add(self.uy, x * self.ux)`
crates/rs_cam_core/src/fingerprint.rs:532:9: warning: multiply and add expressions may be calculated more efficiently and accurately: help: consider using: `z.mul_add(self.nz, x * self.nx + y * self.ny)`
crates/rs_cam_core/src/fingerprint.rs:532:9: warning: multiply and add expressions may be calculated more efficiently and accurately: help: consider using: `y.mul_add(self.ny, x * self.nx)`
crates/rs_cam_core/src/fingerprint.rs:753:5: warning: this could be a `const fn`
crates/rs_cam_core/src/fingerprint.rs:890:45: warning: casting `usize` to `f64` may cause a loss of precision (`usize` can be up to 64 bits wide depending on the target architecture, but `f64`'s mantissa is only 52 bits wide)
crates/rs_cam_core/src/fingerprint.rs:890:61: warning: casting `usize` to `f64` may cause a loss of precision (`usize` can be up to 64 bits wide depending on the target architecture, but `f64`'s mantissa is only 52 bits wide)
crates/rs_cam_core/src/fingerprint.rs:911:32: warning: casting `usize` to `f64` may cause a loss of precision (`usize` can be up to 64 bits wide depending on the target architecture, but `f64`'s mantissa is only 52 bits wide)
crates/rs_cam_core/src/fingerprint.rs:1032:5: warning: `if _ { .. } else { .. }` is an expression
crates/rs_cam_core/src/fingerprint.rs:1071:20: warning: multiply and add expressions may be calculated more efficiently and accurately: help: consider using: `2.0f64.mul_add(-COMPOSITE_MARGIN_PX, panel_w)`
crates/rs_cam_core/src/fingerprint.rs:1072:20: warning: multiply and add expressions may be calculated more efficiently and accurately: help: consider using: `2.0f64.mul_add(-COMPOSITE_MARGIN_PX, panel_h)`
crates/rs_cam_core/src/fingerprint.rs:1092:1: warning: this could be a `const fn`
crates/rs_cam_core/src/fingerprint.rs:1121:24: warning: casting `usize` to `f32` may cause a loss of precision (`usize` can be up to 64 bits wide depending on the target architecture, but `f32`'s mantissa is only 23 bits wide)
crates/rs_cam_core/src/fingerprint.rs:1143:23: warning: casting `f32` to `u8` may truncate the value
crates/rs_cam_core/src/fingerprint.rs:1143:23: warning: casting `f32` to `u8` may lose the sign of the value
crates/rs_cam_core/src/fingerprint.rs:1144:27: warning: casting `f32` to `u8` may truncate the value
crates/rs_cam_core/src/fingerprint.rs:1144:27: warning: casting `f32` to `u8` may lose the sign of the value
crates/rs_cam_core/src/fingerprint.rs:1145:27: warning: casting `f32` to `u8` may truncate the value
crates/rs_cam_core/src/fingerprint.rs:1145:27: warning: casting `f32` to `u8` may lose the sign of the value
crates/rs_cam_core/src/fingerprint.rs:1178:19: warning: multiply and add expressions may be calculated more efficiently and accurately: help: consider using: `basis.cos_az.mul_add(0.3, basis.sin_az * 0.4)`
crates/rs_cam_core/src/fingerprint.rs:1179:19: warning: multiply and add expressions may be calculated more efficiently and accurately: help: consider using: `basis.sin_az.mul_add(-0.3, basis.cos_az * 0.4)`
crates/rs_cam_core/src/fingerprint.rs:1182:18: warning: casting `usize` to `f64` may cause a loss of precision (`usize` can be up to 64 bits wide depending on the target architecture, but `f64`'s mantissa is only 52 bits wide)
crates/rs_cam_core/src/fingerprint.rs:1183:18: warning: casting `usize` to `f64` may cause a loss of precision (`usize` can be up to 64 bits wide depending on the target architecture, but `f64`'s mantissa is only 52 bits wide)
crates/rs_cam_core/src/fingerprint.rs:1195:18: warning: multiply and add expressions may be calculated more efficiently and accurately: help: consider using: `basis.right(x, y, z).mul_add(cam.scale, half_w)`
crates/rs_cam_core/src/fingerprint.rs:1196:18: warning: multiply and add expressions may be calculated more efficiently and accurately: help: consider using: `basis.up(x, y, z).mul_add(-cam.scale, half_h)`
crates/rs_cam_core/src/fingerprint.rs:1235:18: warning: multiply and add expressions may be calculated more efficiently and accurately: help: consider using: `az_v.mul_add(-by, ay * bz)`
crates/rs_cam_core/src/fingerprint.rs:1236:18: warning: multiply and add expressions may be calculated more efficiently and accurately: help: consider using: `ax.mul_add(-bz, az_v * bx)`
crates/rs_cam_core/src/fingerprint.rs:1237:18: warning: multiply and add expressions may be calculated more efficiently and accurately: help: consider using: `ay.mul_add(-bx, ax * by)`
crates/rs_cam_core/src/fingerprint.rs:1238:20: warning: multiply and add expressions may be calculated more efficiently and accurately: help: consider using: `nz.mul_add(nz, nx * nx + ny * ny)`
crates/rs_cam_core/src/fingerprint.rs:1238:21: warning: multiply and add expressions may be calculated more efficiently and accurately: help: consider using: `ny.mul_add(ny, nx * nx)`
crates/rs_cam_core/src/fingerprint.rs:1240:13: warning: multiply and add expressions may be calculated more efficiently and accurately: help: consider using: `(nz / nlen).mul_add(light_z, (nx / nlen) * light_x + (ny / nlen) * light_y)`
crates/rs_cam_core/src/fingerprint.rs:1240:14: warning: multiply and add expressions may be calculated more efficiently and accurately: help: consider using: `(ny / nlen).mul_add(light_y, (nx / nlen) * light_x)`
crates/rs_cam_core/src/fingerprint.rs:1241:21: warning: multiply and add expressions may be calculated more efficiently and accurately: help: consider using: `0.65f64.mul_add(dot, 0.35)`
crates/rs_cam_core/src/fingerprint.rs:1303:18: warning: casting `usize` to `f64` may cause a loss of precision (`usize` can be up to 64 bits wide depending on the target architecture, but `f64`'s mantissa is only 52 bits wide)
crates/rs_cam_core/src/fingerprint.rs:1304:18: warning: casting `usize` to `f64` may cause a loss of precision (`usize` can be up to 64 bits wide depending on the target architecture, but `f64`'s mantissa is only 52 bits wide)
crates/rs_cam_core/src/fingerprint.rs:1310:17: warning: casting `f64` to `usize` may truncate the value
crates/rs_cam_core/src/fingerprint.rs:1310:17: warning: casting `f64` to `usize` may lose the sign of the value
crates/rs_cam_core/src/fingerprint.rs:1311:17: warning: casting `f64` to `usize` may truncate the value
crates/rs_cam_core/src/fingerprint.rs:1311:17: warning: casting `f64` to `usize` may lose the sign of the value
crates/rs_cam_core/src/fingerprint.rs:1312:17: warning: casting `f64` to `usize` may truncate the value
crates/rs_cam_core/src/fingerprint.rs:1312:17: warning: casting `f64` to `usize` may lose the sign of the value
crates/rs_cam_core/src/fingerprint.rs:1313:17: warning: casting `f64` to `usize` may truncate the value
crates/rs_cam_core/src/fingerprint.rs:1313:17: warning: casting `f64` to `usize` may lose the sign of the value
crates/rs_cam_core/src/fingerprint.rs:1324:16: warning: multiply and add expressions may be calculated more efficiently and accurately: help: consider using: `(x2 - x0).mul_add(-(y1 - y0), (x1 - x0) * (y2 - y0))`
crates/rs_cam_core/src/fingerprint.rs:1329:22: warning: casting `usize` to `f64` may cause a loss of precision (`usize` can be up to 64 bits wide depending on the target architecture, but `f64`'s mantissa is only 52 bits wide)
crates/rs_cam_core/src/fingerprint.rs:1330:22: warning: casting `usize` to `f64` may cause a loss of precision (`usize` can be up to 64 bits wide depending on the target architecture, but `f64`'s mantissa is only 52 bits wide)
crates/rs_cam_core/src/fingerprint.rs:1333:22: warning: multiply and add expressions may be calculated more efficiently and accurately: help: consider using: `(fy - y0).mul_add(-dx01, (fx - x0) * dy01)`
crates/rs_cam_core/src/fingerprint.rs:1334:22: warning: multiply and add expressions may be calculated more efficiently and accurately: help: consider using: `(fy - y1).mul_add(-dx12, (fx - x1) * dy12)`
crates/rs_cam_core/src/fingerprint.rs:1335:22: warning: multiply and add expressions may be calculated more efficiently and accurately: help: consider using: `(fy - y2).mul_add(-dx20, (fx - x2) * dy20)`
crates/rs_cam_core/src/fingerprint.rs:1351:34: warning: multiply and add expressions may be calculated more efficiently and accurately: help: consider using: `(x2 - fx).mul_add(-(y1 - fy), (x1 - fx) * (y2 - fy))`
crates/rs_cam_core/src/fingerprint.rs:1352:34: warning: multiply and add expressions may be calculated more efficiently and accurately: help: consider using: `(x0 - fx).mul_add(-(y2 - fy), (x2 - fx) * (y0 - fy))`
crates/rs_cam_core/src/fingerprint.rs:1355:33: warning: casting `f64` to `u8` may truncate the value
crates/rs_cam_core/src/fingerprint.rs:1355:33: warning: casting `f64` to `u8` may lose the sign of the value
crates/rs_cam_core/src/fingerprint.rs:1355:34: warning: multiply and add expressions may be calculated more efficiently and accurately: help: consider using: `c2[0].mul_add(w2, c0[0] * w0 + c1[0] * w1)`
crates/rs_cam_core/src/fingerprint.rs:1355:35: warning: multiply and add expressions may be calculated more efficiently and accurately: help: consider using: `c1[0].mul_add(w1, c0[0] * w0)`
crates/rs_cam_core/src/fingerprint.rs:1357:33: warning: casting `f64` to `u8` may truncate the value
crates/rs_cam_core/src/fingerprint.rs:1357:33: warning: casting `f64` to `u8` may lose the sign of the value
crates/rs_cam_core/src/fingerprint.rs:1357:34: warning: multiply and add expressions may be calculated more efficiently and accurately: help: consider using: `c2[1].mul_add(w2, c0[1] * w0 + c1[1] * w1)`
crates/rs_cam_core/src/fingerprint.rs:1357:35: warning: multiply and add expressions may be calculated more efficiently and accurately: help: consider using: `c1[1].mul_add(w1, c0[1] * w0)`
crates/rs_cam_core/src/fingerprint.rs:1359:33: warning: casting `f64` to `u8` may truncate the value
crates/rs_cam_core/src/fingerprint.rs:1359:33: warning: casting `f64` to `u8` may lose the sign of the value
crates/rs_cam_core/src/fingerprint.rs:1359:34: warning: multiply and add expressions may be calculated more efficiently and accurately: help: consider using: `c2[2].mul_add(w2, c0[2] * w0 + c1[2] * w1)`
crates/rs_cam_core/src/fingerprint.rs:1359:35: warning: multiply and add expressions may be calculated more efficiently and accurately: help: consider using: `c1[2].mul_add(w1, c0[2] * w0)`
crates/rs_cam_core/src/fingerprint.rs:1392:1: warning: this could be a `const fn`
crates/rs_cam_core/src/fingerprint.rs:1676:35: warning: casting `f64` to `f32` may truncate the value
crates/rs_cam_core/src/fingerprint.rs:1703:21: warning: casting `usize` to `f64` may cause a loss of precision (`usize` can be up to 64 bits wide depending on the target architecture, but `f64`'s mantissa is only 52 bits wide)
crates/rs_cam_core/src/fingerprint.rs:1729:17: warning: casting `usize` to `f64` may cause a loss of precision (`usize` can be up to 64 bits wide depending on the target architecture, but `f64`'s mantissa is only 52 bits wide)
crates/rs_cam_core/src/fingerprint.rs:1729:36: warning: casting `usize` to `f64` may cause a loss of precision (`usize` can be up to 64 bits wide depending on the target architecture, but `f64`'s mantissa is only 52 bits wide)
crates/rs_cam_core/src/finish_planner.rs:180:1: warning: first doc comment paragraph is too long
crates/rs_cam_core/src/finish_planner.rs:264:43: warning: code link adjacent to code text
crates/rs_cam_core/src/finish_planner.rs:341:1: warning: this could be a `const fn`
crates/rs_cam_core/src/finish_planner.rs:349:1: warning: this could be a `const fn`
crates/rs_cam_core/src/finish_planner.rs:365:1: warning: this function has too many lines (145/100)
crates/rs_cam_core/src/finish_planner.rs:568:1: warning: this could be a `const fn`
crates/rs_cam_core/src/finish_planner.rs:675:22: warning: casting `usize` to `i32` may truncate the value on targets with 64-bit wide pointers
crates/rs_cam_core/src/finish_planner.rs:675:22: warning: casting `usize` to `i32` may wrap around the value on targets with 32-bit wide pointers
crates/rs_cam_core/src/finish_planner.rs:676:22: warning: casting `usize` to `i32` may truncate the value on targets with 64-bit wide pointers
crates/rs_cam_core/src/finish_planner.rs:676:22: warning: casting `usize` to `i32` may wrap around the value on targets with 32-bit wide pointers
crates/rs_cam_core/src/finish_planner.rs:677:36: warning: casting `i32` to `usize` may lose the sign of the value
crates/rs_cam_core/src/finish_planner.rs:677:59: warning: casting `i32` to `usize` may lose the sign of the value
crates/rs_cam_core/src/finish_planner.rs:680:19: warning: casting `i32` to `usize` may lose the sign of the value
crates/rs_cam_core/src/finish_planner.rs:680:40: warning: casting `i32` to `usize` may lose the sign of the value
crates/rs_cam_core/src/finish_planner.rs:821:24: warning: casting `usize` to `f64` may cause a loss of precision (`usize` can be up to 64 bits wide depending on the target architecture, but `f64`'s mantissa is only 52 bits wide)
crates/rs_cam_core/src/finish_planner.rs:1011:1: warning: first doc comment paragraph is too long
crates/rs_cam_core/src/finish_planner.rs:1064:18: warning: multiply and add expressions may be calculated more efficiently and accurately: help: consider using: `2.0f64.mul_add(-margin, width)`
crates/rs_cam_core/src/finish_planner.rs:1064:55: warning: multiply and add expressions may be calculated more efficiently and accurately: help: consider using: `2.0f64.mul_add(-margin, height)`
crates/rs_cam_core/src/finish_planner.rs:1178:17: warning: multiply and add expressions may be calculated more efficiently and accurately: help: consider using: `(p.x - minx).mul_add(scale, margin)`
crates/rs_cam_core/src/finish_planner.rs:1179:17: warning: multiply and add expressions may be calculated more efficiently and accurately: help: consider using: `(p.y - miny).mul_add(-scale, height - margin)`
crates/rs_cam_core/src/finish_setup.rs:1:1: warning: first doc comment paragraph is too long
crates/rs_cam_core/src/finish_setup.rs:331:5: warning: this could be a `const fn`
crates/rs_cam_core/src/finish_setup.rs:335:5: warning: this could be a `const fn`
crates/rs_cam_core/src/finish_setup.rs:339:5: warning: this could be a `const fn`
crates/rs_cam_core/src/finish_setup.rs:371:1: warning: first doc comment paragraph is too long
crates/rs_cam_core/src/finish_setup.rs:405:16: warning: casting `f64` to `usize` may truncate the value
crates/rs_cam_core/src/finish_setup.rs:405:16: warning: casting `f64` to `usize` may lose the sign of the value
crates/rs_cam_core/src/finish_setup.rs:406:16: warning: casting `f64` to `usize` may truncate the value
crates/rs_cam_core/src/finish_setup.rs:406:16: warning: casting `f64` to `usize` may lose the sign of the value
crates/rs_cam_core/src/finish_setup.rs:476:1: warning: first doc comment paragraph is too long
crates/rs_cam_core/src/finish_setup.rs:648:1: warning: first doc comment paragraph is too long
crates/rs_cam_core/src/finish_setup.rs:678:15: warning: while condition comparing floats
crates/rs_cam_core/src/finish_setup.rs:684:15: warning: while condition comparing floats
crates/rs_cam_core/src/finish_surface_cache.rs:150:1: warning: first doc comment paragraph is too long
crates/rs_cam_core/src/finish_surface_cache.rs:211:5: warning: this could be a `const fn`
crates/rs_cam_core/src/finish_surface_cache.rs:231:5: warning: this could be a `const fn`
crates/rs_cam_core/src/flow_accum.rs:67:5: warning: this could be a `const fn`
crates/rs_cam_core/src/flow_accum.rs:85:1: warning: this could be a `const fn`
crates/rs_cam_core/src/flow_accum.rs:87:15: warning: casting `usize` to `isize` may wrap around the value: help: if this is intentional, use `cast_signed()` instead: `(i / field.nx).cast_signed()`
crates/rs_cam_core/src/flow_accum.rs:88:15: warning: casting `usize` to `isize` may wrap around the value: help: if this is intentional, use `cast_signed()` instead: `(i % field.nx).cast_signed()`
crates/rs_cam_core/src/flow_accum.rs:89:37: warning: casting `usize` to `isize` may wrap around the value: help: if this is intentional, use `cast_signed()` instead: `field.ny.cast_signed()`
crates/rs_cam_core/src/flow_accum.rs:89:65: warning: casting `usize` to `isize` may wrap around the value: help: if this is intentional, use `cast_signed()` instead: `field.nx.cast_signed()`
crates/rs_cam_core/src/flow_accum.rs:97:11: warning: casting `isize` to `usize` may lose the sign of the value: help: if this is intentional, use `cast_unsigned()` instead: `row.cast_unsigned()`
crates/rs_cam_core/src/flow_accum.rs:97:39: warning: casting `isize` to `usize` may lose the sign of the value: help: if this is intentional, use `cast_unsigned()` instead: `col.cast_unsigned()`
crates/rs_cam_core/src/flow_accum.rs:197:1: warning: this function has too many lines (125/100)
crates/rs_cam_core/src/flow_accum.rs:233:18: warning: casting `usize` to `u32` may truncate the value on targets with 64-bit wide pointers
crates/rs_cam_core/src/flow_accum.rs:247:20: warning: strict comparison of `f32` or `f64`: help: consider comparing them within some margin of error: `(filled[j] - level).abs() < error_margin`
crates/rs_cam_core/src/flow_accum.rs:329:43: warning: casting `usize` to `f64` may cause a loss of precision (`usize` can be up to 64 bits wide depending on the target architecture, but `f64`'s mantissa is only 52 bits wide)
crates/rs_cam_core/src/flow_accum.rs:361:36: warning: casting `usize` to `u32` may truncate the value on targets with 64-bit wide pointers
crates/rs_cam_core/src/flow_accum.rs:379:35: warning: casting `usize` to `u32` may truncate the value on targets with 64-bit wide pointers
crates/rs_cam_core/src/gcode/emitter.rs:36:1: warning: first doc comment paragraph is too long
crates/rs_cam_core/src/gcode/emitter.rs:90:13: warning: hypotenuse can be computed more accurately: help: consider using: `i.hypot(j)`
crates/rs_cam_core/src/gcode/emitter.rs:287:5: warning: this could be a `const fn`
crates/rs_cam_core/src/gcode/emitter.rs:289:13: warning: unnecessary structure name repetition: help: use the applicable keyword: `Self`
crates/rs_cam_core/src/gcode/emitter.rs:290:13: warning: unnecessary structure name repetition: help: use the applicable keyword: `Self`
crates/rs_cam_core/src/gcode/emitter.rs:297:28: warning: casting `usize` to `i32` may truncate the value on targets with 64-bit wide pointers
crates/rs_cam_core/src/gcode/emitter.rs:297:28: warning: casting `usize` to `i32` may wrap around the value on targets with 32-bit wide pointers
crates/rs_cam_core/src/gcode/emitter.rs:298:5: warning: strict comparison of `f32` or `f64`: help: consider comparing them within some margin of error: `((a * scale).round() - (b * scale).round()).abs() < error_margin`
crates/rs_cam_core/src/gcode/emitter.rs:372:26: warning: multiply and add expressions may be calculated more efficiently and accurately: help: consider using: `2.0f64.mul_add(i, sx)`
crates/rs_cam_core/src/gcode/emitter.rs:373:26: warning: multiply and add expressions may be calculated more efficiently and accurately: help: consider using: `2.0f64.mul_add(j, sy)`
crates/rs_cam_core/src/gcode/ir.rs:82:33: warning: you are deriving `PartialEq` and can implement `Eq`: help: consider deriving `Eq` as well: `PartialEq, Eq`
crates/rs_cam_core/src/gcode/modal.rs:36:5: warning: this could be a `const fn`
crates/rs_cam_core/src/gcode/modal.rs:48:5: warning: this could be a `const fn`
crates/rs_cam_core/src/gcode/modal.rs:55:5: warning: this could be a `const fn`
crates/rs_cam_core/src/gcode/post.rs:25:5: warning: this could be a `const fn`
crates/rs_cam_core/src/gcode/post.rs:37:5: warning: this could be a `const fn`
crates/rs_cam_core/src/gcode/post.rs:48:5: warning: this could be a `const fn`
crates/rs_cam_core/src/gcode/post.rs:61:1: warning: first doc comment paragraph is too long
crates/rs_cam_core/src/gcode/post.rs:89:5: warning: this could be a `const fn`
crates/rs_cam_core/src/gcode/post.rs:91:13: warning: unnecessary structure name repetition: help: use the applicable keyword: `Self`
crates/rs_cam_core/src/gcode/post.rs:92:13: warning: unnecessary structure name repetition: help: use the applicable keyword: `Self`
crates/rs_cam_core/src/gcode/post.rs:93:13: warning: unnecessary structure name repetition: help: use the applicable keyword: `Self`
crates/rs_cam_core/src/gcode/post.rs:94:13: warning: unnecessary structure name repetition: help: use the applicable keyword: `Self`
crates/rs_cam_core/src/gcode/post.rs:95:13: warning: unnecessary structure name repetition: help: use the applicable keyword: `Self`
crates/rs_cam_core/src/gcode/post.rs:96:13: warning: unnecessary structure name repetition: help: use the applicable keyword: `Self`
crates/rs_cam_core/src/gcode/post.rs:112:5: warning: this could be a `const fn`
crates/rs_cam_core/src/gcode/post.rs:114:13: warning: unnecessary structure name repetition: help: use the applicable keyword: `Self`
crates/rs_cam_core/src/gcode/post.rs:115:13: warning: unnecessary structure name repetition: help: use the applicable keyword: `Self`
crates/rs_cam_core/src/gcode/post.rs:120:1: warning: first doc comment paragraph is too long
crates/rs_cam_core/src/gcode/post.rs:145:1: warning: this could be a `const fn`
crates/rs_cam_core/src/gcode/post.rs:236:1: warning: this could be a `const fn`
crates/rs_cam_core/src/gcode/post.rs:272:24: warning: called `map(<f>).unwrap_or(<a>)` on an `Option` value
crates/rs_cam_core/src/gcode/post.rs:273:24: warning: use Option::map_or_else instead of an if let/else: help: try: `self.wcs.map_or_else(String::new, |w| format!("{}\n", w.as_word()))`
crates/rs_cam_core/src/gcode/post.rs:280:23: warning: this looks like a formatting argument but it is not part of a formatting macro
crates/rs_cam_core/src/gcode/post.rs:281:23: warning: this looks like a formatting argument but it is not part of a formatting macro
crates/rs_cam_core/src/gcode/post.rs:296:54: warning: this looks like a formatting argument but it is not part of a formatting macro
crates/rs_cam_core/src/gcode/post.rs:321:23: warning: this looks like a formatting argument but it is not part of a formatting macro
crates/rs_cam_core/src/gcode/program_builder.rs:45:30: warning: strict comparison of `f32` or `f64`: help: consider comparing them within some margin of error: `(x - px).abs() > error_margin`
crates/rs_cam_core/src/gcode/program_builder.rs:45:41: warning: strict comparison of `f32` or `f64`: help: consider comparing them within some margin of error: `(y - py).abs() > error_margin`
crates/rs_cam_core/src/gcode/program_builder.rs:46:29: warning: strict comparison of `f32` or `f64`: help: consider comparing them within some margin of error: `(z - pz).abs() > error_margin`
crates/rs_cam_core/src/gcode/program_builder.rs:55:17: warning: all if blocks contain the same code at the end
crates/rs_cam_core/src/gcode/program_builder.rs:85:17: warning: unnecessary `!=` operation
crates/rs_cam_core/src/gcode/program_builder.rs:168:9: warning: `if _ { .. } else { .. }` is an expression
crates/rs_cam_core/src/gcode/program_builder.rs:232:25: warning: called `map(<f>).unwrap_or(<a>)` on an `Option` value
crates/rs_cam_core/src/gcode/program_builder.rs:249:17: warning: redundant closure: help: replace the closure with the method itself: `std::borrow::ToOwned::to_owned`
crates/rs_cam_core/src/gcode/program_builder.rs:259:28: warning: called `map(<f>).unwrap_or(<a>)` on an `Option` value
crates/rs_cam_core/src/gcode/program_builder.rs:268:32: warning: called `map(<f>).unwrap_or(<a>)` on an `Option` value
crates/rs_cam_core/src/gcode/program_builder.rs:288:13: warning: `if _ { .. } else { .. }` is an expression
crates/rs_cam_core/src/gcode/program_builder.rs:505:29: warning: called `map(<f>).unwrap_or(<a>)` on an `Option` value
crates/rs_cam_core/src/gcode/program_builder.rs:521:17: warning: unnecessary `!=` operation
crates/rs_cam_core/src/gcode/wizard_overlay.rs:50:5: warning: this could be a `const fn`
crates/rs_cam_core/src/gcode/wizard_overlay.rs:61:5: warning: this could be a `const fn`
crates/rs_cam_core/src/gcode/wizard_overlay.rs:100:5: warning: this could be a `const fn`
crates/rs_cam_core/src/gcode/wizard_overlay.rs:133:13: warning: assigning the result of `ToOwned::to_owned()` may be inefficient: help: use `clone_into()`: `t.clone_into(&mut p.tool_change)`
crates/rs_cam_core/src/gcode/wizard_overlay.rs:218:1: warning: this could be a `const fn`
crates/rs_cam_core/src/gcode/mod.rs:86:5: warning: this could be a `const fn`
crates/rs_cam_core/src/gcode/mod.rs:88:13: warning: unnecessary structure name repetition: help: use the applicable keyword: `Self`
crates/rs_cam_core/src/gcode/mod.rs:89:13: warning: unnecessary structure name repetition: help: use the applicable keyword: `Self`
crates/rs_cam_core/src/gcode/mod.rs:90:13: warning: unnecessary structure name repetition: help: use the applicable keyword: `Self`
crates/rs_cam_core/src/gcode/mod.rs:91:13: warning: unnecessary structure name repetition: help: use the applicable keyword: `Self`
crates/rs_cam_core/src/gcode/mod.rs:97:17: warning: unnecessary structure name repetition: help: use the applicable keyword: `Self`
crates/rs_cam_core/src/gcode/mod.rs:265:1: warning: first doc comment paragraph is too long
crates/rs_cam_core/src/gcode/mod.rs:280:1: warning: first doc comment paragraph is too long
crates/rs_cam_core/src/gcode/mod.rs:385:1: warning: first doc comment paragraph is too long
crates/rs_cam_core/src/gcode/mod.rs:477:1: warning: first doc comment paragraph is too long
crates/rs_cam_core/src/gcode/mod.rs:514:5: warning: this could be a `const fn`
crates/rs_cam_core/src/gcode/mod.rs:524:5: warning: this could be a `const fn`
crates/rs_cam_core/src/gcode/mod.rs:529:1: warning: first doc comment paragraph is too long
crates/rs_cam_core/src/gcode/mod.rs:623:36: warning: redundant closure: help: replace the closure with the method itself: `std::convert::AsRef::as_ref`
crates/rs_cam_core/src/gcode/mod.rs:822:13: warning: these match arms have identical bodies
crates/rs_cam_core/src/gcode/mod.rs:823:13: warning: these match arms have identical bodies
crates/rs_cam_core/src/gcode/mod.rs:970:22: warning: unnecessary structure name repetition: help: use the applicable keyword: `Self`
crates/rs_cam_core/src/gcode/mod.rs:971:9: warning: unnecessary structure name repetition: help: use the applicable keyword: `Self`
crates/rs_cam_core/src/gcode/mod.rs:972:9: warning: unnecessary structure name repetition: help: use the applicable keyword: `Self`
crates/rs_cam_core/src/gcode/mod.rs:973:9: warning: unnecessary structure name repetition: help: use the applicable keyword: `Self`
crates/rs_cam_core/src/gcode/mod.rs:974:9: warning: unnecessary structure name repetition: help: use the applicable keyword: `Self`
crates/rs_cam_core/src/gcode/mod.rs:978:5: warning: this could be a `const fn`
crates/rs_cam_core/src/gcode/mod.rs:980:13: warning: unnecessary structure name repetition: help: use the applicable keyword: `Self`
crates/rs_cam_core/src/gcode/mod.rs:981:13: warning: unnecessary structure name repetition: help: use the applicable keyword: `Self`
crates/rs_cam_core/src/gcode/mod.rs:982:13: warning: unnecessary structure name repetition: help: use the applicable keyword: `Self`
crates/rs_cam_core/src/gcode/mod.rs:983:13: warning: unnecessary structure name repetition: help: use the applicable keyword: `Self`
crates/rs_cam_core/src/gcode/mod.rs:990:13: warning: unnecessary structure name repetition: help: use the applicable keyword: `Self`
crates/rs_cam_core/src/gcode/mod.rs:991:13: warning: unnecessary structure name repetition: help: use the applicable keyword: `Self`
crates/rs_cam_core/src/gcode/mod.rs:992:13: warning: unnecessary structure name repetition: help: use the applicable keyword: `Self`
crates/rs_cam_core/src/gcode/mod.rs:993:13: warning: unnecessary structure name repetition: help: use the applicable keyword: `Self`
crates/rs_cam_core/src/gcode/mod.rs:1002:5: warning: this could be a `const fn`
crates/rs_cam_core/src/gcode/mod.rs:1004:13: warning: unnecessary structure name repetition: help: use the applicable keyword: `Self`
crates/rs_cam_core/src/gcode/mod.rs:1005:13: warning: unnecessary structure name repetition: help: use the applicable keyword: `Self`
crates/rs_cam_core/src/gcode/mod.rs:1006:13: warning: unnecessary structure name repetition: help: use the applicable keyword: `Self`
crates/rs_cam_core/src/gcode/mod.rs:1007:13: warning: unnecessary structure name repetition: help: use the applicable keyword: `Self`
crates/rs_cam_core/src/gcode/mod.rs:1023:45: warning: unnecessary structure name repetition: help: use the applicable keyword: `Self`
crates/rs_cam_core/src/gcode/mod.rs:1025:28: warning: unnecessary structure name repetition: help: use the applicable keyword: `Self`
crates/rs_cam_core/src/gcode/mod.rs:1026:44: warning: unnecessary structure name repetition: help: use the applicable keyword: `Self`
crates/rs_cam_core/src/gcode/mod.rs:1027:46: warning: unnecessary structure name repetition: help: use the applicable keyword: `Self`
crates/rs_cam_core/src/gcode/mod.rs:1028:29: warning: unnecessary structure name repetition: help: use the applicable keyword: `Self`
crates/rs_cam_core/src/gcode_validator.rs:102:1: warning: more than 3 bools in a struct
crates/rs_cam_core/src/gcode_validator.rs:133:9: warning: these match arms have identical bodies
crates/rs_cam_core/src/gcode_validator.rs:255:10: warning: this argument (4 byte) is passed by reference, but would be more efficient if passed by value (limit: 8 byte): help: consider passing by value instead: `PostInvariants`
crates/rs_cam_core/src/gcode_validator.rs:280:10: warning: this argument (4 byte) is passed by reference, but would be more efficient if passed by value (limit: 8 byte): help: consider passing by value instead: `PostInvariants`
crates/rs_cam_core/src/gcode_validator.rs:313:10: warning: this argument (4 byte) is passed by reference, but would be more efficient if passed by value (limit: 8 byte): help: consider passing by value instead: `PostInvariants`
crates/rs_cam_core/src/gcode_validator.rs:354:10: warning: this argument (4 byte) is passed by reference, but would be more efficient if passed by value (limit: 8 byte): help: consider passing by value instead: `PostInvariants`
crates/rs_cam_core/src/gcode_validator.rs:462:1: warning: this function has too many lines (146/100)
crates/rs_cam_core/src/geo.rs:23:5: warning: this could be a `const fn`
crates/rs_cam_core/src/geo.rs:47:5: warning: missing `#[must_use]` attribute on a method returning `Self`
crates/rs_cam_core/src/geo.rs:64:13: warning: manual implementation of `midpoint` which can overflow: help: use `f64::midpoint` instead: `f64::midpoint(self.min.x, self.max.x)`
crates/rs_cam_core/src/geo.rs:65:13: warning: manual implementation of `midpoint` which can overflow: help: use `f64::midpoint` instead: `f64::midpoint(self.min.y, self.max.y)`
crates/rs_cam_core/src/geo.rs:66:13: warning: manual implementation of `midpoint` which can overflow: help: use `f64::midpoint` instead: `f64::midpoint(self.min.z, self.max.z)`
crates/rs_cam_core/src/geo.rs:70:39: warning: unnecessary structure name repetition: help: use the applicable keyword: `Self`
crates/rs_cam_core/src/geo.rs:103:17: warning: hypotenuse can be computed more accurately: help: consider using: `dx.hypot(dy)`
crates/rs_cam_core/src/geo.rs:197:9: warning: adding items after statements is confusing, since items exist from the start of the scope
crates/rs_cam_core/src/geo.rs:188:21: warning: multiply and add expressions may be calculated more efficiently and accurately: help: consider using: `(x2 - x1).mul_add(y0 - y2, (y1 - y2) * (x0 - x2))`
crates/rs_cam_core/src/geo.rs:193:17: warning: multiply and add expressions may be calculated more efficiently and accurately: help: consider using: `(x2 - x1).mul_add(py - y2, (y1 - y2) * (px - x2))`
crates/rs_cam_core/src/geo.rs:194:17: warning: multiply and add expressions may be calculated more efficiently and accurately: help: consider using: `(x0 - x2).mul_add(py - y2, (y2 - y0) * (px - x2))`
crates/rs_cam_core/src/geo.rs:246:18: warning: multiply and add expressions may be calculated more efficiently and accurately: help: consider using: `self.normal.z.mul_add(self.v[0].z, self.normal.x * self.v[0].x + self.normal.y * self.v[0].y)`
crates/rs_cam_core/src/geo.rs:246:19: warning: multiply and add expressions may be calculated more efficiently and accurately: help: consider using: `self.normal.y.mul_add(self.v[0].y, self.normal.x * self.v[0].x)`
crates/rs_cam_core/src/geo.rs:249:16: warning: multiply and add expressions may be calculated more efficiently and accurately: help: consider using: `self.normal.y.mul_add(y, self.normal.x * x)`
crates/rs_cam_core/src/geo.rs:253:1: warning: first doc comment paragraph is too long
crates/rs_cam_core/src/geo.rs:262:14: warning: multiply and add expressions can be calculated more efficiently and accurately: help: consider using: `(b.x - a.x).mul_add(b.x - a.x, (b.y - a.y).powi(2))`
crates/rs_cam_core/src/geo.rs:262:14: warning: multiply and add expressions can be calculated more efficiently and accurately: help: consider using: `(b.y - a.y).mul_add(b.y - a.y, (b.x - a.x).powi(2))`
crates/rs_cam_core/src/geo.rs:262:13: warning: multiply and add expressions can be calculated more efficiently and accurately: help: consider using: `(b.z - a.z).mul_add(b.z - a.z, (b.x - a.x).powi(2) + (b.y - a.y).powi(2))`
crates/rs_cam_core/src/geo.rs:267:1: warning: first doc comment paragraph is too long
crates/rs_cam_core/src/geo.rs:312:15: warning: while condition comparing floats
crates/rs_cam_core/src/geo.rs:345:21: warning: multiply and add expressions may be calculated more efficiently and accurately: help: consider using: `ab_y.mul_add(ab_y, ab_x * ab_x)`
crates/rs_cam_core/src/geo.rs:351:16: warning: hypotenuse can be computed more accurately: help: consider using: `dx.hypot(dy)`
crates/rs_cam_core/src/geo.rs:356:14: warning: multiply and add expressions may be calculated more efficiently and accurately: help: consider using: `ap_y.mul_add(ab_y, ap_x * ab_x)`
crates/rs_cam_core/src/geo.rs:361:5: warning: hypotenuse can be computed more accurately: help: consider using: `dx.hypot(dy)`
crates/rs_cam_core/src/geom_cache.rs:126:5: warning: this could be a `const fn`
crates/rs_cam_core/src/geom_cache.rs:179:1: warning: first doc comment paragraph is too long
crates/rs_cam_core/src/grid.rs:25:1: warning: pub(crate) struct inside private module
crates/rs_cam_core/src/grid.rs:34:5: warning: this could be a `const fn`
crates/rs_cam_core/src/grid.rs:39:9: warning: multiply and add expressions may be calculated more efficiently and accurately: help: consider using: `(col as f64).mul_add(self.cell_mm, self.origin_x)`
crates/rs_cam_core/src/grid.rs:39:25: warning: casting `usize` to `f64` may cause a loss of precision (`usize` can be up to 64 bits wide depending on the target architecture, but `f64`'s mantissa is only 52 bits wide)
crates/rs_cam_core/src/grid.rs:43:9: warning: multiply and add expressions may be calculated more efficiently and accurately: help: consider using: `(row as f64).mul_add(self.cell_mm, self.origin_y)`
crates/rs_cam_core/src/grid.rs:43:25: warning: casting `usize` to `f64` may cause a loss of precision (`usize` can be up to 64 bits wide depending on the target architecture, but `f64`'s mantissa is only 52 bits wide)
crates/rs_cam_core/src/grid.rs:59:1: warning: pub(crate) function inside private module
crates/rs_cam_core/src/grid2.rs:27:1: warning: first doc comment paragraph is too long
crates/rs_cam_core/src/grid2.rs:33:1: warning: this could be a `const fn`
crates/rs_cam_core/src/grid2.rs:40:1: warning: this could be a `const fn`
crates/rs_cam_core/src/grid2.rs:102:5: warning: this could be a `const fn`
crates/rs_cam_core/src/grid2.rs:106:5: warning: this could be a `const fn`
crates/rs_cam_core/src/grid2.rs:110:5: warning: this could be a `const fn`
crates/rs_cam_core/src/grid2.rs:114:5: warning: this could be a `const fn`
crates/rs_cam_core/src/grid2.rs:144:23: warning: casting `isize` to `usize` may lose the sign of the value: help: if this is intentional, use `cast_unsigned()` instead: `r.cast_unsigned()`
crates/rs_cam_core/src/grid2.rs:144:35: warning: casting `isize` to `usize` may lose the sign of the value: help: if this is intentional, use `cast_unsigned()` instead: `c.cast_unsigned()`
crates/rs_cam_core/src/grid2.rs:159:9: warning: use Option::map_or instead of an if let/else
crates/rs_cam_core/src/grid2.rs:178:9: warning: use Option::map_or instead of an if let/else
crates/rs_cam_core/src/grid2.rs:226:21: warning: casting `isize` to `usize` may lose the sign of the value: help: if this is intentional, use `cast_unsigned()` instead: `r.cast_unsigned()`
crates/rs_cam_core/src/grid2.rs:226:33: warning: casting `isize` to `usize` may lose the sign of the value: help: if this is intentional, use `cast_unsigned()` instead: `c.cast_unsigned()`
crates/rs_cam_core/src/grid_field.rs:36:30: warning: casting `usize` to `f64` may cause a loss of precision (`usize` can be up to 64 bits wide depending on the target architecture, but `f64`'s mantissa is only 52 bits wide)
crates/rs_cam_core/src/grid_field.rs:36:57: warning: casting `usize` to `f64` may cause a loss of precision (`usize` can be up to 64 bits wide depending on the target architecture, but `f64`'s mantissa is only 52 bits wide)
crates/rs_cam_core/src/grid_field.rs:37:27: warning: casting `usize` to `f64` may cause a loss of precision (`usize` can be up to 64 bits wide depending on the target architecture, but `f64`'s mantissa is only 52 bits wide)
crates/rs_cam_core/src/grid_field.rs:37:38: warning: casting `usize` to `f64` may cause a loss of precision (`usize` can be up to 64 bits wide depending on the target architecture, but `f64`'s mantissa is only 52 bits wide)
crates/rs_cam_core/src/grid_field.rs:65:15: warning: while condition comparing floats
crates/rs_cam_core/src/grid_field.rs:65:26: warning: casting `usize` to `f64` may cause a loss of precision (`usize` can be up to 64 bits wide depending on the target architecture, but `f64`'s mantissa is only 52 bits wide)
crates/rs_cam_core/src/grid_field.rs:69:16: warning: multiply and add expressions can be calculated more efficiently and accurately: help: consider using: `(q as f64 - vk as f64).mul_add(q as f64 - vk as f64, orig[vk])`
crates/rs_cam_core/src/grid_field.rs:69:17: warning: casting `usize` to `f64` may cause a loss of precision (`usize` can be up to 64 bits wide depending on the target architecture, but `f64`'s mantissa is only 52 bits wide)
crates/rs_cam_core/src/grid_field.rs:69:28: warning: casting `usize` to `f64` may cause a loss of precision (`usize` can be up to 64 bits wide depending on the target architecture, but `f64`'s mantissa is only 52 bits wide)
crates/rs_cam_core/src/grid_field.rs:81:15: warning: casting `usize` to `f64` may cause a loss of precision (`usize` can be up to 64 bits wide depending on the target architecture, but `f64`'s mantissa is only 52 bits wide)
crates/rs_cam_core/src/grid_field.rs:155:23: warning: multiply and add expressions may be calculated more efficiently and accurately: help: consider using: `2.0f64.mul_add(-zc, zr)`
crates/rs_cam_core/src/grid_field.rs:156:23: warning: multiply and add expressions may be calculated more efficiently and accurately: help: consider using: `2.0f64.mul_add(-zc, zd)`
crates/rs_cam_core/src/grid_field.rs:167:25: warning: multiply and add expressions may be calculated more efficiently and accurately: help: consider using: `(dyy * dx).mul_add(dx, dxx * dy * dy - 2.0 * dxy * dx * dy)`
crates/rs_cam_core/src/grid_field.rs:167:25: warning: multiply and add expressions may be calculated more efficiently and accurately: help: consider using: `(2.0 * dxy * dx).mul_add(-dy, dxx * dy * dy)`
crates/rs_cam_core/src/grid_field.rs:188:26: warning: casting `usize` to `f64` may cause a loss of precision (`usize` can be up to 64 bits wide depending on the target architecture, but `f64`'s mantissa is only 52 bits wide)
crates/rs_cam_core/src/horizontal_finish.rs:81:1: warning: first doc comment paragraph is too long
crates/rs_cam_core/src/horizontal_finish.rs:93:1: warning: this function has too many lines (139/100)
crates/rs_cam_core/src/horizontal_finish.rs:172:32: warning: unnecessary boolean `not` operation
crates/rs_cam_core/src/horizontal_finish.rs:173:21: warning: casting `usize` to `f64` may cause a loss of precision (`usize` can be up to 64 bits wide depending on the target architecture, but `f64`'s mantissa is only 52 bits wide)
crates/rs_cam_core/src/horizontal_finish.rs:216:23: warning: casting `f64` to `usize` may truncate the value
crates/rs_cam_core/src/horizontal_finish.rs:216:23: warning: casting `f64` to `usize` may lose the sign of the value
crates/rs_cam_core/src/horizontal_finish.rs:218:22: warning: casting `f64` to `usize` may truncate the value
crates/rs_cam_core/src/horizontal_finish.rs:218:22: warning: casting `f64` to `usize` may lose the sign of the value
crates/rs_cam_core/src/horizontal_finish.rs:222:21: warning: multiply and add expressions may be calculated more efficiently and accurately: help: consider using: `(line_idx as f64).mul_add(params.stepover, bbox.min.y)`
crates/rs_cam_core/src/horizontal_finish.rs:222:34: warning: casting `usize` to `f64` may cause a loss of precision (`usize` can be up to 64 bits wide depending on the target architecture, but `f64`'s mantissa is only 52 bits wide)
crates/rs_cam_core/src/horizontal_finish.rs:238:29: warning: multiply and add expressions may be calculated more efficiently and accurately: help: consider using: `(col_idx as f64).mul_add(step_x, bbox.min.x)`
crates/rs_cam_core/src/horizontal_finish.rs:238:42: warning: casting `usize` to `f64` may cause a loss of precision (`usize` can be up to 64 bits wide depending on the target architecture, but `f64`'s mantissa is only 52 bits wide)
crates/rs_cam_core/src/inlay.rs:150:18: warning: multiply and add expressions may be calculated more efficiently and accurately: help: consider using: `params.pocket_depth.mul_add(tan_half, params.boundary_offset)`
crates/rs_cam_core/src/inlay.rs:211:15: warning: hypotenuse can be computed more accurately: help: consider using: `dx.hypot(dy)`
crates/rs_cam_core/src/inlay.rs:216:21: warning: casting `f64` to `usize` may truncate the value
crates/rs_cam_core/src/inlay.rs:216:21: warning: casting `f64` to `usize` may lose the sign of the value
crates/rs_cam_core/src/inlay.rs:220:17: warning: casting `usize` to `f64` may cause a loss of precision (`usize` can be up to 64 bits wide depending on the target architecture, but `f64`'s mantissa is only 52 bits wide)
crates/rs_cam_core/src/inlay.rs:220:28: warning: casting `usize` to `f64` may cause a loss of precision (`usize` can be up to 64 bits wide depending on the target architecture, but `f64`'s mantissa is only 52 bits wide)
crates/rs_cam_core/src/io.rs:102:16: warning: called `map(<f>).unwrap_or_else(<g>)` on an `Option` value
crates/rs_cam_core/src/kinematic_utilization.rs:139:18: warning: multiply and add expressions may be calculated more efficiently and accurately: help: consider using: `dz.mul_add(dz, dx * dx + dy * dy)`
crates/rs_cam_core/src/kinematic_utilization.rs:139:19: warning: multiply and add expressions may be calculated more efficiently and accurately: help: consider using: `dy.mul_add(dy, dx * dx)`
crates/rs_cam_core/src/kinematic_utilization.rs:192:5: warning: this could be a `const fn`
crates/rs_cam_core/src/kinematic_utilization.rs:393:5: warning: this could be a `const fn`
crates/rs_cam_core/src/kinematic_utilization.rs:400:5: warning: this could be a `const fn`
crates/rs_cam_core/src/kinematic_utilization.rs:512:1: warning: this function has too many lines (253/100)
crates/rs_cam_core/src/kinematic_utilization.rs:533:22: warning: multiply and add expressions may be calculated more efficiently and accurately: help: consider using: `dz.mul_add(dz, dx * dx + dy * dy)`
crates/rs_cam_core/src/kinematic_utilization.rs:533:23: warning: multiply and add expressions may be calculated more efficiently and accurately: help: consider using: `dy.mul_add(dy, dx * dx)`
crates/rs_cam_core/src/kinematic_utilization.rs:538:65: warning: use Option::map_or instead of an if let/else: help: try: `curr.move_type.feed_rate().map_or((rapid_eff_mm_min, rapid_eff_mm_min, true), |feed| (feed, max_feed_mm_min, false))`
crates/rs_cam_core/src/kinematic_utilization.rs:545:30: warning: use Option::map_or instead of an if let/else
crates/rs_cam_core/src/kinematic_utilization.rs:592:26: warning: use Option::map_or instead of an if let/else
crates/rs_cam_core/src/kinematic_utilization.rs:660:33: warning: use Option::map_or instead of an if let/else: help: try: `worst_plunge.as_ref().map_or(true, |current| ratio > current.ratio)`
crates/rs_cam_core/src/kinematic_utilization.rs:678:29: warning: use Option::map_or instead of an if let/else: help: try: `worst_ramp.as_ref().map_or(true, |current| steep_deg > current.deg_from_horizontal)`
crates/rs_cam_core/src/machine.rs:116:1: warning: first doc comment paragraph is too long
crates/rs_cam_core/src/machine.rs:154:9: warning: unnecessary structure name repetition: help: use the applicable keyword: `Self`
crates/rs_cam_core/src/machine.rs:184:9: warning: unnecessary structure name repetition: help: use the applicable keyword: `Self`
crates/rs_cam_core/src/machine.rs:210:9: warning: unnecessary structure name repetition: help: use the applicable keyword: `Self`
crates/rs_cam_core/src/machine.rs:231:44: warning: unnecessary structure name repetition: help: use the applicable keyword: `Self`
crates/rs_cam_core/src/machine.rs:233:37: warning: unnecessary structure name repetition: help: use the applicable keyword: `Self`
crates/rs_cam_core/src/machine.rs:234:38: warning: unnecessary structure name repetition: help: use the applicable keyword: `Self`
crates/rs_cam_core/src/machine.rs:237:17: warning: unnecessary structure name repetition: help: use the applicable keyword: `Self`
crates/rs_cam_core/src/machine.rs:280:17: warning: use Option::map_or_else instead of an if let/else
crates/rs_cam_core/src/machine.rs:315:41: warning: used `cloned` where `copied` could be used instead: help: try: `copied`
crates/rs_cam_core/src/machine.rs:316:41: warning: used `cloned` where `copied` could be used instead: help: try: `copied`
crates/rs_cam_core/src/machine_kinematics.rs:142:1: warning: this could be a `const fn`
crates/rs_cam_core/src/machine_kinematics.rs:288:9: warning: use Option::map_or instead of an if let/else
crates/rs_cam_core/src/machine_kinematics.rs:385:9: warning: adding items after statements is confusing, since items exist from the start of the scope
crates/rs_cam_core/src/machine_kinematics.rs:388:30: warning: unnecessary structure name repetition: help: use the applicable keyword: `Self`
crates/rs_cam_core/src/machine_kinematics.rs:605:1: warning: first doc comment paragraph is too long
crates/rs_cam_core/src/machine_kinematics.rs:616:1: warning: first doc comment paragraph is too long
crates/rs_cam_core/src/machine_kinematics.rs:686:1: warning: first doc comment paragraph is too long
crates/rs_cam_core/src/machine_kinematics.rs:705:1: warning: first doc comment paragraph is too long
crates/rs_cam_core/src/machine_kinematics.rs:744:1: warning: first doc comment paragraph is too long
crates/rs_cam_core/src/machine_kinematics.rs:748:1: warning: this function has too many lines (117/100)
crates/rs_cam_core/src/machine_kinematics.rs:767:5: warning: adding items after statements is confusing, since items exist from the start of the scope
crates/rs_cam_core/src/machine_kinematics.rs:861:28: warning: use Option::map_or instead of an if let/else
crates/rs_cam_core/src/machine_kinematics.rs:962:5: warning: adding items after statements is confusing, since items exist from the start of the scope
crates/rs_cam_core/src/machine_kinematics.rs:1094:19: warning: multiply and add expressions may be calculated more efficiently and accurately: help: consider using: `v_cmd.mul_add(v_cmd, -(v_in * v_in))`
crates/rs_cam_core/src/machine_kinematics.rs:1095:19: warning: multiply and add expressions may be calculated more efficiently and accurately: help: consider using: `v_cmd.mul_add(v_cmd, -(v_out * v_out))`
crates/rs_cam_core/src/machine_kinematics.rs:1099:25: warning: multiply and add expressions may be calculated more efficiently and accurately: help: consider using: `0.5f64.mul_add(v_in * v_in + v_out * v_out, accel * length)`
crates/rs_cam_core/src/machine_kinematics.rs:1099:42: warning: manual implementation of `midpoint` which can overflow: help: use `f64::midpoint` instead: `f64::midpoint(v_in * v_in, v_out * v_out)`
crates/rs_cam_core/src/machine_kinematics.rs:1113:5: warning: multiply and add expressions may be calculated more efficiently and accurately: help: consider using: `dz.mul_add(dz, dx * dx + dy * dy)`
crates/rs_cam_core/src/machine_kinematics.rs:1113:6: warning: multiply and add expressions may be calculated more efficiently and accurately: help: consider using: `dy.mul_add(dy, dx * dx)`
crates/rs_cam_core/src/machine_kinematics.rs:1122:15: warning: multiply and add expressions may be calculated more efficiently and accurately: help: consider using: `dz.mul_add(dz, dx * dx + dy * dy)`
crates/rs_cam_core/src/machine_kinematics.rs:1122:16: warning: multiply and add expressions may be calculated more efficiently and accurately: help: consider using: `dy.mul_add(dy, dx * dx)`
crates/rs_cam_core/src/machine_kinematics.rs:1126:1: warning: first doc comment paragraph is too long
crates/rs_cam_core/src/machine_kinematics.rs:1176:32: warning: use Option::map_or instead of an if let/else: help: try: `max_junction_velocity_mm_min.map_or(v, |limit_mm_min| v.min(limit_mm_min / 60.0))`
crates/rs_cam_core/src/machine_kinematics.rs:1181:9: warning: multiply and add expressions may be calculated more efficiently and accurately: help: consider using: `dir_in[2].mul_add(dir_out[2], dir_in[0] * dir_out[0] + dir_in[1] * dir_out[1])`
crates/rs_cam_core/src/machine_kinematics.rs:1181:10: warning: multiply and add expressions may be calculated more efficiently and accurately: help: consider using: `dir_in[1].mul_add(dir_out[1], dir_in[0] * dir_out[0])`
crates/rs_cam_core/src/machine_kinematics.rs:1182:20: warning: manual implementation of `midpoint` which can overflow: help: use `f64::midpoint` instead: `f64::midpoint(1.0, dot)`
crates/rs_cam_core/src/machine_kinematics.rs:1214:19: warning: multiply and add expressions may be calculated more efficiently and accurately: help: consider using: `v_cmd.mul_add(v_cmd, -(v_in * v_in))`
crates/rs_cam_core/src/machine_kinematics.rs:1215:19: warning: multiply and add expressions may be calculated more efficiently and accurately: help: consider using: `v_cmd.mul_add(v_cmd, -(v_out * v_out))`
crates/rs_cam_core/src/machine_kinematics.rs:1228:25: warning: multiply and add expressions may be calculated more efficiently and accurately: help: consider using: `0.5f64.mul_add(v_in * v_in + v_out * v_out, accel * length)`
crates/rs_cam_core/src/machine_kinematics.rs:1228:42: warning: manual implementation of `midpoint` which can overflow: help: use `f64::midpoint` instead: `f64::midpoint(v_in * v_in, v_out * v_out)`
crates/rs_cam_core/src/machine_library.rs:100:21: warning: redundant closure: help: replace the closure with the method itself: `std::result::Result::ok`
crates/rs_cam_core/src/marching_squares.rs:94:1: warning: this could be a `const fn`
crates/rs_cam_core/src/marching_squares.rs:94:1: warning: more than 3 bools in function parameters
crates/rs_cam_core/src/marching_squares.rs:95:5: warning: casts from `bool` to `u8` can be expressed infallibly using `From`
crates/rs_cam_core/src/marching_squares.rs:95:19: warning: casts from `bool` to `u8` can be expressed infallibly using `From`
crates/rs_cam_core/src/marching_squares.rs:95:39: warning: casts from `bool` to `u8` can be expressed infallibly using `From`
crates/rs_cam_core/src/marching_squares.rs:95:59: warning: casts from `bool` to `u8` can be expressed infallibly using `From`
crates/rs_cam_core/src/marching_squares.rs:120:1: warning: first doc comment paragraph is too long
crates/rs_cam_core/src/marching_squares.rs:133:1: warning: first doc comment paragraph is too long
crates/rs_cam_core/src/marching_squares.rs:160:5: warning: adding items after statements is confusing, since items exist from the start of the scope
crates/rs_cam_core/src/marching_squares.rs:159:38: warning: casting `f64` to `i64` may truncate the value
crates/rs_cam_core/src/marching_squares.rs:190:36: warning: multiply and add expressions may be calculated more efficiently and accurately: help: consider using: `dy.mul_add(dy, dx * dx)`
crates/rs_cam_core/src/marching_squares.rs:211:37: warning: multiply and add expressions can be calculated more efficiently and accurately: help: consider using: `(match_pt.x - tail.x).mul_add(match_pt.x - tail.x, (match_pt.y - tail.y).powi(2))`
crates/rs_cam_core/src/marching_squares.rs:211:37: warning: multiply and add expressions can be calculated more efficiently and accurately: help: consider using: `(match_pt.y - tail.y).mul_add(match_pt.y - tail.y, (match_pt.x - tail.x).powi(2))`
crates/rs_cam_core/src/material/wood_species_library.rs:1:1: warning: first doc comment paragraph is too long
crates/rs_cam_core/src/material.rs:28:5: warning: this could be a `const fn`
crates/rs_cam_core/src/material.rs:42:13: warning: these match arms have identical bodies
crates/rs_cam_core/src/material.rs:30:13: warning: unnecessary structure name repetition: help: use the applicable keyword: `Self`
crates/rs_cam_core/src/material.rs:34:13: warning: unnecessary structure name repetition: help: use the applicable keyword: `Self`
crates/rs_cam_core/src/material.rs:41:13: warning: unnecessary structure name repetition: help: use the applicable keyword: `Self`
crates/rs_cam_core/src/material.rs:42:13: warning: unnecessary structure name repetition: help: use the applicable keyword: `Self`
crates/rs_cam_core/src/material.rs:43:13: warning: unnecessary structure name repetition: help: use the applicable keyword: `Self`
crates/rs_cam_core/src/material.rs:44:13: warning: unnecessary structure name repetition: help: use the applicable keyword: `Self`
crates/rs_cam_core/src/material.rs:45:13: warning: unnecessary structure name repetition: help: use the applicable keyword: `Self`
crates/rs_cam_core/src/material.rs:46:13: warning: unnecessary structure name repetition: help: use the applicable keyword: `Self`
crates/rs_cam_core/src/material.rs:47:13: warning: unnecessary structure name repetition: help: use the applicable keyword: `Self`
crates/rs_cam_core/src/material.rs:48:13: warning: unnecessary structure name repetition: help: use the applicable keyword: `Self`
crates/rs_cam_core/src/material.rs:52:5: warning: this could be a `const fn`
crates/rs_cam_core/src/material.rs:54:13: warning: unnecessary structure name repetition: help: use the applicable keyword: `Self`
crates/rs_cam_core/src/material.rs:55:13: warning: unnecessary structure name repetition: help: use the applicable keyword: `Self`
crates/rs_cam_core/src/material.rs:56:13: warning: unnecessary structure name repetition: help: use the applicable keyword: `Self`
crates/rs_cam_core/src/material.rs:57:13: warning: unnecessary structure name repetition: help: use the applicable keyword: `Self`
crates/rs_cam_core/src/material.rs:58:13: warning: unnecessary structure name repetition: help: use the applicable keyword: `Self`
crates/rs_cam_core/src/material.rs:59:13: warning: unnecessary structure name repetition: help: use the applicable keyword: `Self`
crates/rs_cam_core/src/material.rs:60:13: warning: unnecessary structure name repetition: help: use the applicable keyword: `Self`
crates/rs_cam_core/src/material.rs:61:13: warning: unnecessary structure name repetition: help: use the applicable keyword: `Self`
crates/rs_cam_core/src/material.rs:62:13: warning: unnecessary structure name repetition: help: use the applicable keyword: `Self`
crates/rs_cam_core/src/material.rs:63:13: warning: unnecessary structure name repetition: help: use the applicable keyword: `Self`
crates/rs_cam_core/src/material.rs:82:5: warning: this could be a `const fn`
crates/rs_cam_core/src/material.rs:84:13: warning: unnecessary structure name repetition: help: use the applicable keyword: `Self`
crates/rs_cam_core/src/material.rs:85:13: warning: unnecessary structure name repetition: help: use the applicable keyword: `Self`
crates/rs_cam_core/src/material.rs:86:13: warning: unnecessary structure name repetition: help: use the applicable keyword: `Self`
crates/rs_cam_core/src/material.rs:90:5: warning: this could be a `const fn`
crates/rs_cam_core/src/material.rs:92:13: warning: unnecessary structure name repetition: help: use the applicable keyword: `Self`
crates/rs_cam_core/src/material.rs:93:13: warning: unnecessary structure name repetition: help: use the applicable keyword: `Self`
crates/rs_cam_core/src/material.rs:94:13: warning: unnecessary structure name repetition: help: use the applicable keyword: `Self`
crates/rs_cam_core/src/material.rs:114:5: warning: this could be a `const fn`
crates/rs_cam_core/src/material.rs:116:13: warning: unnecessary structure name repetition: help: use the applicable keyword: `Self`
crates/rs_cam_core/src/material.rs:117:13: warning: unnecessary structure name repetition: help: use the applicable keyword: `Self`
crates/rs_cam_core/src/material.rs:118:13: warning: unnecessary structure name repetition: help: use the applicable keyword: `Self`
crates/rs_cam_core/src/material.rs:122:5: warning: this could be a `const fn`
crates/rs_cam_core/src/material.rs:124:13: warning: unnecessary structure name repetition: help: use the applicable keyword: `Self`
crates/rs_cam_core/src/material.rs:125:13: warning: unnecessary structure name repetition: help: use the applicable keyword: `Self`
crates/rs_cam_core/src/material.rs:126:13: warning: unnecessary structure name repetition: help: use the applicable keyword: `Self`
crates/rs_cam_core/src/material.rs:192:5: warning: this could be a `const fn`
crates/rs_cam_core/src/material.rs:194:13: warning: unnecessary structure name repetition: help: use the applicable keyword: `Self`
crates/rs_cam_core/src/material.rs:195:13: warning: unnecessary structure name repetition: help: use the applicable keyword: `Self`
crates/rs_cam_core/src/material.rs:196:13: warning: unnecessary structure name repetition: help: use the applicable keyword: `Self`
crates/rs_cam_core/src/material.rs:197:13: warning: unnecessary structure name repetition: help: use the applicable keyword: `Self`
crates/rs_cam_core/src/material.rs:198:13: warning: unnecessary structure name repetition: help: use the applicable keyword: `Self`
crates/rs_cam_core/src/material.rs:199:13: warning: unnecessary structure name repetition: help: use the applicable keyword: `Self`
crates/rs_cam_core/src/material.rs:200:13: warning: unnecessary structure name repetition: help: use the applicable keyword: `Self`
crates/rs_cam_core/src/material.rs:201:13: warning: unnecessary structure name repetition: help: use the applicable keyword: `Self`
crates/rs_cam_core/src/material.rs:202:13: warning: unnecessary structure name repetition: help: use the applicable keyword: `Self`
crates/rs_cam_core/src/material.rs:203:13: warning: unnecessary structure name repetition: help: use the applicable keyword: `Self`
crates/rs_cam_core/src/material.rs:204:13: warning: unnecessary structure name repetition: help: use the applicable keyword: `Self`
crates/rs_cam_core/src/material.rs:227:5: warning: this could be a `const fn`
crates/rs_cam_core/src/material.rs:229:13: warning: unnecessary structure name repetition: help: use the applicable keyword: `Self`
crates/rs_cam_core/src/material.rs:230:13: warning: unnecessary structure name repetition: help: use the applicable keyword: `Self`
crates/rs_cam_core/src/material.rs:231:13: warning: unnecessary structure name repetition: help: use the applicable keyword: `Self`
crates/rs_cam_core/src/material.rs:232:13: warning: unnecessary structure name repetition: help: use the applicable keyword: `Self`
crates/rs_cam_core/src/material.rs:233:13: warning: unnecessary structure name repetition: help: use the applicable keyword: `Self`
crates/rs_cam_core/src/material.rs:234:13: warning: unnecessary structure name repetition: help: use the applicable keyword: `Self`
crates/rs_cam_core/src/material.rs:235:13: warning: unnecessary structure name repetition: help: use the applicable keyword: `Self`
crates/rs_cam_core/src/material.rs:236:13: warning: unnecessary structure name repetition: help: use the applicable keyword: `Self`
crates/rs_cam_core/src/material.rs:237:13: warning: unnecessary structure name repetition: help: use the applicable keyword: `Self`
crates/rs_cam_core/src/material.rs:238:13: warning: unnecessary structure name repetition: help: use the applicable keyword: `Self`
crates/rs_cam_core/src/material.rs:239:13: warning: unnecessary structure name repetition: help: use the applicable keyword: `Self`
crates/rs_cam_core/src/material.rs:294:5: warning: this could be a `const fn`
crates/rs_cam_core/src/material.rs:296:13: warning: unnecessary structure name repetition: help: use the applicable keyword: `Self`
crates/rs_cam_core/src/material.rs:297:13: warning: unnecessary structure name repetition: help: use the applicable keyword: `Self`
crates/rs_cam_core/src/material.rs:298:13: warning: unnecessary structure name repetition: help: use the applicable keyword: `Self`
crates/rs_cam_core/src/material.rs:299:13: warning: unnecessary structure name repetition: help: use the applicable keyword: `Self`
crates/rs_cam_core/src/material.rs:300:13: warning: unnecessary structure name repetition: help: use the applicable keyword: `Self`
crates/rs_cam_core/src/material.rs:301:13: warning: unnecessary structure name repetition: help: use the applicable keyword: `Self`
crates/rs_cam_core/src/material.rs:302:13: warning: unnecessary structure name repetition: help: use the applicable keyword: `Self`
crates/rs_cam_core/src/material.rs:306:5: warning: this could be a `const fn`
crates/rs_cam_core/src/material.rs:308:13: warning: unnecessary structure name repetition: help: use the applicable keyword: `Self`
crates/rs_cam_core/src/material.rs:309:13: warning: unnecessary structure name repetition: help: use the applicable keyword: `Self`
crates/rs_cam_core/src/material.rs:310:13: warning: unnecessary structure name repetition: help: use the applicable keyword: `Self`
crates/rs_cam_core/src/material.rs:311:13: warning: unnecessary structure name repetition: help: use the applicable keyword: `Self`
crates/rs_cam_core/src/material.rs:312:13: warning: unnecessary structure name repetition: help: use the applicable keyword: `Self`
crates/rs_cam_core/src/material.rs:313:13: warning: unnecessary structure name repetition: help: use the applicable keyword: `Self`
crates/rs_cam_core/src/material.rs:314:13: warning: unnecessary structure name repetition: help: use the applicable keyword: `Self`
crates/rs_cam_core/src/material.rs:328:5: warning: this could be a `const fn`
crates/rs_cam_core/src/material.rs:330:13: warning: unnecessary structure name repetition: help: use the applicable keyword: `Self`
crates/rs_cam_core/src/material.rs:331:13: warning: unnecessary structure name repetition: help: use the applicable keyword: `Self`
crates/rs_cam_core/src/material.rs:332:13: warning: unnecessary structure name repetition: help: use the applicable keyword: `Self`
crates/rs_cam_core/src/material.rs:357:5: warning: this could be a `const fn`
crates/rs_cam_core/src/material.rs:359:13: warning: unnecessary structure name repetition: help: use the applicable keyword: `Self`
crates/rs_cam_core/src/material.rs:360:13: warning: unnecessary structure name repetition: help: use the applicable keyword: `Self`
crates/rs_cam_core/src/material.rs:389:5: warning: this could be a `const fn`
crates/rs_cam_core/src/material.rs:405:5: warning: this could be a `const fn`
crates/rs_cam_core/src/material.rs:405:31: warning: unnecessary structure name repetition: help: use the applicable keyword: `Self`
crates/rs_cam_core/src/material.rs:422:5: warning: this could be a `const fn`
crates/rs_cam_core/src/material.rs:510:1: warning: first doc comment paragraph is too long
crates/rs_cam_core/src/material.rs:637:9: warning: unnecessary structure name repetition: help: use the applicable keyword: `Self`
crates/rs_cam_core/src/material.rs:670:5: warning: this could be a `const fn`
crates/rs_cam_core/src/material.rs:673:13: warning: unnecessary structure name repetition: help: use the applicable keyword: `Self`
crates/rs_cam_core/src/material.rs:674:19: warning: unnecessary structure name repetition: help: use the applicable keyword: `Self`
crates/rs_cam_core/src/material.rs:675:19: warning: unnecessary structure name repetition: help: use the applicable keyword: `Self`
crates/rs_cam_core/src/material.rs:676:19: warning: unnecessary structure name repetition: help: use the applicable keyword: `Self`
crates/rs_cam_core/src/material.rs:719:13: warning: unnecessary structure name repetition: help: use the applicable keyword: `Self`
crates/rs_cam_core/src/material.rs:720:13: warning: unnecessary structure name repetition: help: use the applicable keyword: `Self`
crates/rs_cam_core/src/material.rs:732:13: warning: unnecessary structure name repetition: help: use the applicable keyword: `Self`
crates/rs_cam_core/src/material.rs:733:13: warning: unnecessary structure name repetition: help: use the applicable keyword: `Self`
crates/rs_cam_core/src/material.rs:734:13: warning: unnecessary structure name repetition: help: use the applicable keyword: `Self`
crates/rs_cam_core/src/material.rs:735:13: warning: unnecessary structure name repetition: help: use the applicable keyword: `Self`
crates/rs_cam_core/src/material.rs:736:13: warning: unnecessary structure name repetition: help: use the applicable keyword: `Self`
crates/rs_cam_core/src/material.rs:746:13: warning: unnecessary structure name repetition: help: use the applicable keyword: `Self`
crates/rs_cam_core/src/material.rs:747:13: warning: unnecessary structure name repetition: help: use the applicable keyword: `Self`
crates/rs_cam_core/src/material.rs:781:13: warning: unnecessary structure name repetition: help: use the applicable keyword: `Self`
crates/rs_cam_core/src/material.rs:782:13: warning: unnecessary structure name repetition: help: use the applicable keyword: `Self`
crates/rs_cam_core/src/material.rs:792:13: warning: unnecessary structure name repetition: help: use the applicable keyword: `Self`
crates/rs_cam_core/src/material.rs:793:13: warning: unnecessary structure name repetition: help: use the applicable keyword: `Self`
crates/rs_cam_core/src/material.rs:794:13: warning: unnecessary structure name repetition: help: use the applicable keyword: `Self`
crates/rs_cam_core/src/material.rs:795:15: warning: unnecessary structure name repetition: help: use the applicable keyword: `Self`
crates/rs_cam_core/src/material.rs:796:15: warning: unnecessary structure name repetition: help: use the applicable keyword: `Self`
crates/rs_cam_core/src/material.rs:797:15: warning: unnecessary structure name repetition: help: use the applicable keyword: `Self`
crates/rs_cam_core/src/material.rs:798:15: warning: unnecessary structure name repetition: help: use the applicable keyword: `Self`
crates/rs_cam_core/src/material.rs:849:13: warning: unnecessary structure name repetition: help: use the applicable keyword: `Self`
crates/rs_cam_core/src/material.rs:863:25: warning: these match arms have identical bodies
crates/rs_cam_core/src/material.rs:885:13: warning: unnecessary structure name repetition: help: use the applicable keyword: `Self`
crates/rs_cam_core/src/material.rs:893:13: warning: unnecessary structure name repetition: help: use the applicable keyword: `Self`
crates/rs_cam_core/src/material.rs:907:13: warning: unnecessary structure name repetition: help: use the applicable keyword: `Self`
crates/rs_cam_core/src/material.rs:927:13: warning: unnecessary structure name repetition: help: use the applicable keyword: `Self`
crates/rs_cam_core/src/material.rs:972:13: warning: unnecessary structure name repetition: help: use the applicable keyword: `Self`
crates/rs_cam_core/src/material.rs:978:13: warning: unnecessary structure name repetition: help: use the applicable keyword: `Self`
crates/rs_cam_core/src/material.rs:990:13: warning: unnecessary structure name repetition: help: use the applicable keyword: `Self`
crates/rs_cam_core/src/material.rs:991:13: warning: unnecessary structure name repetition: help: use the applicable keyword: `Self`
crates/rs_cam_core/src/material.rs:1003:5: warning: this could be a `const fn`
crates/rs_cam_core/src/material.rs:1005:13: warning: these match arms have identical bodies
crates/rs_cam_core/src/material.rs:1005:13: warning: unnecessary structure name repetition: help: use the applicable keyword: `Self`
crates/rs_cam_core/src/material.rs:1005:42: warning: unnecessary structure name repetition: help: use the applicable keyword: `Self`
crates/rs_cam_core/src/material.rs:1006:13: warning: unnecessary structure name repetition: help: use the applicable keyword: `Self`
crates/rs_cam_core/src/material.rs:1007:13: warning: unnecessary structure name repetition: help: use the applicable keyword: `Self`
crates/rs_cam_core/src/material.rs:1008:13: warning: unnecessary structure name repetition: help: use the applicable keyword: `Self`
crates/rs_cam_core/src/material.rs:1013:13: warning: unnecessary structure name repetition: help: use the applicable keyword: `Self`
crates/rs_cam_core/src/material.rs:1014:13: warning: unnecessary structure name repetition: help: use the applicable keyword: `Self`
crates/rs_cam_core/src/material.rs:1020:13: warning: unnecessary structure name repetition: help: use the applicable keyword: `Self`
crates/rs_cam_core/src/material.rs:1021:13: warning: unnecessary structure name repetition: help: use the applicable keyword: `Self`
crates/rs_cam_core/src/material.rs:1039:13: warning: unnecessary structure name repetition: help: use the applicable keyword: `Self`
crates/rs_cam_core/src/material.rs:1039:42: warning: unnecessary structure name repetition: help: use the applicable keyword: `Self`
crates/rs_cam_core/src/material.rs:1040:13: warning: unnecessary structure name repetition: help: use the applicable keyword: `Self`
crates/rs_cam_core/src/material.rs:1040:40: warning: unnecessary structure name repetition: help: use the applicable keyword: `Self`
crates/rs_cam_core/src/material.rs:1041:13: warning: unnecessary structure name repetition: help: use the applicable keyword: `Self`
crates/rs_cam_core/src/material.rs:1044:13: warning: unnecessary structure name repetition: help: use the applicable keyword: `Self`
crates/rs_cam_core/src/material.rs:1045:13: warning: unnecessary structure name repetition: help: use the applicable keyword: `Self`
crates/rs_cam_core/src/material.rs:1048:13: warning: unnecessary structure name repetition: help: use the applicable keyword: `Self`
crates/rs_cam_core/src/material.rs:1049:13: warning: unnecessary structure name repetition: help: use the applicable keyword: `Self`
crates/rs_cam_core/src/material.rs:1084:13: warning: these match arms have identical bodies
crates/rs_cam_core/src/material.rs:1072:13: warning: unnecessary structure name repetition: help: use the applicable keyword: `Self`
crates/rs_cam_core/src/material.rs:1076:13: warning: unnecessary structure name repetition: help: use the applicable keyword: `Self`
crates/rs_cam_core/src/material.rs:1079:13: warning: unnecessary structure name repetition: help: use the applicable keyword: `Self`
crates/rs_cam_core/src/material.rs:1079:40: warning: unnecessary structure name repetition: help: use the applicable keyword: `Self`
crates/rs_cam_core/src/material.rs:1080:13: warning: unnecessary structure name repetition: help: use the applicable keyword: `Self`
crates/rs_cam_core/src/material.rs:1084:13: warning: unnecessary structure name repetition: help: use the applicable keyword: `Self`
crates/rs_cam_core/src/material.rs:1085:13: warning: unnecessary structure name repetition: help: use the applicable keyword: `Self`
crates/rs_cam_core/src/material.rs:1089:13: warning: unnecessary structure name repetition: help: use the applicable keyword: `Self`
crates/rs_cam_core/src/material.rs:1090:13: warning: unnecessary structure name repetition: help: use the applicable keyword: `Self`
crates/rs_cam_core/src/material.rs:1118:13: warning: these match arms have identical bodies
crates/rs_cam_core/src/material.rs:1119:13: warning: these match arms have identical bodies
crates/rs_cam_core/src/material.rs:1114:13: warning: unnecessary structure name repetition: help: use the applicable keyword: `Self`
crates/rs_cam_core/src/material.rs:1115:13: warning: unnecessary structure name repetition: help: use the applicable keyword: `Self`
crates/rs_cam_core/src/material.rs:1118:13: warning: unnecessary structure name repetition: help: use the applicable keyword: `Self`
crates/rs_cam_core/src/material.rs:1118:40: warning: unnecessary structure name repetition: help: use the applicable keyword: `Self`
crates/rs_cam_core/src/material.rs:1119:13: warning: unnecessary structure name repetition: help: use the applicable keyword: `Self`
crates/rs_cam_core/src/material.rs:1122:13: warning: unnecessary structure name repetition: help: use the applicable keyword: `Self`
crates/rs_cam_core/src/material.rs:1123:13: warning: unnecessary structure name repetition: help: use the applicable keyword: `Self`
crates/rs_cam_core/src/material.rs:1126:13: warning: unnecessary structure name repetition: help: use the applicable keyword: `Self`
crates/rs_cam_core/src/material.rs:1127:13: warning: unnecessary structure name repetition: help: use the applicable keyword: `Self`
crates/rs_cam_core/src/material.rs:1179:5: warning: this could be a `const fn`
crates/rs_cam_core/src/material.rs:1181:13: warning: unnecessary structure name repetition: help: use the applicable keyword: `Self`
crates/rs_cam_core/src/material.rs:1181:42: warning: unnecessary structure name repetition: help: use the applicable keyword: `Self`
crates/rs_cam_core/src/material.rs:1182:13: warning: unnecessary structure name repetition: help: use the applicable keyword: `Self`
crates/rs_cam_core/src/material.rs:1182:40: warning: unnecessary structure name repetition: help: use the applicable keyword: `Self`
crates/rs_cam_core/src/material.rs:1183:13: warning: unnecessary structure name repetition: help: use the applicable keyword: `Self`
crates/rs_cam_core/src/material.rs:1188:13: warning: unnecessary structure name repetition: help: use the applicable keyword: `Self`
crates/rs_cam_core/src/material.rs:1189:13: warning: unnecessary structure name repetition: help: use the applicable keyword: `Self`
crates/rs_cam_core/src/material.rs:1193:13: warning: unnecessary structure name repetition: help: use the applicable keyword: `Self`
crates/rs_cam_core/src/material.rs:1194:13: warning: unnecessary structure name repetition: help: use the applicable keyword: `Self`
crates/rs_cam_core/src/material.rs:1201:13: warning: unnecessary structure name repetition: help: use the applicable keyword: `Self`
crates/rs_cam_core/src/material.rs:1202:13: warning: unnecessary structure name repetition: help: use the applicable keyword: `Self`
crates/rs_cam_core/src/material.rs:1203:13: warning: unnecessary structure name repetition: help: use the applicable keyword: `Self`
crates/rs_cam_core/src/material.rs:1204:13: warning: unnecessary structure name repetition: help: use the applicable keyword: `Self`
crates/rs_cam_core/src/material.rs:1205:13: warning: unnecessary structure name repetition: help: use the applicable keyword: `Self`
crates/rs_cam_core/src/material.rs:1206:13: warning: unnecessary structure name repetition: help: use the applicable keyword: `Self`
crates/rs_cam_core/src/material.rs:1207:13: warning: unnecessary structure name repetition: help: use the applicable keyword: `Self`
crates/rs_cam_core/src/material.rs:1208:13: warning: unnecessary structure name repetition: help: use the applicable keyword: `Self`
crates/rs_cam_core/src/material.rs:1209:13: warning: unnecessary structure name repetition: help: use the applicable keyword: `Self`
crates/rs_cam_core/src/material.rs:1225:13: warning: unnecessary structure name repetition: help: use the applicable keyword: `Self`
crates/rs_cam_core/src/material.rs:1232:13: warning: unnecessary structure name repetition: help: use the applicable keyword: `Self`
crates/rs_cam_core/src/material.rs:1239:13: warning: unnecessary structure name repetition: help: use the applicable keyword: `Self`
crates/rs_cam_core/src/material.rs:1240:13: warning: unnecessary structure name repetition: help: use the applicable keyword: `Self`
crates/rs_cam_core/src/material.rs:1241:13: warning: unnecessary structure name repetition: help: use the applicable keyword: `Self`
crates/rs_cam_core/src/material.rs:1242:13: warning: unnecessary structure name repetition: help: use the applicable keyword: `Self`
crates/rs_cam_core/src/material.rs:1243:13: warning: unnecessary structure name repetition: help: use the applicable keyword: `Self`
crates/rs_cam_core/src/material.rs:1244:13: warning: unnecessary structure name repetition: help: use the applicable keyword: `Self`
crates/rs_cam_core/src/material.rs:1245:13: warning: unnecessary structure name repetition: help: use the applicable keyword: `Self`
crates/rs_cam_core/src/material.rs:1250:5: warning: this function has too many lines (230/100)
crates/rs_cam_core/src/material.rs:1250:44: warning: unnecessary structure name repetition: help: use the applicable keyword: `Self`
crates/rs_cam_core/src/material.rs:1255:17: warning: unnecessary structure name repetition: help: use the applicable keyword: `Self`
crates/rs_cam_core/src/material.rs:1261:17: warning: unnecessary structure name repetition: help: use the applicable keyword: `Self`
crates/rs_cam_core/src/material.rs:1267:17: warning: unnecessary structure name repetition: help: use the applicable keyword: `Self`
crates/rs_cam_core/src/material.rs:1273:17: warning: unnecessary structure name repetition: help: use the applicable keyword: `Self`
crates/rs_cam_core/src/material.rs:1279:17: warning: unnecessary structure name repetition: help: use the applicable keyword: `Self`
crates/rs_cam_core/src/material.rs:1285:17: warning: unnecessary structure name repetition: help: use the applicable keyword: `Self`
crates/rs_cam_core/src/material.rs:1291:17: warning: unnecessary structure name repetition: help: use the applicable keyword: `Self`
crates/rs_cam_core/src/material.rs:1297:17: warning: unnecessary structure name repetition: help: use the applicable keyword: `Self`
crates/rs_cam_core/src/material.rs:1303:17: warning: unnecessary structure name repetition: help: use the applicable keyword: `Self`
crates/rs_cam_core/src/material.rs:1309:17: warning: unnecessary structure name repetition: help: use the applicable keyword: `Self`
crates/rs_cam_core/src/material.rs:1316:17: warning: unnecessary structure name repetition: help: use the applicable keyword: `Self`
crates/rs_cam_core/src/material.rs:1322:17: warning: unnecessary structure name repetition: help: use the applicable keyword: `Self`
crates/rs_cam_core/src/material.rs:1328:17: warning: unnecessary structure name repetition: help: use the applicable keyword: `Self`
crates/rs_cam_core/src/material.rs:1335:17: warning: unnecessary structure name repetition: help: use the applicable keyword: `Self`
crates/rs_cam_core/src/material.rs:1341:17: warning: unnecessary structure name repetition: help: use the applicable keyword: `Self`
crates/rs_cam_core/src/material.rs:1347:17: warning: unnecessary structure name repetition: help: use the applicable keyword: `Self`
crates/rs_cam_core/src/material.rs:1354:17: warning: unnecessary structure name repetition: help: use the applicable keyword: `Self`
crates/rs_cam_core/src/material.rs:1360:17: warning: unnecessary structure name repetition: help: use the applicable keyword: `Self`
crates/rs_cam_core/src/material.rs:1366:17: warning: unnecessary structure name repetition: help: use the applicable keyword: `Self`
crates/rs_cam_core/src/material.rs:1372:17: warning: unnecessary structure name repetition: help: use the applicable keyword: `Self`
crates/rs_cam_core/src/material.rs:1378:17: warning: unnecessary structure name repetition: help: use the applicable keyword: `Self`
crates/rs_cam_core/src/material.rs:1384:17: warning: unnecessary structure name repetition: help: use the applicable keyword: `Self`
crates/rs_cam_core/src/material.rs:1390:17: warning: unnecessary structure name repetition: help: use the applicable keyword: `Self`
crates/rs_cam_core/src/material.rs:1396:17: warning: unnecessary structure name repetition: help: use the applicable keyword: `Self`
crates/rs_cam_core/src/material.rs:1402:17: warning: unnecessary structure name repetition: help: use the applicable keyword: `Self`
crates/rs_cam_core/src/material.rs:1408:17: warning: unnecessary structure name repetition: help: use the applicable keyword: `Self`
crates/rs_cam_core/src/material.rs:1415:17: warning: unnecessary structure name repetition: help: use the applicable keyword: `Self`
crates/rs_cam_core/src/material.rs:1421:17: warning: unnecessary structure name repetition: help: use the applicable keyword: `Self`
crates/rs_cam_core/src/material.rs:1427:17: warning: unnecessary structure name repetition: help: use the applicable keyword: `Self`
crates/rs_cam_core/src/material.rs:1433:17: warning: unnecessary structure name repetition: help: use the applicable keyword: `Self`
crates/rs_cam_core/src/material.rs:1439:17: warning: unnecessary structure name repetition: help: use the applicable keyword: `Self`
crates/rs_cam_core/src/material.rs:1445:17: warning: unnecessary structure name repetition: help: use the applicable keyword: `Self`
crates/rs_cam_core/src/material.rs:1451:17: warning: unnecessary structure name repetition: help: use the applicable keyword: `Self`
crates/rs_cam_core/src/material.rs:1458:17: warning: unnecessary structure name repetition: help: use the applicable keyword: `Self`
crates/rs_cam_core/src/material.rs:1464:17: warning: unnecessary structure name repetition: help: use the applicable keyword: `Self`
crates/rs_cam_core/src/material.rs:1470:17: warning: unnecessary structure name repetition: help: use the applicable keyword: `Self`
crates/rs_cam_core/src/material.rs:1477:17: warning: unnecessary structure name repetition: help: use the applicable keyword: `Self`
crates/rs_cam_core/src/material.rs:1483:17: warning: unnecessary structure name repetition: help: use the applicable keyword: `Self`
crates/rs_cam_core/src/material.rs:1518:81: warning: unnecessary structure name repetition: help: use the applicable keyword: `Self`
crates/rs_cam_core/src/material.rs:1522:77: warning: unnecessary structure name repetition: help: use the applicable keyword: `Self`
crates/rs_cam_core/src/material.rs:1540:26: warning: unnecessary structure name repetition: help: use the applicable keyword: `Self`
crates/rs_cam_core/src/material.rs:1551:17: warning: unnecessary structure name repetition: help: use the applicable keyword: `Self`
crates/rs_cam_core/src/material.rs:1564:24: warning: unnecessary structure name repetition: help: use the applicable keyword: `Self`
crates/rs_cam_core/src/material.rs:1585:69: warning: casting `f64` to `i64` may truncate the value
crates/rs_cam_core/src/material.rs:1586:23: warning: unnecessary structure name repetition: help: use the applicable keyword: `Self`
crates/rs_cam_core/src/material.rs:1595:31: warning: it is more concise to loop over references to containers instead of using explicit iteration methods: help: to write this more concisely, try: `&mut groups`
crates/rs_cam_core/src/material.rs:1617:13: warning: unnecessary structure name repetition: help: use the applicable keyword: `Self`
crates/rs_cam_core/src/material.rs:1630:13: warning: unnecessary structure name repetition: help: use the applicable keyword: `Self`
crates/rs_cam_core/src/material.rs:1636:13: warning: unnecessary structure name repetition: help: use the applicable keyword: `Self`
crates/rs_cam_core/src/material.rs:1642:13: warning: unnecessary structure name repetition: help: use the applicable keyword: `Self`
crates/rs_cam_core/src/material.rs:1656:13: warning: unnecessary structure name repetition: help: use the applicable keyword: `Self`
crates/rs_cam_core/src/material.rs:1666:13: warning: unnecessary structure name repetition: help: use the applicable keyword: `Self`
crates/rs_cam_core/src/material.rs:1672:13: warning: unnecessary structure name repetition: help: use the applicable keyword: `Self`
crates/rs_cam_core/src/material.rs:1677:13: warning: unnecessary structure name repetition: help: use the applicable keyword: `Self`
crates/rs_cam_core/src/material.rs:1688:13: warning: unnecessary structure name repetition: help: use the applicable keyword: `Self`
crates/rs_cam_core/src/material.rs:1722:5: warning: this function has too many lines (138/100)
crates/rs_cam_core/src/material.rs:1731:13: warning: these match arms have identical bodies
crates/rs_cam_core/src/material.rs:1724:27: warning: unnecessary structure name repetition: help: use the applicable keyword: `Self`
crates/rs_cam_core/src/material.rs:1727:31: warning: unnecessary structure name repetition: help: use the applicable keyword: `Self`
crates/rs_cam_core/src/material.rs:1731:32: warning: unnecessary structure name repetition: help: use the applicable keyword: `Self`
crates/rs_cam_core/src/material.rs:1739:39: warning: unnecessary structure name repetition: help: use the applicable keyword: `Self`
crates/rs_cam_core/src/material.rs:1742:27: warning: unnecessary structure name repetition: help: use the applicable keyword: `Self`
crates/rs_cam_core/src/material.rs:1745:29: warning: unnecessary structure name repetition: help: use the applicable keyword: `Self`
crates/rs_cam_core/src/material.rs:1748:25: warning: unnecessary structure name repetition: help: use the applicable keyword: `Self`
crates/rs_cam_core/src/material.rs:1751:24: warning: unnecessary structure name repetition: help: use the applicable keyword: `Self`
crates/rs_cam_core/src/material.rs:1754:28: warning: unnecessary structure name repetition: help: use the applicable keyword: `Self`
crates/rs_cam_core/src/material.rs:1757:25: warning: unnecessary structure name repetition: help: use the applicable keyword: `Self`
crates/rs_cam_core/src/material.rs:1760:22: warning: unnecessary structure name repetition: help: use the applicable keyword: `Self`
crates/rs_cam_core/src/material.rs:1763:35: warning: unnecessary structure name repetition: help: use the applicable keyword: `Self`
crates/rs_cam_core/src/material.rs:1766:31: warning: unnecessary structure name repetition: help: use the applicable keyword: `Self`
crates/rs_cam_core/src/material.rs:1769:35: warning: unnecessary structure name repetition: help: use the applicable keyword: `Self`
crates/rs_cam_core/src/material.rs:1772:22: warning: unnecessary structure name repetition: help: use the applicable keyword: `Self`
crates/rs_cam_core/src/material.rs:1775:22: warning: unnecessary structure name repetition: help: use the applicable keyword: `Self`
crates/rs_cam_core/src/material.rs:1778:32: warning: unnecessary structure name repetition: help: use the applicable keyword: `Self`
crates/rs_cam_core/src/material.rs:1781:26: warning: unnecessary structure name repetition: help: use the applicable keyword: `Self`
crates/rs_cam_core/src/material.rs:1784:26: warning: unnecessary structure name repetition: help: use the applicable keyword: `Self`
crates/rs_cam_core/src/material.rs:1787:23: warning: unnecessary structure name repetition: help: use the applicable keyword: `Self`
crates/rs_cam_core/src/material.rs:1790:25: warning: unnecessary structure name repetition: help: use the applicable keyword: `Self`
crates/rs_cam_core/src/material.rs:1793:32: warning: unnecessary structure name repetition: help: use the applicable keyword: `Self`
crates/rs_cam_core/src/material.rs:1796:26: warning: unnecessary structure name repetition: help: use the applicable keyword: `Self`
crates/rs_cam_core/src/material.rs:1799:32: warning: unnecessary structure name repetition: help: use the applicable keyword: `Self`
crates/rs_cam_core/src/material.rs:1802:26: warning: unnecessary structure name repetition: help: use the applicable keyword: `Self`
crates/rs_cam_core/src/material.rs:1805:22: warning: unnecessary structure name repetition: help: use the applicable keyword: `Self`
crates/rs_cam_core/src/material.rs:1808:23: warning: unnecessary structure name repetition: help: use the applicable keyword: `Self`
crates/rs_cam_core/src/material.rs:1811:28: warning: unnecessary structure name repetition: help: use the applicable keyword: `Self`
crates/rs_cam_core/src/material.rs:1814:35: warning: unnecessary structure name repetition: help: use the applicable keyword: `Self`
crates/rs_cam_core/src/material.rs:1817:35: warning: unnecessary structure name repetition: help: use the applicable keyword: `Self`
crates/rs_cam_core/src/material.rs:1820:35: warning: unnecessary structure name repetition: help: use the applicable keyword: `Self`
crates/rs_cam_core/src/material.rs:1823:36: warning: unnecessary structure name repetition: help: use the applicable keyword: `Self`
crates/rs_cam_core/src/material.rs:1826:36: warning: unnecessary structure name repetition: help: use the applicable keyword: `Self`
crates/rs_cam_core/src/material.rs:1829:34: warning: unnecessary structure name repetition: help: use the applicable keyword: `Self`
crates/rs_cam_core/src/material.rs:1832:38: warning: unnecessary structure name repetition: help: use the applicable keyword: `Self`
crates/rs_cam_core/src/material.rs:1835:27: warning: unnecessary structure name repetition: help: use the applicable keyword: `Self`
crates/rs_cam_core/src/material.rs:1838:30: warning: unnecessary structure name repetition: help: use the applicable keyword: `Self`
crates/rs_cam_core/src/material.rs:1841:28: warning: unnecessary structure name repetition: help: use the applicable keyword: `Self`
crates/rs_cam_core/src/material.rs:1844:37: warning: unnecessary structure name repetition: help: use the applicable keyword: `Self`
crates/rs_cam_core/src/material.rs:1847:37: warning: unnecessary structure name repetition: help: use the applicable keyword: `Self`
crates/rs_cam_core/src/material.rs:1860:28: warning: unnecessary structure name repetition: help: use the applicable keyword: `Self`
crates/rs_cam_core/src/material.rs:1866:17: warning: unnecessary structure name repetition: help: use the applicable keyword: `Self`
crates/rs_cam_core/src/material.rs:1868:18: warning: unnecessary structure name repetition: help: use the applicable keyword: `Self`
crates/rs_cam_core/src/measurement.rs:187:1: warning: first doc comment paragraph is too long
crates/rs_cam_core/src/measurement.rs:376:13: warning: `format!(..)` appended to existing `String`
crates/rs_cam_core/src/measurement.rs:567:1: warning: first doc comment paragraph is too long
crates/rs_cam_core/src/measurement.rs:577:1: warning: first doc comment paragraph is too long
crates/rs_cam_core/src/measurement.rs:720:20: warning: casting `usize` to `f64` may cause a loss of precision (`usize` can be up to 64 bits wide depending on the target architecture, but `f64`'s mantissa is only 52 bits wide)
crates/rs_cam_core/src/measurement.rs:740:15: warning: hypotenuse can be computed more accurately: help: consider using: `dx.hypot(dy)`
crates/rs_cam_core/src/measurement.rs:743:17: warning: casting `f64` to `usize` may truncate the value
crates/rs_cam_core/src/measurement.rs:743:17: warning: casting `f64` to `usize` may lose the sign of the value
crates/rs_cam_core/src/measurement.rs:745:17: warning: casting `usize` to `f64` may cause a loss of precision (`usize` can be up to 64 bits wide depending on the target architecture, but `f64`'s mantissa is only 52 bits wide)
crates/rs_cam_core/src/measurement.rs:745:28: warning: casting `usize` to `f64` may cause a loss of precision (`usize` can be up to 64 bits wide depending on the target architecture, but `f64`'s mantissa is only 52 bits wide)
crates/rs_cam_core/src/measurement.rs:746:17: warning: multiply and add expressions may be calculated more efficiently and accurately: help: consider using: `dx.mul_add(t, a.x)`
crates/rs_cam_core/src/measurement.rs:747:17: warning: multiply and add expressions may be calculated more efficiently and accurately: help: consider using: `dy.mul_add(t, a.y)`
crates/rs_cam_core/src/measurement.rs:761:19: warning: casting `f64` to `i64` may truncate the value
crates/rs_cam_core/src/measurement.rs:762:19: warning: casting `f64` to `i64` may truncate the value
crates/rs_cam_core/src/measurement.rs:764:22: warning: casting `i64` to `f64` may cause a loss of precision (`i64` is 64 bits wide, but `f64`'s mantissa is only 52 bits wide)
crates/rs_cam_core/src/measurement.rs:776:22: warning: multiply and add expressions may be calculated more efficiently and accurately: help: consider using: `radius_mm.mul_add(radius_mm, -(dy * dy))`
crates/rs_cam_core/src/measurement.rs:777:23: warning: casting `f64` to `i64` may truncate the value
crates/rs_cam_core/src/measurement.rs:778:23: warning: casting `f64` to `i64` may truncate the value
crates/rs_cam_core/src/memo.rs:47:1: warning: pub(crate) struct inside private module
crates/rs_cam_core/src/memo.rs:60:5: warning: this could be a `const fn`
crates/rs_cam_core/src/mesh.rs:58:21: warning: casts from `f32` to `f64` can be expressed infallibly using `From`
crates/rs_cam_core/src/mesh.rs:59:21: warning: casts from `f32` to `f64` can be expressed infallibly using `From`
crates/rs_cam_core/src/mesh.rs:60:21: warning: casts from `f32` to `f64` can be expressed infallibly using `From`
crates/rs_cam_core/src/mesh.rs:71:21: warning: casting `usize` to `u32` may truncate the value on targets with 64-bit wide pointers
crates/rs_cam_core/src/mesh.rs:72:21: warning: casting `usize` to `u32` may truncate the value on targets with 64-bit wide pointers
crates/rs_cam_core/src/mesh.rs:73:21: warning: casting `usize` to `u32` may truncate the value on targets with 64-bit wide pointers
crates/rs_cam_core/src/mesh.rs:153:21: warning: casts from `f32` to `f64` can be expressed infallibly using `From`
crates/rs_cam_core/src/mesh.rs:154:21: warning: casts from `f32` to `f64` can be expressed infallibly using `From`
crates/rs_cam_core/src/mesh.rs:155:21: warning: casts from `f32` to `f64` can be expressed infallibly using `From`
crates/rs_cam_core/src/mesh.rs:165:21: warning: casting `usize` to `u32` may truncate the value on targets with 64-bit wide pointers
crates/rs_cam_core/src/mesh.rs:166:21: warning: casting `usize` to `u32` may truncate the value on targets with 64-bit wide pointers
crates/rs_cam_core/src/mesh.rs:167:21: warning: casting `usize` to `u32` may truncate the value on targets with 64-bit wide pointers
crates/rs_cam_core/src/mesh.rs:270:13: warning: casting `usize` to `f64` may cause a loss of precision (`usize` can be up to 64 bits wide depending on the target architecture, but `f64`'s mantissa is only 52 bits wide)
crates/rs_cam_core/src/mesh.rs:270:35: warning: casting `usize` to `f64` may cause a loss of precision (`usize` can be up to 64 bits wide depending on the target architecture, but `f64`'s mantissa is only 52 bits wide)
crates/rs_cam_core/src/mesh.rs:308:20: warning: called `map(<f>).unwrap_or(<a>)` on an `Option` value
crates/rs_cam_core/src/mesh.rs:385:5: warning: missing `#[must_use]` attribute on a method returning `Self`
crates/rs_cam_core/src/mesh.rs:509:25: warning: casting `usize` to `f64` may cause a loss of precision (`usize` can be up to 64 bits wide depending on the target architecture, but `f64`'s mantissa is only 52 bits wide)
crates/rs_cam_core/src/mesh.rs:539:28: warning: casting `f64` to `usize` may truncate the value
crates/rs_cam_core/src/mesh.rs:539:28: warning: casting `f64` to `usize` may lose the sign of the value
crates/rs_cam_core/src/mesh.rs:540:28: warning: casting `f64` to `usize` may truncate the value
crates/rs_cam_core/src/mesh.rs:540:28: warning: casting `f64` to `usize` may lose the sign of the value
crates/rs_cam_core/src/mesh.rs:562:22: warning: casting `f64` to `isize` may truncate the value
crates/rs_cam_core/src/mesh.rs:563:22: warning: casting `f64` to `isize` may truncate the value
crates/rs_cam_core/src/mesh.rs:564:22: warning: casting `f64` to `isize` may truncate the value
crates/rs_cam_core/src/mesh.rs:565:22: warning: casting `f64` to `isize` may truncate the value
crates/rs_cam_core/src/mesh.rs:566:22: warning: casting `isize` to `usize` may lose the sign of the value: help: if this is intentional, use `cast_unsigned()` instead: `x0.max(0).cast_unsigned()`
crates/rs_cam_core/src/mesh.rs:567:22: warning: casting `isize` to `usize` may lose the sign of the value: help: if this is intentional, use `cast_unsigned()` instead: `x1.cast_unsigned()`
crates/rs_cam_core/src/mesh.rs:568:22: warning: casting `isize` to `usize` may lose the sign of the value: help: if this is intentional, use `cast_unsigned()` instead: `y0.max(0).cast_unsigned()`
crates/rs_cam_core/src/mesh.rs:569:22: warning: casting `isize` to `usize` may lose the sign of the value: help: if this is intentional, use `cast_unsigned()` instead: `y1.cast_unsigned()`
crates/rs_cam_core/src/mesh.rs:637:18: warning: casting `f64` to `isize` may truncate the value
crates/rs_cam_core/src/mesh.rs:638:18: warning: casting `f64` to `isize` may truncate the value
crates/rs_cam_core/src/mesh.rs:639:18: warning: casting `f64` to `isize` may truncate the value
crates/rs_cam_core/src/mesh.rs:640:18: warning: casting `f64` to `isize` may truncate the value
crates/rs_cam_core/src/mesh.rs:642:18: warning: casting `isize` to `usize` may lose the sign of the value: help: if this is intentional, use `cast_unsigned()` instead: `x0.max(0).cast_unsigned()`
crates/rs_cam_core/src/mesh.rs:643:18: warning: casting `isize` to `usize` may lose the sign of the value: help: if this is intentional, use `cast_unsigned()` instead: `x1.cast_unsigned()`
crates/rs_cam_core/src/mesh.rs:644:18: warning: casting `isize` to `usize` may lose the sign of the value: help: if this is intentional, use `cast_unsigned()` instead: `y0.max(0).cast_unsigned()`
crates/rs_cam_core/src/mesh.rs:645:18: warning: casting `isize` to `usize` may lose the sign of the value: help: if this is intentional, use `cast_unsigned()` instead: `y1.cast_unsigned()`
crates/rs_cam_core/src/mesh.rs:691:5: warning: this could be a `const fn`
crates/rs_cam_core/src/mesh.rs:790:18: warning: casting `f64` to `isize` may truncate the value
crates/rs_cam_core/src/mesh.rs:791:18: warning: casting `f64` to `isize` may truncate the value
crates/rs_cam_core/src/mesh.rs:792:18: warning: casting `f64` to `isize` may truncate the value
crates/rs_cam_core/src/mesh.rs:793:18: warning: casting `f64` to `isize` may truncate the value
crates/rs_cam_core/src/mesh.rs:795:18: warning: casting `isize` to `usize` may lose the sign of the value: help: if this is intentional, use `cast_unsigned()` instead: `x0.max(0).cast_unsigned()`
crates/rs_cam_core/src/mesh.rs:796:18: warning: casting `isize` to `usize` may lose the sign of the value: help: if this is intentional, use `cast_unsigned()` instead: `x1.cast_unsigned()`
crates/rs_cam_core/src/mesh.rs:797:18: warning: casting `isize` to `usize` may lose the sign of the value: help: if this is intentional, use `cast_unsigned()` instead: `y0.max(0).cast_unsigned()`
crates/rs_cam_core/src/mesh.rs:798:18: warning: casting `isize` to `usize` may lose the sign of the value: help: if this is intentional, use `cast_unsigned()` instead: `y1.cast_unsigned()`
crates/rs_cam_core/src/mesh.rs:846:25: warning: casting `f64` to `usize` may truncate the value
crates/rs_cam_core/src/mesh.rs:846:25: warning: casting `f64` to `usize` may lose the sign of the value
crates/rs_cam_core/src/mesh.rs:846:38: warning: casting `f64` to `usize` may truncate the value
crates/rs_cam_core/src/mesh.rs:846:38: warning: casting `f64` to `usize` may lose the sign of the value
crates/rs_cam_core/src/mesh.rs:889:56: warning: casting `usize` to `f64` may cause a loss of precision (`usize` can be up to 64 bits wide depending on the target architecture, but `f64`'s mantissa is only 52 bits wide)
crates/rs_cam_core/src/mesh.rs:889:67: warning: casting `usize` to `f64` may cause a loss of precision (`usize` can be up to 64 bits wide depending on the target architecture, but `f64`'s mantissa is only 52 bits wide)
crates/rs_cam_core/src/mesh.rs:895:54: warning: casting `usize` to `f64` may cause a loss of precision (`usize` can be up to 64 bits wide depending on the target architecture, but `f64`'s mantissa is only 52 bits wide)
crates/rs_cam_core/src/mesh.rs:895:65: warning: casting `usize` to `f64` may cause a loss of precision (`usize` can be up to 64 bits wide depending on the target architecture, but `f64`'s mantissa is only 52 bits wide)
crates/rs_cam_core/src/mesh.rs:905:28: warning: casting `usize` to `u32` may truncate the value on targets with 64-bit wide pointers
crates/rs_cam_core/src/mesh.rs:905:44: warning: casting `usize` to `u32` may truncate the value on targets with 64-bit wide pointers
crates/rs_cam_core/src/mesh.rs:914:21: warning: casting `usize` to `u32` may truncate the value on targets with 64-bit wide pointers
crates/rs_cam_core/src/mesh.rs:915:21: warning: casting `usize` to `u32` may truncate the value on targets with 64-bit wide pointers
crates/rs_cam_core/src/mesh.rs:916:21: warning: casting `usize` to `u32` may truncate the value on targets with 64-bit wide pointers
crates/rs_cam_core/src/mesh.rs:917:21: warning: casting `usize` to `u32` may truncate the value on targets with 64-bit wide pointers
crates/rs_cam_core/src/metrology/census.rs:100:1: warning: first doc comment paragraph is too long
crates/rs_cam_core/src/metrology/census.rs:178:21: warning: casting `f64` to `i64` may truncate the value
crates/rs_cam_core/src/metrology/census.rs:179:21: warning: casting `f64` to `i64` may truncate the value
crates/rs_cam_core/src/metrology/census.rs:180:44: warning: casting `i64` to `usize` may truncate the value on targets with 32-bit wide pointers
crates/rs_cam_core/src/metrology/census.rs:180:44: warning: casting `i64` to `usize` may lose the sign of the value
crates/rs_cam_core/src/metrology/census.rs:182:21: warning: casting `f64` to `i64` may truncate the value
crates/rs_cam_core/src/metrology/census.rs:183:21: warning: casting `f64` to `i64` may truncate the value
crates/rs_cam_core/src/metrology/census.rs:184:51: warning: casting `i64` to `usize` may truncate the value on targets with 32-bit wide pointers
crates/rs_cam_core/src/metrology/census.rs:184:51: warning: casting `i64` to `usize` may lose the sign of the value
crates/rs_cam_core/src/metrology/census.rs:185:29: warning: casting `usize` to `u32` may truncate the value on targets with 64-bit wide pointers
crates/rs_cam_core/src/metrology/census.rs:201:5: warning: this could be a `const fn`
crates/rs_cam_core/src/metrology/census.rs:206:5: warning: this could be a `const fn`
crates/rs_cam_core/src/metrology/census.rs:211:17: warning: casting `f64` to `i64` may truncate the value
crates/rs_cam_core/src/metrology/census.rs:212:17: warning: casting `f64` to `i64` may truncate the value
crates/rs_cam_core/src/metrology/census.rs:243:57: warning: casting `i64` to `usize` may truncate the value on targets with 32-bit wide pointers
crates/rs_cam_core/src/metrology/census.rs:243:57: warning: casting `i64` to `usize` may lose the sign of the value
crates/rs_cam_core/src/metrology/census.rs:256:33: warning: hypotenuse can be computed more accurately: help: consider using: `dx.hypot(dy)`
crates/rs_cam_core/src/metrology/census.rs:263:30: warning: casting `i64` to `f64` may cause a loss of precision (`i64` is 64 bits wide, but `f64`'s mantissa is only 52 bits wide)
crates/rs_cam_core/src/metrology/census.rs:352:1: warning: this function has too many lines (112/100)
crates/rs_cam_core/src/metrology/census.rs:431:29: warning: casting `usize` to `f64` may cause a loss of precision (`usize` can be up to 64 bits wide depending on the target architecture, but `f64`'s mantissa is only 52 bits wide)
crates/rs_cam_core/src/metrology/census.rs:431:47: warning: casting `usize` to `f64` may cause a loss of precision (`usize` can be up to 64 bits wide depending on the target architecture, but `f64`'s mantissa is only 52 bits wide)
crates/rs_cam_core/src/metrology/census.rs:460:29: warning: casting `usize` to `f64` may cause a loss of precision (`usize` can be up to 64 bits wide depending on the target architecture, but `f64`'s mantissa is only 52 bits wide)
crates/rs_cam_core/src/metrology/census.rs:460:50: warning: casting `usize` to `f64` may cause a loss of precision (`usize` can be up to 64 bits wide depending on the target architecture, but `f64`'s mantissa is only 52 bits wide)
crates/rs_cam_core/src/metrology/census.rs:500:5: warning: this could be a `const fn`
crates/rs_cam_core/src/metrology/costing.rs:25:52: warning: code link adjacent to code text
crates/rs_cam_core/src/metrology/costing.rs:206:18: warning: use Option::map_or instead of an if let/else
crates/rs_cam_core/src/metrology/floor.rs:120:1: warning: first doc comment paragraph is too long
crates/rs_cam_core/src/metrology/floor.rs:147:29: warning: use Option::map_or_else instead of an if let/else: help: try: `region.map_or_else(|| (0..mesh.faces.len() as u32).collect(), |list| list.to_vec())`
crates/rs_cam_core/src/metrology/floor.rs:149:21: warning: casting `usize` to `u32` may truncate the value on targets with 64-bit wide pointers
crates/rs_cam_core/src/metrology/floor.rs:188:1: warning: first doc comment paragraph is too long
crates/rs_cam_core/src/metrology/monge.rs:156:19: warning: multiply and add expressions may be calculated more efficiently and accurately: help: consider using: `(p2.x - p1.x).mul_add(p0.y - p2.y, (p1.y - p2.y) * (p0.x - p2.x))`
crates/rs_cam_core/src/metrology/monge.rs:160:18: warning: multiply and add expressions may be calculated more efficiently and accurately: help: consider using: `(p2.x - p1.x).mul_add(at.y - p2.y, (p1.y - p2.y) * (at.x - p2.x))`
crates/rs_cam_core/src/metrology/monge.rs:161:18: warning: multiply and add expressions may be calculated more efficiently and accurately: help: consider using: `(p0.x - p2.x).mul_add(at.y - p2.y, (p2.y - p0.y) * (at.x - p2.x))`
crates/rs_cam_core/src/metrology/monge.rs:166:17: warning: multiply and add expressions may be calculated more efficiently and accurately: help: consider using: `l1.mul_add(p1.z, l0 * p0.z)`
crates/rs_cam_core/src/metrology/monge.rs:222:17: warning: multiply and add expressions may be calculated more efficiently and accurately: help: consider using: `m[row][k] = factor.mul_add(-pivot_row, m[row][k])`
crates/rs_cam_core/src/metrology/monge.rs:266:23: warning: multiply and add expressions may be calculated more efficiently and accurately: help: consider using: `f_y.mul_add(f_y, 1.0 + f_x * f_x)`
crates/rs_cam_core/src/metrology/monge.rs:266:24: warning: multiply and add expressions may be calculated more efficiently and accurately: help: consider using: `f_x.mul_add(f_x, 1.0)`
crates/rs_cam_core/src/metrology/monge.rs:267:18: warning: multiply and add expressions may be calculated more efficiently and accurately: help: consider using: `f_x.mul_add(f_x, 1.0)`
crates/rs_cam_core/src/metrology/monge.rs:269:18: warning: multiply and add expressions may be calculated more efficiently and accurately: help: consider using: `f_y.mul_add(f_y, 1.0)`
crates/rs_cam_core/src/metrology/monge.rs:274:15: warning: multiply and add expressions may be calculated more efficiently and accurately: help: consider using: `form_f.mul_add(-form_f, form_e * form_g)`
crates/rs_cam_core/src/metrology/monge.rs:276:17: warning: multiply and add expressions may be calculated more efficiently and accurately: help: consider using: `(2.0 * form_f).mul_add(-form_m, form_e * form_n)`
crates/rs_cam_core/src/metrology/monge.rs:282:15: warning: multiply and add expressions may be calculated more efficiently and accurately: help: consider using: `form_f.mul_add(-form_m, form_g * form_l)`
crates/rs_cam_core/src/metrology/monge.rs:283:15: warning: multiply and add expressions may be calculated more efficiently and accurately: help: consider using: `form_f.mul_add(-form_n, form_g * form_m)`
crates/rs_cam_core/src/metrology/monge.rs:284:15: warning: multiply and add expressions may be calculated more efficiently and accurately: help: consider using: `form_f.mul_add(-form_l, form_e * form_m)`
crates/rs_cam_core/src/metrology/monge.rs:285:15: warning: multiply and add expressions may be calculated more efficiently and accurately: help: consider using: `form_f.mul_add(-form_m, form_e * form_n)`
crates/rs_cam_core/src/metrology/monge.rs:290:14: warning: hypotenuse can be computed more accurately: help: consider using: `row1[0].hypot(row1[1])`
crates/rs_cam_core/src/metrology/monge.rs:291:14: warning: hypotenuse can be computed more accurately: help: consider using: `row2[0].hypot(row2[1])`
crates/rs_cam_core/src/metrology/monge.rs:365:22: warning: multiply and add expressions may be calculated more efficiently and accurately: help: consider using: `dy.mul_add(dy, dx * dx)`
crates/rs_cam_core/src/metrology/monge.rs:375:21: warning: multiply and add expressions may be calculated more efficiently and accurately: help: consider using: `normal[i][j] = bi.mul_add(bj, normal[i][j])`
crates/rs_cam_core/src/metrology/monge.rs:377:17: warning: multiply and add expressions may be calculated more efficiently and accurately: help: consider using: `rhs[i] = bi.mul_add(w, rhs[i])`
crates/rs_cam_core/src/metrology/monge.rs:379:13: warning: multiply and add expressions may be calculated more efficiently and accurately: help: consider using: `sum_w2 = w.mul_add(w, sum_w2)`
crates/rs_cam_core/src/metrology/monge.rs:388:21: warning: casting `usize` to `f64` may cause a loss of precision (`usize` can be up to 64 bits wide depending on the target architecture, but `f64`'s mantissa is only 52 bits wide)
crates/rs_cam_core/src/metrology/monge.rs:425:15: warning: multiply and add expressions may be calculated more efficiently and accurately: help: consider using: `fit.form_g.mul_add(q, fit.form_f * p)`
crates/rs_cam_core/src/metrology/monge.rs:426:14: warning: multiply and add expressions may be calculated more efficiently and accurately: help: consider using: `fit.form_f.mul_add(q, fit.form_e * p)`
crates/rs_cam_core/src/metrology/monge.rs:427:15: warning: multiply and add expressions may be calculated more efficiently and accurately: help: consider using: `(fit.form_n * qq).mul_add(qq, fit.form_l * pp * pp + 2.0 * fit.form_m * pp * qq)`
crates/rs_cam_core/src/metrology/monge.rs:427:15: warning: multiply and add expressions may be calculated more efficiently and accurately: help: consider using: `(2.0 * fit.form_m * pp).mul_add(qq, fit.form_l * pp * pp)`
crates/rs_cam_core/src/metrology/monge.rs:428:15: warning: multiply and add expressions may be calculated more efficiently and accurately: help: consider using: `(fit.form_g * qq).mul_add(qq, fit.form_e * pp * pp + 2.0 * fit.form_f * pp * qq)`
crates/rs_cam_core/src/metrology/monge.rs:428:15: warning: multiply and add expressions may be calculated more efficiently and accurately: help: consider using: `(2.0 * fit.form_f * pp).mul_add(qq, fit.form_e * pp * pp)`
crates/rs_cam_core/src/metrology/monge.rs:432:16: warning: manual implementation of `midpoint` which can overflow: help: use `f64::midpoint` instead: `f64::midpoint(fit.kappa1, fit.kappa2)`
crates/rs_cam_core/src/metrology/monge.rs:452:5: warning: multiply and add expressions may be calculated more efficiently and accurately: help: consider using: `a[1].mul_add(b[1], a[0] * b[0])`
crates/rs_cam_core/src/metrology/monge.rs:455:1: warning: first doc comment paragraph is too long
crates/rs_cam_core/src/metrology/monge.rs:463:9: warning: multiply and add expressions may be calculated more efficiently and accurately: help: consider using: `mxx = (w * a[0]).mul_add(a[0], mxx)`
crates/rs_cam_core/src/metrology/monge.rs:464:9: warning: multiply and add expressions may be calculated more efficiently and accurately: help: consider using: `mxy = (w * a[0]).mul_add(a[1], mxy)`
crates/rs_cam_core/src/metrology/monge.rs:465:9: warning: multiply and add expressions may be calculated more efficiently and accurately: help: consider using: `myy = (w * a[1]).mul_add(a[1], myy)`
crates/rs_cam_core/src/metrology/monge.rs:467:16: warning: manual implementation of `midpoint` which can overflow: help: use `f64::midpoint` instead: `f64::midpoint(mxx, myy)`
crates/rs_cam_core/src/metrology/monge.rs:468:18: warning: multiply and add expressions may be calculated more efficiently and accurately: help: consider using: `mxy.mul_add(mxy, 0.25 * (mxx - myy) * (mxx - myy))`
crates/rs_cam_core/src/metrology/monge.rs:475:14: warning: hypotenuse can be computed more accurately: help: consider using: `row1[0].hypot(row1[1])`
crates/rs_cam_core/src/metrology/monge.rs:476:14: warning: hypotenuse can be computed more accurately: help: consider using: `row2[0].hypot(row2[1])`
crates/rs_cam_core/src/metrology/monge.rs:549:9: warning: manual implementation of `midpoint` which can overflow: help: use `f64::midpoint` instead: `f64::midpoint(values[mid - 1], values[mid])`
crates/rs_cam_core/src/metrology/monge.rs:555:1: warning: first doc comment paragraph is too long
crates/rs_cam_core/src/metrology/monge.rs:564:14: warning: casting `f64` to `usize` may truncate the value
crates/rs_cam_core/src/metrology/monge.rs:564:14: warning: casting `f64` to `usize` may lose the sign of the value
crates/rs_cam_core/src/metrology/monge.rs:565:14: warning: casting `f64` to `usize` may truncate the value
crates/rs_cam_core/src/metrology/monge.rs:565:14: warning: casting `f64` to `usize` may lose the sign of the value
crates/rs_cam_core/src/metrology/monge.rs:569:22: warning: multiply and add expressions may be calculated more efficiently and accurately: help: consider using: `(col as f64).mul_add(step, x.0)`
crates/rs_cam_core/src/metrology/monge.rs:569:28: warning: casting `usize` to `f64` may cause a loss of precision (`usize` can be up to 64 bits wide depending on the target architecture, but `f64`'s mantissa is only 52 bits wide)
crates/rs_cam_core/src/metrology/monge.rs:570:22: warning: multiply and add expressions may be calculated more efficiently and accurately: help: consider using: `(row as f64).mul_add(step, y.0)`
crates/rs_cam_core/src/metrology/monge.rs:570:28: warning: casting `usize` to `f64` may cause a loss of precision (`usize` can be up to 64 bits wide depending on the target architecture, but `f64`'s mantissa is only 52 bits wide)
crates/rs_cam_core/src/metrology/monge.rs:577:21: warning: casting `usize` to `u32` may truncate the value on targets with 64-bit wide pointers
crates/rs_cam_core/src/metrology/monge.rs:579:25: warning: casting `usize` to `u32` may truncate the value on targets with 64-bit wide pointers
crates/rs_cam_core/src/metrology/monge.rs:591:27: warning: casting `f64` to `i64` may truncate the value
crates/rs_cam_core/src/metrology/monge.rs:592:26: warning: casting `f64` to `i64` may truncate the value
crates/rs_cam_core/src/metrology/monge.rs:598:30: warning: casting `i64` to `f64` may cause a loss of precision (`i64` is 64 bits wide, but `f64`'s mantissa is only 52 bits wide)
crates/rs_cam_core/src/metrology/monge.rs:598:51: warning: casting `i64` to `f64` may cause a loss of precision (`i64` is 64 bits wide, but `f64`'s mantissa is only 52 bits wide)
crates/rs_cam_core/src/metrology/ownership.rs:110:9: warning: casting `usize` to `f64` may cause a loss of precision (`usize` can be up to 64 bits wide depending on the target architecture, but `f64`'s mantissa is only 52 bits wide)
crates/rs_cam_core/src/metrology/ownership.rs:115:5: warning: this could be a `const fn`
crates/rs_cam_core/src/metrology/ownership.rs:194:17: warning: use Option::map_or instead of an if let/else: help: try: `grid.top_z_at(row, col).map_or(f64::NEG_INFINITY, |top| f64::from(top) - (model_top + params.stock_to_leave_mm))`
crates/rs_cam_core/src/metrology/spacing.rs:50:1: warning: first doc comment paragraph is too long
crates/rs_cam_core/src/metrology/spacing.rs:77:21: warning: multiply and add expressions may be calculated more efficiently and accurately: help: consider using: `ab.x.mul_add(t, a.x)`
crates/rs_cam_core/src/metrology/spacing.rs:77:37: warning: multiply and add expressions may be calculated more efficiently and accurately: help: consider using: `ab.y.mul_add(t, a.y)`
crates/rs_cam_core/src/metrology/spacing.rs:77:53: warning: multiply and add expressions may be calculated more efficiently and accurately: help: consider using: `ab.z.mul_add(t, a.z)`
crates/rs_cam_core/src/metrology/spacing.rs:102:19: warning: casting `f64` to `i64` may truncate the value
crates/rs_cam_core/src/metrology/spacing.rs:109:14: warning: casting `i64` to `f64` may cause a loss of precision (`i64` is 64 bits wide, but `f64`'s mantissa is only 52 bits wide)
crates/rs_cam_core/src/metrology/spacing.rs:228:15: warning: casting `f64` to `usize` may truncate the value
crates/rs_cam_core/src/metrology/spacing.rs:228:15: warning: casting `f64` to `usize` may lose the sign of the value
crates/rs_cam_core/src/metrology/spacing.rs:228:16: warning: casting `usize` to `f64` may cause a loss of precision (`usize` can be up to 64 bits wide depending on the target architecture, but `f64`'s mantissa is only 52 bits wide)
crates/rs_cam_core/src/metrology/spacing.rs:263:26: warning: multiply and add expressions can be calculated more efficiently and accurately: help: consider using: `(mv.target.x - a.x).mul_add(mv.target.x - a.x, (mv.target.y - a.y).powi(2))`
crates/rs_cam_core/src/metrology/spacing.rs:263:26: warning: multiply and add expressions can be calculated more efficiently and accurately: help: consider using: `(mv.target.y - a.y).mul_add(mv.target.y - a.y, (mv.target.x - a.x).powi(2))`
crates/rs_cam_core/src/metrology/spacing.rs:263:25: warning: multiply and add expressions can be calculated more efficiently and accurately: help: consider using: `(mv.target.z - a.z).mul_add(mv.target.z - a.z, (mv.target.x - a.x).powi(2) + (mv.target.y - a.y).powi(2))`
crates/rs_cam_core/src/metrology/spacing.rs:281:21: warning: casting `f64` to `i64` may truncate the value
crates/rs_cam_core/src/metrology/spacing.rs:281:50: warning: casting `f64` to `i64` may truncate the value
crates/rs_cam_core/src/metrology/spacing.rs:290:25: warning: casting `f64` to `i64` may truncate the value
crates/rs_cam_core/src/metrology/spacing.rs:290:54: warning: casting `f64` to `i64` may truncate the value
crates/rs_cam_core/src/metrology/spacing.rs:308:26: warning: multiply and add expressions can be calculated more efficiently and accurately: help: consider using: `(q.x - p.x).mul_add(q.x - p.x, (q.y - p.y).powi(2))`
crates/rs_cam_core/src/metrology/spacing.rs:308:26: warning: multiply and add expressions can be calculated more efficiently and accurately: help: consider using: `(q.y - p.y).mul_add(q.y - p.y, (q.x - p.x).powi(2))`
crates/rs_cam_core/src/metrology/spacing.rs:308:25: warning: multiply and add expressions can be calculated more efficiently and accurately: help: consider using: `(q.z - p.z).mul_add(q.z - p.z, (q.x - p.x).powi(2) + (q.y - p.y).powi(2))`
crates/rs_cam_core/src/metrology/spacing.rs:335:13: warning: casting `usize` to `f64` may cause a loss of precision (`usize` can be up to 64 bits wide depending on the target architecture, but `f64`'s mantissa is only 52 bits wide)
crates/rs_cam_core/src/metrology/spacing.rs:335:59: warning: casting `usize` to `f64` may cause a loss of precision (`usize` can be up to 64 bits wide depending on the target architecture, but `f64`'s mantissa is only 52 bits wide)
crates/rs_cam_core/src/metrology/union_coverage.rs:219:1: warning: this function has too many lines (164/100)
crates/rs_cam_core/src/metrology/union_coverage.rs:238:17: warning: use Option::map_or instead of an if let/else: help: try: `grid.top_z_at(row, col).map_or(f64::NEG_INFINITY, |top| f64::from(top) - (model_top + params.stock_to_leave_mm))`
crates/rs_cam_core/src/metrology/union_coverage.rs:354:27: warning: casting `usize` to `f64` may cause a loss of precision (`usize` can be up to 64 bits wide depending on the target architecture, but `f64`'s mantissa is only 52 bits wide)
crates/rs_cam_core/src/metrology/union_coverage.rs:357:43: warning: casting `usize` to `f64` may cause a loss of precision (`usize` can be up to 64 bits wide depending on the target architecture, but `f64`'s mantissa is only 52 bits wide)
crates/rs_cam_core/src/metrology/union_coverage.rs:357:65: warning: casting `usize` to `f64` may cause a loss of precision (`usize` can be up to 64 bits wide depending on the target architecture, but `f64`'s mantissa is only 52 bits wide)
crates/rs_cam_core/src/metrology/union_coverage.rs:367:29: warning: casting `usize` to `f64` may cause a loss of precision (`usize` can be up to 64 bits wide depending on the target architecture, but `f64`'s mantissa is only 52 bits wide)
crates/rs_cam_core/src/metrology/union_coverage.rs:368:31: warning: casting `usize` to `f64` may cause a loss of precision (`usize` can be up to 64 bits wide depending on the target architecture, but `f64`'s mantissa is only 52 bits wide)
crates/rs_cam_core/src/metrology/union_coverage.rs:391:26: warning: casting `usize` to `f64` may cause a loss of precision (`usize` can be up to 64 bits wide depending on the target architecture, but `f64`'s mantissa is only 52 bits wide)
crates/rs_cam_core/src/monotone_cells.rs:148:14: warning: casting `f64` to `usize` may truncate the value
crates/rs_cam_core/src/monotone_cells.rs:148:14: warning: casting `f64` to `usize` may lose the sign of the value
crates/rs_cam_core/src/monotone_cells.rs:149:14: warning: casting `f64` to `usize` may truncate the value
crates/rs_cam_core/src/monotone_cells.rs:149:14: warning: casting `f64` to `usize` may lose the sign of the value
crates/rs_cam_core/src/monotone_cells.rs:153:33: warning: multiply and add expressions may be calculated more efficiently and accurately: help: consider using: `(col as f64).mul_add(sample_mm, x0)`
crates/rs_cam_core/src/monotone_cells.rs:153:38: warning: casting `usize` to `f64` may cause a loss of precision (`usize` can be up to 64 bits wide depending on the target architecture, but `f64`'s mantissa is only 52 bits wide)
crates/rs_cam_core/src/monotone_cells.rs:153:62: warning: multiply and add expressions may be calculated more efficiently and accurately: help: consider using: `(row as f64).mul_add(sample_mm, y0)`
crates/rs_cam_core/src/monotone_cells.rs:153:67: warning: casting `usize` to `f64` may cause a loss of precision (`usize` can be up to 64 bits wide depending on the target architecture, but `f64`'s mantissa is only 52 bits wide)
crates/rs_cam_core/src/monotone_cells.rs:162:13: warning: casting `usize` to `f64` may cause a loss of precision (`usize` can be up to 64 bits wide depending on the target architecture, but `f64`'s mantissa is only 52 bits wide)
crates/rs_cam_core/src/monotone_cells.rs:171:14: warning: multiply and add expressions may be calculated more efficiently and accurately: help: consider using: `dx.mul_add(dx, xx)`
crates/rs_cam_core/src/monotone_cells.rs:171:28: warning: multiply and add expressions may be calculated more efficiently and accurately: help: consider using: `dy.mul_add(dy, yy)`
crates/rs_cam_core/src/monotone_cells.rs:171:42: warning: multiply and add expressions may be calculated more efficiently and accurately: help: consider using: `dx.mul_add(dy, xy)`
crates/rs_cam_core/src/monotone_cells.rs:177:23: warning: multiply and add expressions may be calculated more efficiently and accurately: help: consider using: `sxy.mul_add(-sxy, sxx * syy)`
crates/rs_cam_core/src/monotone_cells.rs:222:9: warning: multiply and add expressions may be calculated more efficiently and accurately: help: consider using: `point.y.mul_add(-sine, point.x * cosine)`
crates/rs_cam_core/src/monotone_cells.rs:223:9: warning: multiply and add expressions may be calculated more efficiently and accurately: help: consider using: `point.y.mul_add(cosine, point.x * sine)`
crates/rs_cam_core/src/monotone_cells.rs:375:24: warning: you seem to be trying to use `match` for destructuring a single pattern. Consider using `if let`
crates/rs_cam_core/src/monotone_cells.rs:375:24: warning: use Option::map_or_else instead of an if let/else
crates/rs_cam_core/src/narrate.rs:241:6: warning: the following explicit lifetimes could be elided: 'a
crates/rs_cam_core/src/narrate.rs:356:5: warning: this could be a `const fn`
crates/rs_cam_core/src/narrate.rs:412:50: warning: casting `usize` to `f64` may cause a loss of precision (`usize` can be up to 64 bits wide depending on the target architecture, but `f64`'s mantissa is only 52 bits wide)
crates/rs_cam_core/src/narrate.rs:413:50: warning: casting `usize` to `f64` may cause a loss of precision (`usize` can be up to 64 bits wide depending on the target architecture, but `f64`'s mantissa is only 52 bits wide)
crates/rs_cam_core/src/narrate.rs:417:31: warning: hypotenuse can be computed more accurately: help: consider using: `(x - center_x).hypot(y - center_y)`
crates/rs_cam_core/src/narrate.rs:467:1: warning: this function has too many lines (113/100)
crates/rs_cam_core/src/narrate.rs:489:5: warning: `format!(..)` appended to existing `String`
crates/rs_cam_core/src/narrate.rs:522:9: warning: `format!(..)` appended to existing `String`
crates/rs_cam_core/src/narrate.rs:558:9: warning: `format!(..)` appended to existing `String`
crates/rs_cam_core/src/narrate.rs:593:13: warning: `format!(..)` appended to existing `String`
crates/rs_cam_core/src/narrate.rs:606:20: warning: variables can be used directly in the `format!` string
crates/rs_cam_core/src/narrate.rs:610:16: warning: variables can be used directly in the `format!` string
crates/rs_cam_core/src/narrate.rs:622:17: warning: variables can be used directly in the `format!` string
crates/rs_cam_core/src/narrate.rs:631:20: warning: variables can be used directly in the `format!` string
crates/rs_cam_core/src/narrate.rs:658:20: warning: variables can be used directly in the `format!` string
crates/rs_cam_core/src/narrate.rs:726:19: warning: casting `usize` to `f64` may cause a loss of precision (`usize` can be up to 64 bits wide depending on the target architecture, but `f64`'s mantissa is only 52 bits wide)
crates/rs_cam_core/src/narrate.rs:726:34: warning: casting `usize` to `f64` may cause a loss of precision (`usize` can be up to 64 bits wide depending on the target architecture, but `f64`'s mantissa is only 52 bits wide)
crates/rs_cam_core/src/narrate.rs:727:9: warning: `format!(..)` appended to existing `String`
crates/rs_cam_core/src/narrate.rs:950:9: warning: `format!(..)` appended to existing `String`
crates/rs_cam_core/src/narrate.rs:977:13: warning: `format!(..)` appended to existing `String`
crates/rs_cam_core/src/narrate.rs:986:13: warning: `format!(..)` appended to existing `String`
crates/rs_cam_core/src/narrate.rs:1031:5: warning: `format!(..)` appended to existing `String`
crates/rs_cam_core/src/narrate.rs:1052:13: warning: `format!(..)` appended to existing `String`
crates/rs_cam_core/src/narrate.rs:1098:5: warning: `format!(..)` appended to existing `String`
crates/rs_cam_core/src/narrate.rs:1132:5: warning: `format!(..)` appended to existing `String`
crates/rs_cam_core/src/narrate.rs:1159:5: warning: `format!(..)` appended to existing `String`
crates/rs_cam_core/src/narrate.rs:1191:5: warning: `format!(..)` appended to existing `String`
crates/rs_cam_core/src/narrate.rs:1225:13: warning: `format!(..)` appended to existing `String`
crates/rs_cam_core/src/narrate.rs:1272:13: warning: `format!(..)` appended to existing `String`
crates/rs_cam_core/src/narrate.rs:1323:13: warning: `format!(..)` appended to existing `String`
crates/rs_cam_core/src/narrate.rs:1340:13: warning: `format!(..)` appended to existing `String`
crates/rs_cam_core/src/narrate.rs:1378:17: warning: `format!(..)` appended to existing `String`
crates/rs_cam_core/src/narrate.rs:1387:17: warning: `format!(..)` appended to existing `String`
crates/rs_cam_core/src/narrate.rs:1451:5: warning: `format!(..)` appended to existing `String`
crates/rs_cam_core/src/narrate.rs:1489:5: warning: `format!(..)` appended to existing `String`
crates/rs_cam_core/src/narrate.rs:1520:23: warning: redundant closure: help: replace the closure with the method itself: `serde_json::Value::as_u64`
crates/rs_cam_core/src/narrate.rs:1530:62: warning: redundant closure: help: replace the closure with the method itself: `serde_json::Value::as_f64`
crates/rs_cam_core/src/narrate.rs:1535:23: warning: redundant closure: help: replace the closure with the method itself: `serde_json::Value::as_u64`
crates/rs_cam_core/src/narrate.rs:1540:23: warning: redundant closure: help: replace the closure with the method itself: `serde_json::Value::as_f64`
crates/rs_cam_core/src/narrate.rs:1544:23: warning: redundant closure: help: replace the closure with the method itself: `serde_json::Value::as_f64`
crates/rs_cam_core/src/narrate.rs:1548:23: warning: redundant closure: help: replace the closure with the method itself: `serde_json::Value::as_u64`
crates/rs_cam_core/src/narrate.rs:1587:19: warning: redundant closure: help: replace the closure with the method itself: `serde_json::Value::as_f64`
crates/rs_cam_core/src/narrate.rs:1607:13: warning: `format!(..)` appended to existing `String`
crates/rs_cam_core/src/narrate.rs:1629:9: warning: `format!(..)` appended to existing `String`
crates/rs_cam_core/src/narrate.rs:1636:9: warning: `format!(..)` appended to existing `String`
crates/rs_cam_core/src/narrate.rs:1643:13: warning: `format!(..)` appended to existing `String`
crates/rs_cam_core/src/narrate.rs:1643:30: warning: variables can be used directly in the `format!` string
crates/rs_cam_core/src/narrate.rs:1648:13: warning: `format!(..)` appended to existing `String`
crates/rs_cam_core/src/narrate.rs:1648:30: warning: variables can be used directly in the `format!` string
crates/rs_cam_core/src/narrate.rs:1653:13: warning: `format!(..)` appended to existing `String`
crates/rs_cam_core/src/narrate.rs:1662:13: warning: `format!(..)` appended to existing `String`
crates/rs_cam_core/src/narrate.rs:1667:13: warning: `format!(..)` appended to existing `String`
crates/rs_cam_core/src/narrate.rs:1694:13: warning: called `map(<f>).unwrap_or(false)` on an `Option` value
crates/rs_cam_core/src/narrate.rs:1707:23: warning: casting `f64` to `u64` may truncate the value
crates/rs_cam_core/src/narrate.rs:1707:23: warning: casting `f64` to `u64` may lose the sign of the value
crates/rs_cam_core/src/narrate.rs:1708:22: warning: casting `f64` to `u64` may truncate the value
crates/rs_cam_core/src/narrate.rs:1708:22: warning: casting `f64` to `u64` may lose the sign of the value
crates/rs_cam_core/src/narrate.rs:1709:31: warning: casting `f64` to `u64` may truncate the value
crates/rs_cam_core/src/narrate.rs:1709:31: warning: casting `f64` to `u64` may lose the sign of the value
crates/rs_cam_core/src/narrate.rs:1710:20: warning: casting `f64` to `u64` may truncate the value
crates/rs_cam_core/src/narrate.rs:1710:20: warning: casting `f64` to `u64` may lose the sign of the value
crates/rs_cam_core/src/narrate.rs:1711:22: warning: casting `f64` to `u64` may truncate the value
crates/rs_cam_core/src/narrate.rs:1711:22: warning: casting `f64` to `u64` may lose the sign of the value
crates/rs_cam_core/src/narrate.rs:1713:27: warning: casting `f64` to `u64` may truncate the value
crates/rs_cam_core/src/narrate.rs:1713:27: warning: casting `f64` to `u64` may lose the sign of the value
crates/rs_cam_core/src/narrate.rs:1726:10: warning: variables can be used directly in the `format!` string
crates/rs_cam_core/src/narrate.rs:1808:32: warning: hypotenuse can be computed more accurately: help: consider using: `i.hypot(j)`
crates/rs_cam_core/src/narrate.rs:1818:32: warning: hypotenuse can be computed more accurately: help: consider using: `i.hypot(j)`
crates/rs_cam_core/src/narrate.rs:1867:21: warning: called `map(<f>).unwrap_or(<a>)` on an `Option` value
crates/rs_cam_core/src/narrate.rs:1912:17: warning: variables can be used directly in the `format!` string
crates/rs_cam_core/src/narrate.rs:1957:1: warning: this function has too many lines (146/100)
crates/rs_cam_core/src/narrate.rs:1995:43: warning: called `map(<f>).unwrap_or(<a>)` on an `Option` value
crates/rs_cam_core/src/narrate.rs:2052:46: warning: use Option::map_or_else instead of an if let/else
crates/rs_cam_core/src/narrate.rs:2061:25: warning: variables can be used directly in the `format!` string
crates/rs_cam_core/src/narrate.rs:2066:32: warning: variables can be used directly in the `format!` string
crates/rs_cam_core/src/narrate.rs:2175:20: warning: variables can be used directly in the `format!` string
crates/rs_cam_core/src/narrate.rs:2214:1: warning: this could be a `const fn`
crates/rs_cam_core/src/nn_order.rs:76:1: warning: pub(crate) enum inside private module
crates/rs_cam_core/src/nn_order.rs:86:18: warning: multiply and add expressions may be calculated more efficiently and accurately: help: consider using: `dy.mul_add(dy, dx * dx)`
crates/rs_cam_core/src/nn_order.rs:135:1: warning: pub(crate) struct inside private module
crates/rs_cam_core/src/nn_order.rs:189:20: warning: casting `usize` to `u32` may truncate the value on targets with 64-bit wide pointers
crates/rs_cam_core/src/nn_order.rs:243:18: warning: casting `f64` to `usize` may truncate the value
crates/rs_cam_core/src/nn_order.rs:243:18: warning: casting `f64` to `usize` may lose the sign of the value
crates/rs_cam_core/src/nn_order.rs:243:66: warning: casting `usize` to `f64` may cause a loss of precision (`usize` can be up to 64 bits wide depending on the target architecture, but `f64`'s mantissa is only 52 bits wide)
crates/rs_cam_core/src/nn_order.rs:244:18: warning: casting `f64` to `usize` may truncate the value
crates/rs_cam_core/src/nn_order.rs:244:18: warning: casting `f64` to `usize` may lose the sign of the value
crates/rs_cam_core/src/nn_order.rs:244:66: warning: casting `usize` to `f64` may cause a loss of precision (`usize` can be up to 64 bits wide depending on the target architecture, but `f64`'s mantissa is only 52 bits wide)
crates/rs_cam_core/src/nn_order.rs:254:24: warning: multiply and add expressions may be calculated more efficiently and accurately: help: consider using: `(cx as f64 - r as f64).mul_add(self.cs, self.x0)`
crates/rs_cam_core/src/nn_order.rs:254:35: warning: casting `usize` to `f64` may cause a loss of precision (`usize` can be up to 64 bits wide depending on the target architecture, but `f64`'s mantissa is only 52 bits wide)
crates/rs_cam_core/src/nn_order.rs:254:47: warning: casting `usize` to `f64` may cause a loss of precision (`usize` can be up to 64 bits wide depending on the target architecture, but `f64`'s mantissa is only 52 bits wide)
crates/rs_cam_core/src/nn_order.rs:255:24: warning: multiply and add expressions may be calculated more efficiently and accurately: help: consider using: `(cx as f64 + r as f64 + 1.0).mul_add(self.cs, self.x0)`
crates/rs_cam_core/src/nn_order.rs:255:35: warning: casting `usize` to `f64` may cause a loss of precision (`usize` can be up to 64 bits wide depending on the target architecture, but `f64`'s mantissa is only 52 bits wide)
crates/rs_cam_core/src/nn_order.rs:255:47: warning: casting `usize` to `f64` may cause a loss of precision (`usize` can be up to 64 bits wide depending on the target architecture, but `f64`'s mantissa is only 52 bits wide)
crates/rs_cam_core/src/nn_order.rs:256:24: warning: multiply and add expressions may be calculated more efficiently and accurately: help: consider using: `(cy as f64 - r as f64).mul_add(self.cs, self.y0)`
crates/rs_cam_core/src/nn_order.rs:256:35: warning: casting `usize` to `f64` may cause a loss of precision (`usize` can be up to 64 bits wide depending on the target architecture, but `f64`'s mantissa is only 52 bits wide)
crates/rs_cam_core/src/nn_order.rs:256:47: warning: casting `usize` to `f64` may cause a loss of precision (`usize` can be up to 64 bits wide depending on the target architecture, but `f64`'s mantissa is only 52 bits wide)
crates/rs_cam_core/src/nn_order.rs:257:24: warning: multiply and add expressions may be calculated more efficiently and accurately: help: consider using: `(cy as f64 + r as f64 + 1.0).mul_add(self.cs, self.y0)`
crates/rs_cam_core/src/nn_order.rs:257:35: warning: casting `usize` to `f64` may cause a loss of precision (`usize` can be up to 64 bits wide depending on the target architecture, but `f64`'s mantissa is only 52 bits wide)
crates/rs_cam_core/src/nn_order.rs:257:47: warning: casting `usize` to `f64` may cause a loss of precision (`usize` can be up to 64 bits wide depending on the target architecture, but `f64`'s mantissa is only 52 bits wide)
crates/rs_cam_core/src/nn_order.rs:276:24: warning: multiply and add expressions may be calculated more efficiently and accurately: help: consider using: `self.cs.mul_add(-BOUND_SLACK_FRACTION, safe)`
crates/rs_cam_core/src/nn_order.rs:315:28: warning: casting `usize` to `isize` may wrap around the value: help: if this is intentional, use `cast_signed()` instead: `cx.cast_signed()`
crates/rs_cam_core/src/nn_order.rs:315:41: warning: casting `usize` to `isize` may wrap around the value: help: if this is intentional, use `cast_signed()` instead: `cy.cast_signed()`
crates/rs_cam_core/src/nn_order.rs:315:54: warning: casting `usize` to `isize` may wrap around the value: help: if this is intentional, use `cast_signed()` instead: `r.cast_signed()`
crates/rs_cam_core/src/nn_order.rs:316:25: warning: casting `usize` to `isize` may wrap around the value: help: if this is intentional, use `cast_signed()` instead: `self.nx.cast_signed()`
crates/rs_cam_core/src/nn_order.rs:316:43: warning: casting `usize` to `isize` may wrap around the value: help: if this is intentional, use `cast_signed()` instead: `self.ny.cast_signed()`
crates/rs_cam_core/src/nn_order.rs:322:32: warning: casting `isize` to `usize` may lose the sign of the value: help: if this is intentional, use `cast_unsigned()` instead: `i.cast_unsigned()`
crates/rs_cam_core/src/nn_order.rs:322:44: warning: casting `isize` to `usize` may lose the sign of the value: help: if this is intentional, use `cast_unsigned()` instead: `j.cast_unsigned()`
crates/rs_cam_core/src/nn_order.rs:362:34: warning: casting `usize` to `u32` may truncate the value on targets with 64-bit wide pointers
crates/rs_cam_core/src/nn_order.rs:365:31: warning: casting `usize` to `u32` may truncate the value on targets with 64-bit wide pointers
crates/rs_cam_core/src/nn_order.rs:385:22: warning: casting `usize` to `f64` may cause a loss of precision (`usize` can be up to 64 bits wide depending on the target architecture, but `f64`'s mantissa is only 52 bits wide)
crates/rs_cam_core/src/nn_order.rs:387:25: warning: casting `usize` to `f64` may cause a loss of precision (`usize` can be up to 64 bits wide depending on the target architecture, but `f64`'s mantissa is only 52 bits wide)
crates/rs_cam_core/src/nn_order.rs:392:22: warning: casting `f64` to `usize` may truncate the value
crates/rs_cam_core/src/nn_order.rs:392:22: warning: casting `f64` to `usize` may lose the sign of the value
crates/rs_cam_core/src/nn_order.rs:393:22: warning: casting `f64` to `usize` may truncate the value
crates/rs_cam_core/src/nn_order.rs:393:22: warning: casting `f64` to `usize` may lose the sign of the value
crates/rs_cam_core/src/nn_order.rs:397:27: warning: casting `usize` to `f64` may cause a loss of precision (`usize` can be up to 64 bits wide depending on the target architecture, but `f64`'s mantissa is only 52 bits wide)
crates/rs_cam_core/src/nn_order.rs:397:39: warning: casting `usize` to `f64` may cause a loss of precision (`usize` can be up to 64 bits wide depending on the target architecture, but `f64`'s mantissa is only 52 bits wide)
crates/rs_cam_core/src/nn_order.rs:397:52: warning: casting `usize` to `f64` may cause a loss of precision (`usize` can be up to 64 bits wide depending on the target architecture, but `f64`'s mantissa is only 52 bits wide)
crates/rs_cam_core/src/nn_order.rs:399:18: warning: casting `f64` to `usize` may truncate the value
crates/rs_cam_core/src/nn_order.rs:399:18: warning: casting `f64` to `usize` may lose the sign of the value
crates/rs_cam_core/src/nn_order.rs:400:18: warning: casting `f64` to `usize` may truncate the value
crates/rs_cam_core/src/nn_order.rs:400:18: warning: casting `f64` to `usize` may lose the sign of the value
crates/rs_cam_core/src/nn_order.rs:413:21: warning: casting `f64` to `usize` may truncate the value
crates/rs_cam_core/src/nn_order.rs:413:21: warning: casting `f64` to `usize` may lose the sign of the value
crates/rs_cam_core/src/nn_order.rs:413:63: warning: casting `usize` to `f64` may cause a loss of precision (`usize` can be up to 64 bits wide depending on the target architecture, but `f64`'s mantissa is only 52 bits wide)
crates/rs_cam_core/src/nn_order.rs:414:21: warning: casting `f64` to `usize` may truncate the value
crates/rs_cam_core/src/nn_order.rs:414:21: warning: casting `f64` to `usize` may lose the sign of the value
crates/rs_cam_core/src/nn_order.rs:414:63: warning: casting `usize` to `f64` may cause a loss of precision (`usize` can be up to 64 bits wide depending on the target architecture, but `f64`'s mantissa is only 52 bits wide)
crates/rs_cam_core/src/nn_order.rs:461:15: warning: strict comparison of `f32` or `f64`: help: consider comparing them within some margin of error: `(v - bv).abs() < error_margin`
crates/rs_cam_core/src/panic_message.rs:23:1: warning: pub(crate) function inside private module
crates/rs_cam_core/src/panic_message.rs:24:5: warning: use Option::map_or_else instead of an if let/else
crates/rs_cam_core/src/pencil.rs:72:71: warning: unnecessary structure name repetition: help: use the applicable keyword: `Self`
crates/rs_cam_core/src/pencil.rs:73:52: warning: unnecessary structure name repetition: help: use the applicable keyword: `Self`
crates/rs_cam_core/src/pencil.rs:74:18: warning: unnecessary structure name repetition: help: use the applicable keyword: `Self`
crates/rs_cam_core/src/pencil.rs:79:5: warning: this could be a `const fn`
crates/rs_cam_core/src/pencil.rs:81:13: warning: unnecessary structure name repetition: help: use the applicable keyword: `Self`
crates/rs_cam_core/src/pencil.rs:82:13: warning: unnecessary structure name repetition: help: use the applicable keyword: `Self`
crates/rs_cam_core/src/pencil.rs:83:13: warning: unnecessary structure name repetition: help: use the applicable keyword: `Self`
crates/rs_cam_core/src/pencil.rs:293:1: warning: first doc comment paragraph is too long
crates/rs_cam_core/src/pencil.rs:334:5: warning: this could be a `const fn`
crates/rs_cam_core/src/pencil.rs:340:5: warning: this could be a `const fn`
crates/rs_cam_core/src/pencil.rs:392:13: warning: multiply and add expressions may be calculated more efficiently and accurately: help: consider using: `normal.x.mul_add(offset, points[i].x)`
crates/rs_cam_core/src/pencil.rs:393:13: warning: multiply and add expressions may be calculated more efficiently and accurately: help: consider using: `normal.y.mul_add(offset, points[i].y)`
crates/rs_cam_core/src/pencil.rs:434:24: warning: multiply and add expressions may be calculated more efficiently and accurately: help: consider using: `strength.mul_add((a.x + c.x) * 0.5 - b.x, b.x)`
crates/rs_cam_core/src/pencil.rs:434:41: warning: multiply and add expressions may be calculated more efficiently and accurately: help: consider using: `(a.x + c.x).mul_add(0.5, -b.x)`
crates/rs_cam_core/src/pencil.rs:434:42: warning: manual implementation of `midpoint` which can overflow: help: use `f64::midpoint` instead: `f64::midpoint(a.x, c.x)`
crates/rs_cam_core/src/pencil.rs:435:24: warning: multiply and add expressions may be calculated more efficiently and accurately: help: consider using: `strength.mul_add((a.y + c.y) * 0.5 - b.y, b.y)`
crates/rs_cam_core/src/pencil.rs:435:41: warning: multiply and add expressions may be calculated more efficiently and accurately: help: consider using: `(a.y + c.y).mul_add(0.5, -b.y)`
crates/rs_cam_core/src/pencil.rs:435:42: warning: manual implementation of `midpoint` which can overflow: help: use `f64::midpoint` instead: `f64::midpoint(a.y, c.y)`
crates/rs_cam_core/src/pencil.rs:442:1: warning: this could be a `const fn`
crates/rs_cam_core/src/pencil.rs:517:1: warning: this could be a `const fn`
crates/rs_cam_core/src/pencil.rs:523:1: warning: this could be a `const fn`
crates/rs_cam_core/src/pencil.rs:533:1: warning: this could be a `const fn`
crates/rs_cam_core/src/pencil.rs:540:1: warning: this could be a `const fn`
crates/rs_cam_core/src/pencil.rs:546:1: warning: this could be a `const fn`
crates/rs_cam_core/src/pencil.rs:553:1: warning: this could be a `const fn`
crates/rs_cam_core/src/pencil.rs:646:27: warning: multiply and add expressions can be calculated more efficiently and accurately: help: consider using: `(start_pt.x - last_pt.x).mul_add(start_pt.x - last_pt.x, (start_pt.y - last_pt.y).powi(2))`
crates/rs_cam_core/src/pencil.rs:646:27: warning: multiply and add expressions can be calculated more efficiently and accurately: help: consider using: `(start_pt.y - last_pt.y).mul_add(start_pt.y - last_pt.y, (start_pt.x - last_pt.x).powi(2))`
crates/rs_cam_core/src/pencil.rs:647:25: warning: multiply and add expressions can be calculated more efficiently and accurately: help: consider using: `(end_pt.x - last_pt.x).mul_add(end_pt.x - last_pt.x, (end_pt.y - last_pt.y).powi(2))`
crates/rs_cam_core/src/pencil.rs:647:25: warning: multiply and add expressions can be calculated more efficiently and accurately: help: consider using: `(end_pt.y - last_pt.y).mul_add(end_pt.y - last_pt.y, (end_pt.x - last_pt.x).powi(2))`
crates/rs_cam_core/src/pencil.rs:678:27: warning: `drain(..)` used on a `Vec`: help: try: `into_iter()`
crates/rs_cam_core/src/pencil.rs:860:37: warning: casting `usize` to `f64` may cause a loss of precision (`usize` can be up to 64 bits wide depending on the target architecture, but `f64`'s mantissa is only 52 bits wide)
crates/rs_cam_core/src/pencil.rs:865:38: warning: casting `usize` to `f64` may cause a loss of precision (`usize` can be up to 64 bits wide depending on the target architecture, but `f64`'s mantissa is only 52 bits wide)
crates/rs_cam_core/src/pencil.rs:870:58: warning: casting `usize` to `f64` may cause a loss of precision (`usize` can be up to 64 bits wide depending on the target architecture, but `f64`'s mantissa is only 52 bits wide)
crates/rs_cam_core/src/pencil.rs:882:25: warning: casting `usize` to `f64` may cause a loss of precision (`usize` can be up to 64 bits wide depending on the target architecture, but `f64`'s mantissa is only 52 bits wide)
crates/rs_cam_core/src/pencil.rs:931:5: warning: this could be a `const fn`
crates/rs_cam_core/src/pencil.rs:970:24: warning: use Option::map_or instead of an if let/else
crates/rs_cam_core/src/pencil.rs:971:29: warning: use Option::map_or instead of an if let/else: help: try: `reach_gap_at_point(v.x, v.y, v.z, mesh, index, rc).map_or(pencil_gap, |ref_gap| (ref_gap - pencil_gap).max(0.0))`
crates/rs_cam_core/src/pencil.rs:1061:1: warning: first doc comment paragraph is too long
crates/rs_cam_core/src/pencil.rs:1068:1: warning: first doc comment paragraph is too long
crates/rs_cam_core/src/pencil.rs:1191:26: warning: hypotenuse can be computed more accurately: help: consider using: `(p.x - q.x).hypot(p.y - q.y)`
crates/rs_cam_core/src/pencil.rs:1239:21: warning: casting `usize` to `f64` may cause a loss of precision (`usize` can be up to 64 bits wide depending on the target architecture, but `f64`'s mantissa is only 52 bits wide)
crates/rs_cam_core/src/pencil.rs:1240:16: warning: casting `f64` to `usize` may truncate the value
crates/rs_cam_core/src/pencil.rs:1240:16: warning: casting `f64` to `usize` may lose the sign of the value
crates/rs_cam_core/src/pencil.rs:1241:24: warning: casting `usize` to `f64` may cause a loss of precision (`usize` can be up to 64 bits wide depending on the target architecture, but `f64`'s mantissa is only 52 bits wide)
crates/rs_cam_core/src/pencil.rs:1244:36: warning: casting `usize` to `f64` may cause a loss of precision (`usize` can be up to 64 bits wide depending on the target architecture, but `f64`'s mantissa is only 52 bits wide)
crates/rs_cam_core/src/pencil.rs:1244:63: warning: casting `usize` to `f64` may cause a loss of precision (`usize` can be up to 64 bits wide depending on the target architecture, but `f64`'s mantissa is only 52 bits wide)
crates/rs_cam_core/src/pencil.rs:1271:21: warning: multiply and add expressions may be calculated more efficiently and accurately: help: consider using: `(to_z - from_z).mul_add(frac, from_z)`
crates/rs_cam_core/src/pencil.rs:1314:5: warning: you seem to be trying to use `match` for destructuring a single pattern. Consider using `if let`
crates/rs_cam_core/src/pencil.rs:1640:1: warning: this function has too many lines (184/100)
crates/rs_cam_core/src/pencil.rs:1679:38: warning: function call inside of `unwrap_or`: help: try: `unwrap_or_else(|| &P3::origin())`
crates/rs_cam_core/src/pencil.rs:1694:27: warning: hypotenuse can be computed more accurately: help: consider using: `(first.x - end.x).hypot(first.y - end.y)`
crates/rs_cam_core/src/pencil.rs:2130:1: warning: this function has too many lines (120/100)
crates/rs_cam_core/src/pencil.rs:2173:9: warning: use Option::map_or instead of an if let/else
crates/rs_cam_core/src/pencil.rs:2233:50: warning: casting `usize` to `f64` may cause a loss of precision (`usize` can be up to 64 bits wide depending on the target architecture, but `f64`'s mantissa is only 52 bits wide)
crates/rs_cam_core/src/pencil.rs:2234:52: warning: casting `usize` to `f64` may cause a loss of precision (`usize` can be up to 64 bits wide depending on the target architecture, but `f64`'s mantissa is only 52 bits wide)
crates/rs_cam_core/src/pencil.rs:2238:50: warning: casts from `u8` to `f64` can be expressed infallibly using `From`
crates/rs_cam_core/src/pencil.rs:2399:1: warning: first doc comment paragraph is too long
crates/rs_cam_core/src/pencil_dihedral.rs:36:5: warning: this could be a `const fn`
crates/rs_cam_core/src/pencil_dihedral.rs:109:26: warning: use Option::map_or instead of an if let/else
crates/rs_cam_core/src/pencil_dihedral.rs:143:1: warning: this function has too many lines (127/100)
crates/rs_cam_core/src/pencil_dihedral.rs:173:45: warning: redundant closure: help: replace the closure with the method itself: `std::vec::Vec::len`
crates/rs_cam_core/src/pencil_dihedral.rs:328:15: warning: hypotenuse can be computed more accurately: help: consider using: `ox.hypot(oy)`
crates/rs_cam_core/src/pencil_dihedral.rs:359:9: warning: called `map(<f>).unwrap_or(<a>)` on an `Option` value
crates/rs_cam_core/src/pencil_dihedral.rs:381:15: warning: while condition comparing floats
crates/rs_cam_core/src/pocket.rs:57:1: warning: first doc comment paragraph is too long
crates/rs_cam_core/src/pocket.rs:246:1: warning: first doc comment paragraph is too long
crates/rs_cam_core/src/point_runs.rs:80:14: warning: redundant closure: help: replace the closure with the method itself: `<[T]>::to_vec`
crates/rs_cam_core/src/point_runs.rs:102:1: warning: first doc comment paragraph is too long
crates/rs_cam_core/src/polygon.rs:14:51: warning: code link adjacent to code text
crates/rs_cam_core/src/polygon.rs:15:57: warning: code link adjacent to code text
crates/rs_cam_core/src/polygon.rs:130:5: warning: this could be a `const fn`
crates/rs_cam_core/src/polygon.rs:140:5: warning: this could be a `const fn`
crates/rs_cam_core/src/polygon.rs:150:5: warning: this could be a `const fn`
crates/rs_cam_core/src/polygon.rs:163:5: warning: this could be a `const fn`
crates/rs_cam_core/src/polygon.rs:371:35: warning: unnecessary structure name repetition: help: use the applicable keyword: `Self`
crates/rs_cam_core/src/polygon.rs:375:9: warning: adding items after statements is confusing, since items exist from the start of the scope
crates/rs_cam_core/src/polygon.rs:382:33: warning: unnecessary structure name repetition: help: use the applicable keyword: `Self`
crates/rs_cam_core/src/polygon.rs:382:50: warning: unnecessary structure name repetition: help: use the applicable keyword: `Self`
crates/rs_cam_core/src/polygon.rs:399:40: warning: unnecessary structure name repetition: help: use the applicable keyword: `Self`
crates/rs_cam_core/src/polygon.rs:399:57: warning: unnecessary structure name repetition: help: use the applicable keyword: `Self`
crates/rs_cam_core/src/polygon.rs:403:9: warning: adding items after statements is confusing, since items exist from the start of the scope
crates/rs_cam_core/src/polygon.rs:410:38: warning: unnecessary structure name repetition: help: use the applicable keyword: `Self`
crates/rs_cam_core/src/polygon.rs:410:55: warning: unnecessary structure name repetition: help: use the applicable keyword: `Self`
crates/rs_cam_core/src/polygon.rs:417:9: warning: adding items after statements is confusing, since items exist from the start of the scope
crates/rs_cam_core/src/polygon.rs:425:31: warning: unnecessary structure name repetition: help: use the applicable keyword: `Self`
crates/rs_cam_core/src/polygon.rs:425:49: warning: unnecessary structure name repetition: help: use the applicable keyword: `Self`
crates/rs_cam_core/src/polygon.rs:429:18: warning: unnecessary structure name repetition: help: use the applicable keyword: `Self`
crates/rs_cam_core/src/polygon.rs:816:9: warning: these match arms have identical bodies
crates/rs_cam_core/src/polygon.rs:873:54: warning: calling `ShapeOffsetOptions::default()` is more clear than this expression: help: try: `ShapeOffsetOptions::default()`
crates/rs_cam_core/src/polygon.rs:916:1: warning: first doc comment paragraph is too long
crates/rs_cam_core/src/polygon.rs:971:1: warning: first doc comment paragraph is too long
crates/rs_cam_core/src/polygon.rs:1246:45: warning: unnecessary structure name repetition: help: use the applicable keyword: `Self`
crates/rs_cam_core/src/polygon.rs:1274:62: warning: calling `ShapeOffsetOptions::default()` is more clear than this expression: help: try: `ShapeOffsetOptions::default()`
crates/rs_cam_core/src/polygon.rs:1316:29: warning: unnecessary structure name repetition: help: use the applicable keyword: `Self`
crates/rs_cam_core/src/polygon.rs:1319:29: warning: unnecessary structure name repetition: help: use the applicable keyword: `Self`
crates/rs_cam_core/src/polygon.rs:1404:21: warning: casting `usize` to `f64` may cause a loss of precision (`usize` can be up to 64 bits wide depending on the target architecture, but `f64`'s mantissa is only 52 bits wide)
crates/rs_cam_core/src/polygon.rs:1404:32: warning: casting `usize` to `f64` may cause a loss of precision (`usize` can be up to 64 bits wide depending on the target architecture, but `f64`'s mantissa is only 52 bits wide)
crates/rs_cam_core/src/polygon.rs:1405:30: warning: multiply and add expressions may be calculated more efficiently and accurately: help: consider using: `(b.x - a.x).mul_add(t, a.x)`
crates/rs_cam_core/src/polygon.rs:1405:53: warning: multiply and add expressions may be calculated more efficiently and accurately: help: consider using: `(b.y - a.y).mul_add(t, a.y)`
crates/rs_cam_core/src/polygon.rs:1485:5: warning: this could be a `const fn`
crates/rs_cam_core/src/polygon.rs:1492:5: warning: this could be a `const fn`
crates/rs_cam_core/src/polygon.rs:1778:9: warning: multiply and add expressions may be calculated more efficiently and accurately: help: consider using: `area = pts[i].x.mul_add(pts[j].y, area)`
crates/rs_cam_core/src/polygon.rs:1779:9: warning: multiply and add expressions may be calculated more efficiently and accurately: help: consider using: `area = pts[j].x.mul_add(-pts[i].y, area)`
crates/rs_cam_core/src/polygon.rs:1860:5: warning: multiply and add expressions may be calculated more efficiently and accurately: help: consider using: `(b.y - a.y).mul_add(-(c.x - a.x), (b.x - a.x) * (c.y - a.y))`
crates/rs_cam_core/src/profile.rs:76:14: warning: use Option::map_or_else instead of an if let/else: help: try: `contour.map_or_else(Toolpath::new, |pts| profile_path_to_toolpath(&pts, params))`
crates/rs_cam_core/src/profile.rs:159:1: warning: first doc comment paragraph is too long
crates/rs_cam_core/src/project_curve.rs:108:13: warning: hypotenuse can be computed more accurately: help: consider using: `(first.x - last.x).hypot(first.y - last.y)`
crates/rs_cam_core/src/project_curve.rs:140:1: warning: first doc comment paragraph is too long
crates/rs_cam_core/src/project_curve.rs:208:9: warning: use Option::map_or_else instead of an if let/else: help: try: `offset_distance.map_or_else(Vec::new, |distance| offset_polygon(polygon, distance))`
crates/rs_cam_core/src/pushcutter.rs:70:32: warning: casts from `i32` to `f64` can be expressed infallibly using `From`
crates/rs_cam_core/src/pushcutter.rs:286:28: warning: multiply and add expressions may be calculated more efficiently and accurately: help: consider using: `fiber_dy.mul_add(fiber_dy, fiber_dx * fiber_dx)`
crates/rs_cam_core/src/pushcutter.rs:295:25: warning: multiply and add expressions may be calculated more efficiently and accurately: help: consider using: `qy.mul_add(-fiber_dx, qx * fiber_dy)`
crates/rs_cam_core/src/pushcutter.rs:302:22: warning: multiply and add expressions may be calculated more efficiently and accurately: help: consider using: `qy.mul_add(fiber_dy, qx * fiber_dx)`
crates/rs_cam_core/src/pushcutter.rs:305:24: warning: multiply and add expressions may be calculated more efficiently and accurately: help: consider using: `perp_dist.mul_add(-perp_dist, w * w)`
crates/rs_cam_core/src/pushcutter.rs:329:19: warning: hypotenuse can be computed more accurately: help: consider using: `n.x.hypot(n.y)`
crates/rs_cam_core/src/pushcutter.rs:352:17: warning: multiply and add expressions may be calculated more efficiently and accurately: help: consider using: `r2.mul_add(-n.x, fiber.p1.x - r1 * xy_nx)`
crates/rs_cam_core/src/pushcutter.rs:352:17: warning: multiply and add expressions may be calculated more efficiently and accurately: help: consider using: `r1.mul_add(-xy_nx, fiber.p1.x)`
crates/rs_cam_core/src/pushcutter.rs:353:17: warning: multiply and add expressions may be calculated more efficiently and accurately: help: consider using: `r2.mul_add(-n.y, fiber.p1.y - r1 * xy_ny)`
crates/rs_cam_core/src/pushcutter.rs:353:17: warning: multiply and add expressions may be calculated more efficiently and accurately: help: consider using: `r1.mul_add(-xy_ny, fiber.p1.y)`
crates/rs_cam_core/src/pushcutter.rs:360:16: warning: multiply and add expressions may be calculated more efficiently and accurately: help: consider using: `n.y.mul_add(cc_y0 - v0.y, n.x * (cc_x0 - v0.x))`
crates/rs_cam_core/src/pushcutter.rs:361:18: warning: multiply and add expressions may be calculated more efficiently and accurately: help: consider using: `n.y.mul_add(cc_dy, n.x * cc_dx)`
crates/rs_cam_core/src/pushcutter.rs:374:21: warning: multiply and add expressions may be calculated more efficiently and accurately: help: consider using: `r2.mul_add(n.z, cc_z)`
crates/rs_cam_core/src/pushcutter.rs:380:24: warning: multiply and add expressions may be calculated more efficiently and accurately: help: consider using: `t.mul_add(cc_dx, cc_x0)`
crates/rs_cam_core/src/pushcutter.rs:381:24: warning: multiply and add expressions may be calculated more efficiently and accurately: help: consider using: `t.mul_add(cc_dy, cc_y0)`
crates/rs_cam_core/src/pushcutter.rs:391:15: warning: multiply and add expressions may be calculated more efficiently and accurately: help: consider using: `(-n.z).mul_add(z - v0.z - r2 * n.z + ch, -num0)`
crates/rs_cam_core/src/pushcutter.rs:391:23: warning: multiply and add expressions may be calculated more efficiently and accurately: help: consider using: `r2.mul_add(-n.z, z - v0.z)`
crates/rs_cam_core/src/pushcutter.rs:398:16: warning: multiply and add expressions may be calculated more efficiently and accurately: help: consider using: `t.mul_add(cc_dx, cc_x0)`
crates/rs_cam_core/src/pushcutter.rs:399:16: warning: multiply and add expressions may be calculated more efficiently and accurately: help: consider using: `t.mul_add(cc_dy, cc_y0)`
crates/rs_cam_core/src/pushcutter.rs:433:24: warning: multiply and add expressions may be calculated more efficiently and accurately: help: consider using: `fiber_dy.mul_add(fiber_dy, fiber_dx * fiber_dx)`
crates/rs_cam_core/src/pushcutter.rs:443:23: warning: multiply and add expressions may be calculated more efficiently and accurately: help: consider using: `ez.mul_add(ez, ex * ex + ey * ey)`
crates/rs_cam_core/src/pushcutter.rs:443:23: warning: multiply and add expressions may be calculated more efficiently and accurately: help: consider using: `ey.mul_add(ey, ex * ex)`
crates/rs_cam_core/src/pushcutter.rs:457:22: warning: multiply and add expressions may be calculated more efficiently and accurately: help: consider using: `s.mul_add(ex, p1.x)`
crates/rs_cam_core/src/pushcutter.rs:458:22: warning: multiply and add expressions may be calculated more efficiently and accurately: help: consider using: `s.mul_add(ey, p1.y)`
crates/rs_cam_core/src/pushcutter.rs:459:22: warning: multiply and add expressions may be calculated more efficiently and accurately: help: consider using: `s.mul_add(ez, p1.z)`
crates/rs_cam_core/src/pushcutter.rs:473:25: warning: multiply and add expressions may be calculated more efficiently and accurately: help: consider using: `qy.mul_add(-fiber_dx, qx * fiber_dy)`
crates/rs_cam_core/src/pushcutter.rs:479:22: warning: multiply and add expressions may be calculated more efficiently and accurately: help: consider using: `qy.mul_add(fiber_dy, qx * fiber_dx)`
crates/rs_cam_core/src/pushcutter.rs:480:24: warning: multiply and add expressions may be calculated more efficiently and accurately: help: consider using: `perp_dist.mul_add(-perp_dist, w * w)`
crates/rs_cam_core/src/pushcutter.rs:495:17: warning: casting `usize` to `f64` may cause a loss of precision (`usize` can be up to 64 bits wide depending on the target architecture, but `f64`'s mantissa is only 52 bits wide)
crates/rs_cam_core/src/pushcutter.rs:495:28: warning: casting `usize` to `f64` may cause a loss of precision (`usize` can be up to 64 bits wide depending on the target architecture, but `f64`'s mantissa is only 52 bits wide)
crates/rs_cam_core/src/pushcutter.rs:506:28: warning: casting `usize` to `f64` may cause a loss of precision (`usize` can be up to 64 bits wide depending on the target architecture, but `f64`'s mantissa is only 52 bits wide)
crates/rs_cam_core/src/pushcutter.rs:506:39: warning: casting `usize` to `f64` may cause a loss of precision (`usize` can be up to 64 bits wide depending on the target architecture, but `f64`'s mantissa is only 52 bits wide)
crates/rs_cam_core/src/pushcutter.rs:507:28: warning: casting `usize` to `f64` may cause a loss of precision (`usize` can be up to 64 bits wide depending on the target architecture, but `f64`'s mantissa is only 52 bits wide)
crates/rs_cam_core/src/pushcutter.rs:507:45: warning: casting `usize` to `f64` may cause a loss of precision (`usize` can be up to 64 bits wide depending on the target architecture, but `f64`'s mantissa is only 52 bits wide)
crates/rs_cam_core/src/pushcutter.rs:510:29: warning: manual implementation of `midpoint` which can overflow: help: use `f64::midpoint` instead: `f64::midpoint(s_lo, s_hi)`
crates/rs_cam_core/src/radial_finish.rs:66:1: warning: first doc comment paragraph is too long
crates/rs_cam_core/src/radial_finish.rs:91:14: warning: manual implementation of `midpoint` which can overflow: help: use `f64::midpoint` instead: `f64::midpoint(bbox.min.x, bbox.max.x)`
crates/rs_cam_core/src/radial_finish.rs:92:14: warning: manual implementation of `midpoint` which can overflow: help: use `f64::midpoint` instead: `f64::midpoint(bbox.min.y, bbox.max.y)`
crates/rs_cam_core/src/radial_finish.rs:96:22: warning: casting `f64` to `usize` may truncate the value
crates/rs_cam_core/src/radial_finish.rs:96:22: warning: casting `f64` to `usize` may lose the sign of the value
crates/rs_cam_core/src/radial_finish.rs:102:25: warning: casting `usize` to `f64` may cause a loss of precision (`usize` can be up to 64 bits wide depending on the target architecture, but `f64`'s mantissa is only 52 bits wide)
crates/rs_cam_core/src/radial_finish.rs:108:26: warning: casting `f64` to `usize` may truncate the value
crates/rs_cam_core/src/radial_finish.rs:108:26: warning: casting `f64` to `usize` may lose the sign of the value
crates/rs_cam_core/src/radial_finish.rs:112:21: warning: casting `usize` to `f64` may cause a loss of precision (`usize` can be up to 64 bits wide depending on the target architecture, but `f64`'s mantissa is only 52 bits wide)
crates/rs_cam_core/src/radial_finish.rs:113:21: warning: multiply and add expressions may be calculated more efficiently and accurately: help: consider using: `r.mul_add(cos_a, cx)`
crates/rs_cam_core/src/radial_finish.rs:114:21: warning: multiply and add expressions may be calculated more efficiently and accurately: help: consider using: `r.mul_add(sin_a, cy)`
crates/rs_cam_core/src/radial_profile.rs:38:24: warning: casting `usize` to `f64` may cause a loss of precision (`usize` can be up to 64 bits wide depending on the target architecture, but `f64`'s mantissa is only 52 bits wide)
crates/rs_cam_core/src/radial_profile.rs:42:27: warning: casting `usize` to `f64` may cause a loss of precision (`usize` can be up to 64 bits wide depending on the target architecture, but `f64`'s mantissa is only 52 bits wide)
crates/rs_cam_core/src/radial_profile.rs:56:19: warning: it is more concise to loop over references to containers instead of using explicit iteration methods: help: to write this more concisely, try: `&heights`
crates/rs_cam_core/src/radial_profile.rs:101:5: warning: this could be a `const fn`
crates/rs_cam_core/src/radial_profile.rs:113:19: warning: casting `f64` to `usize` may truncate the value
crates/rs_cam_core/src/radial_profile.rs:113:19: warning: casting `f64` to `usize` may lose the sign of the value
crates/rs_cam_core/src/radial_profile.rs:114:28: warning: casting `usize` to `f64` may cause a loss of precision (`usize` can be up to 64 bits wide depending on the target architecture, but `f64`'s mantissa is only 52 bits wide)
crates/rs_cam_core/src/radial_profile.rs:127:13: warning: multiply and add expressions may be calculated more efficiently and accurately: help: consider using: `frac.mul_add(h1 - h0, h0)`
crates/rs_cam_core/src/radial_profile.rs:134:5: warning: this could be a `const fn`
crates/rs_cam_core/src/ramp_finish.rs:257:20: warning: hypotenuse can be computed more accurately: help: consider using: `dx.hypot(dy)`
crates/rs_cam_core/src/ramp_finish.rs:266:61: warning: casting `usize` to `f64` may cause a loss of precision (`usize` can be up to 64 bits wide depending on the target architecture, but `f64`'s mantissa is only 52 bits wide)
crates/rs_cam_core/src/ramp_finish.rs:267:61: warning: casting `usize` to `f64` may cause a loss of precision (`usize` can be up to 64 bits wide depending on the target architecture, but `f64`'s mantissa is only 52 bits wide)
crates/rs_cam_core/src/ramp_finish.rs:359:67: warning: casting `usize` to `f64` may cause a loss of precision (`usize` can be up to 64 bits wide depending on the target architecture, but `f64`'s mantissa is only 52 bits wide)
crates/rs_cam_core/src/ramp_finish.rs:360:67: warning: casting `usize` to `f64` may cause a loss of precision (`usize` can be up to 64 bits wide depending on the target architecture, but `f64`'s mantissa is only 52 bits wide)
crates/rs_cam_core/src/ramp_finish.rs:371:20: warning: casting `f64` to `usize` may truncate the value
crates/rs_cam_core/src/ramp_finish.rs:371:20: warning: casting `f64` to `usize` may lose the sign of the value
crates/rs_cam_core/src/ramp_finish.rs:379:27: warning: casting `usize` to `f64` may cause a loss of precision (`usize` can be up to 64 bits wide depending on the target architecture, but `f64`'s mantissa is only 52 bits wide)
crates/rs_cam_core/src/ramp_finish.rs:379:38: warning: casting `usize` to `f64` may cause a loss of precision (`usize` can be up to 64 bits wide depending on the target architecture, but `f64`'s mantissa is only 52 bits wide)
crates/rs_cam_core/src/ramp_finish.rs:505:1: warning: first doc comment paragraph is too long
crates/rs_cam_core/src/ramp_finish.rs:546:1: warning: this function has too many lines (199/100)
crates/rs_cam_core/src/ramp_finish.rs:764:17: warning: multiply and add expressions may be calculated more efficiently and accurately: help: consider using: `lifted_area = ((b.x - a.x).powi(2) + (b.y - a.y).powi(2)).sqrt().mul_add(swath_width, lifted_area)`
crates/rs_cam_core/src/ramp_finish.rs:764:32: warning: hypotenuse can be computed more accurately: help: consider using: `(b.x - a.x).hypot(b.y - a.y)`
crates/rs_cam_core/src/reach.rs:169:5: warning: this could be a `const fn`
crates/rs_cam_core/src/reach.rs:264:5: warning: this could be a `const fn`
crates/rs_cam_core/src/reach.rs:290:5: warning: this could be a `const fn`
crates/rs_cam_core/src/reach.rs:296:5: warning: this could be a `const fn`
crates/rs_cam_core/src/reach.rs:334:9: warning: casting `f64` to `usize` may truncate the value
crates/rs_cam_core/src/reach.rs:334:9: warning: casting `f64` to `usize` may lose the sign of the value
crates/rs_cam_core/src/reach.rs:338:24: warning: casting `usize` to `f64` may cause a loss of precision (`usize` can be up to 64 bits wide depending on the target architecture, but `f64`'s mantissa is only 52 bits wide)
crates/rs_cam_core/src/reach.rs:341:18: warning: casting `usize` to `f64` may cause a loss of precision (`usize` can be up to 64 bits wide depending on the target architecture, but `f64`'s mantissa is only 52 bits wide)
crates/rs_cam_core/src/reach.rs:342:17: warning: multiply and add expressions may be calculated more efficiently and accurately: help: consider using: `(delta - u).mul_add(wall_run, cutter.width_at_height(u))`
crates/rs_cam_core/src/reach.rs:347:5: warning: multiply and add expressions may be calculated more efficiently and accurately: help: consider using: `wall_run.mul_add(step, g)`
crates/rs_cam_core/src/reach.rs:414:5: warning: this could be a `const fn`
crates/rs_cam_core/src/reach.rs:427:10: warning: casting `usize` to `f64` may cause a loss of precision (`usize` can be up to 64 bits wide depending on the target architecture, but `f64`'s mantissa is only 52 bits wide)
crates/rs_cam_core/src/reach.rs:427:21: warning: casting `usize` to `f64` may cause a loss of precision (`usize` can be up to 64 bits wide depending on the target architecture, but `f64`'s mantissa is only 52 bits wide)
crates/rs_cam_core/src/reach.rs:440:9: warning: casting `usize` to `f64` may cause a loss of precision (`usize` can be up to 64 bits wide depending on the target architecture, but `f64`'s mantissa is only 52 bits wide)
crates/rs_cam_core/src/reach.rs:445:5: warning: this could be a `const fn`
crates/rs_cam_core/src/reach.rs:750:17: warning: casting `f64` to `usize` may truncate the value
crates/rs_cam_core/src/reach.rs:750:17: warning: casting `f64` to `usize` may lose the sign of the value
crates/rs_cam_core/src/reach.rs:761:26: warning: casting `usize` to `f64` may cause a loss of precision (`usize` can be up to 64 bits wide depending on the target architecture, but `f64`'s mantissa is only 52 bits wide)
crates/rs_cam_core/src/reach.rs:787:13: warning: casting `f64` to `usize` may truncate the value
crates/rs_cam_core/src/reach.rs:787:13: warning: casting `f64` to `usize` may lose the sign of the value
crates/rs_cam_core/src/reach_map.rs:150:1: warning: first doc comment paragraph is too long
crates/rs_cam_core/src/reach_map.rs:201:5: warning: this could be a `const fn`
crates/rs_cam_core/src/reach_map.rs:211:1: warning: first doc comment paragraph is too long
crates/rs_cam_core/src/reach_map.rs:336:1: warning: manual `Debug` impl does not include all fields
crates/rs_cam_core/src/reach_map.rs:580:9: warning: `format!(..)` appended to existing `String`
crates/rs_cam_core/src/reach_map.rs:582:13: warning: `format!(..)` appended to existing `String`
crates/rs_cam_core/src/reach_map.rs:599:27: warning: casting `f64` to `usize` may truncate the value
crates/rs_cam_core/src/reach_map.rs:599:27: warning: casting `f64` to `usize` may lose the sign of the value
crates/rs_cam_core/src/reach_map.rs:599:41: warning: casting `f64` to `usize` may truncate the value
crates/rs_cam_core/src/reach_map.rs:599:41: warning: casting `f64` to `usize` may lose the sign of the value
crates/rs_cam_core/src/reach_map.rs:686:27: warning: casting `usize` to `f64` may cause a loss of precision (`usize` can be up to 64 bits wide depending on the target architecture, but `f64`'s mantissa is only 52 bits wide)
crates/rs_cam_core/src/reach_map.rs:687:50: warning: casting `usize` to `f64` may cause a loss of precision (`usize` can be up to 64 bits wide depending on the target architecture, but `f64`'s mantissa is only 52 bits wide)
crates/rs_cam_core/src/reach_map.rs:694:32: warning: casting `f64` to `usize` may truncate the value
crates/rs_cam_core/src/reach_map.rs:694:32: warning: casting `f64` to `usize` may lose the sign of the value
crates/rs_cam_core/src/reach_map.rs:706:5: warning: this could be a `const fn`
crates/rs_cam_core/src/reach_map.rs:731:5: warning: this could be a `const fn`
crates/rs_cam_core/src/reach_map.rs:767:5: warning: this could be a `const fn`
crates/rs_cam_core/src/reach_map.rs:807:17: warning: casting `f64` to `f32` may truncate the value
crates/rs_cam_core/src/reach_map.rs:808:17: warning: multiply and add expressions may be calculated more efficiently and accurately: help: consider using: `0.25f32.mul_add(t, 0.10)`
crates/rs_cam_core/src/reach_map.rs:808:34: warning: multiply and add expressions may be calculated more efficiently and accurately: help: consider using: `0.08f32.mul_add(-t, 0.70)`
crates/rs_cam_core/src/reach_map.rs:808:51: warning: multiply and add expressions may be calculated more efficiently and accurately: help: consider using: `0.08f32.mul_add(t, 0.20)`
crates/rs_cam_core/src/reach_map.rs:817:13: warning: casting `f64` to `f32` may truncate the value
crates/rs_cam_core/src/reach_map.rs:822:10: warning: multiply and add expressions may be calculated more efficiently and accurately: help: consider using: `0.10f32.mul_add(-u, 1.00)`
crates/rs_cam_core/src/reach_map.rs:822:27: warning: multiply and add expressions may be calculated more efficiently and accurately: help: consider using: `0.65f32.mul_add(-u, 0.90)`
crates/rs_cam_core/src/reach_map.rs:822:44: warning: multiply and add expressions may be calculated more efficiently and accurately: help: consider using: `0.20f32.mul_add(-u, 0.30)`
crates/rs_cam_core/src/reach_map.rs:825:10: warning: multiply and add expressions may be calculated more efficiently and accurately: help: consider using: `0.55f32.mul_add(-u, 0.90)`
crates/rs_cam_core/src/reach_map.rs:825:27: warning: multiply and add expressions may be calculated more efficiently and accurately: help: consider using: `0.25f32.mul_add(-u, 0.25)`
crates/rs_cam_core/src/reach_map.rs:825:44: warning: multiply and add expressions may be calculated more efficiently and accurately: help: consider using: `0.02f32.mul_add(u, 0.10)`
crates/rs_cam_core/src/reach_map.rs:860:23: warning: casting `f64` to `f32` may truncate the value
crates/rs_cam_core/src/reach_map.rs:861:23: warning: casting `f64` to `f32` may truncate the value
crates/rs_cam_core/src/reach_map.rs:862:23: warning: casting `f64` to `f32` may truncate the value
crates/rs_cam_core/src/reach_map.rs:916:20: warning: multiply and add expressions may be calculated more efficiently and accurately: help: consider using: `n.y.mul_add(y - v0.y, n.x * (x - v0.x))`
crates/rs_cam_core/src/reach_map.rs:953:28: warning: casting `f64` to `usize` may truncate the value
crates/rs_cam_core/src/reach_map.rs:953:28: warning: casting `f64` to `usize` may lose the sign of the value
crates/rs_cam_core/src/reach_map.rs:956:17: warning: casting `f64` to `usize` may truncate the value
crates/rs_cam_core/src/reach_map.rs:956:17: warning: casting `f64` to `usize` may lose the sign of the value
crates/rs_cam_core/src/reach_map.rs:957:17: warning: casting `f64` to `usize` may truncate the value
crates/rs_cam_core/src/reach_map.rs:957:17: warning: casting `f64` to `usize` may lose the sign of the value
crates/rs_cam_core/src/reach_map.rs:958:23: warning: multiply and add expressions may be calculated more efficiently and accurately: help: consider using: `(margin_cells as f64).mul_add(-cell_mm, min_x)`
crates/rs_cam_core/src/reach_map.rs:958:31: warning: casting `usize` to `f64` may cause a loss of precision (`usize` can be up to 64 bits wide depending on the target architecture, but `f64`'s mantissa is only 52 bits wide)
crates/rs_cam_core/src/reach_map.rs:959:23: warning: multiply and add expressions may be calculated more efficiently and accurately: help: consider using: `(margin_cells as f64).mul_add(-cell_mm, min_y)`
crates/rs_cam_core/src/reach_map.rs:959:31: warning: casting `usize` to `f64` may cause a loss of precision (`usize` can be up to 64 bits wide depending on the target architecture, but `f64`'s mantissa is only 52 bits wide)
crates/rs_cam_core/src/reach_map.rs:967:1: warning: all fields have the same postfix: `mm`
crates/rs_cam_core/src/reach_map.rs:1027:21: warning: casting `f64` to `usize` may truncate the value
crates/rs_cam_core/src/reach_map.rs:1027:21: warning: casting `f64` to `usize` may lose the sign of the value
crates/rs_cam_core/src/reach_map.rs:1029:54: warning: casting `usize` to `f64` may cause a loss of precision (`usize` can be up to 64 bits wide depending on the target architecture, but `f64`'s mantissa is only 52 bits wide)
crates/rs_cam_core/src/reach_map.rs:1029:65: warning: casting `usize` to `f64` may cause a loss of precision (`usize` can be up to 64 bits wide depending on the target architecture, but `f64`'s mantissa is only 52 bits wide)
crates/rs_cam_core/src/reach_map.rs:1068:18: warning: casting `f64` to `usize` may truncate the value
crates/rs_cam_core/src/reach_map.rs:1068:18: warning: casting `f64` to `usize` may lose the sign of the value
crates/rs_cam_core/src/reach_map.rs:1087:17: warning: casting `f64` to `usize` may truncate the value
crates/rs_cam_core/src/reach_map.rs:1087:17: warning: casting `f64` to `usize` may lose the sign of the value
crates/rs_cam_core/src/reach_map.rs:1093:29: warning: casting `usize` to `f64` may cause a loss of precision (`usize` can be up to 64 bits wide depending on the target architecture, but `f64`'s mantissa is only 52 bits wide)
crates/rs_cam_core/src/reach_map.rs:1123:18: warning: casting `usize` to `f64` may cause a loss of precision (`usize` can be up to 64 bits wide depending on the target architecture, but `f64`'s mantissa is only 52 bits wide)
crates/rs_cam_core/src/reach_map.rs:1142:28: warning: casting `usize` to `f64` may cause a loss of precision (`usize` can be up to 64 bits wide depending on the target architecture, but `f64`'s mantissa is only 52 bits wide)
crates/rs_cam_core/src/reach_map.rs:1142:39: warning: casting `usize` to `f64` may cause a loss of precision (`usize` can be up to 64 bits wide depending on the target architecture, but `f64`'s mantissa is only 52 bits wide)
crates/rs_cam_core/src/reach_map.rs:1147:30: warning: multiply and add expressions may be calculated more efficiently and accurately: help: consider using: `r.mul_add(tan, -h)`
crates/rs_cam_core/src/reach_map.rs:1172:30: warning: multiply and add expressions may be calculated more efficiently and accurately: help: consider using: `r.mul_add(tan, -h)`
crates/rs_cam_core/src/reach_map.rs:1358:16: warning: casting `f64` to `usize` may truncate the value
crates/rs_cam_core/src/reach_map.rs:1358:16: warning: casting `f64` to `usize` may lose the sign of the value
crates/rs_cam_core/src/reach_map.rs:1358:18: warning: casting `usize` to `f64` may cause a loss of precision (`usize` can be up to 64 bits wide depending on the target architecture, but `f64`'s mantissa is only 52 bits wide)
crates/rs_cam_core/src/reach_map.rs:1420:21: warning: casting `f64` to `usize` may truncate the value
crates/rs_cam_core/src/reach_map.rs:1420:21: warning: casting `f64` to `usize` may lose the sign of the value
crates/rs_cam_core/src/reach_map.rs:1420:34: warning: casting `f64` to `usize` may truncate the value
crates/rs_cam_core/src/reach_map.rs:1420:34: warning: casting `f64` to `usize` may lose the sign of the value
crates/rs_cam_core/src/reach_map.rs:1440:13: warning: multiply and add expressions may be calculated more efficiently and accurately: help: consider using: `weighted = w.mul_add(z, weighted)`
crates/rs_cam_core/src/reach_map.rs:1472:13: warning: casting `f64` to `usize` may truncate the value
crates/rs_cam_core/src/reach_map.rs:1472:13: warning: casting `f64` to `usize` may lose the sign of the value
crates/rs_cam_core/src/reach_map.rs:1584:23: warning: casting `f64` to `f32` may truncate the value
crates/rs_cam_core/src/reach_map.rs:1603:23: warning: casting `f64` to `usize` may truncate the value
crates/rs_cam_core/src/reach_map.rs:1603:23: warning: casting `f64` to `usize` may lose the sign of the value
crates/rs_cam_core/src/reach_map.rs:1603:37: warning: casting `f64` to `usize` may truncate the value
crates/rs_cam_core/src/reach_map.rs:1603:37: warning: casting `f64` to `usize` may lose the sign of the value
crates/rs_cam_core/src/reach_map.rs:1618:1: warning: all fields have the same postfix: `area_mm2`
crates/rs_cam_core/src/reach_map.rs:1663:35: warning: casting `f64` to `usize` may truncate the value
crates/rs_cam_core/src/reach_map.rs:1663:35: warning: casting `f64` to `usize` may lose the sign of the value
crates/rs_cam_core/src/reach_map.rs:1663:49: warning: casting `f64` to `usize` may truncate the value
crates/rs_cam_core/src/reach_map.rs:1663:49: warning: casting `f64` to `usize` may lose the sign of the value
crates/rs_cam_core/src/reach_map.rs:1819:53: warning: casting `f64` to `f32` may truncate the value
crates/rs_cam_core/src/region_mask.rs:17:1: warning: first doc comment paragraph is too long
crates/rs_cam_core/src/region_mask.rs:86:1: warning: first doc comment paragraph is too long
crates/rs_cam_core/src/region_set.rs:35:5: warning: this could be a `const fn`
crates/rs_cam_core/src/region_set.rs:44:5: warning: this could be a `const fn`
crates/rs_cam_core/src/region_set.rs:44:51: warning: unnecessary structure name repetition: help: use the applicable keyword: `Self`
crates/rs_cam_core/src/rest.rs:154:15: warning: hypotenuse can be computed more accurately: help: consider using: `dx.hypot(dy)`
crates/rs_cam_core/src/rest.rs:159:21: warning: casting `f64` to `usize` may truncate the value
crates/rs_cam_core/src/rest.rs:159:21: warning: casting `f64` to `usize` may lose the sign of the value
crates/rs_cam_core/src/rest.rs:166:17: warning: casting `usize` to `f64` may cause a loss of precision (`usize` can be up to 64 bits wide depending on the target architecture, but `f64`'s mantissa is only 52 bits wide)
crates/rs_cam_core/src/rest.rs:166:28: warning: casting `usize` to `f64` may cause a loss of precision (`usize` can be up to 64 bits wide depending on the target architecture, but `f64`'s mantissa is only 52 bits wide)
crates/rs_cam_core/src/rest_field.rs:241:1: warning: first doc comment paragraph is too long
crates/rs_cam_core/src/rest_field.rs:289:9: warning: casting `usize` to `f64` may cause a loss of precision (`usize` can be up to 64 bits wide depending on the target architecture, but `f64`'s mantissa is only 52 bits wide)
crates/rs_cam_core/src/rest_field.rs:304:5: warning: this could be a `const fn`
crates/rs_cam_core/src/rest_field.rs:358:5: warning: this could be a `const fn`
crates/rs_cam_core/src/rest_field.rs:480:20: warning: called `map(<f>).unwrap_or(<a>)` on an `Option` value
crates/rs_cam_core/src/rest_field.rs:506:21: warning: casting `usize` to `f64` may cause a loss of precision (`usize` can be up to 64 bits wide depending on the target architecture, but `f64`'s mantissa is only 52 bits wide)
crates/rs_cam_core/src/rest_field.rs:506:33: warning: casting `usize` to `f64` may cause a loss of precision (`usize` can be up to 64 bits wide depending on the target architecture, but `f64`'s mantissa is only 52 bits wide)
crates/rs_cam_core/src/rest_field.rs:506:44: warning: casting `usize` to `f64` may cause a loss of precision (`usize` can be up to 64 bits wide depending on the target architecture, but `f64`'s mantissa is only 52 bits wide)
crates/rs_cam_core/src/rest_field.rs:506:56: warning: casting `usize` to `f64` may cause a loss of precision (`usize` can be up to 64 bits wide depending on the target architecture, but `f64`'s mantissa is only 52 bits wide)
crates/rs_cam_core/src/rest_field.rs:507:15: warning: hypotenuse can be computed more accurately: help: consider using: `tx.hypot(ty)`
crates/rs_cam_core/src/rest_field.rs:558:5: warning: casting `f64` to `usize` may truncate the value
crates/rs_cam_core/src/rest_field.rs:558:5: warning: casting `f64` to `usize` may lose the sign of the value
crates/rs_cam_core/src/rest_field.rs:586:30: warning: casting `usize` to `f64` may cause a loss of precision (`usize` can be up to 64 bits wide depending on the target architecture, but `f64`'s mantissa is only 52 bits wide)
crates/rs_cam_core/src/rest_field.rs:587:23: warning: multiply and add expressions may be calculated more efficiently and accurately: help: consider using: `perp.0.mul_add(step, c0 as f64)`
crates/rs_cam_core/src/rest_field.rs:587:24: warning: casting `usize` to `f64` may cause a loss of precision (`usize` can be up to 64 bits wide depending on the target architecture, but `f64`'s mantissa is only 52 bits wide)
crates/rs_cam_core/src/rest_field.rs:588:23: warning: multiply and add expressions may be calculated more efficiently and accurately: help: consider using: `perp.1.mul_add(step, r0 as f64)`
crates/rs_cam_core/src/rest_field.rs:588:24: warning: casting `usize` to `f64` may cause a loss of precision (`usize` can be up to 64 bits wide depending on the target architecture, but `f64`'s mantissa is only 52 bits wide)
crates/rs_cam_core/src/rest_field.rs:589:53: warning: casting `f64` to `isize` may truncate the value
crates/rs_cam_core/src/rest_field.rs:589:67: warning: casting `f64` to `isize` may truncate the value
crates/rs_cam_core/src/rest_field.rs:609:25: warning: casting `usize` to `f64` may cause a loss of precision (`usize` can be up to 64 bits wide depending on the target architecture, but `f64`'s mantissa is only 52 bits wide)
crates/rs_cam_core/src/rest_field.rs:652:1: warning: this function has too many lines (319/100)
crates/rs_cam_core/src/rest_field.rs:666:24: warning: casting `f64` to `usize` may truncate the value
crates/rs_cam_core/src/rest_field.rs:666:24: warning: casting `f64` to `usize` may lose the sign of the value
crates/rs_cam_core/src/rest_field.rs:667:18: warning: casting `usize` to `f64` may cause a loss of precision (`usize` can be up to 64 bits wide depending on the target architecture, but `f64`'s mantissa is only 52 bits wide)
crates/rs_cam_core/src/rest_field.rs:670:14: warning: casting `f64` to `usize` may truncate the value
crates/rs_cam_core/src/rest_field.rs:670:14: warning: casting `f64` to `usize` may lose the sign of the value
crates/rs_cam_core/src/rest_field.rs:671:14: warning: casting `f64` to `usize` may truncate the value
crates/rs_cam_core/src/rest_field.rs:671:14: warning: casting `f64` to `usize` may lose the sign of the value
crates/rs_cam_core/src/rest_field.rs:678:17: warning: multiply and add expressions may be calculated more efficiently and accurately: help: consider using: `(c as f64).mul_add(cell, origin_x)`
crates/rs_cam_core/src/rest_field.rs:678:28: warning: casting `usize` to `f64` may cause a loss of precision (`usize` can be up to 64 bits wide depending on the target architecture, but `f64`'s mantissa is only 52 bits wide)
crates/rs_cam_core/src/rest_field.rs:679:17: warning: multiply and add expressions may be calculated more efficiently and accurately: help: consider using: `(r as f64).mul_add(cell, origin_y)`
crates/rs_cam_core/src/rest_field.rs:679:28: warning: casting `usize` to `f64` may cause a loss of precision (`usize` can be up to 64 bits wide depending on the target architecture, but `f64`'s mantissa is only 52 bits wide)
crates/rs_cam_core/src/rest_field.rs:715:18: warning: casts from `f32` to `f64` can be expressed infallibly using `From`
crates/rs_cam_core/src/rest_field.rs:792:18: warning: casting `f64` to `f32` may truncate the value
crates/rs_cam_core/src/rest_field.rs:792:29: warning: casting `f64` to `f32` may truncate the value
crates/rs_cam_core/src/rest_field.rs:838:27: warning: casting `usize` to `isize` may wrap around the value: help: if this is intentional, use `cast_signed()` instead: `rr.cast_signed()`
crates/rs_cam_core/src/rest_field.rs:838:40: warning: casting `usize` to `isize` may wrap around the value: help: if this is intentional, use `cast_signed()` instead: `cc.cast_signed()`
crates/rs_cam_core/src/rest_field.rs:839:21: warning: multiply and add expressions may be calculated more efficiently and accurately: help: consider using: `(cc as f64).mul_add(cell, origin_x)`
crates/rs_cam_core/src/rest_field.rs:839:32: warning: casting `usize` to `f64` may cause a loss of precision (`usize` can be up to 64 bits wide depending on the target architecture, but `f64`'s mantissa is only 52 bits wide)
crates/rs_cam_core/src/rest_field.rs:840:21: warning: multiply and add expressions may be calculated more efficiently and accurately: help: consider using: `(rr as f64).mul_add(cell, origin_y)`
crates/rs_cam_core/src/rest_field.rs:840:32: warning: casting `usize` to `f64` may cause a loss of precision (`usize` can be up to 64 bits wide depending on the target architecture, but `f64`'s mantissa is only 52 bits wide)
crates/rs_cam_core/src/rest_field.rs:906:13: warning: multiply and add expressions may be calculated more efficiently and accurately: help: consider using: `total_rest_volume = rest.at_index_or(i, 0.0).mul_add(cell_area, total_rest_volume)`
crates/rs_cam_core/src/rest_field.rs:935:63: warning: calling `BTreeSet::default()` is more clear than this expression: help: try: `BTreeSet::default()`
crates/rs_cam_core/src/rest_field.rs:936:65: warning: calling `BTreeSet::default()` is more clear than this expression: help: try: `BTreeSet::default()`
crates/rs_cam_core/src/rest_field.rs:977:21: warning: multiply and add expressions may be calculated more efficiently and accurately: help: consider using: `(c as f64).mul_add(cell, origin_x)`
crates/rs_cam_core/src/rest_field.rs:977:32: warning: casting `usize` to `f64` may cause a loss of precision (`usize` can be up to 64 bits wide depending on the target architecture, but `f64`'s mantissa is only 52 bits wide)
crates/rs_cam_core/src/rest_field.rs:978:21: warning: multiply and add expressions may be calculated more efficiently and accurately: help: consider using: `(r as f64).mul_add(cell, origin_y)`
crates/rs_cam_core/src/rest_field.rs:978:32: warning: casting `usize` to `f64` may cause a loss of precision (`usize` can be up to 64 bits wide depending on the target architecture, but `f64`'s mantissa is only 52 bits wide)
crates/rs_cam_core/src/rest_field.rs:1020:20: warning: called `map(<f>).unwrap_or(<a>)` on an `Option` value
crates/rs_cam_core/src/rest_field.rs:1123:1: warning: first doc comment paragraph is too long
crates/rs_cam_core/src/rest_field.rs:1221:1: warning: this could be a `const fn`
crates/rs_cam_core/src/rest_field.rs:1227:1: warning: this could be a `const fn`
crates/rs_cam_core/src/rest_field.rs:1248:15: warning: casting `usize` to `f64` may cause a loss of precision (`usize` can be up to 64 bits wide depending on the target architecture, but `f64`'s mantissa is only 52 bits wide)
crates/rs_cam_core/src/rest_field.rs:1255:17: warning: casting `usize` to `isize` may wrap around the value: help: if this is intentional, use `cast_signed()` instead: `ny.cast_signed()`
crates/rs_cam_core/src/rest_field.rs:1256:21: warning: casting `usize` to `isize` may wrap around the value: help: if this is intentional, use `cast_signed()` instead: `nx.cast_signed()`
crates/rs_cam_core/src/rest_field.rs:1272:18: warning: casting `usize` to `isize` may wrap around the value: help: if this is intentional, use `cast_signed()` instead: `ny.cast_signed()`
crates/rs_cam_core/src/rest_field.rs:1273:22: warning: casting `usize` to `isize` may wrap around the value: help: if this is intentional, use `cast_signed()` instead: `nx.cast_signed()`
crates/rs_cam_core/src/rest_field.rs:1294:18: warning: casting `usize` to `u32` may truncate the value on targets with 64-bit wide pointers
crates/rs_cam_core/src/rest_field.rs:1297:18: warning: casting `usize` to `u32` may truncate the value on targets with 64-bit wide pointers
crates/rs_cam_core/src/rest_field.rs:1322:25: warning: casting `usize` to `isize` may wrap around the value: help: if this is intentional, use `cast_signed()` instead: `ny.cast_signed()`
crates/rs_cam_core/src/rest_field.rs:1323:29: warning: casting `usize` to `isize` may wrap around the value: help: if this is intentional, use `cast_signed()` instead: `nx.cast_signed()`
crates/rs_cam_core/src/rest_field.rs:1402:17: warning: casting `usize` to `isize` may wrap around the value: help: if this is intentional, use `cast_signed()` instead: `ny.cast_signed()`
crates/rs_cam_core/src/rest_field.rs:1403:21: warning: casting `usize` to `isize` may wrap around the value: help: if this is intentional, use `cast_signed()` instead: `nx.cast_signed()`
crates/rs_cam_core/src/rest_field.rs:1492:17: warning: casting `usize` to `isize` may wrap around the value: help: if this is intentional, use `cast_signed()` instead: `ny.cast_signed()`
crates/rs_cam_core/src/rest_field.rs:1493:21: warning: casting `usize` to `isize` may wrap around the value: help: if this is intentional, use `cast_signed()` instead: `nx.cast_signed()`
crates/rs_cam_core/src/rest_field.rs:1554:27: warning: casting `usize` to `isize` may wrap around the value: help: if this is intentional, use `cast_signed()` instead: `rr.cast_signed()`
crates/rs_cam_core/src/rest_field.rs:1554:40: warning: casting `usize` to `isize` may wrap around the value: help: if this is intentional, use `cast_signed()` instead: `cc.cast_signed()`
crates/rs_cam_core/src/rest_field.rs:1600:29: warning: casting `usize` to `f64` may cause a loss of precision (`usize` can be up to 64 bits wide depending on the target architecture, but `f64`'s mantissa is only 52 bits wide)
crates/rs_cam_core/src/rest_field.rs:1600:41: warning: casting `usize` to `f64` may cause a loss of precision (`usize` can be up to 64 bits wide depending on the target architecture, but `f64`'s mantissa is only 52 bits wide)
crates/rs_cam_core/src/rest_field.rs:1600:52: warning: casting `usize` to `f64` may cause a loss of precision (`usize` can be up to 64 bits wide depending on the target architecture, but `f64`'s mantissa is only 52 bits wide)
crates/rs_cam_core/src/rest_field.rs:1600:64: warning: casting `usize` to `f64` may cause a loss of precision (`usize` can be up to 64 bits wide depending on the target architecture, but `f64`'s mantissa is only 52 bits wide)
crates/rs_cam_core/src/rest_field.rs:1601:13: warning: hypotenuse can be computed more accurately: help: consider using: `dr.hypot(dc)`
crates/rs_cam_core/src/rest_field.rs:1609:1: warning: this could be a `const fn`
crates/rs_cam_core/src/rest_field.rs:1655:75: warning: calling `BTreeMap::default()` is more clear than this expression: help: try: `BTreeMap::default()`
crates/rs_cam_core/src/rest_field.rs:1703:56: warning: redundant closure: help: replace the closure with the method itself: `std::clone::Clone::clone`
crates/rs_cam_core/src/rest_field.rs:1706:56: warning: redundant closure: help: replace the closure with the method itself: `std::clone::Clone::clone`
crates/rs_cam_core/src/rest_field.rs:1745:1: warning: this function has too many lines (109/100)
crates/rs_cam_core/src/rest_field.rs:1748:66: warning: calling `HashSet::default()` is more clear than this expression: help: try: `HashSet::default()`
crates/rs_cam_core/src/rest_field.rs:1753:23: warning: casting `usize` to `isize` may wrap around the value: help: if this is intentional, use `cast_signed()` instead: `rr.cast_signed()`
crates/rs_cam_core/src/rest_field.rs:1753:36: warning: casting `usize` to `isize` may wrap around the value: help: if this is intentional, use `cast_signed()` instead: `cc.cast_signed()`
crates/rs_cam_core/src/rest_field.rs:1765:23: warning: casting `usize` to `isize` may wrap around the value: help: if this is intentional, use `cast_signed()` instead: `rr.cast_signed()`
crates/rs_cam_core/src/rest_field.rs:1765:36: warning: casting `usize` to `isize` may wrap around the value: help: if this is intentional, use `cast_signed()` instead: `cc.cast_signed()`
crates/rs_cam_core/src/rest_field.rs:1785:36: warning: casting `usize` to `isize` may wrap around the value: help: if this is intentional, use `cast_signed()` instead: `rr.cast_signed()`
crates/rs_cam_core/src/rest_field.rs:1785:49: warning: casting `usize` to `isize` may wrap around the value: help: if this is intentional, use `cast_signed()` instead: `cc.cast_signed()`
crates/rs_cam_core/src/rest_heatmap_mesh.rs:1:1: warning: first doc comment paragraph is too long
crates/rs_cam_core/src/rest_heatmap_mesh.rs:83:21: warning: casting `f64` to `f32` may truncate the value
crates/rs_cam_core/src/rest_heatmap_mesh.rs:94:19: warning: casting `f32` to `usize` may truncate the value
crates/rs_cam_core/src/rest_heatmap_mesh.rs:94:19: warning: casting `f32` to `usize` may lose the sign of the value
crates/rs_cam_core/src/rest_heatmap_mesh.rs:94:20: warning: casting `usize` to `f32` may cause a loss of precision (`usize` can be up to 64 bits wide depending on the target architecture, but `f32`'s mantissa is only 23 bits wide)
crates/rs_cam_core/src/rest_heatmap_mesh.rs:104:21: warning: multiply and add expressions may be calculated more efficiently and accurately: help: consider using: `(c as f64).mul_add(grid.cell_mm, grid.origin_x)`
crates/rs_cam_core/src/rest_heatmap_mesh.rs:104:37: warning: casting `usize` to `f64` may cause a loss of precision (`usize` can be up to 64 bits wide depending on the target architecture, but `f64`'s mantissa is only 52 bits wide)
crates/rs_cam_core/src/rest_heatmap_mesh.rs:105:21: warning: multiply and add expressions may be calculated more efficiently and accurately: help: consider using: `(r as f64).mul_add(grid.cell_mm, grid.origin_y)`
crates/rs_cam_core/src/rest_heatmap_mesh.rs:105:37: warning: casting `usize` to `f64` may cause a loss of precision (`usize` can be up to 64 bits wide depending on the target architecture, but `f64`'s mantissa is only 52 bits wide)
crates/rs_cam_core/src/rest_heatmap_mesh.rs:110:27: warning: casting `f64` to `f32` may truncate the value
crates/rs_cam_core/src/rest_heatmap_mesh.rs:111:27: warning: casting `f64` to `f32` may truncate the value
crates/rs_cam_core/src/rest_heatmap_mesh.rs:130:22: warning: casting `usize` to `u32` may truncate the value on targets with 64-bit wide pointers
crates/rs_cam_core/src/rest_heatmap_mesh.rs:131:22: warning: casting `usize` to `u32` may truncate the value on targets with 64-bit wide pointers
crates/rs_cam_core/src/rest_heatmap_mesh.rs:132:22: warning: casting `usize` to `u32` may truncate the value on targets with 64-bit wide pointers
crates/rs_cam_core/src/rest_heatmap_mesh.rs:133:22: warning: casting `usize` to `u32` may truncate the value on targets with 64-bit wide pointers
crates/rs_cam_core/src/rest_heatmap_mesh.rs:149:1: warning: first doc comment paragraph is too long
crates/rs_cam_core/src/rest_heatmap_mesh.rs:172:1: warning: first doc comment paragraph is too long
crates/rs_cam_core/src/rest_heatmap_mesh.rs:202:9: warning: manual implementation of `midpoint` which can overflow: help: use `f32::midpoint` instead: `f32::midpoint(fill[0], 1.0)`
crates/rs_cam_core/src/rest_heatmap_mesh.rs:203:9: warning: manual implementation of `midpoint` which can overflow: help: use `f32::midpoint` instead: `f32::midpoint(fill[1], 1.0)`
crates/rs_cam_core/src/rest_heatmap_mesh.rs:204:9: warning: manual implementation of `midpoint` which can overflow: help: use `f32::midpoint` instead: `f32::midpoint(fill[2], 1.0)`
crates/rs_cam_core/src/rest_heatmap_mesh.rs:208:1: warning: first doc comment paragraph is too long
crates/rs_cam_core/src/rest_heatmap_mesh.rs:298:21: warning: multiply and add expressions may be calculated more efficiently and accurately: help: consider using: `(c as f64).mul_add(map.cell_mm, map.origin_x)`
crates/rs_cam_core/src/rest_heatmap_mesh.rs:298:36: warning: casting `usize` to `f64` may cause a loss of precision (`usize` can be up to 64 bits wide depending on the target architecture, but `f64`'s mantissa is only 52 bits wide)
crates/rs_cam_core/src/rest_heatmap_mesh.rs:299:21: warning: multiply and add expressions may be calculated more efficiently and accurately: help: consider using: `(r as f64).mul_add(map.cell_mm, map.origin_y)`
crates/rs_cam_core/src/rest_heatmap_mesh.rs:299:36: warning: casting `usize` to `f64` may cause a loss of precision (`usize` can be up to 64 bits wide depending on the target architecture, but `f64`'s mantissa is only 52 bits wide)
crates/rs_cam_core/src/rest_heatmap_mesh.rs:300:27: warning: casting `f64` to `f32` may truncate the value
crates/rs_cam_core/src/rest_heatmap_mesh.rs:301:27: warning: casting `f64` to `f32` may truncate the value
crates/rs_cam_core/src/rest_heatmap_mesh.rs:321:17: warning: casting `usize` to `u32` may truncate the value on targets with 64-bit wide pointers
crates/rs_cam_core/src/rest_heatmap_mesh.rs:322:17: warning: casting `usize` to `u32` may truncate the value on targets with 64-bit wide pointers
crates/rs_cam_core/src/rest_heatmap_mesh.rs:323:17: warning: casting `usize` to `u32` may truncate the value on targets with 64-bit wide pointers
crates/rs_cam_core/src/rest_heatmap_mesh.rs:324:17: warning: casting `usize` to `u32` may truncate the value on targets with 64-bit wide pointers
crates/rs_cam_core/src/rest_heatmap_mesh.rs:325:17: warning: casting `usize` to `u32` may truncate the value on targets with 64-bit wide pointers
crates/rs_cam_core/src/rest_heatmap_mesh.rs:326:17: warning: casting `usize` to `u32` may truncate the value on targets with 64-bit wide pointers
crates/rs_cam_core/src/rest_heatmap_mesh.rs:374:29: warning: multiply and add expressions may be calculated more efficiently and accurately: help: consider using: `(col as f64).mul_add(map.cell_mm, map.origin_x)`
crates/rs_cam_core/src/rest_heatmap_mesh.rs:374:44: warning: casting `usize` to `f64` may cause a loss of precision (`usize` can be up to 64 bits wide depending on the target architecture, but `f64`'s mantissa is only 52 bits wide)
crates/rs_cam_core/src/rest_heatmap_mesh.rs:375:29: warning: multiply and add expressions may be calculated more efficiently and accurately: help: consider using: `(row as f64).mul_add(map.cell_mm, map.origin_y)`
crates/rs_cam_core/src/rest_heatmap_mesh.rs:375:44: warning: casting `usize` to `f64` may cause a loss of precision (`usize` can be up to 64 bits wide depending on the target architecture, but `f64`'s mantissa is only 52 bits wide)
crates/rs_cam_core/src/rest_heatmap_mesh.rs:392:29: warning: casting `f64` to `usize` may truncate the value
crates/rs_cam_core/src/rest_heatmap_mesh.rs:392:29: warning: casting `f64` to `usize` may lose the sign of the value
crates/rs_cam_core/src/rest_heatmap_mesh.rs:400:9: warning: casting `f64` to `usize` may truncate the value
crates/rs_cam_core/src/rest_heatmap_mesh.rs:400:9: warning: casting `f64` to `usize` may lose the sign of the value
crates/rs_cam_core/src/scallop.rs:91:24: warning: you are deriving `PartialEq` and can implement `Eq`: help: consider deriving `Eq` as well: `PartialEq, Eq`
crates/rs_cam_core/src/scallop.rs:323:33: warning: casting `f64` to `usize` may truncate the value
crates/rs_cam_core/src/scallop.rs:323:33: warning: casting `f64` to `usize` may lose the sign of the value
crates/rs_cam_core/src/scallop.rs:323:34: warning: casting `usize` to `f64` may cause a loss of precision (`usize` can be up to 64 bits wide depending on the target architecture, but `f64`'s mantissa is only 52 bits wide)
crates/rs_cam_core/src/scallop.rs:325:56: warning: casting `usize` to `f64` may cause a loss of precision (`usize` can be up to 64 bits wide depending on the target architecture, but `f64`'s mantissa is only 52 bits wide)
crates/rs_cam_core/src/scallop.rs:640:5: warning: this could be a `const fn`
crates/rs_cam_core/src/scallop.rs:833:12: warning: multiply and add expressions may be calculated more efficiently and accurately: help: consider using: `dy.mul_add(dy, dx * dx)`
crates/rs_cam_core/src/scallop.rs:843:12: warning: multiply and add expressions may be calculated more efficiently and accurately: help: consider using: `dy.mul_add(dy, dx * dx)`
crates/rs_cam_core/src/scallop.rs:973:15: warning: hypotenuse can be computed more accurately: help: consider using: `dx.hypot(dy)`
crates/rs_cam_core/src/scallop.rs:1035:17: warning: casting `usize` to `f64` may cause a loss of precision (`usize` can be up to 64 bits wide depending on the target architecture, but `f64`'s mantissa is only 52 bits wide)
crates/rs_cam_core/src/scallop.rs:1035:28: warning: casting `usize` to `f64` may cause a loss of precision (`usize` can be up to 64 bits wide depending on the target architecture, but `f64`'s mantissa is only 52 bits wide)
crates/rs_cam_core/src/scallop.rs:1036:17: warning: multiply and add expressions may be calculated more efficiently and accurately: help: consider using: `dx.mul_add(t, a.x)`
crates/rs_cam_core/src/scallop.rs:1037:17: warning: multiply and add expressions may be calculated more efficiently and accurately: help: consider using: `dy.mul_add(t, a.y)`
crates/rs_cam_core/src/scallop.rs:1044:23: warning: multiply and add expressions may be calculated more efficiently and accurately: help: consider using: `(b.z - a.z).mul_add(t, a.z)`
crates/rs_cam_core/src/scallop.rs:1082:21: warning: multiply and add expressions may be calculated more efficiently and accurately: help: consider using: `dx.mul_add(t_split, a.x)`
crates/rs_cam_core/src/scallop.rs:1082:41: warning: multiply and add expressions may be calculated more efficiently and accurately: help: consider using: `dy.mul_add(t_split, a.y)`
crates/rs_cam_core/src/scallop.rs:1122:18: warning: hypotenuse can be computed more accurately: help: consider using: `(b.x - a.x).hypot(b.y - a.y)`
crates/rs_cam_core/src/scallop.rs:1137:13: warning: multiply and add expressions may be calculated more efficiently and accurately: help: consider using: `total = 0.5f64.mul_add(seg[prev] + seg[i], total)`
crates/rs_cam_core/src/scallop.rs:1137:22: warning: manual implementation of `midpoint` which can overflow: help: use `f64::midpoint` instead: `f64::midpoint(seg[prev], seg[i])`
crates/rs_cam_core/src/scallop.rs:1196:1: warning: this function has too many lines (185/100)
crates/rs_cam_core/src/scallop.rs:1386:9: warning: use Option::map_or instead of an if let/else
crates/rs_cam_core/src/scallop.rs:1490:26: warning: use Option::map_or_else instead of an if let/else
crates/rs_cam_core/src/scallop.rs:1530:17: warning: multiply and add expressions may be calculated more efficiently and accurately: help: consider using: `standing_mm2 = dropped_arc_length_mm(&ring_3d).mul_add(stepover, standing_mm2)`
crates/rs_cam_core/src/scallop.rs:1594:22: warning: multiply and add expressions can be calculated more efficiently and accurately: help: consider using: `(a.0.x - target.x).mul_add(a.0.x - target.x, (a.0.y - target.y).powi(2))`
crates/rs_cam_core/src/scallop.rs:1594:22: warning: multiply and add expressions can be calculated more efficiently and accurately: help: consider using: `(a.0.y - target.y).mul_add(a.0.y - target.y, (a.0.x - target.x).powi(2))`
crates/rs_cam_core/src/scallop.rs:1595:22: warning: multiply and add expressions can be calculated more efficiently and accurately: help: consider using: `(b.0.x - target.x).mul_add(b.0.x - target.x, (b.0.y - target.y).powi(2))`
crates/rs_cam_core/src/scallop.rs:1595:22: warning: multiply and add expressions can be calculated more efficiently and accurately: help: consider using: `(b.0.y - target.y).mul_add(b.0.y - target.y, (b.0.x - target.x).powi(2))`
crates/rs_cam_core/src/scallop.rs:1616:1: warning: first doc comment paragraph is too long
crates/rs_cam_core/src/scallop.rs:1896:1: warning: first doc comment paragraph is too long
crates/rs_cam_core/src/scallop.rs:2173:1: warning: this function has too many lines (368/100)
crates/rs_cam_core/src/scallop.rs:2248:15: warning: while condition comparing floats
crates/rs_cam_core/src/scallop.rs:2254:15: warning: while condition comparing floats
crates/rs_cam_core/src/scallop.rs:2260:15: warning: while condition comparing floats
crates/rs_cam_core/src/scallop.rs:2266:15: warning: while condition comparing floats
crates/rs_cam_core/src/scallop.rs:2330:21: warning: casting `f64` to `usize` may truncate the value
crates/rs_cam_core/src/scallop.rs:2330:21: warning: casting `f64` to `usize` may lose the sign of the value
crates/rs_cam_core/src/scallop.rs:2527:21: warning: hypotenuse can be computed more accurately: help: consider using: `(run_first.x - anchor.x).hypot(run_first.y - anchor.y)`
crates/rs_cam_core/src/scallop.rs:2733:27: warning: use Option::map_or instead of an if let/else: help: try: `link_stage.map_or((legacy, None), |stage| (stage.params(&geom), Some(fragment_kinds.as_slice())))`
crates/rs_cam_core/src/scallop_isofield.rs:139:21: warning: multiply and add expressions may be calculated more efficiently and accurately: help: consider using: `(col as f64).mul_add(cell, slope_map.origin_x)`
crates/rs_cam_core/src/scallop_isofield.rs:139:42: warning: casting `usize` to `f64` may cause a loss of precision (`usize` can be up to 64 bits wide depending on the target architecture, but `f64`'s mantissa is only 52 bits wide)
crates/rs_cam_core/src/scallop_isofield.rs:140:21: warning: multiply and add expressions may be calculated more efficiently and accurately: help: consider using: `(row as f64).mul_add(cell, slope_map.origin_y)`
crates/rs_cam_core/src/scallop_isofield.rs:140:42: warning: casting `usize` to `f64` may cause a loss of precision (`usize` can be up to 64 bits wide depending on the target architecture, but `f64`'s mantissa is only 52 bits wide)
crates/rs_cam_core/src/scallop_isofield.rs:170:22: warning: casting `f64` to `usize` may truncate the value
crates/rs_cam_core/src/scallop_isofield.rs:170:22: warning: casting `f64` to `usize` may lose the sign of the value
crates/rs_cam_core/src/scallop_isofield.rs:199:26: warning: multiply and add expressions may be calculated more efficiently and accurately: help: consider using: `dy.mul_add(dy, dx * dx)`
crates/rs_cam_core/src/scallop_isofield.rs:203:18: warning: multiply and add expressions may be calculated more efficiently and accurately: help: consider using: `(y - a.y).mul_add(dy, (x - a.x) * dx)`
crates/rs_cam_core/src/scallop_isofield.rs:205:26: warning: multiply and add expressions may be calculated more efficiently and accurately: help: consider using: `dx.mul_add(t, a.x)`
crates/rs_cam_core/src/scallop_isofield.rs:205:52: warning: multiply and add expressions may be calculated more efficiently and accurately: help: consider using: `dy.mul_add(t, a.y)`
crates/rs_cam_core/src/scallop_isofield.rs:266:31: warning: casting `usize` to `i64` may wrap around the value on targets with 64-bit wide pointers
crates/rs_cam_core/src/scallop_isofield.rs:266:48: warning: casting `usize` to `i64` may wrap around the value on targets with 64-bit wide pointers
crates/rs_cam_core/src/scallop_isofield.rs:267:43: warning: casting `usize` to `i64` may wrap around the value on targets with 64-bit wide pointers
crates/rs_cam_core/src/scallop_isofield.rs:267:63: warning: casting `usize` to `i64` may wrap around the value on targets with 64-bit wide pointers
crates/rs_cam_core/src/scallop_isofield.rs:274:25: warning: casting `i64` to `usize` may truncate the value on targets with 32-bit wide pointers
crates/rs_cam_core/src/scallop_isofield.rs:274:25: warning: casting `i64` to `usize` may lose the sign of the value
crates/rs_cam_core/src/scallop_isofield.rs:274:47: warning: casting `i64` to `usize` may truncate the value on targets with 32-bit wide pointers
crates/rs_cam_core/src/scallop_isofield.rs:274:47: warning: casting `i64` to `usize` may lose the sign of the value
crates/rs_cam_core/src/scallop_isofield.rs:289:21: warning: multiply and add expressions may be calculated more efficiently and accurately: help: consider using: `(col as f64).mul_add(cell, origin_x)`
crates/rs_cam_core/src/scallop_isofield.rs:289:32: warning: casting `usize` to `f64` may cause a loss of precision (`usize` can be up to 64 bits wide depending on the target architecture, but `f64`'s mantissa is only 52 bits wide)
crates/rs_cam_core/src/scallop_isofield.rs:290:21: warning: multiply and add expressions may be calculated more efficiently and accurately: help: consider using: `(row as f64).mul_add(cell, origin_y)`
crates/rs_cam_core/src/scallop_isofield.rs:290:32: warning: casting `usize` to `f64` may cause a loss of precision (`usize` can be up to 64 bits wide depending on the target architecture, but `f64`'s mantissa is only 52 bits wide)
crates/rs_cam_core/src/scallop_isofield.rs:355:36: warning: multiply and add expressions may be calculated more efficiently and accurately: help: consider using: `(a - b).mul_add(-(a - b), 2.0 * f * f)`
crates/rs_cam_core/src/scallop_isofield.rs:372:1: warning: this could be a `const fn`
crates/rs_cam_core/src/scallop_isofield.rs:408:21: warning: casting `usize` to `f64` may cause a loss of precision (`usize` can be up to 64 bits wide depending on the target architecture, but `f64`'s mantissa is only 52 bits wide)
crates/rs_cam_core/src/scallop_isofield.rs:439:13: warning: multiply and add expressions may be calculated more efficiently and accurately: help: consider using: `(col as f64).mul_add(cell, field.origin_x)`
crates/rs_cam_core/src/scallop_isofield.rs:439:30: warning: casting `usize` to `f64` may cause a loss of precision (`usize` can be up to 64 bits wide depending on the target architecture, but `f64`'s mantissa is only 52 bits wide)
crates/rs_cam_core/src/scallop_isofield.rs:440:13: warning: multiply and add expressions may be calculated more efficiently and accurately: help: consider using: `(row as f64).mul_add(cell, field.origin_y)`
crates/rs_cam_core/src/scallop_isofield.rs:440:30: warning: casting `usize` to `f64` may cause a loss of precision (`usize` can be up to 64 bits wide depending on the target architecture, but `f64`'s mantissa is only 52 bits wide)
crates/rs_cam_core/src/scallop_isofield.rs:452:17: warning: multiply and add expressions may be calculated more efficiently and accurately: help: consider using: `(pb.x - pa.x).mul_add(t, pa.x)`
crates/rs_cam_core/src/scallop_isofield.rs:452:43: warning: multiply and add expressions may be calculated more efficiently and accurately: help: consider using: `(pb.y - pa.y).mul_add(t, pa.y)`
crates/rs_cam_core/src/scallop_math.rs:34:11: warning: multiply and add expressions may be calculated more efficiently and accurately: help: consider using: `scallop_height.mul_add(-scallop_height, 2.0 * tool_radius * scallop_height)`
crates/rs_cam_core/src/semantic_trace.rs:398:33: warning: you are deriving `PartialEq` and can implement `Eq`: help: consider deriving `Eq` as well: `PartialEq, Eq`
crates/rs_cam_core/src/semantic_trace.rs:427:33: warning: you are deriving `PartialEq` and can implement `Eq`: help: consider deriving `Eq` as well: `PartialEq, Eq`
crates/rs_cam_core/src/semantic_trace.rs:605:17: warning: temporary with significant `Drop` can be early dropped
crates/rs_cam_core/src/semantic_trace.rs:661:17: warning: you seem to be trying to use `match` for destructuring a single pattern. Consider using `if let`
crates/rs_cam_core/src/semantic_trace.rs:706:9: warning: you seem to be trying to use `match` for destructuring a single pattern. Consider using `if let`
crates/rs_cam_core/src/semantic_trace.rs:822:5: warning: this could be a `const fn`
crates/rs_cam_core/src/semantic_trace.rs:837:5: warning: this could be a `const fn`
crates/rs_cam_core/src/semantic_trace.rs:922:5: warning: this could be a `const fn`
crates/rs_cam_core/src/semantic_trace.rs:941:5: warning: this could be a `const fn`
crates/rs_cam_core/src/semantic_trace.rs:945:5: warning: this could be a `const fn`
crates/rs_cam_core/src/semantic_trace.rs:969:5: warning: this could be a `const fn`
crates/rs_cam_core/src/semantic_trace.rs:973:5: warning: this could be a `const fn`
crates/rs_cam_core/src/semantic_trace.rs:989:1: warning: this function has too many lines (114/100)
crates/rs_cam_core/src/session/builder.rs:118:5: warning: missing `#[must_use]` attribute on a method returning `Self`
crates/rs_cam_core/src/session/builder.rs:124:5: warning: missing `#[must_use]` attribute on a method returning `Self`
crates/rs_cam_core/src/session/builder.rs:130:5: warning: missing `#[must_use]` attribute on a method returning `Self`
crates/rs_cam_core/src/session/builder.rs:136:5: warning: missing `#[must_use]` attribute on a method returning `Self`
crates/rs_cam_core/src/session/builder.rs:142:5: warning: missing `#[must_use]` attribute on a method returning `Self`
crates/rs_cam_core/src/session/builder.rs:149:5: warning: missing `#[must_use]` attribute on a method returning `Self`
crates/rs_cam_core/src/session/builder.rs:165:5: warning: missing `#[must_use]` attribute on a method returning `Self`
crates/rs_cam_core/src/session/builder.rs:175:5: warning: missing `#[must_use]` attribute on a method returning `Self`
crates/rs_cam_core/src/session/builder.rs:249:5: warning: missing `#[must_use]` attribute on a method returning `Self`
crates/rs_cam_core/src/session/command.rs:881:24: warning: you are deriving `PartialEq` and can implement `Eq`: help: consider deriving `Eq` as well: `PartialEq, Eq`
crates/rs_cam_core/src/session/command.rs:2174:13: warning: this could be a `const fn`
crates/rs_cam_core/src/session/command.rs:2181:13: warning: this could be a `const fn`
crates/rs_cam_core/src/session/command.rs:2189:13: warning: this could be a `const fn`
crates/rs_cam_core/src/session/command.rs:1998:13: warning: this could be a `const fn`
crates/rs_cam_core/src/session/command.rs:2019:13: warning: this could be a `const fn`
crates/rs_cam_core/src/session/command.rs:2058:13: warning: this could be a `const fn`
crates/rs_cam_core/src/session/command.rs:2090:13: warning: this could be a `const fn`
crates/rs_cam_core/src/session/command.rs:2250:5: warning: this could be a `const fn`
crates/rs_cam_core/src/session/command.rs:2252:13: warning: unnecessary structure name repetition: help: use the applicable keyword: `Self`
crates/rs_cam_core/src/session/command.rs:2253:13: warning: unnecessary structure name repetition: help: use the applicable keyword: `Self`
crates/rs_cam_core/src/session/command.rs:2254:13: warning: unnecessary structure name repetition: help: use the applicable keyword: `Self`
crates/rs_cam_core/src/session/command.rs:2255:13: warning: unnecessary structure name repetition: help: use the applicable keyword: `Self`
crates/rs_cam_core/src/session/command.rs:2270:5: warning: this function has too many lines (219/100)
crates/rs_cam_core/src/session/command.rs:2380:13: warning: these match arms have identical bodies
crates/rs_cam_core/src/session/command.rs:2323:20: warning: use Option::map_or_else instead of an if let/else: help: try: `added.map_or_else(|| self.with_effects(None, |_| {}), |effects| effects)`
crates/rs_cam_core/src/session/command.rs:2430:20: warning: use Option::map_or_else instead of an if let/else: help: try: `enabled.map_or_else(|| self.with_effects(None, |_| {}), |effects| effects)`
crates/rs_cam_core/src/session/compute.rs:43:1: warning: pub(crate) function inside private module
crates/rs_cam_core/src/session/compute.rs:138:1: warning: first doc comment paragraph is too long
crates/rs_cam_core/src/session/compute.rs:365:5: warning: this could be a `const fn`
crates/rs_cam_core/src/session/compute.rs:371:5: warning: this could be a `const fn`
crates/rs_cam_core/src/session/compute.rs:477:5: warning: this could be a `const fn`
crates/rs_cam_core/src/session/compute.rs:523:5: warning: this could be a `const fn`
crates/rs_cam_core/src/session/compute.rs:528:5: warning: this could be a `const fn`
crates/rs_cam_core/src/session/compute.rs:533:5: warning: this could be a `const fn`
crates/rs_cam_core/src/session/compute.rs:542:5: warning: code link adjacent to code text
crates/rs_cam_core/src/session/compute.rs:563:1: warning: this function has too many lines (236/100)
crates/rs_cam_core/src/session/compute.rs:642:17: warning: use Option::map_or_else instead of an if let/else
crates/rs_cam_core/src/session/compute.rs:688:64: warning: redundant closure: help: replace the closure with the method itself: `super::super::debug_trace::ToolpathDebugScope::context`
crates/rs_cam_core/src/session/compute.rs:1014:40: warning: redundant closure: help: replace the closure with the method itself: `std::vec::Vec::as_slice`
crates/rs_cam_core/src/session/compute.rs:1176:5: warning: this function has too many lines (214/100)
crates/rs_cam_core/src/session/compute.rs:1204:20: warning: casting `i64` to `f64` may cause a loss of precision (`i64` is 64 bits wide, but `f64`'s mantissa is only 52 bits wide)
crates/rs_cam_core/src/session/compute.rs:1204:43: warning: casting `i64` to `f64` may cause a loss of precision (`i64` is 64 bits wide, but `f64`'s mantissa is only 52 bits wide)
crates/rs_cam_core/src/session/compute.rs:1381:54: warning: redundant closure: help: replace the closure with the method itself: `serde_json::Value::as_i64`
crates/rs_cam_core/src/session/compute.rs:1393:54: warning: redundant closure: help: replace the closure with the method itself: `serde_json::Value::as_i64`
crates/rs_cam_core/src/session/compute.rs:1395:25: warning: use Option::map_or_else instead of an if let/else
crates/rs_cam_core/src/session/compute.rs:1406:52: warning: redundant closure: help: replace the closure with the method itself: `serde_json::Value::is_number`
crates/rs_cam_core/src/session/compute.rs:1538:36: warning: casting `u64` to `u32` may truncate the value
crates/rs_cam_core/src/session/compute.rs:1798:5: warning: this could be a `const fn`
crates/rs_cam_core/src/session/compute.rs:1810:5: warning: code link adjacent to code text
crates/rs_cam_core/src/session/compute.rs:1856:22: warning: it is more concise to loop over references to containers instead of using explicit iteration methods: help: to write this more concisely, try: `&ADVISOR_CANDIDATE_STRATEGIES`
crates/rs_cam_core/src/session/compute.rs:1899:46: warning: redundant closure: help: replace the closure with the method itself: `std::vec::Vec::as_slice`
crates/rs_cam_core/src/session/compute.rs:1924:38: warning: use Option::map_or_else instead of an if let/else
crates/rs_cam_core/src/session/compute.rs:2008:24: warning: code link adjacent to code text
crates/rs_cam_core/src/session/compute.rs:2129:18: warning: called `map(<f>).unwrap_or(<a>)` on an `Option` value
crates/rs_cam_core/src/session/compute.rs:2171:1: warning: this function has too many lines (181/100)
crates/rs_cam_core/src/session/compute.rs:2261:13: warning: casting `f64` to `i64` may truncate the value
crates/rs_cam_core/src/session/compute.rs:2262:13: warning: casting `f64` to `i64` may truncate the value
crates/rs_cam_core/src/session/compute.rs:2263:13: warning: casting `f64` to `i64` may truncate the value
crates/rs_cam_core/src/session/compute.rs:2308:13: warning: multiply and add expressions may be calculated more efficiently and accurately: help: consider using: `radial_num[sample.move_index] = sample.engagement.radial_woc_fraction.max(0.0).mul_add(w, radial_num[sample.move_index])`
crates/rs_cam_core/src/session/compute.rs:2314:13: warning: multiply and add expressions may be calculated more efficiently and accurately: help: consider using: `axial_num[sample.move_index] = sample.engagement.axial_doc_fraction.unwrap_or(0.0).max(0.0).mul_add(w, axial_num[sample.move_index])`
crates/rs_cam_core/src/session/compute.rs:2317:13: warning: multiply and add expressions may be calculated more efficiently and accurately: help: consider using: `axial_mm_num[sample.move_index] = sample.axial_doc_mm.max(0.0).mul_add(w, axial_mm_num[sample.move_index])`
crates/rs_cam_core/src/session/compute.rs:2354:17: warning: use Option::map_or instead of an if let/else: help: try: `planner_woc.map_or(sim_radial, |pw| sim_radial.max(pw))`
crates/rs_cam_core/src/session/compute.rs:2419:38: warning: casts from `u32` to `f64` can be expressed infallibly using `From`
crates/rs_cam_core/src/session/compute.rs:2433:22: warning: casts from `u32` to `f64` can be expressed infallibly using `From`
crates/rs_cam_core/src/session/compute.rs:2650:5: warning: this function has too many lines (282/100)
crates/rs_cam_core/src/session/compute.rs:2678:13: warning: assigning the result of `Clone::clone()` may be inefficient: help: use `clone_from()`: `mesh.clone_from(&surface.mesh)`
crates/rs_cam_core/src/session/compute.rs:3146:5: warning: this function has too many lines (115/100)
crates/rs_cam_core/src/session/compute.rs:3899:5: warning: this function has too many lines (117/100)
crates/rs_cam_core/src/session/compute.rs:3962:39: warning: called `map(<f>).unwrap_or(<a>)` on an `Option` value
crates/rs_cam_core/src/session/compute.rs:3963:40: warning: called `map(<f>).unwrap_or_else(<g>)` on an `Option` value: help: try: `tool_config.map_or_else(|| "Unknown".to_owned(), |t| t.summary())`
crates/rs_cam_core/src/session/compute.rs:3964:30: warning: redundant closure: help: replace the closure with the method itself: `super::super::compute::tool_config::ToolConfig::summary`
crates/rs_cam_core/src/session/compute.rs:3966:36: warning: called `map(<f>).unwrap_or_else(<g>)` on an `Option` value
crates/rs_cam_core/src/session/compute.rs:4284:5: warning: this function has too many lines (181/100)
crates/rs_cam_core/src/session/compute.rs:4496:25: warning: you seem to be trying to use `match` for destructuring a single pattern. Consider using `if let`
crates/rs_cam_core/src/session/compute.rs:4772:24: warning: called `map(<f>).unwrap_or_else(<g>)` on an `Option` value
crates/rs_cam_core/src/session/compute.rs:4802:29: warning: called `map(<f>).unwrap_or(<a>)` on a `Result` value
crates/rs_cam_core/src/session/compute.rs:5050:5: warning: this function has too many lines (323/100)
crates/rs_cam_core/src/session/compute.rs:5057:9: warning: adding items after statements is confusing, since items exist from the start of the scope
crates/rs_cam_core/src/session/compute.rs:5067:9: warning: adding items after statements is confusing, since items exist from the start of the scope
crates/rs_cam_core/src/session/compute.rs:5068:9: warning: adding items after statements is confusing, since items exist from the start of the scope
crates/rs_cam_core/src/session/compute.rs:5152:46: warning: called `map(<f>).unwrap_or(<a>)` on an `Option` value
crates/rs_cam_core/src/session/compute.rs:5220:13: warning: use Option::map_or instead of an if let/else
crates/rs_cam_core/src/session/compute.rs:5450:23: warning: called `map(<f>).unwrap_or_else(<g>)` on an `Option` value
crates/rs_cam_core/src/session/cycle_time.rs:61:5: warning: this could be a `const fn`
crates/rs_cam_core/src/session/cycle_time.rs:61:5: warning: missing `#[must_use]` attribute on a method returning `Self`
crates/rs_cam_core/src/session/cycle_time.rs:63:14: warning: unnecessary structure name repetition: help: use the applicable keyword: `Self`
crates/rs_cam_core/src/session/cycle_time.rs:63:52: warning: unnecessary structure name repetition: help: use the applicable keyword: `Self`
crates/rs_cam_core/src/session/cycle_time.rs:64:17: warning: unnecessary structure name repetition: help: use the applicable keyword: `Self`
crates/rs_cam_core/src/session/cycle_time.rs:66:14: warning: unnecessary structure name repetition: help: use the applicable keyword: `Self`
crates/rs_cam_core/src/session/cycle_time.rs:66:57: warning: unnecessary structure name repetition: help: use the applicable keyword: `Self`
crates/rs_cam_core/src/session/cycle_time.rs:67:17: warning: unnecessary structure name repetition: help: use the applicable keyword: `Self`
crates/rs_cam_core/src/session/cycle_time.rs:69:18: warning: unnecessary structure name repetition: help: use the applicable keyword: `Self`
crates/rs_cam_core/src/session/cycle_time.rs:75:5: warning: this could be a `const fn`
crates/rs_cam_core/src/session/cycle_time.rs:77:13: warning: unnecessary structure name repetition: help: use the applicable keyword: `Self`
crates/rs_cam_core/src/session/cycle_time.rs:78:13: warning: unnecessary structure name repetition: help: use the applicable keyword: `Self`
crates/rs_cam_core/src/session/cycle_time.rs:79:13: warning: unnecessary structure name repetition: help: use the applicable keyword: `Self`
crates/rs_cam_core/src/session/cycle_time.rs:84:5: warning: this could be a `const fn`
crates/rs_cam_core/src/session/cycle_time.rs:86:13: warning: unnecessary structure name repetition: help: use the applicable keyword: `Self`
crates/rs_cam_core/src/session/cycle_time.rs:89:13: warning: unnecessary structure name repetition: help: use the applicable keyword: `Self`
crates/rs_cam_core/src/session/cycle_time.rs:94:13: warning: unnecessary structure name repetition: help: use the applicable keyword: `Self`
crates/rs_cam_core/src/session/cycle_time.rs:124:5: warning: this could be a `const fn`
crates/rs_cam_core/src/session/cycle_time.rs:141:27: warning: use Option::map_or instead of an if let/else: help: try: `self.basis.map_or(other_basis, |mine| mine.worse(other_basis))`
crates/rs_cam_core/src/session/eval_context.rs:104:10: warning: unnecessary structure name repetition: help: use the applicable keyword: `Self`
crates/rs_cam_core/src/session/eval_context.rs:119:9: warning: unnecessary structure name repetition: help: use the applicable keyword: `Self`
crates/rs_cam_core/src/session/eval_context.rs:142:10: warning: unnecessary structure name repetition: help: use the applicable keyword: `Self`
crates/rs_cam_core/src/session/eval_context.rs:152:5: warning: this could be a `const fn`
crates/rs_cam_core/src/session/eval_context.rs:161:26: warning: redundant closure: help: replace the closure with the method itself: `super::super::compute::transform::SetupTransformInfo::is_z_flipped`
crates/rs_cam_core/src/session/eval_context.rs:227:5: warning: this could be a `const fn`
crates/rs_cam_core/src/session/multitool.rs:127:20: warning: multiply and add expressions may be calculated more efficiently and accurately: help: consider using: `h.mul_add(-h, 2.0 * r * h)`
crates/rs_cam_core/src/session/multitool.rs:339:23: warning: use Option::map_or_else instead of an if let/else
crates/rs_cam_core/src/session/multitool.rs:897:1: warning: this could be a `const fn`
crates/rs_cam_core/src/session/multitool.rs:1269:5: warning: this could be a `const fn`
crates/rs_cam_core/src/session/multitool.rs:1281:5: warning: this could be a `const fn`
crates/rs_cam_core/src/session/multitool.rs:1290:5: warning: code link adjacent to code text
crates/rs_cam_core/src/session/mutation.rs:1459:33: warning: redundant closure: help: replace the closure with the method itself: `super::ProjectSession::drop_all_results`
crates/rs_cam_core/src/session/project_file.rs:46:1: warning: this could be a `const fn`
crates/rs_cam_core/src/session/project_file.rs:56:1: warning: this could be a `const fn`
crates/rs_cam_core/src/session/project_file.rs:183:1: warning: this could be a `const fn`
crates/rs_cam_core/src/session/project_file.rs:186:1: warning: this could be a `const fn`
crates/rs_cam_core/src/session/project_file.rs:189:1: warning: this could be a `const fn`
crates/rs_cam_core/src/session/project_file.rs:192:1: warning: this could be a `const fn`
crates/rs_cam_core/src/session/project_file.rs:231:1: warning: this could be a `const fn`
crates/rs_cam_core/src/session/project_file.rs:234:1: warning: this could be a `const fn`
crates/rs_cam_core/src/session/project_file.rs:237:1: warning: this could be a `const fn`
crates/rs_cam_core/src/session/project_file.rs:294:1: warning: this could be a `const fn`
crates/rs_cam_core/src/session/project_file.rs:297:1: warning: this could be a `const fn`
crates/rs_cam_core/src/session/project_file.rs:300:1: warning: this could be a `const fn`
crates/rs_cam_core/src/session/project_file.rs:303:1: warning: this could be a `const fn`
crates/rs_cam_core/src/session/project_file.rs:306:1: warning: this could be a `const fn`
crates/rs_cam_core/src/session/project_file.rs:309:1: warning: this could be a `const fn`
crates/rs_cam_core/src/session/project_file.rs:312:1: warning: this could be a `const fn`
crates/rs_cam_core/src/session/project_file.rs:315:1: warning: this could be a `const fn`
crates/rs_cam_core/src/session/project_file.rs:318:1: warning: this could be a `const fn`
crates/rs_cam_core/src/session/project_file.rs:321:1: warning: this could be a `const fn`
crates/rs_cam_core/src/session/project_file.rs:324:1: warning: this could be a `const fn`
crates/rs_cam_core/src/session/project_file.rs:327:1: warning: this could be a `const fn`
crates/rs_cam_core/src/session/project_file.rs:422:1: warning: this could be a `const fn`
crates/rs_cam_core/src/session/project_file.rs:425:1: warning: this could be a `const fn`
crates/rs_cam_core/src/session/project_file.rs:428:1: warning: this could be a `const fn`
crates/rs_cam_core/src/session/project_file.rs:431:1: warning: this could be a `const fn`
crates/rs_cam_core/src/session/project_file.rs:457:1: warning: this could be a `const fn`
crates/rs_cam_core/src/session/project_file.rs:514:5: warning: field marked as public but also inferred as unused because it's prefixed with `_`
crates/rs_cam_core/src/session/project_file.rs:542:1: warning: this could be a `const fn`
crates/rs_cam_core/src/session/project_file.rs:593:23: warning: casting `usize` to `u32` may truncate the value on targets with 64-bit wide pointers
crates/rs_cam_core/src/session/project_file.rs:681:17: warning: called `map(<f>).unwrap_or(<a>)` on an `Option` value
crates/rs_cam_core/src/session/project_file.rs:684:14: warning: redundant closure: help: replace the closure with the method itself: `super::super::compute::stock_config::ModelUnits::scale_factor`
crates/rs_cam_core/src/session/project_file.rs:818:22: warning: use Option::map_or_else instead of an if let/else
crates/rs_cam_core/src/session/project_file.rs:835:1: warning: this function has too many lines (234/100)
crates/rs_cam_core/src/session/project_file.rs:964:33: warning: use Option::map_or instead of an if let/else
crates/rs_cam_core/src/session/project_file.rs:990:5: warning: unnecessary boolean `not` operation
crates/rs_cam_core/src/session/project_file.rs:1000:33: warning: you seem to be trying to use `match` for destructuring a single pattern. Consider using `if let`
crates/rs_cam_core/src/session/project_file.rs:1000:33: warning: use Option::map_or_else instead of an if let/else
crates/rs_cam_core/src/session/project_file.rs:1042:29: warning: you seem to be trying to use `match` for destructuring a single pattern. Consider using `if let`
crates/rs_cam_core/src/session/project_file.rs:1042:29: warning: use Option::map_or_else instead of an if let/else
crates/rs_cam_core/src/session/reach.rs:125:9: warning: use Option::map_or_else instead of an if let/else: help: try: `tolerance_override.filter(|t| t.is_finite() && *t > 0.0).map_or_else(|| self.reach_tolerance_for(toolpath_index), |tolerance| (tolerance, ReachToleranceSource::CallerOverride))`
crates/rs_cam_core/src/session/save.rs:122:36: warning: function call inside of `unwrap_or`: help: try: `unwrap_or_else(|| Path::new("."))`
crates/rs_cam_core/src/session/save.rs:141:5: warning: this function has too many lines (165/100)
crates/rs_cam_core/src/session/mod.rs:539:1: warning: this could be a `const fn`
crates/rs_cam_core/src/session/mod.rs:548:1: warning: this could be a `const fn`
crates/rs_cam_core/src/session/mod.rs:551:1: warning: this could be a `const fn`
crates/rs_cam_core/src/session/mod.rs:554:1: warning: this could be a `const fn`
crates/rs_cam_core/src/session/mod.rs:557:1: warning: this could be a `const fn`
crates/rs_cam_core/src/session/mod.rs:614:1: warning: this could be a `const fn`
crates/rs_cam_core/src/session/mod.rs:652:22: warning: unnecessary structure name repetition: help: use the applicable keyword: `Self`
crates/rs_cam_core/src/session/mod.rs:653:9: warning: unnecessary structure name repetition: help: use the applicable keyword: `Self`
crates/rs_cam_core/src/session/mod.rs:654:9: warning: unnecessary structure name repetition: help: use the applicable keyword: `Self`
crates/rs_cam_core/src/session/mod.rs:655:9: warning: unnecessary structure name repetition: help: use the applicable keyword: `Self`
crates/rs_cam_core/src/session/mod.rs:656:9: warning: unnecessary structure name repetition: help: use the applicable keyword: `Self`
crates/rs_cam_core/src/session/mod.rs:659:5: warning: this could be a `const fn`
crates/rs_cam_core/src/session/mod.rs:661:13: warning: unnecessary structure name repetition: help: use the applicable keyword: `Self`
crates/rs_cam_core/src/session/mod.rs:662:13: warning: unnecessary structure name repetition: help: use the applicable keyword: `Self`
crates/rs_cam_core/src/session/mod.rs:663:13: warning: unnecessary structure name repetition: help: use the applicable keyword: `Self`
crates/rs_cam_core/src/session/mod.rs:664:13: warning: unnecessary structure name repetition: help: use the applicable keyword: `Self`
crates/rs_cam_core/src/session/mod.rs:668:5: warning: this could be a `const fn`
crates/rs_cam_core/src/session/mod.rs:670:13: warning: unnecessary structure name repetition: help: use the applicable keyword: `Self`
crates/rs_cam_core/src/session/mod.rs:671:13: warning: unnecessary structure name repetition: help: use the applicable keyword: `Self`
crates/rs_cam_core/src/session/mod.rs:672:13: warning: unnecessary structure name repetition: help: use the applicable keyword: `Self`
crates/rs_cam_core/src/session/mod.rs:673:13: warning: unnecessary structure name repetition: help: use the applicable keyword: `Self`
crates/rs_cam_core/src/session/mod.rs:679:21: warning: unnecessary structure name repetition: help: use the applicable keyword: `Self`
crates/rs_cam_core/src/session/mod.rs:680:21: warning: unnecessary structure name repetition: help: use the applicable keyword: `Self`
crates/rs_cam_core/src/session/mod.rs:681:21: warning: unnecessary structure name repetition: help: use the applicable keyword: `Self`
crates/rs_cam_core/src/session/mod.rs:682:18: warning: unnecessary structure name repetition: help: use the applicable keyword: `Self`
crates/rs_cam_core/src/session/mod.rs:688:24: warning: you are deriving `PartialEq` and can implement `Eq`: help: consider deriving `Eq` as well: `PartialEq, Eq`
crates/rs_cam_core/src/session/mod.rs:698:9: warning: unnecessary structure name repetition: help: use the applicable keyword: `Self`
crates/rs_cam_core/src/session/mod.rs:703:5: warning: this could be a `const fn`
crates/rs_cam_core/src/session/mod.rs:705:13: warning: unnecessary structure name repetition: help: use the applicable keyword: `Self`
crates/rs_cam_core/src/session/mod.rs:711:13: warning: unnecessary structure name repetition: help: use the applicable keyword: `Self`
crates/rs_cam_core/src/session/mod.rs:712:13: warning: unnecessary structure name repetition: help: use the applicable keyword: `Self`
crates/rs_cam_core/src/session/mod.rs:713:13: warning: unnecessary structure name repetition: help: use the applicable keyword: `Self`
crates/rs_cam_core/src/session/mod.rs:719:13: warning: unnecessary structure name repetition: help: use the applicable keyword: `Self`
crates/rs_cam_core/src/session/mod.rs:720:13: warning: unnecessary structure name repetition: help: use the applicable keyword: `Self`
crates/rs_cam_core/src/session/mod.rs:721:13: warning: unnecessary structure name repetition: help: use the applicable keyword: `Self`
crates/rs_cam_core/src/session/mod.rs:722:13: warning: unnecessary structure name repetition: help: use the applicable keyword: `Self`
crates/rs_cam_core/src/session/mod.rs:727:9: warning: use Option::map_or_else instead of an if let/else
crates/rs_cam_core/src/session/mod.rs:728:13: warning: unnecessary structure name repetition: help: use the applicable keyword: `Self`
crates/rs_cam_core/src/session/mod.rs:731:29: warning: unnecessary structure name repetition: help: use the applicable keyword: `Self`
crates/rs_cam_core/src/session/mod.rs:732:27: warning: unnecessary structure name repetition: help: use the applicable keyword: `Self`
crates/rs_cam_core/src/session/mod.rs:733:29: warning: unnecessary structure name repetition: help: use the applicable keyword: `Self`
crates/rs_cam_core/src/session/mod.rs:734:22: warning: unnecessary structure name repetition: help: use the applicable keyword: `Self`
crates/rs_cam_core/src/session/mod.rs:753:13: warning: unnecessary structure name repetition: help: use the applicable keyword: `Self`
crates/rs_cam_core/src/session/mod.rs:754:13: warning: unnecessary structure name repetition: help: use the applicable keyword: `Self`
crates/rs_cam_core/src/session/mod.rs:755:13: warning: unnecessary structure name repetition: help: use the applicable keyword: `Self`
crates/rs_cam_core/src/session/mod.rs:756:13: warning: unnecessary structure name repetition: help: use the applicable keyword: `Self`
crates/rs_cam_core/src/session/mod.rs:762:13: warning: unnecessary structure name repetition: help: use the applicable keyword: `Self`
crates/rs_cam_core/src/session/mod.rs:763:13: warning: unnecessary structure name repetition: help: use the applicable keyword: `Self`
crates/rs_cam_core/src/session/mod.rs:764:13: warning: unnecessary structure name repetition: help: use the applicable keyword: `Self`
crates/rs_cam_core/src/session/mod.rs:765:13: warning: unnecessary structure name repetition: help: use the applicable keyword: `Self`
crates/rs_cam_core/src/session/mod.rs:770:9: warning: use Option::map_or instead of an if let/else
crates/rs_cam_core/src/session/mod.rs:771:13: warning: unnecessary structure name repetition: help: use the applicable keyword: `Self`
crates/rs_cam_core/src/session/mod.rs:774:28: warning: unnecessary structure name repetition: help: use the applicable keyword: `Self`
crates/rs_cam_core/src/session/mod.rs:775:29: warning: unnecessary structure name repetition: help: use the applicable keyword: `Self`
crates/rs_cam_core/src/session/mod.rs:776:22: warning: unnecessary structure name repetition: help: use the applicable keyword: `Self`
crates/rs_cam_core/src/session/mod.rs:794:18: warning: unnecessary structure name repetition: help: use the applicable keyword: `Self`
crates/rs_cam_core/src/session/mod.rs:1046:19: warning: this argument (8 byte) is passed by reference, but would be more efficient if passed by value (limit: 8 byte): help: consider passing by value instead: `f64`
crates/rs_cam_core/src/session/mod.rs:1051:1: warning: more than 3 bools in a struct
crates/rs_cam_core/src/session/mod.rs:1280:5: warning: this could be a `const fn`
crates/rs_cam_core/src/session/mod.rs:1375:1: warning: first doc comment paragraph is too long
crates/rs_cam_core/src/session/mod.rs:1562:38: warning: function call inside of `unwrap_or`: help: try: `unwrap_or_else(|| Path::new("."))`
crates/rs_cam_core/src/session/mod.rs:1567:13: warning: assigning the result of `ToOwned::to_owned()` may be inefficient: help: use `clone_into()`: `stem.clone_into(&mut session.name)`
crates/rs_cam_core/src/session/mod.rs:1596:5: warning: this could be a `const fn`
crates/rs_cam_core/src/session/mod.rs:1611:33: warning: called `map(<f>).unwrap_or_else(<g>)` on an `Option` value
crates/rs_cam_core/src/session/mod.rs:1673:5: warning: this could be a `const fn`
crates/rs_cam_core/src/session/mod.rs:1678:5: warning: this could be a `const fn`
crates/rs_cam_core/src/session/mod.rs:1683:5: warning: this could be a `const fn`
crates/rs_cam_core/src/session/mod.rs:1698:5: warning: this could be a `const fn`
crates/rs_cam_core/src/session/mod.rs:1703:5: warning: this could be a `const fn`
crates/rs_cam_core/src/session/mod.rs:1891:5: warning: this could be a `const fn`
crates/rs_cam_core/src/session/mod.rs:1907:5: warning: this could be a `const fn`
crates/rs_cam_core/src/session/mod.rs:1946:5: warning: this could be a `const fn`
crates/rs_cam_core/src/sim_measurability.rs:109:21: warning: unnecessary structure name repetition: help: use the applicable keyword: `Self`
crates/rs_cam_core/src/sim_measurability.rs:110:9: warning: unnecessary structure name repetition: help: use the applicable keyword: `Self`
crates/rs_cam_core/src/sim_measurability.rs:111:9: warning: unnecessary structure name repetition: help: use the applicable keyword: `Self`
crates/rs_cam_core/src/sim_measurability.rs:112:9: warning: unnecessary structure name repetition: help: use the applicable keyword: `Self`
crates/rs_cam_core/src/sim_measurability.rs:113:9: warning: unnecessary structure name repetition: help: use the applicable keyword: `Self`
crates/rs_cam_core/src/sim_measurability.rs:114:9: warning: unnecessary structure name repetition: help: use the applicable keyword: `Self`
crates/rs_cam_core/src/sim_measurability.rs:115:9: warning: unnecessary structure name repetition: help: use the applicable keyword: `Self`
crates/rs_cam_core/src/sim_measurability.rs:116:9: warning: unnecessary structure name repetition: help: use the applicable keyword: `Self`
crates/rs_cam_core/src/sim_measurability.rs:121:36: warning: unnecessary structure name repetition: help: use the applicable keyword: `Self`
crates/rs_cam_core/src/sim_measurability.rs:122:9: warning: unnecessary structure name repetition: help: use the applicable keyword: `Self`
crates/rs_cam_core/src/sim_measurability.rs:123:9: warning: unnecessary structure name repetition: help: use the applicable keyword: `Self`
crates/rs_cam_core/src/sim_measurability.rs:124:9: warning: unnecessary structure name repetition: help: use the applicable keyword: `Self`
crates/rs_cam_core/src/sim_measurability.rs:127:5: warning: this could be a `const fn`
crates/rs_cam_core/src/sim_measurability.rs:140:5: warning: this could be a `const fn`
crates/rs_cam_core/src/sim_measurability.rs:215:28: warning: use Option::map_or_else instead of an if let/else: help: try: `cell_mm.map_or_else(|| "the simulation cell".to_owned(), |c| format!("{c:.3} mm cell"))`
crates/rs_cam_core/src/sim_measurability.rs:254:5: warning: this could be a `const fn`
crates/rs_cam_core/src/sim_measurability.rs:263:5: warning: this could be a `const fn`
crates/rs_cam_core/src/sim_measurability.rs:358:9: warning: called `map(<f>).unwrap_or(<a>)` on an `Option` value
crates/rs_cam_core/src/sim_measurability.rs:431:26: warning: casting `usize` to `f64` may cause a loss of precision (`usize` can be up to 64 bits wide depending on the target architecture, but `f64`'s mantissa is only 52 bits wide)
crates/rs_cam_core/src/sim_measurability.rs:431:41: warning: casting `usize` to `f64` may cause a loss of precision (`usize` can be up to 64 bits wide depending on the target architecture, but `f64`'s mantissa is only 52 bits wide)
crates/rs_cam_core/src/sim_measurability.rs:465:1: warning: this could be a `const fn`
crates/rs_cam_core/src/sim_triage.rs:66:1: warning: first doc comment paragraph is too long
crates/rs_cam_core/src/sim_triage.rs:78:24: warning: you are deriving `PartialEq` and can implement `Eq`: help: consider deriving `Eq` as well: `PartialEq, Eq`
crates/rs_cam_core/src/sim_triage.rs:117:5: warning: this could be a `const fn`
crates/rs_cam_core/src/sim_triage.rs:128:24: warning: you are deriving `PartialEq` and can implement `Eq`: help: consider deriving `Eq` as well: `PartialEq, Eq`
crates/rs_cam_core/src/sim_triage.rs:167:39: warning: you are deriving `PartialEq` and can implement `Eq`: help: consider deriving `Eq` as well: `PartialEq, Eq`
crates/rs_cam_core/src/sim_triage.rs:233:5: warning: this could be a `const fn`
crates/rs_cam_core/src/sim_triage.rs:296:5: warning: this function has too many lines (137/100)
crates/rs_cam_core/src/sim_triage.rs:327:21: warning: variables can be used directly in the `format!` string
crates/rs_cam_core/src/sim_triage.rs:527:20: warning: casting `usize` to `f64` may cause a loss of precision (`usize` can be up to 64 bits wide depending on the target architecture, but `f64`'s mantissa is only 52 bits wide)
crates/rs_cam_core/src/sim_triage.rs:527:40: warning: casting `usize` to `f64` may cause a loss of precision (`usize` can be up to 64 bits wide depending on the target architecture, but `f64`'s mantissa is only 52 bits wide)
crates/rs_cam_core/src/sim_triage.rs:569:27: warning: calling `EvidenceLocality::default()` is more clear than this expression: help: try: `EvidenceLocality::default()`
crates/rs_cam_core/src/sim_triage.rs:611:1: warning: first doc comment paragraph is too long
crates/rs_cam_core/src/sim_triage.rs:680:5: warning: this could be a `const fn`
crates/rs_cam_core/src/sim_triage.rs:707:1: warning: this could be a `const fn`
crates/rs_cam_core/src/sim_triage.rs:717:1: warning: this could be a `const fn`
crates/rs_cam_core/src/sim_triage.rs:858:27: warning: calling `EvidenceLocality::default()` is more clear than this expression: help: try: `EvidenceLocality::default()`
crates/rs_cam_core/src/sim_triage.rs:992:22: warning: casting `usize` to `i64` may wrap around the value on targets with 64-bit wide pointers
crates/rs_cam_core/src/sim_triage.rs:1022:5: warning: called `map(<f>).unwrap_or(<a>)` on an `Option` value
crates/rs_cam_core/src/sim_triage.rs:1031:9: warning: casting `f64` to `i64` may truncate the value
crates/rs_cam_core/src/sim_triage.rs:1032:9: warning: casting `f64` to `i64` may truncate the value
crates/rs_cam_core/src/sim_triage.rs:1033:9: warning: casting `f64` to `i64` may truncate the value
crates/rs_cam_core/src/sim_triage.rs:1107:1: warning: this could be a `const fn`
crates/rs_cam_core/src/simulation_cut.rs:38:21: warning: unnecessary structure name repetition: help: use the applicable keyword: `Self`
crates/rs_cam_core/src/simulation_cut.rs:39:9: warning: unnecessary structure name repetition: help: use the applicable keyword: `Self`
crates/rs_cam_core/src/simulation_cut.rs:40:9: warning: unnecessary structure name repetition: help: use the applicable keyword: `Self`
crates/rs_cam_core/src/simulation_cut.rs:41:9: warning: unnecessary structure name repetition: help: use the applicable keyword: `Self`
crates/rs_cam_core/src/simulation_cut.rs:42:9: warning: unnecessary structure name repetition: help: use the applicable keyword: `Self`
crates/rs_cam_core/src/simulation_cut.rs:43:9: warning: unnecessary structure name repetition: help: use the applicable keyword: `Self`
crates/rs_cam_core/src/simulation_cut.rs:52:1: warning: first doc comment paragraph is too long
crates/rs_cam_core/src/simulation_cut.rs:64:1: warning: first doc comment paragraph is too long
crates/rs_cam_core/src/simulation_cut.rs:325:1: warning: this could be a `const fn`
crates/rs_cam_core/src/simulation_cut.rs:360:1: warning: first doc comment paragraph is too long
crates/rs_cam_core/src/simulation_cut.rs:1012:5: warning: this could be a `const fn`
crates/rs_cam_core/src/simulation_cut.rs:1093:5: warning: this function has too many lines (132/100)
crates/rs_cam_core/src/simulation_cut.rs:1274:1: warning: first doc comment paragraph is too long
crates/rs_cam_core/src/simulation_cut.rs:1335:1: warning: first doc comment paragraph is too long
crates/rs_cam_core/src/simulation_cut.rs:1357:9: warning: multiply and add expressions may be calculated more efficiently and accurately: help: consider using: `self.radial_woc_time_weighted_sum = eng.radial_woc_fraction.mul_add(dt, self.radial_woc_time_weighted_sum)`
crates/rs_cam_core/src/simulation_cut.rs:1360:13: warning: multiply and add expressions may be calculated more efficiently and accurately: help: consider using: `self.axial_doc_fraction_time_weighted_sum = axial.mul_add(dt, self.axial_doc_fraction_time_weighted_sum)`
crates/rs_cam_core/src/simulation_cut.rs:1376:13: warning: multiply and add expressions may be calculated more efficiently and accurately: help: consider using: `self.arc_time_weighted_sum = arc.mul_add(dt, self.arc_time_weighted_sum)`
crates/rs_cam_core/src/simulation_cut.rs:1380:13: warning: multiply and add expressions may be calculated more efficiently and accurately: help: consider using: `self.mean_chip_thickness_time_weighted_sum = mct.mul_add(dt, self.mean_chip_thickness_time_weighted_sum)`
crates/rs_cam_core/src/simulation_cut.rs:1386:9: warning: multiply and add expressions may be calculated more efficiently and accurately: help: consider using: `self.leading_edge_speed_time_weighted_sum = eng.leading_edge_speed_mm_min.mul_add(dt, self.leading_edge_speed_time_weighted_sum)`
crates/rs_cam_core/src/simulation_cut.rs:1465:13: warning: multiply and add expressions may be calculated more efficiently and accurately: help: consider using: `self.engagement_time_weighted_sum = sample.engagement.radial_woc_fraction.mul_add(sample.segment_time_s, self.engagement_time_weighted_sum)`
crates/rs_cam_core/src/simulation_cut.rs:1594:21: warning: parameter of type `HashSet` should be generalized over different hashers
crates/rs_cam_core/src/simulation_cut.rs:1801:17: warning: case-sensitive file extension comparison
crates/rs_cam_core/src/slope.rs:53:5: warning: this could be a `const fn`
crates/rs_cam_core/src/slope.rs:65:5: warning: this could be a `const fn`
crates/rs_cam_core/src/slope.rs:75:5: warning: this could be a `const fn`
crates/rs_cam_core/src/slope.rs:174:21: warning: multiply and add expressions may be calculated more efficiently and accurately: help: consider using: `(col as f64).mul_add(cell_size, origin_x)`
crates/rs_cam_core/src/slope.rs:174:32: warning: casting `usize` to `f64` may cause a loss of precision (`usize` can be up to 64 bits wide depending on the target architecture, but `f64`'s mantissa is only 52 bits wide)
crates/rs_cam_core/src/slope.rs:175:21: warning: multiply and add expressions may be calculated more efficiently and accurately: help: consider using: `(row as f64).mul_add(cell_size, origin_y)`
crates/rs_cam_core/src/slope.rs:175:32: warning: casting `usize` to `f64` may cause a loss of precision (`usize` can be up to 64 bits wide depending on the target architecture, but `f64`'s mantissa is only 52 bits wide)
crates/rs_cam_core/src/slope.rs:253:9: warning: only a `panic!` in `if`-then statement
crates/rs_cam_core/src/slope.rs:327:19: warning: casting `f64` to `isize` may truncate the value
crates/rs_cam_core/src/slope.rs:328:19: warning: casting `f64` to `isize` may truncate the value
crates/rs_cam_core/src/slope.rs:329:41: warning: casting `usize` to `isize` may wrap around the value: help: if this is intentional, use `cast_signed()` instead: `self.cols.cast_signed()`
crates/rs_cam_core/src/slope.rs:329:70: warning: casting `usize` to `isize` may wrap around the value: help: if this is intentional, use `cast_signed()` instead: `self.rows.cast_signed()`
crates/rs_cam_core/src/slope.rs:332:15: warning: casting `isize` to `usize` may lose the sign of the value: help: if this is intentional, use `cast_unsigned()` instead: `row.cast_unsigned()`
crates/rs_cam_core/src/slope.rs:332:29: warning: casting `isize` to `usize` may lose the sign of the value: help: if this is intentional, use `cast_unsigned()` instead: `col.cast_unsigned()`
crates/rs_cam_core/src/slope.rs:486:1: warning: you have declared `#[inline(always)]` on `store_slope_cell`. This is usually a bad idea
crates/rs_cam_core/src/slope.rs:500:18: warning: manual implementation of `midpoint` which can overflow: help: use `f64::midpoint` instead: `f64::midpoint(d2z_dx2, d2z_dy2)`
crates/rs_cam_core/src/slope.rs:543:26: warning: multiply and add expressions may be calculated more efficiently and accurately: help: consider using: `2.0f64.mul_add(-zc, zr)`
crates/rs_cam_core/src/slope.rs:544:26: warning: multiply and add expressions may be calculated more efficiently and accurately: help: consider using: `2.0f64.mul_add(-zc, zd)`
crates/rs_cam_core/src/slope.rs:589:30: warning: multiply and add expressions may be calculated more efficiently and accurately: help: consider using: `2.0f64.mul_add(-z_values[row * cols + col], z_values[row * cols + col + 1])`
crates/rs_cam_core/src/slope.rs:599:30: warning: multiply and add expressions may be calculated more efficiently and accurately: help: consider using: `2.0f64.mul_add(-z_values[row * cols + col], z_values[(row + 1) * cols + col])`
crates/rs_cam_core/src/slope.rs:698:22: warning: multiply and add expressions may be calculated more efficiently and accurately: help: consider using: `2.0f64.mul_add(-zc, z_values[idx + 1])`
crates/rs_cam_core/src/slope.rs:703:22: warning: multiply and add expressions may be calculated more efficiently and accurately: help: consider using: `2.0f64.mul_add(-zc, z_values[idx + cols])`
crates/rs_cam_core/src/slope.rs:772:19: warning: casting `f64` to `isize` may truncate the value
crates/rs_cam_core/src/slope.rs:773:19: warning: casting `f64` to `isize` may truncate the value
crates/rs_cam_core/src/slope.rs:774:41: warning: casting `usize` to `isize` may wrap around the value: help: if this is intentional, use `cast_signed()` instead: `self.cols.cast_signed()`
crates/rs_cam_core/src/slope.rs:774:70: warning: casting `usize` to `isize` may wrap around the value: help: if this is intentional, use `cast_signed()` instead: `self.rows.cast_signed()`
crates/rs_cam_core/src/slope.rs:777:15: warning: casting `isize` to `usize` may lose the sign of the value: help: if this is intentional, use `cast_unsigned()` instead: `row.cast_unsigned()`
crates/rs_cam_core/src/slope.rs:777:29: warning: casting `isize` to `usize` may lose the sign of the value: help: if this is intentional, use `cast_unsigned()` instead: `col.cast_unsigned()`
crates/rs_cam_core/src/spiral_finish.rs:152:1: warning: first doc comment paragraph is too long
crates/rs_cam_core/src/spiral_finish.rs:167:1: warning: this function has too many lines (107/100)
crates/rs_cam_core/src/spiral_finish.rs:198:5: warning: adding items after statements is confusing, since items exist from the start of the scope
crates/rs_cam_core/src/spiral_finish.rs:182:14: warning: manual implementation of `midpoint` which can overflow: help: use `f64::midpoint` instead: `f64::midpoint(bbox.min.x, bbox.max.x)`
crates/rs_cam_core/src/spiral_finish.rs:183:14: warning: manual implementation of `midpoint` which can overflow: help: use `f64::midpoint` instead: `f64::midpoint(bbox.min.y, bbox.max.y)`
crates/rs_cam_core/src/spiral_finish.rs:213:30: warning: casting `f64` to `usize` may truncate the value
crates/rs_cam_core/src/spiral_finish.rs:213:30: warning: casting `f64` to `usize` may lose the sign of the value
crates/rs_cam_core/src/spiral_finish.rs:347:11: warning: while condition comparing floats
crates/rs_cam_core/src/spiral_finish.rs:349:17: warning: multiply and add expressions may be calculated more efficiently and accurately: help: consider using: `r.mul_add(theta.cos(), cx)`
crates/rs_cam_core/src/spiral_finish.rs:350:17: warning: multiply and add expressions may be calculated more efficiently and accurately: help: consider using: `r.mul_add(theta.sin(), cy)`
crates/rs_cam_core/src/spiral_finish.rs:366:17: warning: multiply and add expressions may be calculated more efficiently and accurately: help: consider using: `max_radius.mul_add(theta_max.cos(), cx)`
crates/rs_cam_core/src/spiral_finish.rs:367:17: warning: multiply and add expressions may be calculated more efficiently and accurately: help: consider using: `max_radius.mul_add(theta_max.sin(), cy)`
crates/rs_cam_core/src/spiral_finish_compact.rs:316:10: warning: multiply and add expressions may be calculated more efficiently and accurately: help: consider using: `(r1 - r0).mul_add(f, r0)`
crates/rs_cam_core/src/spiral_finish_compact.rs:316:30: warning: multiply and add expressions may be calculated more efficiently and accurately: help: consider using: `(z1 - z0).mul_add(f, z0)`
crates/rs_cam_core/src/spiral_finish_compact.rs:336:1: warning: this function has too many lines (172/100)
crates/rs_cam_core/src/spiral_finish_compact.rs:419:26: warning: called `map(<f>).unwrap_or(<a>)` on an `Option` value
crates/rs_cam_core/src/spiral_finish_compact.rs:422:21: warning: casting `usize` to `f64` may cause a loss of precision (`usize` can be up to 64 bits wide depending on the target architecture, but `f64`'s mantissa is only 52 bits wide)
crates/rs_cam_core/src/spiral_finish_compact.rs:459:19: warning: casting `f64` to `usize` may truncate the value
crates/rs_cam_core/src/spiral_finish_compact.rs:459:19: warning: casting `f64` to `usize` may lose the sign of the value
crates/rs_cam_core/src/spiral_finish_compact.rs:462:24: warning: casting `usize` to `f64` may cause a loss of precision (`usize` can be up to 64 bits wide depending on the target architecture, but `f64`'s mantissa is only 52 bits wide)
crates/rs_cam_core/src/spiral_finish_compact.rs:472:21: warning: casting `usize` to `f64` may cause a loss of precision (`usize` can be up to 64 bits wide depending on the target architecture, but `f64`'s mantissa is only 52 bits wide)
crates/rs_cam_core/src/spiral_finish_compact.rs:478:27: warning: hypotenuse can be computed more accurately: help: consider using: `sep.hypot(dz)`
crates/rs_cam_core/src/spiral_finish_compact.rs:500:19: warning: casting `usize` to `f64` may cause a loss of precision (`usize` can be up to 64 bits wide depending on the target architecture, but `f64`'s mantissa is only 52 bits wide)
crates/rs_cam_core/src/spiral_finish_compact.rs:500:32: warning: casting `usize` to `f64` may cause a loss of precision (`usize` can be up to 64 bits wide depending on the target architecture, but `f64`'s mantissa is only 52 bits wide)
crates/rs_cam_core/src/spiral_finish_compact.rs:500:51: warning: casting `usize` to `f64` may cause a loss of precision (`usize` can be up to 64 bits wide depending on the target architecture, but `f64`'s mantissa is only 52 bits wide)
crates/rs_cam_core/src/spiral_finish_compact.rs:562:18: warning: multiply and add expressions may be calculated more efficiently and accurately: help: consider using: `b.x.mul_add(-a.y, a.x * b.y)`
crates/rs_cam_core/src/spiral_finish_compact.rs:582:19: warning: while condition comparing floats
crates/rs_cam_core/src/spiral_finish_compact.rs:585:19: warning: while condition comparing floats
crates/rs_cam_core/src/spiral_finish_compact.rs:621:19: warning: while condition comparing floats
crates/rs_cam_core/src/spiral_finish_compact.rs:624:19: warning: while condition comparing floats
crates/rs_cam_core/src/spiral_finish_compact.rs:671:31: warning: casting `usize` to `f64` may cause a loss of precision (`usize` can be up to 64 bits wide depending on the target architecture, but `f64`'s mantissa is only 52 bits wide)
crates/rs_cam_core/src/spiral_finish_compact.rs:718:20: warning: casting `f64` to `usize` may truncate the value
crates/rs_cam_core/src/spiral_finish_compact.rs:718:20: warning: casting `f64` to `usize` may lose the sign of the value
crates/rs_cam_core/src/spiral_finish_compact.rs:721:17: warning: casting `usize` to `f64` may cause a loss of precision (`usize` can be up to 64 bits wide depending on the target architecture, but `f64`'s mantissa is only 52 bits wide)
crates/rs_cam_core/src/spiral_finish_compact.rs:722:25: warning: multiply and add expressions may be calculated more efficiently and accurately: help: consider using: `r.mul_add(q.cos(), hub_x)`
crates/rs_cam_core/src/spiral_finish_compact.rs:722:46: warning: multiply and add expressions may be calculated more efficiently and accurately: help: consider using: `r.mul_add(q.sin(), hub_y)`
crates/rs_cam_core/src/spiral_finish_compact.rs:745:21: warning: casting `usize` to `f64` may cause a loss of precision (`usize` can be up to 64 bits wide depending on the target architecture, but `f64`'s mantissa is only 52 bits wide)
crates/rs_cam_core/src/spiral_finish_compact.rs:757:22: warning: casting `f64` to `usize` may truncate the value
crates/rs_cam_core/src/spiral_finish_compact.rs:757:22: warning: casting `f64` to `usize` may lose the sign of the value
crates/rs_cam_core/src/spiral_finish_compact.rs:759:25: warning: casting `usize` to `f64` may cause a loss of precision (`usize` can be up to 64 bits wide depending on the target architecture, but `f64`'s mantissa is only 52 bits wide)
crates/rs_cam_core/src/spiral_finish_compact.rs:759:38: warning: casting `usize` to `f64` may cause a loss of precision (`usize` can be up to 64 bits wide depending on the target architecture, but `f64`'s mantissa is only 52 bits wide)
crates/rs_cam_core/src/spiral_finish_compact.rs:762:25: warning: casting `usize` to `f64` may cause a loss of precision (`usize` can be up to 64 bits wide depending on the target architecture, but `f64`'s mantissa is only 52 bits wide)
crates/rs_cam_core/src/spiral_finish_compact.rs:769:21: warning: multiply and add expressions may be calculated more efficiently and accurately: help: consider using: `(r1 - r0).mul_add(s, r0)`
crates/rs_cam_core/src/spiral_finish_compact.rs:770:21: warning: multiply and add expressions may be calculated more efficiently and accurately: help: consider using: `(z1 - z0).mul_add(s, z0)`
crates/rs_cam_core/src/spiral_finish_compact.rs:785:21: warning: casting `usize` to `f64` may cause a loss of precision (`usize` can be up to 64 bits wide depending on the target architecture, but `f64`'s mantissa is only 52 bits wide)
crates/rs_cam_core/src/spiral_finish_compact.rs:785:34: warning: casting `usize` to `f64` may cause a loss of precision (`usize` can be up to 64 bits wide depending on the target architecture, but `f64`'s mantissa is only 52 bits wide)
crates/rs_cam_core/src/spiral_finish_compact.rs:788:21: warning: casting `usize` to `f64` may cause a loss of precision (`usize` can be up to 64 bits wide depending on the target architecture, but `f64`'s mantissa is only 52 bits wide)
crates/rs_cam_core/src/spiral_finish_compact.rs:814:19: warning: casting `f64` to `usize` may truncate the value
crates/rs_cam_core/src/spiral_finish_compact.rs:814:19: warning: casting `f64` to `usize` may lose the sign of the value
crates/rs_cam_core/src/spiral_finish_compact.rs:814:20: warning: casting `usize` to `f64` may cause a loss of precision (`usize` can be up to 64 bits wide depending on the target architecture, but `f64`'s mantissa is only 52 bits wide)
crates/rs_cam_core/src/steep_shallow.rs:103:34: warning: casting `usize` to `i32` may truncate the value on targets with 64-bit wide pointers
crates/rs_cam_core/src/steep_shallow.rs:103:34: warning: casting `usize` to `i32` may wrap around the value on targets with 32-bit wide pointers
crates/rs_cam_core/src/steep_shallow.rs:104:34: warning: casting `usize` to `i32` may truncate the value on targets with 64-bit wide pointers
crates/rs_cam_core/src/steep_shallow.rs:104:34: warning: casting `usize` to `i32` may wrap around the value on targets with 32-bit wide pointers
crates/rs_cam_core/src/steep_shallow.rs:105:44: warning: casting `usize` to `i32` may truncate the value on targets with 64-bit wide pointers
crates/rs_cam_core/src/steep_shallow.rs:105:44: warning: casting `usize` to `i32` may wrap around the value on targets with 32-bit wide pointers
crates/rs_cam_core/src/steep_shallow.rs:105:75: warning: casting `usize` to `i32` may truncate the value on targets with 64-bit wide pointers
crates/rs_cam_core/src/steep_shallow.rs:105:75: warning: casting `usize` to `i32` may wrap around the value on targets with 32-bit wide pointers
crates/rs_cam_core/src/steep_shallow.rs:108:30: warning: casting `i32` to `usize` may lose the sign of the value
crates/rs_cam_core/src/steep_shallow.rs:108:51: warning: casting `i32` to `usize` may lose the sign of the value
crates/rs_cam_core/src/steep_shallow.rs:263:13: warning: adding items after statements is confusing, since items exist from the start of the scope
crates/rs_cam_core/src/steep_shallow.rs:462:27: warning: used underscore-prefixed binding
crates/rs_cam_core/src/steep_shallow.rs:462:49: warning: used underscore-prefixed binding
crates/rs_cam_core/src/steep_shallow.rs:615:1: warning: first doc comment paragraph is too long
crates/rs_cam_core/src/steep_shallow.rs:747:25: warning: casting `f64` to `usize` may truncate the value
crates/rs_cam_core/src/steep_shallow.rs:747:25: warning: casting `f64` to `usize` may lose the sign of the value
crates/rs_cam_core/src/steep_shallow.rs:752:27: warning: casting `f64` to `usize` may truncate the value
crates/rs_cam_core/src/steep_shallow.rs:752:27: warning: casting `f64` to `usize` may lose the sign of the value
crates/rs_cam_core/src/step_input.rs:44:1: warning: this function has too many lines (111/100)
crates/rs_cam_core/src/step_input.rs:116:33: warning: casting `usize` to `u32` may truncate the value on targets with 64-bit wide pointers
crates/rs_cam_core/src/step_input.rs:116:52: warning: casting `usize` to `u32` may truncate the value on targets with 64-bit wide pointers
crates/rs_cam_core/src/step_input.rs:116:71: warning: casting `usize` to `u32` may truncate the value on targets with 64-bit wide pointers
crates/rs_cam_core/src/step_input.rs:119:33: warning: casting `usize` to `u32` may truncate the value on targets with 64-bit wide pointers
crates/rs_cam_core/src/step_input.rs:119:53: warning: casting `usize` to `u32` may truncate the value on targets with 64-bit wide pointers
crates/rs_cam_core/src/step_input.rs:119:73: warning: casting `usize` to `u32` may truncate the value on targets with 64-bit wide pointers
crates/rs_cam_core/src/step_input.rs:120:33: warning: casting `usize` to `u32` may truncate the value on targets with 64-bit wide pointers
crates/rs_cam_core/src/step_input.rs:120:53: warning: casting `usize` to `u32` may truncate the value on targets with 64-bit wide pointers
crates/rs_cam_core/src/step_input.rs:120:73: warning: casting `usize` to `u32` may truncate the value on targets with 64-bit wide pointers
crates/rs_cam_core/src/step_input.rs:149:46: warning: casting `usize` to `u16` may truncate the value
crates/rs_cam_core/src/step_input.rs:150:46: warning: casting `usize` to `u16` may truncate the value
crates/rs_cam_core/src/step_input.rs:203:65: warning: casting `usize` to `f64` may cause a loss of precision (`usize` can be up to 64 bits wide depending on the target architecture, but `f64`'s mantissa is only 52 bits wide)
crates/rs_cam_core/src/step_input.rs:215:65: warning: casting `usize` to `f64` may cause a loss of precision (`usize` can be up to 64 bits wide depending on the target architecture, but `f64`'s mantissa is only 52 bits wide)
crates/rs_cam_core/src/step_input.rs:227:65: warning: casting `usize` to `f64` may cause a loss of precision (`usize` can be up to 64 bits wide depending on the target architecture, but `f64`'s mantissa is only 52 bits wide)
crates/rs_cam_core/src/step_input.rs:368:13: warning: manual implementation of `midpoint` which can overflow: help: use `f64::midpoint` instead: `f64::midpoint(shared_verts[0].x, shared_verts[shared_verts.len() - 1].x)`
crates/rs_cam_core/src/step_input.rs:369:13: warning: manual implementation of `midpoint` which can overflow: help: use `f64::midpoint` instead: `f64::midpoint(shared_verts[0].y, shared_verts[shared_verts.len() - 1].y)`
crates/rs_cam_core/src/step_input.rs:370:13: warning: manual implementation of `midpoint` which can overflow: help: use `f64::midpoint` instead: `f64::midpoint(shared_verts[0].z, shared_verts[shared_verts.len() - 1].z)`
crates/rs_cam_core/src/step_input.rs:443:13: warning: casting `usize` to `f64` may cause a loss of precision (`usize` can be up to 64 bits wide depending on the target architecture, but `f64`'s mantissa is only 52 bits wide)
crates/rs_cam_core/src/step_input.rs:452:9: warning: casting `f64` to `i64` may truncate the value
crates/rs_cam_core/src/step_input.rs:453:9: warning: casting `f64` to `i64` may truncate the value
crates/rs_cam_core/src/step_input.rs:454:9: warning: casting `f64` to `i64` may truncate the value
crates/rs_cam_core/src/stock_mesh.rs:19:5: warning: this could be a `const fn`
crates/rs_cam_core/src/stock_mesh.rs:28:5: warning: this could be a `const fn`
crates/rs_cam_core/src/stock_mesh.rs:34:53: warning: unnecessary structure name repetition: help: use the applicable keyword: `Self`
crates/rs_cam_core/src/stock_mesh.rs:38:27: warning: casting `usize` to `u32` may truncate the value on targets with 64-bit wide pointers
crates/rs_cam_core/src/stock_mesh.rs:86:5: warning: missing `#[must_use]` attribute on a method returning `Self`
crates/rs_cam_core/src/stock_mesh.rs:159:13: warning: multiply and add expressions may be calculated more efficiently and accurately: help: consider using: `((p as f32 % 4.0) - 1.5).mul_add(0.06, 1.0)`
crates/rs_cam_core/src/stock_mesh.rs:159:21: warning: casting `u32` to `f32` may cause a loss of precision (`u32` is 32 bits wide, but `f32`'s mantissa is only 23 bits wide)
crates/rs_cam_core/src/stock_mesh.rs:167:1: warning: first doc comment paragraph is too long
crates/rs_cam_core/src/stock_mesh.rs:336:5: warning: casting `f64` to `f32` may truncate the value
crates/rs_cam_core/src/stock_mesh.rs:350:15: warning: multiply and add expressions may be calculated more efficiently and accurately: help: consider using: `dz.mul_add(dz, dx * dx + dy * dy)`
crates/rs_cam_core/src/stock_mesh.rs:350:16: warning: multiply and add expressions may be calculated more efficiently and accurately: help: consider using: `dy.mul_add(dy, dx * dx)`
crates/rs_cam_core/src/stock_mesh.rs:362:14: warning: multiply and add expressions may be calculated more efficiently and accurately: help: consider using: `d[2].mul_add(-ref_axis[1], d[1] * ref_axis[2])`
crates/rs_cam_core/src/stock_mesh.rs:363:14: warning: multiply and add expressions may be calculated more efficiently and accurately: help: consider using: `d[0].mul_add(-ref_axis[2], d[2] * ref_axis[0])`
crates/rs_cam_core/src/stock_mesh.rs:364:14: warning: multiply and add expressions may be calculated more efficiently and accurately: help: consider using: `d[1].mul_add(-ref_axis[0], d[0] * ref_axis[1])`
crates/rs_cam_core/src/stock_mesh.rs:368:14: warning: multiply and add expressions may be calculated more efficiently and accurately: help: consider using: `d[2].mul_add(-u[1], d[1] * u[2])`
crates/rs_cam_core/src/stock_mesh.rs:369:14: warning: multiply and add expressions may be calculated more efficiently and accurately: help: consider using: `d[0].mul_add(-u[2], d[2] * u[0])`
crates/rs_cam_core/src/stock_mesh.rs:370:14: warning: multiply and add expressions may be calculated more efficiently and accurately: help: consider using: `d[1].mul_add(-u[0], d[0] * u[1])`
crates/rs_cam_core/src/stock_mesh.rs:373:16: warning: casting `usize` to `u32` may truncate the value on targets with 64-bit wide pointers
crates/rs_cam_core/src/stock_mesh.rs:406:28: warning: casting `f64` to `f32` may truncate the value
crates/rs_cam_core/src/stock_mesh.rs:407:28: warning: casting `f64` to `f32` may truncate the value
crates/rs_cam_core/src/stock_mesh.rs:408:28: warning: casting `f64` to `f32` may truncate the value
crates/rs_cam_core/src/strategy_advisor.rs:45:1: warning: first doc comment paragraph is too long
crates/rs_cam_core/src/strategy_advisor.rs:59:1: warning: first doc comment paragraph is too long
crates/rs_cam_core/src/strategy_advisor.rs:107:1: warning: this could be a `const fn`
crates/rs_cam_core/src/strategy_advisor.rs:115:1: warning: this could be a `const fn`
crates/rs_cam_core/src/surface_link.rs:16:1: warning: first doc comment paragraph is too long
crates/rs_cam_core/src/surface_link.rs:35:16: warning: hypotenuse can be computed more accurately: help: consider using: `dx.hypot(dy)`
crates/rs_cam_core/src/surface_link.rs:39:13: warning: casting `f64` to `usize` may truncate the value
crates/rs_cam_core/src/surface_link.rs:39:13: warning: casting `f64` to `usize` may lose the sign of the value
crates/rs_cam_core/src/surface_link.rs:42:17: warning: casting `usize` to `f64` may cause a loss of precision (`usize` can be up to 64 bits wide depending on the target architecture, but `f64`'s mantissa is only 52 bits wide)
crates/rs_cam_core/src/surface_link.rs:42:28: warning: casting `usize` to `f64` may cause a loss of precision (`usize` can be up to 64 bits wide depending on the target architecture, but `f64`'s mantissa is only 52 bits wide)
crates/rs_cam_core/src/surface_link.rs:43:17: warning: multiply and add expressions may be calculated more efficiently and accurately: help: consider using: `dx.mul_add(t, from.x)`
crates/rs_cam_core/src/surface_link.rs:44:17: warning: multiply and add expressions may be calculated more efficiently and accurately: help: consider using: `dy.mul_add(t, from.y)`
crates/rs_cam_core/src/surface_link.rs:295:5: warning: this could be a `const fn`
crates/rs_cam_core/src/surface_link.rs:405:17: warning: multiply and add expressions can be calculated more efficiently and accurately: help: consider using: `(m.target.x - from.x).mul_add(m.target.x - from.x, (m.target.y - from.y).powi(2))`
crates/rs_cam_core/src/surface_link.rs:405:17: warning: multiply and add expressions can be calculated more efficiently and accurately: help: consider using: `(m.target.y - from.y).mul_add(m.target.y - from.y, (m.target.x - from.x).powi(2))`
crates/rs_cam_core/src/surface_link.rs:662:1: warning: this function has too many lines (355/100)
crates/rs_cam_core/src/surface_link.rs:683:5: warning: adding items after statements is confusing, since items exist from the start of the scope
crates/rs_cam_core/src/surface_link.rs:689:5: warning: adding items after statements is confusing, since items exist from the start of the scope
crates/rs_cam_core/src/surface_link.rs:762:59: warning: function call inside of `map_or`: help: try: `map_or_else(P3::origin, |(_, m)| m.target)`
crates/rs_cam_core/src/surface_link.rs:764:20: warning: function call inside of `map_or`: help: try: `map_or_else(P3::origin, |(_, m)| m.target)`
crates/rs_cam_core/src/surface_link.rs:767:19: warning: function call inside of `map_or`: help: try: `map_or_else(P3::origin, |(_, m)| m.target)`
crates/rs_cam_core/src/surface_link.rs:769:33: warning: hypotenuse can be computed more accurately: help: consider using: `(b.x - a.x).hypot(b.y - a.y)`
crates/rs_cam_core/src/surface_link.rs:981:21: warning: adding items after statements is confusing, since items exist from the start of the scope
crates/rs_cam_core/src/surface_link.rs:1130:13: warning: use Option::map_or_else instead of an if let/else
crates/rs_cam_core/src/svg_input.rs:121:33: warning: casts from `f32` to `f64` can be expressed infallibly using `From`
crates/rs_cam_core/src/svg_input.rs:121:46: warning: casts from `f32` to `f64` can be expressed infallibly using `From`
crates/rs_cam_core/src/svg_input.rs:127:33: warning: casts from `f32` to `f64` can be expressed infallibly using `From`
crates/rs_cam_core/src/svg_input.rs:127:46: warning: casts from `f32` to `f64` can be expressed infallibly using `From`
crates/rs_cam_core/src/svg_input.rs:132:33: warning: casts from `f32` to `f64` can be expressed infallibly using `From`
crates/rs_cam_core/src/svg_input.rs:132:48: warning: casts from `f32` to `f64` can be expressed infallibly using `From`
crates/rs_cam_core/src/svg_input.rs:133:33: warning: casts from `f32` to `f64` can be expressed infallibly using `From`
crates/rs_cam_core/src/svg_input.rs:133:47: warning: casts from `f32` to `f64` can be expressed infallibly using `From`
crates/rs_cam_core/src/svg_input.rs:138:35: warning: casts from `f32` to `f64` can be expressed infallibly using `From`
crates/rs_cam_core/src/svg_input.rs:138:48: warning: casts from `f32` to `f64` can be expressed infallibly using `From`
crates/rs_cam_core/src/svg_input.rs:139:35: warning: casts from `f32` to `f64` can be expressed infallibly using `From`
crates/rs_cam_core/src/svg_input.rs:139:48: warning: casts from `f32` to `f64` can be expressed infallibly using `From`
crates/rs_cam_core/src/svg_input.rs:140:33: warning: casts from `f32` to `f64` can be expressed infallibly using `From`
crates/rs_cam_core/src/svg_input.rs:140:47: warning: casts from `f32` to `f64` can be expressed infallibly using `From`
crates/rs_cam_core/src/svg_input.rs:179:13: warning: multiply and add expressions may be calculated more efficiently and accurately: help: consider using: `(p1.y - p2.y).mul_add(-dx, (p1.x - p2.x) * dy)`
crates/rs_cam_core/src/svg_input.rs:180:20: warning: multiply and add expressions may be calculated more efficiently and accurately: help: consider using: `dy.mul_add(dy, dx * dx)`
crates/rs_cam_core/src/svg_input.rs:188:23: warning: manual implementation of `midpoint` which can overflow: help: use `f64::midpoint` instead: `f64::midpoint(p0.x, p1.x)`
crates/rs_cam_core/src/svg_input.rs:188:44: warning: manual implementation of `midpoint` which can overflow: help: use `f64::midpoint` instead: `f64::midpoint(p0.y, p1.y)`
crates/rs_cam_core/src/svg_input.rs:189:23: warning: manual implementation of `midpoint` which can overflow: help: use `f64::midpoint` instead: `f64::midpoint(p1.x, p2.x)`
crates/rs_cam_core/src/svg_input.rs:189:44: warning: manual implementation of `midpoint` which can overflow: help: use `f64::midpoint` instead: `f64::midpoint(p1.y, p2.y)`
crates/rs_cam_core/src/svg_input.rs:190:23: warning: manual implementation of `midpoint` which can overflow: help: use `f64::midpoint` instead: `f64::midpoint(m01.x, m12.x)`
crates/rs_cam_core/src/svg_input.rs:190:46: warning: manual implementation of `midpoint` which can overflow: help: use `f64::midpoint` instead: `f64::midpoint(m01.y, m12.y)`
crates/rs_cam_core/src/svg_input.rs:201:14: warning: multiply and add expressions may be calculated more efficiently and accurately: help: consider using: `(p1.y - p3.y).mul_add(-dx, (p1.x - p3.x) * dy)`
crates/rs_cam_core/src/svg_input.rs:202:14: warning: multiply and add expressions may be calculated more efficiently and accurately: help: consider using: `(p2.y - p3.y).mul_add(-dx, (p2.x - p3.x) * dy)`
crates/rs_cam_core/src/svg_input.rs:203:20: warning: multiply and add expressions may be calculated more efficiently and accurately: help: consider using: `dy.mul_add(dy, dx * dx)`
crates/rs_cam_core/src/svg_input.rs:211:23: warning: manual implementation of `midpoint` which can overflow: help: use `f64::midpoint` instead: `f64::midpoint(p0.x, p1.x)`
crates/rs_cam_core/src/svg_input.rs:211:44: warning: manual implementation of `midpoint` which can overflow: help: use `f64::midpoint` instead: `f64::midpoint(p0.y, p1.y)`
crates/rs_cam_core/src/svg_input.rs:212:23: warning: manual implementation of `midpoint` which can overflow: help: use `f64::midpoint` instead: `f64::midpoint(p1.x, p2.x)`
crates/rs_cam_core/src/svg_input.rs:212:44: warning: manual implementation of `midpoint` which can overflow: help: use `f64::midpoint` instead: `f64::midpoint(p1.y, p2.y)`
crates/rs_cam_core/src/svg_input.rs:213:23: warning: manual implementation of `midpoint` which can overflow: help: use `f64::midpoint` instead: `f64::midpoint(p2.x, p3.x)`
crates/rs_cam_core/src/svg_input.rs:213:44: warning: manual implementation of `midpoint` which can overflow: help: use `f64::midpoint` instead: `f64::midpoint(p2.y, p3.y)`
crates/rs_cam_core/src/svg_input.rs:214:24: warning: manual implementation of `midpoint` which can overflow: help: use `f64::midpoint` instead: `f64::midpoint(m01.x, m12.x)`
crates/rs_cam_core/src/svg_input.rs:214:47: warning: manual implementation of `midpoint` which can overflow: help: use `f64::midpoint` instead: `f64::midpoint(m01.y, m12.y)`
crates/rs_cam_core/src/svg_input.rs:215:24: warning: manual implementation of `midpoint` which can overflow: help: use `f64::midpoint` instead: `f64::midpoint(m12.x, m23.x)`
crates/rs_cam_core/src/svg_input.rs:215:47: warning: manual implementation of `midpoint` which can overflow: help: use `f64::midpoint` instead: `f64::midpoint(m12.y, m23.y)`
crates/rs_cam_core/src/svg_input.rs:216:23: warning: manual implementation of `midpoint` which can overflow: help: use `f64::midpoint` instead: `f64::midpoint(m012.x, m123.x)`
crates/rs_cam_core/src/svg_input.rs:216:48: warning: manual implementation of `midpoint` which can overflow: help: use `f64::midpoint` instead: `f64::midpoint(m012.y, m123.y)`
crates/rs_cam_core/src/svg_input.rs:248:13: warning: casting `usize` to `f64` may cause a loss of precision (`usize` can be up to 64 bits wide depending on the target architecture, but `f64`'s mantissa is only 52 bits wide)
crates/rs_cam_core/src/svg_input.rs:265:1: warning: first doc comment paragraph is too long
crates/rs_cam_core/src/tier_islands.rs:111:1: warning: first doc comment paragraph is too long
crates/rs_cam_core/src/tier_islands.rs:118:1: warning: first doc comment paragraph is too long
crates/rs_cam_core/src/tier_islands.rs:129:1: warning: first doc comment paragraph is too long
crates/rs_cam_core/src/tier_islands.rs:164:1: warning: first doc comment paragraph is too long
crates/rs_cam_core/src/tier_islands.rs:262:10: warning: code link adjacent to code text
crates/rs_cam_core/src/tier_islands.rs:270:10: warning: code link adjacent to code text
crates/rs_cam_core/src/tier_islands.rs:363:1: warning: this could be a `const fn`
crates/rs_cam_core/src/tier_islands.rs:401:9: warning: code link adjacent to code text
crates/rs_cam_core/src/tier_islands.rs:758:1: warning: this function has too many lines (203/100)
crates/rs_cam_core/src/tier_islands.rs:881:29: warning: casting `usize` to `f64` may cause a loss of precision (`usize` can be up to 64 bits wide depending on the target architecture, but `f64`'s mantissa is only 52 bits wide)
crates/rs_cam_core/src/tier_islands.rs:1068:1: warning: first doc comment paragraph is too long
crates/rs_cam_core/src/tier_islands.rs:1112:13: warning: casting `usize` to `f64` may cause a loss of precision (`usize` can be up to 64 bits wide depending on the target architecture, but `f64`'s mantissa is only 52 bits wide)
crates/rs_cam_core/src/tier_islands.rs:1113:13: warning: casting `usize` to `f64` may cause a loss of precision (`usize` can be up to 64 bits wide depending on the target architecture, but `f64`'s mantissa is only 52 bits wide)
crates/rs_cam_core/src/tier_islands.rs:1120:16: warning: multiply and add expressions may be calculated more efficiently and accurately: help: consider using: `2.0f64.mul_add(miny, h)`
crates/rs_cam_core/src/tier_map.rs:215:1: warning: first doc comment paragraph is too long
crates/rs_cam_core/src/tier_map.rs:259:23: warning: multiply and add expressions may be calculated more efficiently and accurately: help: consider using: `dz_dy.mul_add(dz_dy, dz_dx * dz_dx)`
crates/rs_cam_core/src/tier_map.rs:400:5: warning: this could be a `const fn`
crates/rs_cam_core/src/tier_map.rs:507:13: warning: multiply and add expressions may be calculated more efficiently and accurately: help: consider using: `(col as f64).mul_add(self.cell_mm, self.origin_x)`
crates/rs_cam_core/src/tier_map.rs:507:29: warning: casting `usize` to `f64` may cause a loss of precision (`usize` can be up to 64 bits wide depending on the target architecture, but `f64`'s mantissa is only 52 bits wide)
crates/rs_cam_core/src/tier_map.rs:508:13: warning: multiply and add expressions may be calculated more efficiently and accurately: help: consider using: `(row as f64).mul_add(self.cell_mm, self.origin_y)`
crates/rs_cam_core/src/tier_map.rs:508:29: warning: casting `usize` to `f64` may cause a loss of precision (`usize` can be up to 64 bits wide depending on the target architecture, but `f64`'s mantissa is only 52 bits wide)
crates/rs_cam_core/src/tier_map.rs:521:27: warning: casting `f64` to `usize` may truncate the value
crates/rs_cam_core/src/tier_map.rs:521:27: warning: casting `f64` to `usize` may lose the sign of the value
crates/rs_cam_core/src/tier_map.rs:521:41: warning: casting `f64` to `usize` may truncate the value
crates/rs_cam_core/src/tier_map.rs:521:41: warning: casting `f64` to `usize` may lose the sign of the value
crates/rs_cam_core/src/tier_map.rs:565:9: warning: you appear to be counting bytes the naive way: help: consider using the bytecount crate: `bytecount::count(self.labels, NO_TIER)`
crates/rs_cam_core/src/tier_map.rs:574:9: warning: casting `usize` to `f64` may cause a loss of precision (`usize` can be up to 64 bits wide depending on the target architecture, but `f64`'s mantissa is only 52 bits wide)
crates/rs_cam_core/src/tier_map.rs:732:13: warning: casting `f64` to `f32` may truncate the value
crates/rs_cam_core/src/tier_map.rs:744:59: warning: redundant closure: help: replace the closure with the method itself: `super::tool::MillingCutter::envelope_radius_mm`
crates/rs_cam_core/src/tier_map.rs:746:28: warning: casting `f64` to `usize` may truncate the value
crates/rs_cam_core/src/tier_map.rs:746:28: warning: casting `f64` to `usize` may lose the sign of the value
crates/rs_cam_core/src/tier_map.rs:752:17: warning: casting `f64` to `usize` may truncate the value
crates/rs_cam_core/src/tier_map.rs:752:17: warning: casting `f64` to `usize` may lose the sign of the value
crates/rs_cam_core/src/tier_map.rs:753:17: warning: casting `f64` to `usize` may truncate the value
crates/rs_cam_core/src/tier_map.rs:753:17: warning: casting `f64` to `usize` may lose the sign of the value
crates/rs_cam_core/src/tier_map.rs:754:23: warning: multiply and add expressions may be calculated more efficiently and accurately: help: consider using: `(margin_cells as f64).mul_add(-cell_mm, bbox.min.x)`
crates/rs_cam_core/src/tier_map.rs:754:36: warning: casting `usize` to `f64` may cause a loss of precision (`usize` can be up to 64 bits wide depending on the target architecture, but `f64`'s mantissa is only 52 bits wide)
crates/rs_cam_core/src/tier_map.rs:755:23: warning: multiply and add expressions may be calculated more efficiently and accurately: help: consider using: `(margin_cells as f64).mul_add(-cell_mm, bbox.min.y)`
crates/rs_cam_core/src/tier_map.rs:755:36: warning: casting `usize` to `f64` may cause a loss of precision (`usize` can be up to 64 bits wide depending on the target architecture, but `f64`'s mantissa is only 52 bits wide)
crates/rs_cam_core/src/tier_map.rs:909:45: warning: casting `f64` to `f32` may truncate the value
crates/rs_cam_core/src/tool/ball.rs:22:5: warning: this could be a `const fn`
crates/rs_cam_core/src/tool/ball.rs:73:26: warning: multiply and add expressions may be calculated more efficiently and accurately: help: consider using: `r_clamped.mul_add(-r_clamped, big_r * big_r)`
crates/rs_cam_core/src/tool/ball.rs:82:13: warning: multiply and add expressions may be calculated more efficiently and accurately: help: consider using: `h.mul_add(-h, 2.0 * big_r * h)`
crates/rs_cam_core/src/tool/ball.rs:103:27: warning: multiply and add expressions may be calculated more efficiently and accurately: help: consider using: `dz.mul_add(dz, dx * dx + dy * dy)`
crates/rs_cam_core/src/tool/ball.rs:103:27: warning: multiply and add expressions may be calculated more efficiently and accurately: help: consider using: `dy.mul_add(dy, dx * dx)`
crates/rs_cam_core/src/tool/ball.rs:119:30: warning: multiply and add expressions may be calculated more efficiently and accurately: help: consider using: `dy.mul_add(dy, dx * dx)`
crates/rs_cam_core/src/tool/ball.rs:127:25: warning: multiply and add expressions may be calculated more efficiently and accurately: help: consider using: `(cl.y - p1.y).mul_add(dy, (cl.x - p1.x) * dx)`
crates/rs_cam_core/src/tool/ball.rs:130:18: warning: multiply and add expressions may be calculated more efficiently and accurately: help: consider using: `t_closest.mul_add(dx, p1.x)`
crates/rs_cam_core/src/tool/ball.rs:131:18: warning: multiply and add expressions may be calculated more efficiently and accurately: help: consider using: `t_closest.mul_add(dy, p1.y)`
crates/rs_cam_core/src/tool/ball.rs:132:20: warning: multiply and add expressions may be calculated more efficiently and accurately: help: consider using: `(cl.y - py).mul_add(cl.y - py, (cl.x - px) * (cl.x - px))`
crates/rs_cam_core/src/tool/ball.rs:146:17: warning: multiply and add expressions may be calculated more efficiently and accurately: help: consider using: `big_r.mul_add(big_r, -d_sq)`
crates/rs_cam_core/src/tool/ball.rs:161:21: warning: multiply and add expressions may be calculated more efficiently and accurately: help: consider using: `slope.mul_add(slope, 1.0)`
crates/rs_cam_core/src/tool/ball.rs:181:25: warning: multiply and add expressions may be calculated more efficiently and accurately: help: consider using: `s.mul_add(sin_a, cc_z)`
crates/rs_cam_core/src/tool/bullnose.rs:50:5: warning: this could be a `const fn`
crates/rs_cam_core/src/tool/bullnose.rs:107:28: warning: multiply and add expressions may be calculated more efficiently and accurately: help: consider using: `r2.mul_add(r2, -(dr * dr))`
crates/rs_cam_core/src/tool/bullnose.rs:120:18: warning: multiply and add expressions may be calculated more efficiently and accurately: help: consider using: `(r2 - h).mul_add(-(r2 - h), r2 * r2)`
crates/rs_cam_core/src/tool/bullnose.rs:142:30: warning: multiply and add expressions may be calculated more efficiently and accurately: help: consider using: `dy.mul_add(dy, dx * dx)`
crates/rs_cam_core/src/tool/bullnose.rs:151:25: warning: multiply and add expressions may be calculated more efficiently and accurately: help: consider using: `(cl.y - p1.y).mul_add(dy, (cl.x - p1.x) * dx)`
crates/rs_cam_core/src/tool/bullnose.rs:154:18: warning: multiply and add expressions may be calculated more efficiently and accurately: help: consider using: `t_closest.mul_add(dx, p1.x)`
crates/rs_cam_core/src/tool/bullnose.rs:155:18: warning: multiply and add expressions may be calculated more efficiently and accurately: help: consider using: `t_closest.mul_add(dy, p1.y)`
crates/rs_cam_core/src/tool/bullnose.rs:156:20: warning: multiply and add expressions may be calculated more efficiently and accurately: help: consider using: `(cl.y - py).mul_add(cl.y - py, (cl.x - px) * (cl.x - px))`
crates/rs_cam_core/src/tool/bullnose.rs:171:22: warning: multiply and add expressions may be calculated more efficiently and accurately: help: consider using: `r1.mul_add(r1, -d_sq)`
crates/rs_cam_core/src/tool/bullnose.rs:174:29: warning: multiply and add expressions may be calculated more efficiently and accurately: help: consider using: `t.mul_add(dz, p1.z)`
crates/rs_cam_core/src/tool/bullnose.rs:248:20: warning: multiply and add expressions may be calculated more efficiently and accurately: help: consider using: `d_torus.mul_add(-d_torus, r2 * r2)`
crates/rs_cam_core/src/tool/bullnose.rs:255:21: warning: multiply and add expressions may be calculated more efficiently and accurately: help: consider using: `slope.mul_add(slope, 1.0)`
crates/rs_cam_core/src/tool/flat.rs:23:5: warning: this could be a `const fn`
crates/rs_cam_core/src/tool/flat.rs:98:30: warning: multiply and add expressions may be calculated more efficiently and accurately: help: consider using: `dy.mul_add(dy, dx * dx)`
crates/rs_cam_core/src/tool/flat.rs:105:25: warning: multiply and add expressions may be calculated more efficiently and accurately: help: consider using: `(cl.y - p1.y).mul_add(dy, (cl.x - p1.x) * dx)`
crates/rs_cam_core/src/tool/flat.rs:108:18: warning: multiply and add expressions may be calculated more efficiently and accurately: help: consider using: `t_closest.mul_add(dx, p1.x)`
crates/rs_cam_core/src/tool/flat.rs:109:18: warning: multiply and add expressions may be calculated more efficiently and accurately: help: consider using: `t_closest.mul_add(dy, p1.y)`
crates/rs_cam_core/src/tool/flat.rs:110:20: warning: multiply and add expressions may be calculated more efficiently and accurately: help: consider using: `(cl.y - py).mul_add(cl.y - py, (cl.x - px) * (cl.x - px))`
crates/rs_cam_core/src/tool/flat.rs:117:18: warning: multiply and add expressions may be calculated more efficiently and accurately: help: consider using: `r.mul_add(r, -d_sq)`
crates/rs_cam_core/src/tool/flat.rs:121:21: warning: multiply and add expressions may be calculated more efficiently and accurately: help: consider using: `s.mul_add(-edge_len_xy, t_closest)`
crates/rs_cam_core/src/tool/flat.rs:121:50: warning: multiply and add expressions may be calculated more efficiently and accurately: help: consider using: `s.mul_add(edge_len_xy, t_closest)`
crates/rs_cam_core/src/tool/flat.rs:129:17: warning: multiply and add expressions may be calculated more efficiently and accurately: help: consider using: `r.mul_add(r, -d_sq)`
crates/rs_cam_core/src/tool/flat.rs:133:25: warning: multiply and add expressions may be calculated more efficiently and accurately: help: consider using: `t.mul_add(dz, p1.z)`
crates/rs_cam_core/src/tool/tapered_ball.rs:47:9: warning: variables can be used directly in the `format!` string
crates/rs_cam_core/src/tool/tapered_ball.rs:52:9: warning: variables can be used directly in the `format!` string
crates/rs_cam_core/src/tool/tapered_ball.rs:82:5: warning: this could be a `const fn`
crates/rs_cam_core/src/tool/tapered_ball.rs:159:27: warning: multiply and add expressions may be calculated more efficiently and accurately: help: consider using: `r_clamped.mul_add(-r_clamped, r_ball * r_ball)`
crates/rs_cam_core/src/tool/tapered_ball.rs:193:17: warning: multiply and add expressions may be calculated more efficiently and accurately: help: consider using: `h.mul_add(-h, 2.0 * r_ball * h)`
crates/rs_cam_core/src/tool/tapered_ball.rs:223:23: warning: hypotenuse can be computed more accurately: help: consider using: `n.x.hypot(n.y)`
crates/rs_cam_core/src/tool/tapered_ball.rs:232:24: warning: multiply and add expressions may be calculated more efficiently and accurately: help: consider using: `r_ball.mul_add(-n.x, cl.x)`
crates/rs_cam_core/src/tool/tapered_ball.rs:233:24: warning: multiply and add expressions may be calculated more efficiently and accurately: help: consider using: `r_ball.mul_add(-n.y, cl.y)`
crates/rs_cam_core/src/tool/tapered_ball.rs:244:28: warning: hypotenuse can be computed more accurately: help: consider using: `cc_dx.hypot(cc_dy)`
crates/rs_cam_core/src/tool/tapered_ball.rs:256:24: warning: multiply and add expressions may be calculated more efficiently and accurately: help: consider using: `r_shaft.mul_add(-xy_nx, cl.x)`
crates/rs_cam_core/src/tool/tapered_ball.rs:257:24: warning: multiply and add expressions may be calculated more efficiently and accurately: help: consider using: `r_shaft.mul_add(-xy_ny, cl.y)`
crates/rs_cam_core/src/tool/tapered_ball.rs:268:28: warning: hypotenuse can be computed more accurately: help: consider using: `cc_dx.hypot(cc_dy)`
crates/rs_cam_core/src/tool/tapered_ball.rs:297:30: warning: multiply and add expressions may be calculated more efficiently and accurately: help: consider using: `dy.mul_add(dy, dx * dx)`
crates/rs_cam_core/src/tool/tapered_ball.rs:304:25: warning: multiply and add expressions may be calculated more efficiently and accurately: help: consider using: `(cl.y - p1.y).mul_add(dy, (cl.x - p1.x) * dx)`
crates/rs_cam_core/src/tool/tapered_ball.rs:306:18: warning: multiply and add expressions may be calculated more efficiently and accurately: help: consider using: `t_closest.mul_add(dx, p1.x)`
crates/rs_cam_core/src/tool/tapered_ball.rs:307:18: warning: multiply and add expressions may be calculated more efficiently and accurately: help: consider using: `t_closest.mul_add(dy, p1.y)`
crates/rs_cam_core/src/tool/tapered_ball.rs:308:20: warning: multiply and add expressions may be calculated more efficiently and accurately: help: consider using: `(cl.y - py).mul_add(cl.y - py, (cl.x - px) * (cl.x - px))`
crates/rs_cam_core/src/tool/tapered_ball.rs:320:24: warning: multiply and add expressions may be calculated more efficiently and accurately: help: consider using: `r_ball.mul_add(r_ball, -d_sq)`
crates/rs_cam_core/src/tool/tapered_ball.rs:323:25: warning: multiply and add expressions may be calculated more efficiently and accurately: help: consider using: `slope.mul_add(slope, 1.0)`
crates/rs_cam_core/src/tool/tapered_ball.rs:341:42: warning: hypotenuse can be computed more accurately: help: consider using: `_rdx.hypot(_rdy)`
crates/rs_cam_core/src/tool/tapered_ball.rs:341:43: warning: used underscore-prefixed binding
crates/rs_cam_core/src/tool/tapered_ball.rs:341:50: warning: used underscore-prefixed binding
crates/rs_cam_core/src/tool/tapered_ball.rs:341:57: warning: used underscore-prefixed binding
crates/rs_cam_core/src/tool/tapered_ball.rs:341:64: warning: used underscore-prefixed binding
crates/rs_cam_core/src/tool/tapered_ball.rs:360:22: warning: multiply and add expressions may be calculated more efficiently and accurately: help: consider using: `r_shaft.mul_add(r_shaft, -d_sq)`
crates/rs_cam_core/src/tool/tapered_ball.rs:376:30: warning: multiply and add expressions may be calculated more efficiently and accurately: help: consider using: `(r_shaft * r_shaft * slope).mul_add(-slope, l_sq)`
crates/rs_cam_core/src/tool/tapered_ball.rs:385:36: warning: multiply and add expressions may be calculated more efficiently and accurately: help: consider using: `t.mul_add(dz, p1.z)`
crates/rs_cam_core/src/tool/tapered_ball.rs:386:46: warning: multiply and add expressions may be calculated more efficiently and accurately: help: consider using: `ccu_signed.mul_add(ccu_signed, d_sq)`
crates/rs_cam_core/src/tool/vbit.rs:36:9: warning: variables can be used directly in the `format!` string
crates/rs_cam_core/src/tool/vbit.rs:55:5: warning: this could be a `const fn`
crates/rs_cam_core/src/tool/vbit.rs:176:9: warning: `if _ { .. } else { .. }` is an expression
crates/rs_cam_core/src/tool/vbit.rs:169:23: warning: hypotenuse can be computed more accurately: help: consider using: `n.x.hypot(n.y)`
crates/rs_cam_core/src/tool/vbit.rs:198:24: warning: multiply and add expressions may be calculated more efficiently and accurately: help: consider using: `big_r.mul_add(-xy_nx, cl.x)`
crates/rs_cam_core/src/tool/vbit.rs:199:24: warning: multiply and add expressions may be calculated more efficiently and accurately: help: consider using: `big_r.mul_add(-xy_ny, cl.y)`
crates/rs_cam_core/src/tool/vbit.rs:230:30: warning: multiply and add expressions may be calculated more efficiently and accurately: help: consider using: `dy.mul_add(dy, dx * dx)`
crates/rs_cam_core/src/tool/vbit.rs:239:25: warning: multiply and add expressions may be calculated more efficiently and accurately: help: consider using: `(cl.y - p1.y).mul_add(dy, (cl.x - p1.x) * dx)`
crates/rs_cam_core/src/tool/vbit.rs:242:18: warning: multiply and add expressions may be calculated more efficiently and accurately: help: consider using: `t_closest.mul_add(dx, p1.x)`
crates/rs_cam_core/src/tool/vbit.rs:243:18: warning: multiply and add expressions may be calculated more efficiently and accurately: help: consider using: `t_closest.mul_add(dy, p1.y)`
crates/rs_cam_core/src/tool/vbit.rs:244:20: warning: multiply and add expressions may be calculated more efficiently and accurately: help: consider using: `(cl.y - py).mul_add(cl.y - py, (cl.x - px) * (cl.x - px))`
crates/rs_cam_core/src/tool/vbit.rs:256:18: warning: multiply and add expressions may be calculated more efficiently and accurately: help: consider using: `big_r.mul_add(big_r, -d_sq)`
crates/rs_cam_core/src/tool/vbit.rs:299:25: warning: multiply and add expressions may be calculated more efficiently and accurately: help: consider using: `(big_r * big_r * slope).mul_add(-slope, l_sq)`
crates/rs_cam_core/src/tool/mod.rs:39:5: warning: this could be a `const fn`
crates/rs_cam_core/src/tool/mod.rs:57:5: warning: this could be a `const fn`
crates/rs_cam_core/src/tool/mod.rs:75:5: warning: this could be a `const fn`
crates/rs_cam_core/src/tool/mod.rs:215:47: warning: casts from `u32` to `f64` can be expressed infallibly using `From`
crates/rs_cam_core/src/tool/mod.rs:218:74: warning: casts from `u32` to `f64` can be expressed infallibly using `From`
crates/rs_cam_core/src/tool/mod.rs:227:1: warning: first doc comment paragraph is too long
crates/rs_cam_core/src/tool/mod.rs:484:17: warning: hypotenuse can be computed more accurately: help: consider using: `dx.hypot(dy)`
crates/rs_cam_core/src/tool/mod.rs:500:23: warning: hypotenuse can be computed more accurately: help: consider using: `n.x.hypot(n.y)`
crates/rs_cam_core/src/tool/mod.rs:510:20: warning: multiply and add expressions may be calculated more efficiently and accurately: help: consider using: `r2.mul_add(-n.x, cl.x - r1 * xy_nx)`
crates/rs_cam_core/src/tool/mod.rs:510:20: warning: multiply and add expressions may be calculated more efficiently and accurately: help: consider using: `r1.mul_add(-xy_nx, cl.x)`
crates/rs_cam_core/src/tool/mod.rs:511:20: warning: multiply and add expressions may be calculated more efficiently and accurately: help: consider using: `r2.mul_add(-n.y, cl.y - r1 * xy_ny)`
crates/rs_cam_core/src/tool/mod.rs:511:20: warning: multiply and add expressions may be calculated more efficiently and accurately: help: consider using: `r1.mul_add(-xy_ny, cl.y)`
crates/rs_cam_core/src/tool/mod.rs:541:29: warning: casting `usize` to `f64` may cause a loss of precision (`usize` can be up to 64 bits wide depending on the target architecture, but `f64`'s mantissa is only 52 bits wide)
crates/rs_cam_core/src/tool/mod.rs:541:40: warning: casting `usize` to `f64` may cause a loss of precision (`usize` can be up to 64 bits wide depending on the target architecture, but `f64`'s mantissa is only 52 bits wide)
crates/rs_cam_core/src/tool/mod.rs:688:9: warning: adding items after statements is confusing, since items exist from the start of the scope
crates/rs_cam_core/src/tool/mod.rs:699:13: warning: adding items after statements is confusing, since items exist from the start of the scope
crates/rs_cam_core/src/tool/mod.rs:700:34: warning: casting `usize` to `f64` may cause a loss of precision (`usize` can be up to 64 bits wide depending on the target architecture, but `f64`'s mantissa is only 52 bits wide)
crates/rs_cam_core/src/tool/mod.rs:702:26: warning: casting `usize` to `f64` may cause a loss of precision (`usize` can be up to 64 bits wide depending on the target architecture, but `f64`'s mantissa is only 52 bits wide)
crates/rs_cam_core/src/tool/mod.rs:705:17: warning: multiply and add expressions may be calculated more efficiently and accurately: help: consider using: `delta_at_load = (inv_ei * arm * arm).mul_add(dx, delta_at_load)`
crates/rs_cam_core/src/tool/mod.rs:706:17: warning: multiply and add expressions may be calculated more efficiently and accurately: help: consider using: `slope_at_load = (inv_ei * arm).mul_add(dx, slope_at_load)`
crates/rs_cam_core/src/tool/mod.rs:713:29: warning: casting `usize` to `f64` may cause a loss of precision (`usize` can be up to 64 bits wide depending on the target architecture, but `f64`'s mantissa is only 52 bits wide)
crates/rs_cam_core/src/tool/mod.rs:715:25: warning: multiply and add expressions may be calculated more efficiently and accurately: help: consider using: `(i as f64 + 0.5).mul_add(dx, shank_top)`
crates/rs_cam_core/src/tool/mod.rs:715:38: warning: casting `usize` to `f64` may cause a loss of precision (`usize` can be up to 64 bits wide depending on the target architecture, but `f64`'s mantissa is only 52 bits wide)
crates/rs_cam_core/src/tool/mod.rs:724:17: warning: multiply and add expressions may be calculated more efficiently and accurately: help: consider using: `delta_at_load = (inv_ei * arm * arm).mul_add(dx, delta_at_load)`
crates/rs_cam_core/src/tool/mod.rs:725:17: warning: multiply and add expressions may be calculated more efficiently and accurately: help: consider using: `slope_at_load = (inv_ei * arm).mul_add(dx, slope_at_load)`
crates/rs_cam_core/src/tool/mod.rs:729:9: warning: multiply and add expressions may be calculated more efficiently and accurately: help: consider using: `slope_at_load.mul_add(cantilever_extension, delta_at_load)`
crates/rs_cam_core/src/tool_library.rs:101:21: warning: redundant closure: help: replace the closure with the method itself: `std::result::Result::ok`
crates/rs_cam_core/src/tool_library.rs:176:1: warning: first doc comment paragraph is too long
crates/rs_cam_core/src/tool_load/chipload.rs:292:21: warning: casting `f64` to `usize` may truncate the value
crates/rs_cam_core/src/tool_load/chipload.rs:292:21: warning: casting `f64` to `usize` may lose the sign of the value
crates/rs_cam_core/src/tool_load/chipload.rs:292:23: warning: casting `usize` to `f64` may cause a loss of precision (`usize` can be up to 64 bits wide depending on the target architecture, but `f64`'s mantissa is only 52 bits wide)
crates/rs_cam_core/src/tool_load/chipload.rs:301:49: warning: the following explicit lifetimes could be elided: 'a
crates/rs_cam_core/src/tool_load/chipload.rs:397:18: warning: called `map(<f>).unwrap_or(<a>)` on an `Option` value
crates/rs_cam_core/src/tool_load/chipload.rs:442:1: warning: this function has too many lines (409/100)
crates/rs_cam_core/src/tool_load/deflection.rs:66:1: warning: this could be a `const fn`
crates/rs_cam_core/src/tool_load/deflection.rs:116:1: warning: this function has too many lines (195/100)
crates/rs_cam_core/src/tool_load/deflection.rs:232:22: warning: casts from `u32` to `f64` can be expressed infallibly using `From`
crates/rs_cam_core/src/tool_load/deflection.rs:234:25: warning: casts from `u32` to `f64` can be expressed infallibly using `From`
crates/rs_cam_core/src/tool_load/deflection.rs:296:9: warning: use Option::map_or_else instead of an if let/else
crates/rs_cam_core/src/tool_load/drill_gates.rs:137:1: warning: this could be a `const fn`
crates/rs_cam_core/src/tool_load/drill_gates.rs:141:1: warning: first doc comment paragraph is too long
crates/rs_cam_core/src/tool_load/drill_gates.rs:234:5: warning: unnecessary boolean `not` operation
crates/rs_cam_core/src/tool_load/drill_gates.rs:260:1: warning: first doc comment paragraph is too long
crates/rs_cam_core/src/tool_load/drill_gates.rs:308:5: warning: this could be a `const fn`
crates/rs_cam_core/src/tool_load/drill_gates.rs:309:24: warning: unnecessary structure name repetition: help: use the applicable keyword: `Self`
crates/rs_cam_core/src/tool_load/drill_gates.rs:312:5: warning: this could be a `const fn`
crates/rs_cam_core/src/tool_load/drill_gates.rs:314:13: warning: unnecessary structure name repetition: help: use the applicable keyword: `Self`
crates/rs_cam_core/src/tool_load/drill_gates.rs:315:15: warning: unnecessary structure name repetition: help: use the applicable keyword: `Self`
crates/rs_cam_core/src/tool_load/drill_gates.rs:342:13: warning: unnecessary structure name repetition: help: use the applicable keyword: `Self`
crates/rs_cam_core/src/tool_load/drill_gates.rs:343:15: warning: unnecessary structure name repetition: help: use the applicable keyword: `Self`
crates/rs_cam_core/src/tool_load/drill_gates.rs:347:13: warning: unnecessary structure name repetition: help: use the applicable keyword: `Self`
crates/rs_cam_core/src/tool_load/locality.rs:26:1: warning: first doc comment paragraph is too long
crates/rs_cam_core/src/tool_load/locality.rs:39:5: warning: this could be a `const fn`
crates/rs_cam_core/src/tool_load/locality.rs:61:1: warning: first doc comment paragraph is too long
crates/rs_cam_core/src/tool_load/locality.rs:108:1: warning: first doc comment paragraph is too long
crates/rs_cam_core/src/tool_load/locality.rs:198:5: warning: use Option::map_or instead of an if let/else
crates/rs_cam_core/src/tool_load/optimize/axes.rs:84:13: warning: unnecessary structure name repetition: help: use the applicable keyword: `Self`
crates/rs_cam_core/src/tool_load/optimize/axes.rs:85:13: warning: unnecessary structure name repetition: help: use the applicable keyword: `Self`
crates/rs_cam_core/src/tool_load/optimize/axes.rs:86:13: warning: unnecessary structure name repetition: help: use the applicable keyword: `Self`
crates/rs_cam_core/src/tool_load/optimize/axes.rs:87:15: warning: unnecessary structure name repetition: help: use the applicable keyword: `Self`
crates/rs_cam_core/src/tool_load/optimize/axes.rs:88:15: warning: unnecessary structure name repetition: help: use the applicable keyword: `Self`
crates/rs_cam_core/src/tool_load/optimize/axes.rs:89:15: warning: unnecessary structure name repetition: help: use the applicable keyword: `Self`
crates/rs_cam_core/src/tool_load/optimize/axes.rs:90:13: warning: unnecessary structure name repetition: help: use the applicable keyword: `Self`
crates/rs_cam_core/src/tool_load/optimize/axes.rs:90:39: warning: unnecessary structure name repetition: help: use the applicable keyword: `Self`
crates/rs_cam_core/src/tool_load/optimize/axes.rs:96:13: warning: unnecessary structure name repetition: help: use the applicable keyword: `Self`
crates/rs_cam_core/src/tool_load/optimize/axes.rs:97:13: warning: unnecessary structure name repetition: help: use the applicable keyword: `Self`
crates/rs_cam_core/src/tool_load/optimize/axes.rs:98:13: warning: unnecessary structure name repetition: help: use the applicable keyword: `Self`
crates/rs_cam_core/src/tool_load/optimize/axes.rs:99:13: warning: unnecessary structure name repetition: help: use the applicable keyword: `Self`
crates/rs_cam_core/src/tool_load/optimize/axes.rs:100:13: warning: unnecessary structure name repetition: help: use the applicable keyword: `Self`
crates/rs_cam_core/src/tool_load/optimize/axes.rs:101:13: warning: unnecessary structure name repetition: help: use the applicable keyword: `Self`
crates/rs_cam_core/src/tool_load/optimize/axes.rs:102:13: warning: unnecessary structure name repetition: help: use the applicable keyword: `Self`
crates/rs_cam_core/src/tool_load/optimize/axes.rs:103:13: warning: unnecessary structure name repetition: help: use the applicable keyword: `Self`
crates/rs_cam_core/src/tool_load/optimize/axes.rs:108:24: warning: unnecessary structure name repetition: help: use the applicable keyword: `Self`
crates/rs_cam_core/src/tool_load/optimize/axes.rs:108:47: warning: unnecessary structure name repetition: help: use the applicable keyword: `Self`
crates/rs_cam_core/src/tool_load/optimize/axes.rs:197:6: warning: the following explicit lifetimes could be elided: 'op
crates/rs_cam_core/src/tool_load/optimize/axes.rs:211:17: warning: called `map(<f>).unwrap_or(<a>)` on an `Option` value
crates/rs_cam_core/src/tool_load/optimize/axes.rs:214:22: warning: function call inside of `unwrap_or`: help: try: `unwrap_or_else(|| f64::from(ctx.project_default_rpm))`
crates/rs_cam_core/src/tool_load/optimize/bounds.rs:29:5: warning: this could be a `const fn`
crates/rs_cam_core/src/tool_load/optimize/bounds.rs:37:5: warning: this could be a `const fn`
crates/rs_cam_core/src/tool_load/optimize/bounds.rs:56:1: warning: first doc comment paragraph is too long
crates/rs_cam_core/src/tool_load/optimize/bounds.rs:77:1: warning: first doc comment paragraph is too long
crates/rs_cam_core/src/tool_load/optimize/bounds.rs:103:20: warning: multiply and add expressions may be calculated more efficiently and accurately: help: consider using: `(hi - self.baseline).mul_add(midpoint_weight, self.baseline)`
crates/rs_cam_core/src/tool_load/optimize/bounds.rs:136:20: warning: use Option::map_or_else instead of an if let/else: help: try: `self.preferred.as_ref().map_or_else(|| "none".to_owned(), |p| format!("[{:.4}, {:.4}]", p.lo, p.hi))`
crates/rs_cam_core/src/tool_load/optimize/bounds.rs:156:1: warning: first doc comment paragraph is too long
crates/rs_cam_core/src/tool_load/optimize/bounds.rs:214:1: warning: first doc comment paragraph is too long
crates/rs_cam_core/src/tool_load/optimize/bounds.rs:256:1: warning: first doc comment paragraph is too long
crates/rs_cam_core/src/tool_load/optimize/candidate.rs:101:1: warning: pub(crate) function inside private module
crates/rs_cam_core/src/tool_load/optimize/candidate.rs:101:1: warning: this could be a `const fn`
crates/rs_cam_core/src/tool_load/optimize/candidate.rs:160:1: warning: pub(crate) function inside private module
crates/rs_cam_core/src/tool_load/optimize/candidate.rs:160:1: warning: this could be a `const fn`
crates/rs_cam_core/src/tool_load/optimize/candidate.rs:178:1: warning: pub(crate) function inside private module
crates/rs_cam_core/src/tool_load/optimize/candidate.rs:227:1: warning: pub(crate) function inside private module
crates/rs_cam_core/src/tool_load/optimize/candidate.rs:253:1: warning: pub(crate) function inside private module
crates/rs_cam_core/src/tool_load/optimize/candidate.rs:311:1: warning: pub(crate) function inside private module
crates/rs_cam_core/src/tool_load/optimize/candidate.rs:364:1: warning: pub(crate) function inside private module
crates/rs_cam_core/src/tool_load/optimize/candidate.rs:471:32: warning: redundant closure: help: replace the closure with the method itself: `std::convert::AsRef::as_ref`
crates/rs_cam_core/src/tool_load/optimize/candidate.rs:511:1: warning: pub(crate) function inside private module
crates/rs_cam_core/src/tool_load/optimize/candidate.rs:535:1: warning: pub(crate) function inside private module
crates/rs_cam_core/src/tool_load/optimize/context.rs:32:1: warning: pub(crate) function inside private module
crates/rs_cam_core/src/tool_load/optimize/context.rs:50:1: warning: pub(crate) function inside private module
crates/rs_cam_core/src/tool_load/optimize/context.rs:71:1: warning: pub(crate) function inside private module
crates/rs_cam_core/src/tool_load/optimize/context.rs:87:5: warning: called `map(<f>).unwrap_or_else(<g>)` on an `Option` value: help: try: `op_rpm.map_or_else(|| machine.rpm_range().0, f64::from)`
crates/rs_cam_core/src/tool_load/optimize/context.rs:101:1: warning: pub(crate) function inside private module
crates/rs_cam_core/src/tool_load/optimize/context.rs:132:1: warning: pub(crate) function inside private module
crates/rs_cam_core/src/tool_load/optimize/context.rs:163:1: warning: pub(crate) function inside private module
crates/rs_cam_core/src/tool_load/optimize/context.rs:168:1: warning: pub(crate) function inside private module
crates/rs_cam_core/src/tool_load/optimize/context.rs:168:1: warning: this could be a `const fn`
crates/rs_cam_core/src/tool_load/optimize/context.rs:179:1: warning: pub(crate) function inside private module
crates/rs_cam_core/src/tool_load/optimize/context.rs:179:1: warning: this could be a `const fn`
crates/rs_cam_core/src/tool_load/optimize/context.rs:206:1: warning: pub(crate) struct inside private module
crates/rs_cam_core/src/tool_load/optimize/context.rs:240:1: warning: pub(crate) struct inside private module
crates/rs_cam_core/src/tool_load/optimize/context.rs:264:5: warning: this could be a `const fn`
crates/rs_cam_core/src/tool_load/optimize/context.rs:270:5: warning: this could be a `const fn`
crates/rs_cam_core/src/tool_load/optimize/context.rs:292:1: warning: pub(crate) struct inside private module
crates/rs_cam_core/src/tool_load/optimize/delta.rs:45:5: warning: this could be a `const fn`
crates/rs_cam_core/src/tool_load/optimize/delta.rs:54:1: warning: first doc comment paragraph is too long
crates/rs_cam_core/src/tool_load/optimize/delta.rs:90:5: warning: this could be a `const fn`
crates/rs_cam_core/src/tool_load/optimize/delta.rs:97:5: warning: this could be a `const fn`
crates/rs_cam_core/src/tool_load/optimize/delta.rs:104:5: warning: this could be a `const fn`
crates/rs_cam_core/src/tool_load/optimize/delta.rs:119:1: warning: pub(crate) function inside private module
crates/rs_cam_core/src/tool_load/optimize/delta.rs:131:1: warning: pub(crate) function inside private module
crates/rs_cam_core/src/tool_load/optimize/delta.rs:146:1: warning: pub(crate) function inside private module
crates/rs_cam_core/src/tool_load/optimize/delta.rs:163:1: warning: this could be a `const fn`
crates/rs_cam_core/src/tool_load/optimize/delta.rs:245:1: warning: pub(crate) function inside private module
crates/rs_cam_core/src/tool_load/optimize/delta.rs:256:1: warning: pub(crate) function inside private module
crates/rs_cam_core/src/tool_load/optimize/delta.rs:257:9: warning: usage of wildcard import for enum variants: help: try: `ChiploadVerdict::{Unmodeled, Exceeds, Within}`
crates/rs_cam_core/src/tool_load/optimize/delta.rs:272:1: warning: pub(crate) function inside private module
crates/rs_cam_core/src/tool_load/optimize/delta.rs:273:9: warning: usage of wildcard import for enum variants: help: try: `PowerVerdict::{Unmodeled, Exceeds, Within}`
crates/rs_cam_core/src/tool_load/optimize/delta.rs:287:1: warning: pub(crate) function inside private module
crates/rs_cam_core/src/tool_load/optimize/delta.rs:291:9: warning: usage of wildcard import for enum variants: help: try: `DeflectionVerdict::{Unmodeled, Exceeds, Within}`
crates/rs_cam_core/src/tool_load/optimize/delta.rs:305:1: warning: pub(crate) function inside private module
crates/rs_cam_core/src/tool_load/optimize/delta.rs:321:1: warning: pub(crate) function inside private module
crates/rs_cam_core/src/tool_load/optimize/narrative.rs:30:1: warning: first doc comment paragraph is too long
crates/rs_cam_core/src/tool_load/optimize/narrative.rs:133:1: warning: first doc comment paragraph is too long
crates/rs_cam_core/src/tool_load/optimize/narrative.rs:197:1: warning: first doc comment paragraph is too long
crates/rs_cam_core/src/tool_load/optimize/narrative.rs:229:1: warning: pub(crate) function inside private module
crates/rs_cam_core/src/tool_load/optimize/narrative.rs:279:1: warning: pub(crate) function inside private module
crates/rs_cam_core/src/tool_load/optimize/narrative.rs:315:1: warning: pub(crate) function inside private module
crates/rs_cam_core/src/tool_load/optimize/narrative.rs:400:8: warning: this pattern matching can be expressed using equality: help: try: `(g.gate, g.side) == (GateKind::Chipload, Some(ChipSide::Low))`
crates/rs_cam_core/src/tool_load/optimize/narrative.rs:551:1: warning: pub(crate) function inside private module
crates/rs_cam_core/src/tool_load/optimize/narrative.rs:576:1: warning: first doc comment paragraph is too long
crates/rs_cam_core/src/tool_load/optimize/narrative.rs:586:1: warning: first doc comment paragraph is too long
crates/rs_cam_core/src/tool_load/optimize/narrative.rs:746:36: warning: this argument (3 byte) is passed by reference, but would be more efficient if passed by value (limit: 8 byte): help: consider passing by value instead: `super::delta::GateDeltas`
crates/rs_cam_core/src/tool_load/optimize/narrative.rs:832:35: warning: casts from `u32` to `f64` can be expressed infallibly using `From`
crates/rs_cam_core/src/tool_load/optimize/narrative.rs:920:5: warning: use Option::map_or_else instead of an if let/else
crates/rs_cam_core/src/tool_load/optimize/outcome.rs:65:1: warning: first doc comment paragraph is too long
crates/rs_cam_core/src/tool_load/optimize/outcome.rs:374:5: warning: this could be a `const fn`
crates/rs_cam_core/src/tool_load/optimize/outcome.rs:714:1: warning: pub(crate) function inside private module
crates/rs_cam_core/src/tool_load/optimize/outcome.rs:714:1: warning: this function has too many lines (106/100)
crates/rs_cam_core/src/tool_load/optimize/outcome.rs:744:14: warning: it is more concise to loop over references to containers instead of using explicit iteration methods: help: to write this more concisely, try: `&mut sorted`
crates/rs_cam_core/src/tool_load/optimize/outcome.rs:764:33: warning: called `map(<f>).unwrap_or(false)` on an `Option` value
crates/rs_cam_core/src/tool_load/optimize/outcome.rs:788:13: warning: called `map(<f>).unwrap_or(false)` on an `Option` value
crates/rs_cam_core/src/tool_load/optimize/outcome.rs:812:9: warning: assigning the result of `ToOwned::to_owned()` may be inefficient
crates/rs_cam_core/src/tool_load/optimize/patches.rs:30:24: warning: you are deriving `PartialEq` and can implement `Eq`: help: consider deriving `Eq` as well: `PartialEq, Eq`
crates/rs_cam_core/src/tool_load/optimize/patches.rs:106:1: warning: first doc comment paragraph is too long
crates/rs_cam_core/src/tool_load/optimize/policy.rs:10:24: warning: you are deriving `PartialEq` and can implement `Eq`: help: consider deriving `Eq` as well: `PartialEq, Eq`
crates/rs_cam_core/src/tool_load/optimize/policy.rs:144:1: warning: all fields have the same postfix: `anchor_mm`
crates/rs_cam_core/src/tool_load/optimize/policy.rs:151:5: warning: this function has too many lines (503/100)
crates/rs_cam_core/src/tool_load/optimize/preflight.rs:39:1: warning: pub(crate) struct inside private module
crates/rs_cam_core/src/tool_load/optimize/preflight.rs:52:1: warning: pub(crate) function inside private module
crates/rs_cam_core/src/tool_load/optimize/preflight.rs:176:27: warning: called `map(<f>).unwrap_or_else(<g>)` on an `Option` value
crates/rs_cam_core/src/tool_load/optimize/preflight.rs:183:55: warning: casts from `u32` to `f64` can be expressed infallibly using `From`
crates/rs_cam_core/src/tool_load/optimize/preflight.rs:184:20: warning: casts from `u32` to `f64` can be expressed infallibly using `From`
crates/rs_cam_core/src/tool_load/optimize/preflight.rs:185:18: warning: casts from `u32` to `f64` can be expressed infallibly using `From`
crates/rs_cam_core/src/tool_load/optimize/progress.rs:68:21: warning: unnecessary structure name repetition: help: use the applicable keyword: `Self`
crates/rs_cam_core/src/tool_load/optimize/progress.rs:69:9: warning: unnecessary structure name repetition: help: use the applicable keyword: `Self`
crates/rs_cam_core/src/tool_load/optimize/progress.rs:70:9: warning: unnecessary structure name repetition: help: use the applicable keyword: `Self`
crates/rs_cam_core/src/tool_load/optimize/progress.rs:71:9: warning: unnecessary structure name repetition: help: use the applicable keyword: `Self`
crates/rs_cam_core/src/tool_load/optimize/progress.rs:76:5: warning: this could be a `const fn`
crates/rs_cam_core/src/tool_load/optimize/progress.rs:78:13: warning: unnecessary structure name repetition: help: use the applicable keyword: `Self`
crates/rs_cam_core/src/tool_load/optimize/progress.rs:79:13: warning: unnecessary structure name repetition: help: use the applicable keyword: `Self`
crates/rs_cam_core/src/tool_load/optimize/progress.rs:80:13: warning: unnecessary structure name repetition: help: use the applicable keyword: `Self`
crates/rs_cam_core/src/tool_load/optimize/progress.rs:89:5: warning: this could be a `const fn`
crates/rs_cam_core/src/tool_load/optimize/progress.rs:91:13: warning: unnecessary structure name repetition: help: use the applicable keyword: `Self`
crates/rs_cam_core/src/tool_load/optimize/progress.rs:92:13: warning: unnecessary structure name repetition: help: use the applicable keyword: `Self`
crates/rs_cam_core/src/tool_load/optimize/progress.rs:93:13: warning: unnecessary structure name repetition: help: use the applicable keyword: `Self`
crates/rs_cam_core/src/tool_load/optimize/progress.rs:99:5: warning: this could be a `const fn`
crates/rs_cam_core/src/tool_load/optimize/progress.rs:101:13: warning: unnecessary structure name repetition: help: use the applicable keyword: `Self`
crates/rs_cam_core/src/tool_load/optimize/progress.rs:102:13: warning: unnecessary structure name repetition: help: use the applicable keyword: `Self`
crates/rs_cam_core/src/tool_load/optimize/progress.rs:103:13: warning: unnecessary structure name repetition: help: use the applicable keyword: `Self`
crates/rs_cam_core/src/tool_load/optimize/progress.rs:108:5: warning: this could be a `const fn`
crates/rs_cam_core/src/tool_load/optimize/progress.rs:110:23: warning: unnecessary structure name repetition: help: use the applicable keyword: `Self`
crates/rs_cam_core/src/tool_load/optimize/progress.rs:111:23: warning: unnecessary structure name repetition: help: use the applicable keyword: `Self`
crates/rs_cam_core/src/tool_load/optimize/progress.rs:112:23: warning: unnecessary structure name repetition: help: use the applicable keyword: `Self`
crates/rs_cam_core/src/tool_load/optimize/progress.rs:224:44: warning: use Option::map_or instead of an if let/else: help: try: `phase.map_or((0, 0), |p| self.rung(p))`
crates/rs_cam_core/src/tool_load/optimize/progress.rs:241:5: warning: this could be a `const fn`
crates/rs_cam_core/src/tool_load/optimize/rank.rs:31:1: warning: pub(crate) function inside private module
crates/rs_cam_core/src/tool_load/optimize/rank.rs:45:5: warning: multiply and add expressions may be calculated more efficiently and accurately
crates/rs_cam_core/src/tool_load/optimize/rank.rs:45:5: warning: multiply and add expressions may be calculated more efficiently and accurately: help: consider using: `r.beta_power_overuse.value.mul_add(-power_pen, cycle_savings_s - r.alpha_chipload_distance.value * chipload_pen)`
crates/rs_cam_core/src/tool_load/optimize/rank.rs:45:5: warning: multiply and add expressions may be calculated more efficiently and accurately: help: consider using: `r.alpha_chipload_distance.value.mul_add(-chipload_pen, cycle_savings_s)`
crates/rs_cam_core/src/tool_load/optimize/rank.rs:54:1: warning: pub(crate) function inside private module
crates/rs_cam_core/src/tool_load/optimize/rank.rs:71:23: warning: manual implementation of `midpoint` which can overflow: help: use `f64::midpoint` instead: `f64::midpoint(min, max)`
crates/rs_cam_core/src/tool_load/optimize/rank.rs:85:1: warning: pub(crate) function inside private module
crates/rs_cam_core/src/tool_load/optimize/rank.rs:104:1: warning: pub(crate) function inside private module
crates/rs_cam_core/src/tool_load/optimize/refusal.rs:20:1: warning: pub(crate) struct inside private module
crates/rs_cam_core/src/tool_load/optimize/refusal.rs:41:1: warning: pub(crate) function inside private module
crates/rs_cam_core/src/tool_load/optimize/refusal.rs:73:1: warning: pub(crate) function inside private module
crates/rs_cam_core/src/tool_load/optimize/retarget/chipload.rs:108:5: warning: this function has too many lines (116/100)
crates/rs_cam_core/src/tool_load/optimize/retarget/deflection.rs:44:5: warning: this could be a `const fn`
crates/rs_cam_core/src/tool_load/optimize/retarget/deflection.rs:52:5: warning: this could be a `const fn`
crates/rs_cam_core/src/tool_load/optimize/retarget/deflection.rs:113:25: warning: variables can be used directly in the `format!` string
crates/rs_cam_core/src/tool_load/optimize/retarget/mod.rs:22:1: warning: first doc comment paragraph is too long
crates/rs_cam_core/src/tool_load/optimize/retarget/mod.rs:86:5: warning: this could be a `const fn`
crates/rs_cam_core/src/tool_load/optimize/retarget/mod.rs:115:5: warning: this could be a `const fn`
crates/rs_cam_core/src/tool_load/optimize/retarget/mod.rs:198:5: warning: this could be a `const fn`
crates/rs_cam_core/src/tool_load/optimize/retarget/mod.rs:231:1: warning: first doc comment paragraph is too long
crates/rs_cam_core/src/tool_load/optimize/space.rs:45:5: warning: this could be a `const fn`
crates/rs_cam_core/src/tool_load/optimize/space.rs:65:63: warning: redundant closure: help: replace the closure with the method itself: `super::bounds::AxisBounds::summary`
crates/rs_cam_core/src/tool_load/optimize/strategy/grid.rs:40:6: warning: the following explicit lifetimes could be elided: 'a
crates/rs_cam_core/src/tool_load/optimize/strategy/headroom.rs:49:1: warning: this could be a `const fn`
crates/rs_cam_core/src/tool_load/optimize/strategy/headroom.rs:93:17: warning: use Option::map_or instead of an if let/else
crates/rs_cam_core/src/tool_load/optimize/strategy/headroom.rs:125:6: warning: the following explicit lifetimes could be elided: 'a
crates/rs_cam_core/src/tool_load/optimize/strategy/retarget.rs:35:1: warning: first doc comment paragraph is too long
crates/rs_cam_core/src/tool_load/optimize/strategy/retarget.rs:66:6: warning: the following explicit lifetimes could be elided: 'a
crates/rs_cam_core/src/tool_load/optimize/strategy/retarget.rs:111:6: warning: the following explicit lifetimes could be elided: 'a
crates/rs_cam_core/src/tool_load/optimize/strategy/mod.rs:28:1: warning: first doc comment paragraph is too long
crates/rs_cam_core/src/tool_load/optimize/mod.rs:98:1: warning: this could be a `const fn`
crates/rs_cam_core/src/tool_load/optimize/mod.rs:107:1: warning: first doc comment paragraph is too long
crates/rs_cam_core/src/tool_load/optimize/mod.rs:212:1: warning: this function has too many lines (187/100)
crates/rs_cam_core/src/tool_load/optimize/mod.rs:271:41: warning: redundant closure: help: replace the closure with the method itself: `std::convert::AsRef::as_ref`
crates/rs_cam_core/src/tool_load/optimize/mod.rs:533:13: warning: assigning the result of `ToOwned::to_owned()` may be inefficient: help: use `clone_into()`: `NARROW_BAND_HEADLINE.clone_into(&mut outcome.narrative.headline)`
crates/rs_cam_core/src/tool_load/optimize/mod.rs:641:1: warning: this could be a `const fn`
crates/rs_cam_core/src/tool_load/optimize/mod.rs:788:21: warning: called `map(<f>).unwrap_or_else(<g>)` on an `Option` value: help: try: `stage0_anchor.map_or_else(|| baseline_op.clone(), |c| c.params.clone())`
crates/rs_cam_core/src/tool_load/power.rs:217:9: warning: multiply and add expressions may be calculated more efficiently and accurately: help: consider using: `self.shear_kw_per_mm_min.mul_add(feed_mm_min.max(0.0), self.edge_kw)`
crates/rs_cam_core/src/tool_load/power.rs:261:1: warning: this function has too many lines (213/100)
crates/rs_cam_core/src/tool_load/power.rs:439:42: warning: casts from `u32` to `f64` can be expressed infallibly using `From`
crates/rs_cam_core/src/tool_load/power.rs:504:9: warning: use Option::map_or_else instead of an if let/else
crates/rs_cam_core/src/tool_load/verdict.rs:15:1: warning: first doc comment paragraph is too long
crates/rs_cam_core/src/tool_load/verdict.rs:86:5: warning: this could be a `const fn`
crates/rs_cam_core/src/tool_load/verdict.rs:88:13: warning: unnecessary structure name repetition: help: use the applicable keyword: `Self`
crates/rs_cam_core/src/tool_load/verdict.rs:89:13: warning: unnecessary structure name repetition: help: use the applicable keyword: `Self`
crates/rs_cam_core/src/tool_load/verdict.rs:90:13: warning: unnecessary structure name repetition: help: use the applicable keyword: `Self`
crates/rs_cam_core/src/tool_load/verdict.rs:91:13: warning: unnecessary structure name repetition: help: use the applicable keyword: `Self`
crates/rs_cam_core/src/tool_load/verdict.rs:92:13: warning: unnecessary structure name repetition: help: use the applicable keyword: `Self`
crates/rs_cam_core/src/tool_load/verdict.rs:93:13: warning: unnecessary structure name repetition: help: use the applicable keyword: `Self`
crates/rs_cam_core/src/tool_load/verdict.rs:94:13: warning: unnecessary structure name repetition: help: use the applicable keyword: `Self`
crates/rs_cam_core/src/tool_load/verdict.rs:132:1: warning: first doc comment paragraph is too long
crates/rs_cam_core/src/tool_load/verdict.rs:520:1: warning: this could be a `const fn`
crates/rs_cam_core/src/tool_load/verdict.rs:556:5: warning: this could be a `const fn`
crates/rs_cam_core/src/tool_load/verdict.rs:558:13: warning: unnecessary structure name repetition: help: use the applicable keyword: `Self`
crates/rs_cam_core/src/tool_load/verdict.rs:559:13: warning: unnecessary structure name repetition: help: use the applicable keyword: `Self`
crates/rs_cam_core/src/tool_load/verdict.rs:560:13: warning: unnecessary structure name repetition: help: use the applicable keyword: `Self`
crates/rs_cam_core/src/tool_load/verdict.rs:561:13: warning: unnecessary structure name repetition: help: use the applicable keyword: `Self`
crates/rs_cam_core/src/tool_load/verdict.rs:562:13: warning: unnecessary structure name repetition: help: use the applicable keyword: `Self`
crates/rs_cam_core/src/tool_load/verdict.rs:563:13: warning: unnecessary structure name repetition: help: use the applicable keyword: `Self`
crates/rs_cam_core/src/tool_load/verdict.rs:567:5: warning: this could be a `const fn`
crates/rs_cam_core/src/tool_load/verdict.rs:569:13: warning: unnecessary structure name repetition: help: use the applicable keyword: `Self`
crates/rs_cam_core/src/tool_load/verdict.rs:570:13: warning: unnecessary structure name repetition: help: use the applicable keyword: `Self`
crates/rs_cam_core/src/tool_load/verdict.rs:571:13: warning: unnecessary structure name repetition: help: use the applicable keyword: `Self`
crates/rs_cam_core/src/tool_load/verdict.rs:572:13: warning: unnecessary structure name repetition: help: use the applicable keyword: `Self`
crates/rs_cam_core/src/tool_load/verdict.rs:572:47: warning: unnecessary structure name repetition: help: use the applicable keyword: `Self`
crates/rs_cam_core/src/tool_load/verdict.rs:573:13: warning: unnecessary structure name repetition: help: use the applicable keyword: `Self`
crates/rs_cam_core/src/tool_load/verdict.rs:578:1: warning: first doc comment paragraph is too long
crates/rs_cam_core/src/tool_load/verdict.rs:671:5: warning: this could be a `const fn`
crates/rs_cam_core/src/tool_load/verdict.rs:673:13: warning: unnecessary structure name repetition: help: use the applicable keyword: `Self`
crates/rs_cam_core/src/tool_load/verdict.rs:674:13: warning: unnecessary structure name repetition: help: use the applicable keyword: `Self`
crates/rs_cam_core/src/tool_load/verdict.rs:690:5: warning: this could be a `const fn`
crates/rs_cam_core/src/tool_load/verdict.rs:695:5: warning: this could be a `const fn`
crates/rs_cam_core/src/tool_load/verdict.rs:715:1: warning: first doc comment paragraph is too long
crates/rs_cam_core/src/tool_load/verdict.rs:720:24: warning: you are deriving `PartialEq` and can implement `Eq`: help: consider deriving `Eq` as well: `PartialEq, Eq`
crates/rs_cam_core/src/tool_load/verdict.rs:751:5: warning: this could be a `const fn`
crates/rs_cam_core/src/tool_load/verdict.rs:761:5: warning: this could be a `const fn`
crates/rs_cam_core/src/tool_load/verdict.rs:771:5: warning: this could be a `const fn`
crates/rs_cam_core/src/tool_load/verdict.rs:793:5: warning: this could be a `const fn`
crates/rs_cam_core/src/tool_load/verdict.rs:805:1: warning: first doc comment paragraph is too long
crates/rs_cam_core/src/tool_load/verdict.rs:850:5: warning: this could be a `const fn`
crates/rs_cam_core/src/tool_load/verdict.rs:852:13: warning: unnecessary structure name repetition: help: use the applicable keyword: `Self`
crates/rs_cam_core/src/tool_load/verdict.rs:853:13: warning: unnecessary structure name repetition: help: use the applicable keyword: `Self`
crates/rs_cam_core/src/tool_load/verdict.rs:854:15: warning: unnecessary structure name repetition: help: use the applicable keyword: `Self`
crates/rs_cam_core/src/tool_load/verdict.rs:855:15: warning: unnecessary structure name repetition: help: use the applicable keyword: `Self`
crates/rs_cam_core/src/tool_load/verdict.rs:871:13: warning: unnecessary structure name repetition: help: use the applicable keyword: `Self`
crates/rs_cam_core/src/tool_load/verdict.rs:872:13: warning: unnecessary structure name repetition: help: use the applicable keyword: `Self`
crates/rs_cam_core/src/tool_load/verdict.rs:873:13: warning: unnecessary structure name repetition: help: use the applicable keyword: `Self`
crates/rs_cam_core/src/tool_load/verdict.rs:874:13: warning: unnecessary structure name repetition: help: use the applicable keyword: `Self`
crates/rs_cam_core/src/tool_load/verdict.rs:879:1: warning: first doc comment paragraph is too long
crates/rs_cam_core/src/tool_load/verdict.rs:913:1: warning: first doc comment paragraph is too long
crates/rs_cam_core/src/tool_load/verdict.rs:1065:5: warning: this could be a `const fn`
crates/rs_cam_core/src/tool_load/verdict.rs:1067:13: warning: unnecessary structure name repetition: help: use the applicable keyword: `Self`
crates/rs_cam_core/src/tool_load/verdict.rs:1068:13: warning: unnecessary structure name repetition: help: use the applicable keyword: `Self`
crates/rs_cam_core/src/tool_load/verdict.rs:1069:13: warning: unnecessary structure name repetition: help: use the applicable keyword: `Self`
crates/rs_cam_core/src/tool_load/verdict.rs:1073:5: warning: this could be a `const fn`
crates/rs_cam_core/src/tool_load/verdict.rs:1074:24: warning: unnecessary structure name repetition: help: use the applicable keyword: `Self`
crates/rs_cam_core/src/tool_load/verdict.rs:1077:5: warning: this could be a `const fn`
crates/rs_cam_core/src/tool_load/verdict.rs:1078:24: warning: unnecessary structure name repetition: help: use the applicable keyword: `Self`
crates/rs_cam_core/src/tool_load/verdict.rs:1081:5: warning: this could be a `const fn`
crates/rs_cam_core/src/tool_load/verdict.rs:1083:13: warning: unnecessary structure name repetition: help: use the applicable keyword: `Self`
crates/rs_cam_core/src/tool_load/verdict.rs:1084:15: warning: unnecessary structure name repetition: help: use the applicable keyword: `Self`
crates/rs_cam_core/src/tool_load/verdict.rs:1085:13: warning: unnecessary structure name repetition: help: use the applicable keyword: `Self`
crates/rs_cam_core/src/tool_load/verdict.rs:1089:5: warning: this could be a `const fn`
crates/rs_cam_core/src/tool_load/verdict.rs:1091:13: warning: unnecessary structure name repetition: help: use the applicable keyword: `Self`
crates/rs_cam_core/src/tool_load/verdict.rs:1098:13: warning: unnecessary structure name repetition: help: use the applicable keyword: `Self`
crates/rs_cam_core/src/tool_load/verdict.rs:1107:13: warning: unnecessary structure name repetition: help: use the applicable keyword: `Self`
crates/rs_cam_core/src/tool_load/verdict.rs:1119:13: warning: unnecessary structure name repetition: help: use the applicable keyword: `Self`
crates/rs_cam_core/src/tool_load/verdict.rs:1162:5: warning: this could be a `const fn`
crates/rs_cam_core/src/tool_load/verdict.rs:1164:13: warning: unnecessary structure name repetition: help: use the applicable keyword: `Self`
crates/rs_cam_core/src/tool_load/verdict.rs:1165:13: warning: unnecessary structure name repetition: help: use the applicable keyword: `Self`
crates/rs_cam_core/src/tool_load/verdict.rs:1166:13: warning: unnecessary structure name repetition: help: use the applicable keyword: `Self`
crates/rs_cam_core/src/tool_load/verdict.rs:1170:5: warning: this could be a `const fn`
crates/rs_cam_core/src/tool_load/verdict.rs:1171:24: warning: unnecessary structure name repetition: help: use the applicable keyword: `Self`
crates/rs_cam_core/src/tool_load/verdict.rs:1174:5: warning: this could be a `const fn`
crates/rs_cam_core/src/tool_load/verdict.rs:1175:24: warning: unnecessary structure name repetition: help: use the applicable keyword: `Self`
crates/rs_cam_core/src/tool_load/verdict.rs:1178:5: warning: this could be a `const fn`
crates/rs_cam_core/src/tool_load/verdict.rs:1180:13: warning: unnecessary structure name repetition: help: use the applicable keyword: `Self`
crates/rs_cam_core/src/tool_load/verdict.rs:1180:55: warning: unnecessary structure name repetition: help: use the applicable keyword: `Self`
crates/rs_cam_core/src/tool_load/verdict.rs:1183:13: warning: unnecessary structure name repetition: help: use the applicable keyword: `Self`
crates/rs_cam_core/src/tool_load/verdict.rs:1187:5: warning: this could be a `const fn`
crates/rs_cam_core/src/tool_load/verdict.rs:1189:13: warning: unnecessary structure name repetition: help: use the applicable keyword: `Self`
crates/rs_cam_core/src/tool_load/verdict.rs:1196:13: warning: unnecessary structure name repetition: help: use the applicable keyword: `Self`
crates/rs_cam_core/src/tool_load/verdict.rs:1204:13: warning: unnecessary structure name repetition: help: use the applicable keyword: `Self`
crates/rs_cam_core/src/tool_load/verdict.rs:1212:13: warning: unnecessary structure name repetition: help: use the applicable keyword: `Self`
crates/rs_cam_core/src/tool_load/verdict.rs:1268:5: warning: this could be a `const fn`
crates/rs_cam_core/src/tool_load/verdict.rs:1270:13: warning: unnecessary structure name repetition: help: use the applicable keyword: `Self`
crates/rs_cam_core/src/tool_load/verdict.rs:1271:13: warning: unnecessary structure name repetition: help: use the applicable keyword: `Self`
crates/rs_cam_core/src/tool_load/verdict.rs:1272:13: warning: unnecessary structure name repetition: help: use the applicable keyword: `Self`
crates/rs_cam_core/src/tool_load/verdict.rs:1276:5: warning: this could be a `const fn`
crates/rs_cam_core/src/tool_load/verdict.rs:1277:24: warning: unnecessary structure name repetition: help: use the applicable keyword: `Self`
crates/rs_cam_core/src/tool_load/verdict.rs:1280:5: warning: this could be a `const fn`
crates/rs_cam_core/src/tool_load/verdict.rs:1281:24: warning: unnecessary structure name repetition: help: use the applicable keyword: `Self`
crates/rs_cam_core/src/tool_load/verdict.rs:1284:5: warning: this could be a `const fn`
crates/rs_cam_core/src/tool_load/verdict.rs:1286:13: warning: unnecessary structure name repetition: help: use the applicable keyword: `Self`
crates/rs_cam_core/src/tool_load/verdict.rs:1287:15: warning: unnecessary structure name repetition: help: use the applicable keyword: `Self`
crates/rs_cam_core/src/tool_load/verdict.rs:1288:13: warning: unnecessary structure name repetition: help: use the applicable keyword: `Self`
crates/rs_cam_core/src/tool_load/verdict.rs:1292:5: warning: this could be a `const fn`
crates/rs_cam_core/src/tool_load/verdict.rs:1294:13: warning: unnecessary structure name repetition: help: use the applicable keyword: `Self`
crates/rs_cam_core/src/tool_load/verdict.rs:1301:13: warning: unnecessary structure name repetition: help: use the applicable keyword: `Self`
crates/rs_cam_core/src/tool_load/verdict.rs:1309:13: warning: unnecessary structure name repetition: help: use the applicable keyword: `Self`
crates/rs_cam_core/src/tool_load/verdict.rs:1317:13: warning: unnecessary structure name repetition: help: use the applicable keyword: `Self`
crates/rs_cam_core/src/tool_load/verdict.rs:1333:1: warning: first doc comment paragraph is too long
crates/rs_cam_core/src/tool_load/verdict.rs:1361:5: warning: this could be a `const fn`
crates/rs_cam_core/src/tool_load/verdict.rs:1373:5: warning: this could be a `const fn`
crates/rs_cam_core/src/tool_load/verdict.rs:1383:5: warning: this could be a `const fn`
crates/rs_cam_core/src/tool_load/verdict.rs:1392:5: warning: this could be a `const fn`
crates/rs_cam_core/src/tool_load/verdict.rs:1443:5: warning: this could be a `const fn`
crates/rs_cam_core/src/tool_load/mod.rs:160:5: warning: this could be a `const fn`
crates/rs_cam_core/src/tool_load/mod.rs:202:1: warning: first doc comment paragraph is too long
crates/rs_cam_core/src/tool_load/mod.rs:316:21: warning: called `map(<f>).unwrap_or(<a>)` on an `Option` value
crates/rs_cam_core/src/tool_load/mod.rs:358:1: warning: first doc comment paragraph is too long
crates/rs_cam_core/src/tool_load/mod.rs:428:1: warning: first doc comment paragraph is too long
crates/rs_cam_core/src/tool_load/mod.rs:445:1: warning: first doc comment paragraph is too long
crates/rs_cam_core/src/tool_shape_key.rs:46:1: warning: pub(crate) enum inside private module
crates/rs_cam_core/src/tool_shape_key.rs:55:5: warning: this could be a `const fn`
crates/rs_cam_core/src/tool_shape_key.rs:74:1: warning: pub(crate) struct inside private module
crates/rs_cam_core/src/toolpath.rs:10:1: warning: first doc comment paragraph is too long
crates/rs_cam_core/src/toolpath.rs:87:5: warning: this could be a `const fn`
crates/rs_cam_core/src/toolpath.rs:88:25: warning: unnecessary structure name repetition: help: use the applicable keyword: `Self`
crates/rs_cam_core/src/toolpath.rs:92:5: warning: this could be a `const fn`
crates/rs_cam_core/src/toolpath.rs:94:13: warning: these match arms have identical bodies
crates/rs_cam_core/src/toolpath.rs:94:13: warning: unnecessary structure name repetition: help: use the applicable keyword: `Self`
crates/rs_cam_core/src/toolpath.rs:95:13: warning: unnecessary structure name repetition: help: use the applicable keyword: `Self`
crates/rs_cam_core/src/toolpath.rs:96:13: warning: unnecessary structure name repetition: help: use the applicable keyword: `Self`
crates/rs_cam_core/src/toolpath.rs:97:13: warning: unnecessary structure name repetition: help: use the applicable keyword: `Self`
crates/rs_cam_core/src/toolpath.rs:108:5: warning: this could be a `const fn`
crates/rs_cam_core/src/toolpath.rs:108:5: warning: missing `#[must_use]` attribute on a method returning `Self`
crates/rs_cam_core/src/toolpath.rs:108:52: warning: unnecessary structure name repetition: help: use the applicable keyword: `Self`
crates/rs_cam_core/src/toolpath.rs:110:13: warning: unnecessary structure name repetition: help: use the applicable keyword: `Self`
crates/rs_cam_core/src/toolpath.rs:110:32: warning: unnecessary structure name repetition: help: use the applicable keyword: `Self`
crates/rs_cam_core/src/toolpath.rs:111:13: warning: unnecessary structure name repetition: help: use the applicable keyword: `Self`
crates/rs_cam_core/src/toolpath.rs:111:40: warning: unnecessary structure name repetition: help: use the applicable keyword: `Self`
crates/rs_cam_core/src/toolpath.rs:112:13: warning: unnecessary structure name repetition: help: use the applicable keyword: `Self`
crates/rs_cam_core/src/toolpath.rs:112:45: warning: unnecessary structure name repetition: help: use the applicable keyword: `Self`
crates/rs_cam_core/src/toolpath.rs:113:13: warning: unnecessary structure name repetition: help: use the applicable keyword: `Self`
crates/rs_cam_core/src/toolpath.rs:113:46: warning: unnecessary structure name repetition: help: use the applicable keyword: `Self`
crates/rs_cam_core/src/toolpath.rs:133:5: warning: this could be a `const fn`
crates/rs_cam_core/src/toolpath.rs:209:17: warning: wildcard matches only a single variant and will also match any future added variants: help: try: `MoveType::Rapid`
crates/rs_cam_core/src/toolpath.rs:359:17: warning: these match arms have identical bodies
crates/rs_cam_core/src/toolpath.rs:453:9: warning: multiply and add expressions may be calculated more efficiently and accurately: help: consider using: `dz.mul_add(dz, dx * dx + dy * dy)`
crates/rs_cam_core/src/toolpath.rs:453:10: warning: multiply and add expressions may be calculated more efficiently and accurately: help: consider using: `dy.mul_add(dy, dx * dx)`
crates/rs_cam_core/src/toolpath.rs:490:1: warning: first doc comment paragraph is too long
crates/rs_cam_core/src/toolpath.rs:522:23: warning: multiply and add expressions may be calculated more efficiently and accurately: help: consider using: `dz.mul_add(dz, dx * dx + dy * dy)`
crates/rs_cam_core/src/toolpath.rs:522:24: warning: multiply and add expressions may be calculated more efficiently and accurately: help: consider using: `dy.mul_add(dy, dx * dx)`
crates/rs_cam_core/src/toolpath.rs:548:25: warning: multiply and add expressions may be calculated more efficiently and accurately: help: consider using: `vz.mul_add(vz, vx * vx + vy * vy)`
crates/rs_cam_core/src/toolpath.rs:548:26: warning: multiply and add expressions may be calculated more efficiently and accurately: help: consider using: `vy.mul_add(vy, vx * vx)`
crates/rs_cam_core/src/toolpath.rs:574:22: warning: multiply and add expressions may be calculated more efficiently and accurately: help: consider using: `vz.mul_add(-dy, vy * dz)`
crates/rs_cam_core/src/toolpath.rs:575:22: warning: multiply and add expressions may be calculated more efficiently and accurately: help: consider using: `vx.mul_add(-dz, vz * dx)`
crates/rs_cam_core/src/toolpath.rs:576:22: warning: multiply and add expressions may be calculated more efficiently and accurately: help: consider using: `vy.mul_add(-dx, vx * dy)`
crates/rs_cam_core/src/toolpath.rs:577:24: warning: multiply and add expressions may be calculated more efficiently and accurately: help: consider using: `cz.mul_add(cz, cx * cx + cy * cy)`
crates/rs_cam_core/src/toolpath.rs:577:25: warning: multiply and add expressions may be calculated more efficiently and accurately: help: consider using: `cy.mul_add(cy, cx * cx)`
crates/rs_cam_core/src/toolpath.rs:622:5: warning: adding items after statements is confusing, since items exist from the start of the scope
crates/rs_cam_core/src/toolpath.rs:794:5: warning: adding items after statements is confusing, since items exist from the start of the scope
crates/rs_cam_core/src/toolpath.rs:795:5: warning: adding items after statements is confusing, since items exist from the start of the scope
crates/rs_cam_core/src/toolpath_spans.rs:66:5: warning: missing `#[must_use]` attribute on a method returning `Self`
crates/rs_cam_core/src/toolpath_spans.rs:71:5: warning: this could be a `const fn`
crates/rs_cam_core/src/toolpath_spans.rs:71:5: warning: missing `#[must_use]` attribute on a method returning `Self`
crates/rs_cam_core/src/toolpath_spans.rs:81:5: warning: this could be a `const fn`
crates/rs_cam_core/src/toolpath_spans.rs:104:5: warning: this could be a `const fn`
crates/rs_cam_core/src/toolpath_spans.rs:139:5: warning: missing `#[must_use]` attribute on a method returning `Self`
crates/rs_cam_core/src/toolpath_spans.rs:139:47: warning: unnecessary structure name repetition: help: use the applicable keyword: `Self`
crates/rs_cam_core/src/toolpath_spans.rs:143:9: warning: unnecessary structure name repetition: help: use the applicable keyword: `Self`
crates/rs_cam_core/src/toolpath_spans.rs:499:5: warning: this could be a `const fn`
crates/rs_cam_core/src/toolpath_spans.rs:510:5: warning: this could be a `const fn`
crates/rs_cam_core/src/toolpath_spans.rs:546:5: warning: missing `#[must_use]` attribute on a method returning `Self`
crates/rs_cam_core/src/toolpath_spans.rs:573:23: warning: casting `f64` to `f32` may truncate the value
crates/rs_cam_core/src/toolpath_spans.rs:636:33: warning: casting `usize` to `u32` may truncate the value on targets with 64-bit wide pointers
crates/rs_cam_core/src/toolpath_spans.rs:811:29: warning: casting `usize` to `u32` may truncate the value on targets with 64-bit wide pointers
crates/rs_cam_core/src/toolpath_spans.rs:971:9: warning: called `map(<f>).unwrap_or(<a>)` on an `Option` value
crates/rs_cam_core/src/toolpath_spans.rs:1323:10: warning: unnecessary struct building: help: replace with: `range`
crates/rs_cam_core/src/toolpath_spans.rs:1330:1: warning: first doc comment paragraph is too long
crates/rs_cam_core/src/trace.rs:54:1: warning: first doc comment paragraph is too long
crates/rs_cam_core/src/transform_provenance.rs:360:5: warning: this could be a `const fn`
crates/rs_cam_core/src/transform_provenance.rs:402:5: warning: this could be a `const fn`
crates/rs_cam_core/src/transform_provenance.rs:408:5: warning: this could be a `const fn`
crates/rs_cam_core/src/transform_provenance.rs:457:5: warning: this could be a `const fn`
crates/rs_cam_core/src/transform_provenance.rs:501:5: warning: this could be a `const fn`
crates/rs_cam_core/src/transform_provenance.rs:574:5: warning: this could be a `const fn`
crates/rs_cam_core/src/tsp.rs:40:5: warning: hypotenuse can be computed more accurately: help: consider using: `dx.hypot(dy)`
crates/rs_cam_core/src/tsp.rs:123:16: warning: use Option::map_or instead of an if let/else: help: try: `internal_link_ceiling_z.map_or(true, |ceiling| m.target.z >= ceiling - CEILING_EPS)`
crates/rs_cam_core/src/tsp.rs:394:5: warning: adding items after statements is confusing, since items exist from the start of the scope
crates/rs_cam_core/src/tsp.rs:503:9: warning: all if blocks contain the same code at the end
crates/rs_cam_core/src/tsp.rs:539:28: warning: unnecessary struct building: help: replace with: `group`
crates/rs_cam_core/src/unified_finish.rs:126:1: warning: first doc comment paragraph is too long
crates/rs_cam_core/src/unified_finish.rs:553:1: warning: first doc comment paragraph is too long
crates/rs_cam_core/src/unified_finish.rs:686:1: warning: first doc comment paragraph is too long
crates/rs_cam_core/src/unified_finish.rs:719:5: warning: this could be a `const fn`
crates/rs_cam_core/src/unified_finish.rs:731:5: warning: this could be a `const fn`
crates/rs_cam_core/src/unified_finish.rs:741:5: warning: this could be a `const fn`
crates/rs_cam_core/src/unified_finish.rs:751:5: warning: this could be a `const fn`
crates/rs_cam_core/src/unified_finish.rs:813:1: warning: first doc comment paragraph is too long
crates/rs_cam_core/src/unified_finish.rs:861:24: warning: casting `usize` to `u32` may truncate the value on targets with 64-bit wide pointers
crates/rs_cam_core/src/unified_finish.rs:1291:33: warning: casting `usize` to `f64` may cause a loss of precision (`usize` can be up to 64 bits wide depending on the target architecture, but `f64`'s mantissa is only 52 bits wide)
crates/rs_cam_core/src/unified_finish.rs:1291:61: warning: casting `usize` to `f64` may cause a loss of precision (`usize` can be up to 64 bits wide depending on the target architecture, but `f64`'s mantissa is only 52 bits wide)
crates/rs_cam_core/src/unified_finish.rs:1310:5: warning: this could be a `const fn`
crates/rs_cam_core/src/unified_finish.rs:1325:1: warning: first doc comment paragraph is too long
crates/rs_cam_core/src/unified_finish.rs:1444:1: warning: first doc comment paragraph is too long
crates/rs_cam_core/src/unified_finish.rs:1510:1: warning: this function has too many lines (707/100)
crates/rs_cam_core/src/unified_finish.rs:1592:5: warning: `if _ { .. } else { .. }` is an expression: help: it is more idiomatic to write: `let <mut> claims_rest_regions = if let Some(cfg) = claims { ..; Some(std::sync::Arc::new(rf.region_polygons)) } else { None };`
crates/rs_cam_core/src/unified_finish.rs:1907:5: warning: `if _ { .. } else { .. }` is an expression: help: it is more idiomatic to write: `let <mut> crease_tp = if !claims_paths.is_empty() { ..; tp } else { Toolpath::new() };`
crates/rs_cam_core/src/unified_finish.rs:1573:21: warning: multiply and add expressions may be calculated more efficiently and accurately: help: consider using: `(col as f64).mul_add(cell, origin_x)`
crates/rs_cam_core/src/unified_finish.rs:1573:32: warning: casting `usize` to `f64` may cause a loss of precision (`usize` can be up to 64 bits wide depending on the target architecture, but `f64`'s mantissa is only 52 bits wide)
crates/rs_cam_core/src/unified_finish.rs:1574:21: warning: multiply and add expressions may be calculated more efficiently and accurately: help: consider using: `(row as f64).mul_add(cell, origin_y)`
crates/rs_cam_core/src/unified_finish.rs:1574:32: warning: casting `usize` to `f64` may cause a loss of precision (`usize` can be up to 64 bits wide depending on the target architecture, but `f64`'s mantissa is only 52 bits wide)
crates/rs_cam_core/src/unified_finish.rs:1656:47: warning: you seem to be trying to use `match` for destructuring a single pattern. Consider using `if let`
crates/rs_cam_core/src/unified_finish.rs:1656:47: warning: use Option::map_or_else instead of an if let/else
crates/rs_cam_core/src/unified_finish.rs:1831:25: warning: multiply and add expressions may be calculated more efficiently and accurately: help: consider using: `(col as f64).mul_add(cell, origin_x)`
crates/rs_cam_core/src/unified_finish.rs:1831:36: warning: casting `usize` to `f64` may cause a loss of precision (`usize` can be up to 64 bits wide depending on the target architecture, but `f64`'s mantissa is only 52 bits wide)
crates/rs_cam_core/src/unified_finish.rs:1832:25: warning: multiply and add expressions may be calculated more efficiently and accurately: help: consider using: `(row as f64).mul_add(cell, origin_y)`
crates/rs_cam_core/src/unified_finish.rs:1832:36: warning: casting `usize` to `f64` may cause a loss of precision (`usize` can be up to 64 bits wide depending on the target architecture, but `f64`'s mantissa is only 52 bits wide)
crates/rs_cam_core/src/unified_finish.rs:1836:54: warning: casting `usize` to `f64` may cause a loss of precision (`usize` can be up to 64 bits wide depending on the target architecture, but `f64`'s mantissa is only 52 bits wide)
crates/rs_cam_core/src/unified_finish.rs:1836:78: warning: casting `usize` to `f64` may cause a loss of precision (`usize` can be up to 64 bits wide depending on the target architecture, but `f64`'s mantissa is only 52 bits wide)
crates/rs_cam_core/src/unified_finish.rs:1852:35: warning: casting `usize` to `f64` may cause a loss of precision (`usize` can be up to 64 bits wide depending on the target architecture, but `f64`'s mantissa is only 52 bits wide)
crates/rs_cam_core/src/unified_finish.rs:1860:44: warning: casting `usize` to `f64` may cause a loss of precision (`usize` can be up to 64 bits wide depending on the target architecture, but `f64`'s mantissa is only 52 bits wide)
crates/rs_cam_core/src/unified_finish.rs:2475:30: warning: you seem to be trying to use `match` for destructuring a single pattern. Consider using `if let`
crates/rs_cam_core/src/unified_finish.rs:2628:18: warning: redundant closure: help: replace the closure with the method itself: `super::polygon::Polygon2::area`
crates/rs_cam_core/src/unified_finish.rs:2862:17: warning: multiply and add expressions may be calculated more efficiently and accurately: help: consider using: `(col as f64).mul_add(cell, origin_x)`
crates/rs_cam_core/src/unified_finish.rs:2862:28: warning: casting `usize` to `f64` may cause a loss of precision (`usize` can be up to 64 bits wide depending on the target architecture, but `f64`'s mantissa is only 52 bits wide)
crates/rs_cam_core/src/unified_finish.rs:2863:17: warning: multiply and add expressions may be calculated more efficiently and accurately: help: consider using: `(row as f64).mul_add(cell, origin_y)`
crates/rs_cam_core/src/unified_finish.rs:2863:28: warning: casting `usize` to `f64` may cause a loss of precision (`usize` can be up to 64 bits wide depending on the target architecture, but `f64`'s mantissa is only 52 bits wide)
crates/rs_cam_core/src/unified_finish.rs:2918:1: warning: this could be a `const fn`
crates/rs_cam_core/src/unified_finish.rs:3167:17: warning: multiply and add expressions may be calculated more efficiently and accurately: help: consider using: `(col as f64).mul_add(cell, origin_x)`
crates/rs_cam_core/src/unified_finish.rs:3167:28: warning: casting `usize` to `f64` may cause a loss of precision (`usize` can be up to 64 bits wide depending on the target architecture, but `f64`'s mantissa is only 52 bits wide)
crates/rs_cam_core/src/unified_finish.rs:3168:17: warning: multiply and add expressions may be calculated more efficiently and accurately: help: consider using: `(row as f64).mul_add(cell, origin_y)`
crates/rs_cam_core/src/unified_finish.rs:3168:28: warning: casting `usize` to `f64` may cause a loss of precision (`usize` can be up to 64 bits wide depending on the target architecture, but `f64`'s mantissa is only 52 bits wide)
crates/rs_cam_core/src/unified_finish.rs:3222:23: warning: multiply and add expressions can be calculated more efficiently and accurately: help: consider using: `(mv.target.x - p.x).mul_add(mv.target.x - p.x, (mv.target.y - p.y).powi(2))`
crates/rs_cam_core/src/unified_finish.rs:3222:23: warning: multiply and add expressions can be calculated more efficiently and accurately: help: consider using: `(mv.target.y - p.y).mul_add(mv.target.y - p.y, (mv.target.x - p.x).powi(2))`
crates/rs_cam_core/src/unified_finish.rs:3222:22: warning: multiply and add expressions can be calculated more efficiently and accurately: help: consider using: `(mv.target.z - p.z).mul_add(mv.target.z - p.z, (mv.target.x - p.x).powi(2) + (mv.target.y - p.y).powi(2))`
crates/rs_cam_core/src/vcarve.rs:73:15: warning: hypotenuse can be computed more accurately: help: consider using: `dx.hypot(dy)`
crates/rs_cam_core/src/vcarve.rs:78:21: warning: casting `f64` to `usize` may truncate the value
crates/rs_cam_core/src/vcarve.rs:78:21: warning: casting `f64` to `usize` may lose the sign of the value
crates/rs_cam_core/src/vcarve.rs:82:17: warning: casting `usize` to `f64` may cause a loss of precision (`usize` can be up to 64 bits wide depending on the target architecture, but `f64`'s mantissa is only 52 bits wide)
crates/rs_cam_core/src/vcarve.rs:82:28: warning: casting `usize` to `f64` may cause a loss of precision (`usize` can be up to 64 bits wide depending on the target architecture, but `f64`'s mantissa is only 52 bits wide)
crates/rs_cam_core/src/vcarve.rs:143:1: warning: first doc comment paragraph is too long
crates/rs_cam_core/src/viz.rs:47:13: warning: casting `f64` to `f32` may truncate the value
crates/rs_cam_core/src/viz.rs:80:29: warning: variables can be used directly in the `format!` string
crates/rs_cam_core/src/viz.rs:203:13: warning: variables can be used directly in the `format!` string
crates/rs_cam_core/src/viz.rs:306:18: warning: multiply and add expressions may be calculated more efficiently and accurately: help: consider using: `2.0f64.mul_add(-margin, width)`
crates/rs_cam_core/src/viz.rs:306:55: warning: multiply and add expressions may be calculated more efficiently and accurately: help: consider using: `2.0f64.mul_add(-margin, height)`
crates/rs_cam_core/src/viz.rs:326:18: warning: multiply and add expressions may be calculated more efficiently and accurately: help: consider using: `(from.x - bbox.min.x).mul_add(scale, margin)`
crates/rs_cam_core/src/viz.rs:327:18: warning: multiply and add expressions may be calculated more efficiently and accurately: help: consider using: `(from.y - bbox.min.y).mul_add(-scale, height - margin)`
crates/rs_cam_core/src/viz.rs:328:18: warning: multiply and add expressions may be calculated more efficiently and accurately: help: consider using: `(to.x - bbox.min.x).mul_add(scale, margin)`
crates/rs_cam_core/src/viz.rs:329:18: warning: multiply and add expressions may be calculated more efficiently and accurately: help: consider using: `(to.y - bbox.min.y).mul_add(-scale, height - margin)`
crates/rs_cam_core/src/viz.rs:341:25: warning: casting `f64` to `u8` may truncate the value
crates/rs_cam_core/src/viz.rs:341:25: warning: casting `f64` to `u8` may lose the sign of the value
crates/rs_cam_core/src/viz.rs:342:25: warning: casting `f64` to `u8` may truncate the value
crates/rs_cam_core/src/viz.rs:342:25: warning: casting `f64` to `u8` may lose the sign of the value
crates/rs_cam_core/src/viz.rs:343:25: warning: casting `f64` to `u8` may truncate the value
crates/rs_cam_core/src/viz.rs:343:25: warning: casting `f64` to `u8` may lose the sign of the value
crates/rs_cam_core/src/viz.rs:487:1: warning: this function has too many lines (170/100)
crates/rs_cam_core/src/viz.rs:495:60: warning: you seem to be trying to use `match` for destructuring a single pattern. Consider using `if let`
crates/rs_cam_core/src/viz.rs:495:60: warning: use Option::map_or_else instead of an if let/else
crates/rs_cam_core/src/viz.rs:510:14: warning: manual implementation of `midpoint` which can overflow: help: use `f64::midpoint` instead: `f64::midpoint(sx_min, sx_max)`
crates/rs_cam_core/src/viz.rs:511:14: warning: manual implementation of `midpoint` which can overflow: help: use `f64::midpoint` instead: `f64::midpoint(sy_min, sy_max)`
crates/rs_cam_core/src/viz.rs:512:14: warning: manual implementation of `midpoint` which can overflow: help: use `f64::midpoint` instead: `f64::midpoint(sz_min, sz_max)`
crates/rs_cam_core/src/viz.rs:542:27: warning: hypotenuse can be computed more accurately: help: consider using: `vdx.hypot(vdy)`
crates/rs_cam_core/src/viz.rs:559:33: warning: casting `f64` to `f32` may truncate the value
crates/rs_cam_core/src/viz.rs:563:33: warning: variables can be used directly in the `format!` string
crates/rs_cam_core/src/viz.rs:612:13: warning: variables can be used directly in the `format!` string
crates/rs_cam_core/src/viz.rs:694:1: warning: this function has too many lines (540/100)
crates/rs_cam_core/src/viz.rs:721:17: warning: variables can be used directly in the `format!` string
crates/rs_cam_core/src/viz.rs:737:13: warning: wildcard matches only a single variant and will also match any future added variants: help: try: `MoveType::Rapid`
crates/rs_cam_core/src/viz.rs:761:29: warning: casting `f64` to `f32` may truncate the value
crates/rs_cam_core/src/viz.rs:765:29: warning: variables can be used directly in the `format!` string
crates/rs_cam_core/src/viz.rs:789:18: warning: casts from `i32` to `f64` can be expressed infallibly using `From`
crates/rs_cam_core/src/viz.rs:789:29: warning: casts from `i32` to `f64` can be expressed infallibly using `From`
crates/rs_cam_core/src/viz.rs:791:17: warning: variables can be used directly in the `format!` string
crates/rs_cam_core/src/viz.rs:850:18: warning: casts from `i32` to `f64` can be expressed infallibly using `From`
crates/rs_cam_core/src/viz.rs:850:29: warning: casts from `i32` to `f64` can be expressed infallibly using `From`
crates/rs_cam_core/src/viz.rs:852:21: warning: variables can be used directly in the `format!` string
crates/rs_cam_core/src/viz.rs:857:13: warning: variables can be used directly in the `format!` string
crates/rs_cam_core/src/viz.rs:862:13: warning: variables can be used directly in the `format!` string
crates/rs_cam_core/src/viz.rs:1351:1: warning: this function has too many lines (514/100)
crates/rs_cam_core/src/viz.rs:1376:17: warning: variables can be used directly in the `format!` string
crates/rs_cam_core/src/viz.rs:1393:17: warning: wildcard matches only a single variant and will also match any future added variants: help: try: `MoveType::Rapid`
crates/rs_cam_core/src/viz.rs:1419:33: warning: casting `f64` to `f32` may truncate the value
crates/rs_cam_core/src/viz.rs:1423:33: warning: variables can be used directly in the `format!` string
crates/rs_cam_core/src/viz.rs:1452:17: warning: variables can be used directly in the `format!` string
crates/rs_cam_core/src/viz.rs:1456:25: warning: casts from `i32` to `f64` can be expressed infallibly using `From`
crates/rs_cam_core/src/viz.rs:1456:36: warning: casts from `i32` to `f64` can be expressed infallibly using `From`
crates/rs_cam_core/src/viz.rs:1458:21: warning: variables can be used directly in the `format!` string
crates/rs_cam_core/src/viz.rs:1468:25: warning: casts from `i32` to `f64` can be expressed infallibly using `From`
crates/rs_cam_core/src/viz.rs:1468:36: warning: casts from `i32` to `f64` can be expressed infallibly using `From`
crates/rs_cam_core/src/viz.rs:1470:25: warning: variables can be used directly in the `format!` string
crates/rs_cam_core/src/viz.rs:1474:17: warning: variables can be used directly in the `format!` string
crates/rs_cam_core/src/viz.rs:1475:17: warning: variables can be used directly in the `format!` string
crates/rs_cam_core/src/viz.rs:1958:17: warning: variables can be used directly in the `format!` string
crates/rs_cam_core/src/waterline.rs:162:1: warning: first doc comment paragraph is too long
crates/rs_cam_core/src/waterline.rs:287:14: warning: casting `f64` to `usize` may truncate the value
crates/rs_cam_core/src/waterline.rs:287:14: warning: casting `f64` to `usize` may lose the sign of the value
crates/rs_cam_core/src/waterline.rs:290:21: warning: multiply and add expressions may be calculated more efficiently and accurately: help: consider using: `(i as f64).mul_add(sampling, y_min)`
crates/rs_cam_core/src/waterline.rs:290:29: warning: casting `usize` to `f64` may cause a loss of precision (`usize` can be up to 64 bits wide depending on the target architecture, but `f64`'s mantissa is only 52 bits wide)
crates/rs_cam_core/src/waterline.rs:295:14: warning: casting `f64` to `usize` may truncate the value
crates/rs_cam_core/src/waterline.rs:295:14: warning: casting `f64` to `usize` may lose the sign of the value
crates/rs_cam_core/src/waterline.rs:298:21: warning: multiply and add expressions may be calculated more efficiently and accurately: help: consider using: `(i as f64).mul_add(sampling, x_min)`
crates/rs_cam_core/src/waterline.rs:298:29: warning: casting `usize` to `f64` may cause a loss of precision (`usize` can be up to 64 bits wide depending on the target architecture, but `f64`'s mantissa is only 52 bits wide)
crates/rs_cam_core/src/zigzag.rs:132:21: warning: multiply and add expressions may be calculated more efficiently and accurately: help: consider using: `p.y.mul_add(perp_y, p.x * perp_x)`
crates/rs_cam_core/src/zigzag.rs:144:19: warning: casting `f64` to `usize` may truncate the value
crates/rs_cam_core/src/zigzag.rs:144:19: warning: casting `f64` to `usize` may lose the sign of the value
crates/rs_cam_core/src/zigzag.rs:147:24: warning: multiply and add expressions may be calculated more efficiently and accurately: help: consider using: `(i as f64).mul_add(stepover, perp_min)`
crates/rs_cam_core/src/zigzag.rs:147:35: warning: casting `usize` to `f64` may cause a loss of precision (`usize` can be up to 64 bits wide depending on the target architecture, but `f64`'s mantissa is only 52 bits wide)
crates/rs_cam_core/src/zigzag.rs:163:27: warning: multiply and add expressions may be calculated more efficiently and accurately: help: consider using: `t_enter.mul_add(cos_a, perp_pos * perp_x)`
crates/rs_cam_core/src/zigzag.rs:164:27: warning: multiply and add expressions may be calculated more efficiently and accurately: help: consider using: `t_enter.mul_add(sin_a, perp_pos * perp_y)`
crates/rs_cam_core/src/zigzag.rs:165:26: warning: multiply and add expressions may be calculated more efficiently and accurately: help: consider using: `t_exit.mul_add(cos_a, perp_pos * perp_x)`
crates/rs_cam_core/src/zigzag.rs:166:26: warning: multiply and add expressions may be calculated more efficiently and accurately: help: consider using: `t_exit.mul_add(sin_a, perp_pos * perp_y)`
crates/rs_cam_core/src/zigzag.rs:197:18: warning: multiply and add expressions may be calculated more efficiently and accurately: help: consider using: `a.y.mul_add(perp_y, a.x * perp_x)`
crates/rs_cam_core/src/zigzag.rs:198:18: warning: multiply and add expressions may be calculated more efficiently and accurately: help: consider using: `b.y.mul_add(perp_y, b.x * perp_x)`
crates/rs_cam_core/src/zigzag.rs:212:18: warning: multiply and add expressions may be calculated more efficiently and accurately: help: consider using: `s.mul_add(b.x - a.x, a.x)`
crates/rs_cam_core/src/zigzag.rs:213:18: warning: multiply and add expressions may be calculated more efficiently and accurately: help: consider using: `s.mul_add(b.y - a.y, a.y)`
crates/rs_cam_core/src/zigzag.rs:216:17: warning: multiply and add expressions may be calculated more efficiently and accurately: help: consider using: `iy.mul_add(sin_a, ix * cos_a)`
crates/rs_cam_core/src/zigzag.rs:223:1: warning: first doc comment paragraph is too long
warning: `rs_cam_core` (lib) generated 5121 warnings (3 duplicates) (run `cargo clippy --fix --lib -p rs_cam_core -- -W clippy::pedantic -W clippy::nursery -A clippy::missing_errors_doc -A clippy::missing_panics_doc -A clippy::must_use_candidate -A clippy::doc_markdown -A clippy::module_name_repetitions` to apply 2857 suggestions)
    Checking rs_cam_mcp v0.1.0 (/home/ricky/personal_repos/rs_cam/crates/rs_cam_mcp)
    Checking rs_cam_cli v0.1.0 (/home/ricky/personal_repos/rs_cam/crates/rs_cam_cli)
crates/rs_cam_cli/src/nc_replay.rs:82:13: warning: 5 bindings with single-character names in scope
crates/rs_cam_cli/src/sweep.rs:51:9: warning: binding's name is too similar to existing binding
crates/rs_cam_cli/src/sweep.rs:97:13: warning: binding's name is too similar to existing binding
crates/rs_cam_cli/src/job.rs:83:5: warning: this could be a `const fn`
crates/rs_cam_cli/src/job.rs:143:1: warning: this could be a `const fn`
crates/rs_cam_cli/src/job.rs:146:1: warning: this could be a `const fn`
crates/rs_cam_cli/src/job.rs:149:1: warning: this could be a `const fn`
crates/rs_cam_mcp/src/response.rs:154:5: warning: this could be a `const fn`
crates/rs_cam_mcp/src/response.rs:182:5: warning: this could be a `const fn`
crates/rs_cam_mcp/src/response.rs:202:5: warning: this could be a `const fn`
crates/rs_cam_mcp/src/response.rs:207:5: warning: this could be a `const fn`
crates/rs_cam_mcp/src/response.rs:212:5: warning: this could be a `const fn`
crates/rs_cam_mcp/src/response.rs:228:5: warning: this could be a `const fn`
crates/rs_cam_mcp/src/response.rs:234:5: warning: this could be a `const fn`
crates/rs_cam_mcp/src/response.rs:272:5: warning: this could be a `const fn`
crates/rs_cam_mcp/src/response.rs:296:5: warning: this could be a `const fn`
crates/rs_cam_mcp/src/response.rs:306:5: warning: this could be a `const fn`
crates/rs_cam_mcp/src/response.rs:312:5: warning: this could be a `const fn`
crates/rs_cam_mcp/src/response.rs:326:5: warning: this could be a `const fn`
crates/rs_cam_mcp/src/response.rs:426:5: warning: this could be a `const fn`
crates/rs_cam_mcp/src/response.rs:430:5: warning: this could be a `const fn`
crates/rs_cam_cli/src/job.rs:527:5: warning: assigning the result of `ToOwned::to_owned()` may be inefficient: help: use `clone_into()`: `name.clone_into(&mut tc.name)`
crates/rs_cam_mcp/src/server.rs:165:1: warning: more than 3 bools in a struct
crates/rs_cam_cli/src/job.rs:560:1: warning: this function has too many lines (193/100)
crates/rs_cam_cli/src/job.rs:572:22: warning: called `map(<f>).unwrap_or_else(<g>)` on an `Option` value
crates/rs_cam_cli/src/job.rs:732:5: warning: assigning the result of `Clone::clone()` may be inefficient: help: use `clone_from()`: `post.format.clone_from(&job.job.post)`
crates/rs_cam_cli/src/job.rs:786:1: warning: this function has too many lines (134/100)
crates/rs_cam_cli/src/nc_replay.rs:30:24: warning: called `map(<f>).unwrap_or_else(<g>)` on an `Option` value
crates/rs_cam_cli/src/nc_replay.rs:42:5: warning: variables can be used directly in the `format!` string
crates/rs_cam_cli/src/nc_replay.rs:56:23: warning: called `map(<f>).unwrap_or(<a>)` on a `Result` value
crates/rs_cam_cli/src/nc_replay.rs:57:20: warning: casting `f64` to `u32` may truncate the value
crates/rs_cam_cli/src/nc_replay.rs:57:20: warning: casting `f64` to `u32` may lose the sign of the value
crates/rs_cam_cli/src/nc_replay.rs:58:20: warning: casting `f64` to `u32` may truncate the value
crates/rs_cam_cli/src/nc_replay.rs:58:20: warning: casting `f64` to `u32` may lose the sign of the value
crates/rs_cam_cli/src/nc_replay.rs:117:29: warning: casting `f64` to `i32` may truncate the value
crates/rs_cam_cli/src/nc_replay.rs:151:53: warning: boolean to int conversion using if: help: replace with from: `u8::from(!mode_rapid)`
crates/rs_cam_cli/src/project.rs:218:1: warning: this function has too many lines (339/100)
crates/rs_cam_cli/src/project.rs:218:1: warning: more than 3 bools in function parameters
crates/rs_cam_cli/src/project.rs:394:21: warning: called `map(<f>).unwrap_or(<a>)` on an `Option` value
crates/rs_cam_cli/src/project.rs:438:31: warning: called `map(<f>).unwrap_or(<a>)` on an `Option` value
crates/rs_cam_cli/src/project.rs:524:37: warning: called `map(<f>).unwrap_or(<a>)` on an `Option` value
crates/rs_cam_cli/src/project.rs:564:94: warning: unnecessary trailing comma: help: remove the trailing comma
crates/rs_cam_cli/src/project.rs:570:9: warning: variables can be used directly in the `format!` string
crates/rs_cam_cli/src/project.rs:782:39: warning: casting `f64` to `u32` may truncate the value
crates/rs_cam_cli/src/project.rs:782:39: warning: casting `f64` to `u32` may lose the sign of the value
crates/rs_cam_cli/src/project.rs:831:5: warning: use Option::map_or_else instead of an if let/else: help: try: `v.map_or_else(|| "-".to_owned(), |x| format!("{:.*}", p, x))`
crates/rs_cam_cli/src/project.rs:832:20: warning: variables can be used directly in the `format!` string
crates/rs_cam_cli/src/project.rs:838:5: warning: use Option::map_or_else instead of an if let/else: help: try: `v.map_or_else(|| "-".to_owned(), |x| x.to_string())`
crates/rs_cam_cli/src/project.rs:872:5: warning: `if _ { .. } else { .. }` is an expression
crates/rs_cam_cli/src/project.rs:878:5: warning: `if _ { .. } else { .. }` is an expression: help: it is more idiomatic to write: `let <mut> utilization = if util.is_measured() { util.utilization } else { None };`
crates/rs_cam_cli/src/project.rs:864:13: warning: `format!(..)` appended to existing `String`
crates/rs_cam_cli/src/project.rs:886:20: warning: use Option::map_or_else instead of an if let/else: help: try: `utilization.map_or_else(|| "kinematics: utilization not measured".to_owned(), |u| format!("kinematics: {:.0}% of commanded", u * 100.0))`
crates/rs_cam_cli/src/project.rs:901:9: warning: `format!(..)` appended to existing `String`
crates/rs_cam_cli/src/project.rs:906:5: warning: `format!(..)` appended to existing `String`
crates/rs_cam_cli/src/run.rs:48:1: warning: this function has too many lines (147/100)
crates/rs_cam_cli/src/run.rs:83:22: warning: called `map(<f>).unwrap_or_else(<g>)` on an `Option` value
crates/rs_cam_cli/src/run.rs:171:5: warning: assigning the result of `Clone::clone()` may be inefficient: help: use `clone_from()`: `post.format.clone_from(&args.post)`
crates/rs_cam_cli/src/smoke.rs:480:1: warning: this function has too many lines (128/100)
crates/rs_cam_cli/src/smoke.rs:543:20: warning: called `map(<f>).unwrap_or(<a>)` on an `Option` value
crates/rs_cam_cli/src/smoke.rs:637:1: warning: this function has too many lines (192/100)
crates/rs_cam_mcp/src/server.rs:857:1: warning: first doc comment paragraph is too long
crates/rs_cam_cli/src/smoke.rs:754:17: warning: assigning the result of `ToOwned::to_owned()` may be inefficient: help: use `clone_into()`: `op_type.kind_str().clone_into(&mut row.op_kind)`
crates/rs_cam_cli/src/smoke.rs:841:22: warning: called `map(<f>).unwrap_or(<a>)` on an `Option` value
crates/rs_cam_cli/src/smoke.rs:872:33: warning: called `map(<f>).unwrap_or(<a>)` on an `Option` value
crates/rs_cam_cli/src/smoke.rs:894:28: warning: casting `usize` to `u32` may truncate the value on targets with 64-bit wide pointers
crates/rs_cam_cli/src/smoke.rs:928:13: warning: variables can be used directly in the `format!` string
crates/rs_cam_cli/src/smoke.rs:936:35: warning: variables can be used directly in the `format!` string
crates/rs_cam_cli/src/smoke.rs:939:36: warning: variables can be used directly in the `format!` string
crates/rs_cam_cli/src/smoke.rs:942:13: warning: variables can be used directly in the `format!` string
crates/rs_cam_cli/src/smoke.rs:950:35: warning: variables can be used directly in the `format!` string
crates/rs_cam_cli/src/smoke.rs:953:36: warning: variables can be used directly in the `format!` string
crates/rs_cam_cli/src/smoke.rs:956:13: warning: variables can be used directly in the `format!` string
crates/rs_cam_cli/src/smoke.rs:1000:1: warning: this could be a `const fn`
crates/rs_cam_cli/src/smoke.rs:1000:19: warning: this argument (1 byte) is passed by reference, but would be more efficient if passed by value (limit: 8 byte): help: consider passing by value instead: `ChipSide`
crates/rs_cam_cli/src/sweep.rs:23:1: warning: this function has too many lines (105/100)
crates/rs_cam_cli/src/sweep.rs:30:37: warning: function call inside of `unwrap_or`: help: try: `unwrap_or_else(|| Path::new("."))`
crates/rs_cam_cli/src/sweep.rs:222:1: warning: this function's return value is unnecessarily wrapped by `Result`
crates/rs_cam_cli/src/sweep.rs:246:17: warning: this `continue` expression is redundant
crates/rs_cam_cli/src/sweep.rs:269:5: warning: use Option::map_or_else instead of an if let/else
crates/rs_cam_cli/src/sweep.rs:314:1: warning: this function's return value is unnecessarily wrapped by `Result`
crates/rs_cam_mcp/src/server.rs:1158:17: warning: redundant closure: help: replace the closure with the method itself: `char::is_ascii_alphanumeric`
crates/rs_cam_mcp/src/server.rs:1265:5: warning: assigning the result of `Clone::clone()` may be inefficient: help: use `clone_from()`: `config.name.clone_from(&spec.name)`
crates/rs_cam_cli/src/main.rs:317:21: warning: called `map(<f>).unwrap_or(<a>)` on an `Option` value
crates/rs_cam_cli/src/main.rs:319:18: warning: redundant closure: help: replace the closure with the method itself: `std::string::String::as_str`
crates/rs_cam_cli/src/main.rs:327:9: warning: variables can be used directly in the `format!` string
crates/rs_cam_cli/src/main.rs:364:28: warning: variables can be used directly in the `format!` string
crates/rs_cam_cli/src/main.rs:367:28: warning: variables can be used directly in the `format!` string
crates/rs_cam_cli/src/main.rs:422:1: warning: this function has too many lines (490/100)
crates/rs_cam_cli/src/main.rs:455:45: warning: function call inside of `unwrap_or`: help: try: `unwrap_or_else(|| Path::new("."))`
crates/rs_cam_cli/src/main.rs:495:29: warning: variables can be used directly in the `format!` string
crates/rs_cam_cli/src/main.rs:529:13: warning: unnecessary boolean `not` operation
crates/rs_cam_cli/src/main.rs:556:40: warning: called `map(<f>).unwrap_or_else(<g>)` on an `Option` value
crates/rs_cam_cli/src/main.rs:716:21: warning: adding items after statements is confusing, since items exist from the start of the scope
crates/rs_cam_cli/src/main.rs:793:29: warning: variables can be used directly in the `format!` string
warning: `rs_cam_mcp` (lib) generated 18 warnings (run `cargo clippy --fix --lib -p rs_cam_mcp -- -W clippy::pedantic -W clippy::nursery -A clippy::missing_errors_doc -A clippy::missing_panics_doc -A clippy::must_use_candidate -A clippy::doc_markdown -A clippy::module_name_repetitions` to apply 16 suggestions)
    Checking rs_cam_viz v0.1.0 (/home/ricky/personal_repos/rs_cam/crates/rs_cam_viz)
warning: `rs_cam_cli` (bin "rs_cam_cli") generated 76 warnings (run `cargo clippy --fix --bin "rs_cam_cli" -p rs_cam_cli -- -W clippy::pedantic -W clippy::nursery -A clippy::missing_errors_doc -A clippy::missing_panics_doc -A clippy::must_use_candidate -A clippy::doc_markdown -A clippy::module_name_repetitions` to apply 36 suggestions)
crates/rs_cam_viz/src/app/mcp/commands.rs:2651:17: warning: binding's name is too similar to existing binding
crates/rs_cam_viz/src/app/mcp.rs:763:21: warning: binding's name is too similar to existing binding
crates/rs_cam_viz/src/app/mcp.rs:2434:13: warning: binding's name is too similar to existing binding
crates/rs_cam_viz/src/io/setup_sheet.rs:39:32: warning: long literal lacking separators: help: consider: `719_468`
crates/rs_cam_viz/src/io/setup_sheet.rs:40:19: warning: long literal lacking separators: help: consider: `146_097`
crates/rs_cam_viz/src/io/setup_sheet.rs:41:25: warning: long literal lacking separators: help: consider: `146_097`
crates/rs_cam_viz/src/io/setup_sheet.rs:42:55: warning: long literal lacking separators: help: consider: `146_096`
crates/rs_cam_viz/src/mcp_bridge.rs:1090:9: warning: unnested or-patterns
crates/rs_cam_viz/src/render/height_planes.rs:61:13: warning: binding's name is too similar to existing binding
crates/rs_cam_viz/src/render/height_planes.rs:62:13: warning: binding's name is too similar to existing binding
crates/rs_cam_viz/src/render/sim_render.rs:743:13: warning: binding's name is too similar to existing binding
crates/rs_cam_viz/src/render/sim_render.rs:752:13: warning: binding's name is too similar to existing binding
crates/rs_cam_viz/src/render/sim_render.rs:771:13: warning: binding's name is too similar to existing binding
crates/rs_cam_viz/src/render/sim_render.rs:783:17: warning: binding's name is too similar to existing binding
crates/rs_cam_viz/src/render/sim_render.rs:828:13: warning: binding's name is too similar to existing binding
crates/rs_cam_viz/src/render/sim_render.rs:883:13: warning: binding's name is too similar to existing binding
crates/rs_cam_viz/src/render/toolpath_render.rs:928:13: warning: binding's name is too similar to existing binding
crates/rs_cam_viz/src/render/mod.rs:1339:31: warning: unnecessary hashes around raw string literal
crates/rs_cam_viz/src/render/mod.rs:1395:39: warning: unnecessary hashes around raw string literal
crates/rs_cam_viz/src/render/mod.rs:1470:31: warning: unnecessary hashes around raw string literal
crates/rs_cam_viz/src/render/mod.rs:1502:31: warning: unnecessary hashes around raw string literal
crates/rs_cam_viz/src/state/stale.rs:42:42: warning: binding's name is too similar to existing binding
crates/rs_cam_viz/src/ui/feeds/why.rs:244:9: warning: unnested or-patterns
crates/rs_cam_viz/src/ui/properties/mod.rs:1404:48: warning: long literal lacking separators: help: consider: `100_000.0`
crates/rs_cam_viz/src/ui/readiness.rs:77:13: warning: binding's name is too similar to existing binding
crates/rs_cam_viz/src/ui/readiness.rs:283:9: warning: binding's name is too similar to existing binding
crates/rs_cam_viz/src/ui/readiness_panel.rs:101:9: warning: binding's name is too similar to existing binding
crates/rs_cam_viz/src/ui/sim_diagnostics.rs:1175:9: warning: unnested or-patterns
crates/rs_cam_viz/src/ui/sim_timeline.rs:1326:13: warning: binding's name is too similar to existing binding
crates/rs_cam_viz/src/ui/status_bar.rs:132:17: warning: binding's name is too similar to existing binding
crates/rs_cam_viz/src/ui/toolpath_panel.rs:258:29: warning: binding's name is too similar to existing binding
crates/rs_cam_viz/src/ui/toolpath_panel.rs:331:13: warning: binding's name is too similar to existing binding
crates/rs_cam_viz/src/ui/workspace_bar.rs:194:10: warning: binding's name is too similar to existing binding
crates/rs_cam_viz/src/ui/workspace_bar.rs:250:9: warning: binding's name is too similar to existing binding
crates/rs_cam_viz/src/app/export.rs:13:5: warning: this function has too many lines (116/100)
crates/rs_cam_viz/src/app/export.rs:268:19: warning: this looks like a formatting argument but it is not part of a formatting macro
crates/rs_cam_viz/src/app/export.rs:270:14: warning: this looks like a formatting argument but it is not part of a formatting macro
crates/rs_cam_viz/src/app/export.rs:271:14: warning: called `map(<f>).unwrap_or_else(<g>)` on an `Option` value: help: try: `setup.map_or_else(|| "setup".to_owned(), slugify)`
crates/rs_cam_viz/src/app/export.rs:274:14: warning: this looks like a formatting argument but it is not part of a formatting macro
crates/rs_cam_viz/src/app/export.rs:275:14: warning: called `map(<f>).unwrap_or_else(<g>)` on an `Option` value: help: try: `toolpath.map_or_else(|| "toolpath".to_owned(), slugify)`
crates/rs_cam_viz/src/app/gpu_upload.rs:46:5: warning: this could be a `const fn`
crates/rs_cam_viz/src/app/gpu_upload.rs:75:17: warning: use Option::map_or_else instead of an if let/else
crates/rs_cam_viz/src/app/gpu_upload.rs:128:17: warning: casts from `f32` to `f64` can be expressed infallibly using `From`
crates/rs_cam_viz/src/app/gpu_upload.rs:129:17: warning: casts from `f32` to `f64` can be expressed infallibly using `From`
crates/rs_cam_viz/src/app/gpu_upload.rs:130:17: warning: casts from `f32` to `f64` can be expressed infallibly using `From`
crates/rs_cam_viz/src/app/gpu_upload.rs:134:32: warning: casting `f64` to `f32` may truncate the value
crates/rs_cam_viz/src/app/gpu_upload.rs:135:36: warning: casting `f64` to `f32` may truncate the value
crates/rs_cam_viz/src/app/gpu_upload.rs:136:36: warning: casting `f64` to `f32` may truncate the value
crates/rs_cam_viz/src/app/gpu_upload.rs:163:17: warning: temporary with significant `Drop` can be early dropped
crates/rs_cam_viz/src/app/gpu_upload.rs:158:5: warning: this function has too many lines (956/100)
crates/rs_cam_viz/src/app/gpu_upload.rs:181:17: warning: these match arms have identical bodies
crates/rs_cam_viz/src/app/gpu_upload.rs:193:33: warning: use Option::map_or_else instead of an if let/else
crates/rs_cam_viz/src/app/gpu_upload.rs:202:13: warning: use Option::map_or instead of an if let/else: help: try: `session_setup.map_or((None, None), |sd| (Some(SetupFrame::of(sd)), Some(SetupId(sd.id))))`
crates/rs_cam_viz/src/app/gpu_upload.rs:395:21: warning: use Option::map_or_else instead of an if let/else
crates/rs_cam_viz/src/app/gpu_upload.rs:410:36: warning: casting `f64` to `f32` may truncate the value
crates/rs_cam_viz/src/app/gpu_upload.rs:410:47: warning: casting `f64` to `f32` may truncate the value
crates/rs_cam_viz/src/app/gpu_upload.rs:414:36: warning: casting `f64` to `f32` may truncate the value
crates/rs_cam_viz/src/app/gpu_upload.rs:414:47: warning: casting `f64` to `f32` may truncate the value
crates/rs_cam_viz/src/app/gpu_upload.rs:422:36: warning: casting `f64` to `f32` may truncate the value
crates/rs_cam_viz/src/app/gpu_upload.rs:422:47: warning: casting `f64` to `f32` may truncate the value
crates/rs_cam_viz/src/app/gpu_upload.rs:426:36: warning: casting `f64` to `f32` may truncate the value
crates/rs_cam_viz/src/app/gpu_upload.rs:426:47: warning: casting `f64` to `f32` may truncate the value
crates/rs_cam_viz/src/app/gpu_upload.rs:444:21: warning: casting `f64` to `f32` may truncate the value
crates/rs_cam_viz/src/app/gpu_upload.rs:446:21: warning: casting `f64` to `f32` may truncate the value
crates/rs_cam_viz/src/app/gpu_upload.rs:464:40: warning: use Option::map_or instead of an if let/else
crates/rs_cam_viz/src/app/gpu_upload.rs:484:75: warning: casting `f64` to `f32` may truncate the value
crates/rs_cam_viz/src/app/gpu_upload.rs:490:29: warning: casting `f64` to `f32` may truncate the value
crates/rs_cam_viz/src/app/gpu_upload.rs:491:29: warning: casting `f64` to `f32` may truncate the value
crates/rs_cam_viz/src/app/gpu_upload.rs:510:39: warning: casting `usize` to `u32` may truncate the value on targets with 64-bit wide pointers
crates/rs_cam_viz/src/app/gpu_upload.rs:542:21: warning: casting `f64` to `f32` may truncate the value
crates/rs_cam_viz/src/app/gpu_upload.rs:543:21: warning: casting `f64` to `f32` may truncate the value
crates/rs_cam_viz/src/app/gpu_upload.rs:544:21: warning: casting `f64` to `f32` may truncate the value
crates/rs_cam_viz/src/app/gpu_upload.rs:547:27: warning: casting `f64` to `f32` may truncate the value
crates/rs_cam_viz/src/app/gpu_upload.rs:651:34: warning: casting `f64` to `f32` may truncate the value
crates/rs_cam_viz/src/app/gpu_upload.rs:655:41: warning: casting `f64` to `f32` may truncate the value
crates/rs_cam_viz/src/app/gpu_upload.rs:655:60: warning: casting `f64` to `f32` may truncate the value
crates/rs_cam_viz/src/app/gpu_upload.rs:655:79: warning: casting `f64` to `f32` may truncate the value
crates/rs_cam_viz/src/app/gpu_upload.rs:681:30: warning: casting `f64` to `f32` may truncate the value
crates/rs_cam_viz/src/app/gpu_upload.rs:681:48: warning: casting `f64` to `f32` may truncate the value
crates/rs_cam_viz/src/app/gpu_upload.rs:681:66: warning: casting `f64` to `f32` may truncate the value
crates/rs_cam_viz/src/app/gpu_upload.rs:682:30: warning: casting `f64` to `f32` may truncate the value
crates/rs_cam_viz/src/app/gpu_upload.rs:682:46: warning: casting `f64` to `f32` may truncate the value
crates/rs_cam_viz/src/app/gpu_upload.rs:682:62: warning: casting `f64` to `f32` may truncate the value
crates/rs_cam_viz/src/app/gpu_upload.rs:724:30: warning: casting `f64` to `f32` may truncate the value
crates/rs_cam_viz/src/app/gpu_upload.rs:725:30: warning: casting `f64` to `f32` may truncate the value
crates/rs_cam_viz/src/app/gpu_upload.rs:726:30: warning: casting `f64` to `f32` may truncate the value
crates/rs_cam_viz/src/app/gpu_upload.rs:812:69: warning: strict comparison of `f32` or `f64` arrays
crates/rs_cam_viz/src/app/gpu_upload.rs:838:29: warning: multiply and add expressions may be calculated more efficiently and accurately: help: consider using: `dz.mul_add(dz, dx * dx + dy * dy)`
crates/rs_cam_viz/src/app/gpu_upload.rs:838:29: warning: multiply and add expressions may be calculated more efficiently and accurately: help: consider using: `dy.mul_add(dy, dx * dx)`
crates/rs_cam_viz/src/app/gpu_upload.rs:859:28: warning: casting `f64` to `f32` may truncate the value
crates/rs_cam_viz/src/app/gpu_upload.rs:860:28: warning: casting `f64` to `f32` may truncate the value
crates/rs_cam_viz/src/app/gpu_upload.rs:861:28: warning: casting `f64` to `f32` may truncate the value
crates/rs_cam_viz/src/app/gpu_upload.rs:865:25: warning: casting `usize` to `f32` may cause a loss of precision (`usize` can be up to 64 bits wide depending on the target architecture, but `f32`'s mantissa is only 23 bits wide)
crates/rs_cam_viz/src/app/gpu_upload.rs:865:47: warning: casting `usize` to `f32` may cause a loss of precision (`usize` can be up to 64 bits wide depending on the target architecture, but `f32`'s mantissa is only 23 bits wide)
crates/rs_cam_viz/src/app/gpu_upload.rs:867:36: warning: multiply and add expressions may be calculated more efficiently and accurately: help: consider using: `0.8f32.mul_add(1.0 - t, 0.1)`
crates/rs_cam_viz/src/app/gpu_upload.rs:901:17: warning: casting `usize` to `u32` may truncate the value on targets with 64-bit wide pointers
crates/rs_cam_viz/src/app/gpu_upload.rs:1441:18: warning: casting `f64` to `f32` may truncate the value
crates/rs_cam_viz/src/app/gpu_upload.rs:1441:34: warning: casting `f64` to `f32` may truncate the value
crates/rs_cam_viz/src/app/gpu_upload.rs:1441:50: warning: casting `f64` to `f32` may truncate the value
crates/rs_cam_viz/src/app/input.rs:11:5: warning: this function has too many lines (385/100)
crates/rs_cam_viz/src/app/input.rs:118:25: warning: assigning the result of `ToOwned::to_owned()` may be inefficient: help: use `clone_into()`: `format.to_token().clone_into(&mut post.format)`
crates/rs_cam_viz/src/app/mcp.rs:5:1: warning: pub(crate) module inside private module
crates/rs_cam_viz/src/app/mcp/commands.rs:75:1: warning: pub(crate) struct inside private module
crates/rs_cam_viz/src/app/mcp/commands.rs:149:1: warning: pub(crate) enum inside private module
crates/rs_cam_viz/src/app/mcp/commands.rs:170:1: warning: pub(crate) struct inside private module
crates/rs_cam_viz/src/app/mcp/commands.rs:181:5: warning: this could be a `const fn`
crates/rs_cam_viz/src/app/mcp/commands.rs:326:5: warning: this function has too many lines (446/100)
crates/rs_cam_viz/src/app/mcp/commands.rs:945:39: warning: use Option::map_or_else instead of an if let/else
crates/rs_cam_viz/src/app/mcp/commands.rs:1169:5: warning: this function has too many lines (143/100)
crates/rs_cam_viz/src/app/mcp/commands.rs:1683:5: warning: this function has too many lines (107/100)
crates/rs_cam_viz/src/app/mcp/commands.rs:1823:5: warning: this function has too many lines (747/100)
crates/rs_cam_viz/src/app/mcp/commands.rs:1893:25: warning: called `map(<f>).unwrap_or(<a>)` on an `Option` value
crates/rs_cam_viz/src/app/mcp/commands.rs:1895:25: warning: called `map(<f>).unwrap_or_else(<g>)` on an `Option` value
crates/rs_cam_viz/src/app/mcp/commands.rs:1899:40: warning: redundant closure: help: replace the closure with the method itself: `rs_cam_core::session::LoadedModel::bbox`
crates/rs_cam_viz/src/app/mcp/commands.rs:2039:31: warning: called `map(<f>).unwrap_or(<a>)` on an `Option` value
crates/rs_cam_viz/src/app/mcp/commands.rs:2092:21: warning: called `map(<f>).unwrap_or(<a>)` on an `Option` value
crates/rs_cam_viz/src/app/mcp/commands.rs:2121:21: warning: called `map(<f>).unwrap_or(<a>)` on an `Option` value
crates/rs_cam_viz/src/app/mcp.rs:37:1: warning: pub(crate) struct inside private module
crates/rs_cam_viz/src/app/mcp.rs:51:1: warning: pub(crate) struct inside private module
crates/rs_cam_viz/src/app/mcp.rs:73:1: warning: pub(crate) struct inside private module
crates/rs_cam_viz/src/app/mcp.rs:88:1: warning: pub(crate) function inside private module
crates/rs_cam_viz/src/app/mcp.rs:88:1: warning: it is more idiomatic to use `Option<&T>` instead of `&Option<T>`
crates/rs_cam_viz/src/app/mcp.rs:128:17: warning: these match arms have identical bodies
crates/rs_cam_viz/src/app/mcp.rs:223:5: warning: this function has too many lines (339/100)
crates/rs_cam_viz/src/app/mcp.rs:711:9: warning: unused `self` argument
crates/rs_cam_viz/src/app/mcp.rs:710:5: warning: it is more idiomatic to use `Option<&T>` instead of `&Option<T>`
crates/rs_cam_viz/src/app/mcp.rs:798:30: warning: unused `self` argument
crates/rs_cam_viz/src/app/mcp.rs:823:63: warning: this looks like a formatting argument but it is not part of a formatting macro
crates/rs_cam_viz/src/app/mcp.rs:833:30: warning: unused `self` argument
crates/rs_cam_viz/src/app/mcp.rs:911:9: warning: use Option::map_or_else instead of an if let/else
crates/rs_cam_viz/src/app/mcp.rs:1109:22: warning: function call inside of `unwrap_or`: help: try: `unwrap_or_else(|| state.session.post_config().spindle_speed)`
crates/rs_cam_viz/src/app/mcp.rs:1178:9: warning: `if _ { .. } else { .. }` is an expression: help: it is more idiomatic to write: `let <mut> utilization = if util.is_measured() { util.utilization } else { None };`
crates/rs_cam_viz/src/app/mcp.rs:1191:17: warning: `format!(..)` appended to existing `String`
crates/rs_cam_viz/src/app/mcp.rs:1378:5: warning: this function has too many lines (219/100)
crates/rs_cam_viz/src/app/mcp.rs:1501:29: warning: casting `f64` to `u64` may truncate the value
crates/rs_cam_viz/src/app/mcp.rs:1501:29: warning: casting `f64` to `u64` may lose the sign of the value
crates/rs_cam_viz/src/app/mcp.rs:1596:69: warning: casting `usize` to `f64` may cause a loss of precision (`usize` can be up to 64 bits wide depending on the target architecture, but `f64`'s mantissa is only 52 bits wide)
crates/rs_cam_viz/src/app/mcp.rs:1599:88: warning: casting `usize` to `f64` may cause a loss of precision (`usize` can be up to 64 bits wide depending on the target architecture, but `f64`'s mantissa is only 52 bits wide)
crates/rs_cam_viz/src/app/mcp.rs:1600:79: warning: casting `usize` to `f64` may cause a loss of precision (`usize` can be up to 64 bits wide depending on the target architecture, but `f64`'s mantissa is only 52 bits wide)
crates/rs_cam_viz/src/app/mcp.rs:1608:87: warning: casting `usize` to `f64` may cause a loss of precision (`usize` can be up to 64 bits wide depending on the target architecture, but `f64`'s mantissa is only 52 bits wide)
crates/rs_cam_viz/src/app/mcp.rs:1611:89: warning: casting `usize` to `f64` may cause a loss of precision (`usize` can be up to 64 bits wide depending on the target architecture, but `f64`'s mantissa is only 52 bits wide)
crates/rs_cam_viz/src/app/mcp.rs:1624:5: warning: this function has too many lines (125/100)
crates/rs_cam_viz/src/app/mcp.rs:1642:60: warning: redundant closure: help: replace the closure with the method itself: `rs_cam_core::compute::ModelUnits::label`
crates/rs_cam_viz/src/app/mcp.rs:1717:56: warning: redundant closure: help: replace the closure with the method itself: `rs_cam_core::polygon::Polygon2::area`
crates/rs_cam_viz/src/app/mcp.rs:1718:61: warning: redundant closure: help: replace the closure with the method itself: `rs_cam_core::polygon::Polygon2::perimeter`
crates/rs_cam_viz/src/app/mcp.rs:1865:43: warning: called `map(<f>).unwrap_or(<a>)` on an `Option` value
crates/rs_cam_viz/src/app/mcp.rs:1882:39: warning: called `map(<f>).unwrap_or(<a>)` on an `Option` value
crates/rs_cam_viz/src/app/mcp.rs:1907:28: warning: called `map(<f>).unwrap_or_else(<g>)` on an `Option` value
crates/rs_cam_viz/src/app/mcp.rs:1926:61: warning: redundant closure: help: replace the closure with the method itself: `std::vec::Vec::len`
crates/rs_cam_viz/src/app/mcp.rs:1927:59: warning: redundant closure: help: replace the closure with the method itself: `std::vec::Vec::len`
crates/rs_cam_viz/src/app/mcp.rs:1978:26: warning: use Option::map_or_else instead of an if let/else
crates/rs_cam_viz/src/app/mcp.rs:2028:33: warning: unused `self` argument
crates/rs_cam_viz/src/app/mcp.rs:2034:38: warning: use Option::map_or_else instead of an if let/else
crates/rs_cam_viz/src/app/mcp.rs:2062:5: warning: this function has too many lines (105/100)
crates/rs_cam_viz/src/app/mcp.rs:2239:27: warning: unused `self` argument
crates/rs_cam_viz/src/app/mcp.rs:2368:5: warning: this function has too many lines (122/100)
crates/rs_cam_viz/src/app/mcp.rs:2368:5: warning: more than 3 bools in function parameters
crates/rs_cam_viz/src/app/mcp.rs:2749:5: warning: this function has too many lines (117/100)
crates/rs_cam_viz/src/app/mcp.rs:2851:9: warning: you seem to be trying to use `match` for destructuring a single pattern. Consider using `if let`
crates/rs_cam_viz/src/app/mcp.rs:2865:21: warning: use Option::map_or_else instead of an if let/else: help: try: `index.map_or_else(|| "Added toolpath through the GUI add path.".to_owned(), |i| format!("Added toolpath at index {i} through the GUI add path."))`
crates/rs_cam_viz/src/app/mcp.rs:3247:13: warning: case-sensitive file extension comparison
crates/rs_cam_viz/src/app/mcp.rs:3341:23: warning: called `map(<f>).unwrap_or(<a>)` on an `Option` value
crates/rs_cam_viz/src/app/mcp.rs:3520:12: warning: case-sensitive file extension comparison
crates/rs_cam_viz/src/app/mcp.rs:3552:26: warning: use Option::map_or_else instead of an if let/else
crates/rs_cam_viz/src/app/mcp.rs:3594:30: warning: redundant closure: help: replace the closure with the method itself: `super::super::state::toolpath::entry::ToolpathResult::toolpath`
crates/rs_cam_viz/src/app/mcp.rs:3786:12: warning: case-sensitive file extension comparison
crates/rs_cam_viz/src/app/mcp.rs:3880:13: warning: case-sensitive file extension comparison
crates/rs_cam_viz/src/app/mcp.rs:4009:23: warning: casting `usize` to `u32` may truncate the value on targets with 64-bit wide pointers
crates/rs_cam_viz/src/app/mcp.rs:4009:45: warning: casting `usize` to `u32` may truncate the value on targets with 64-bit wide pointers
crates/rs_cam_viz/src/app/mcp.rs:4036:5: warning: this function has too many lines (169/100)
crates/rs_cam_viz/src/app/mcp.rs:4055:9: warning: `if _ { .. } else { .. }` is an expression: help: it is more idiomatic to write: `let <mut> workspace_applied = if let Some(ws) = workspace { ..; Some(workspace_key(target)) } else { None };`
crates/rs_cam_viz/src/app/mcp.rs:4108:9: warning: `if _ { .. } else { .. }` is an expression: help: it is more idiomatic to write: `let <mut> tab_applied = if let Some(tab) = properties_tab { ..; Some(tab) } else { None };`
crates/rs_cam_viz/src/app/mcp.rs:4142:9: warning: `if _ { .. } else { .. }` is an expression: help: it is more idiomatic to write: `let <mut> select_applied = if let Some(sel) = select { ..; Some(sel) } else { None };`
crates/rs_cam_viz/src/app/mcp.rs:4330:34: warning: casting `f64` to `usize` may truncate the value
crates/rs_cam_viz/src/app/mcp.rs:4330:34: warning: casting `f64` to `usize` may lose the sign of the value
crates/rs_cam_viz/src/app/mcp.rs:4330:35: warning: casting `usize` to `f64` may cause a loss of precision (`usize` can be up to 64 bits wide depending on the target architecture, but `f64`'s mantissa is only 52 bits wide)
crates/rs_cam_viz/src/app/mcp.rs:4404:1: warning: pub(crate) struct inside private module
crates/rs_cam_viz/src/app/mcp.rs:4439:1: warning: pub(crate) function inside private module
crates/rs_cam_viz/src/app/mcp.rs:4439:1: warning: this function has too many lines (221/100)
crates/rs_cam_viz/src/app/mcp.rs:4652:5: warning: adding items after statements is confusing, since items exist from the start of the scope
crates/rs_cam_viz/src/app/mcp.rs:4494:22: warning: casting `usize` to `u32` may truncate the value on targets with 64-bit wide pointers
crates/rs_cam_viz/src/app/mcp.rs:4746:25: warning: casting `f64` to `f32` may truncate the value
crates/rs_cam_viz/src/app/mcp.rs:4746:39: warning: casting `f64` to `f32` may truncate the value
crates/rs_cam_viz/src/app/mcp.rs:4746:53: warning: casting `f64` to `f32` may truncate the value
crates/rs_cam_viz/src/app/mcp.rs:4811:31: warning: redundant closure: help: replace the closure with the method itself: `std::clone::Clone::clone`
crates/rs_cam_viz/src/app/mcp.rs:4826:13: warning: adding items after statements is confusing, since items exist from the start of the scope
crates/rs_cam_viz/src/app/mcp.rs:4824:27: warning: casting `usize` to `u32` may truncate the value on targets with 64-bit wide pointers
crates/rs_cam_viz/src/app/mcp.rs:4896:1: warning: pub(crate) function inside private module
crates/rs_cam_viz/src/app/mcp.rs:4951:52: warning: casting `usize` to `u32` may truncate the value on targets with 64-bit wide pointers
crates/rs_cam_viz/src/app/mcp.rs:4960:38: warning: casting `usize` to `u32` may truncate the value on targets with 64-bit wide pointers
crates/rs_cam_viz/src/app/mcp.rs:5113:1: warning: this could be a `const fn`
crates/rs_cam_viz/src/app/mcp.rs:5165:44: warning: redundant closure: help: replace the closure with the method itself: `rs_cam_core::toolpath_spans::RegionSpanRole::label`
crates/rs_cam_viz/src/app/mcp.rs:5178:1: warning: this function has too many lines (128/100)
crates/rs_cam_viz/src/app/mcp.rs:5308:20: warning: casting `usize` to `u32` may truncate the value on targets with 64-bit wide pointers
crates/rs_cam_viz/src/app/simulation.rs:43:25: warning: temporary with significant `Drop` can be early dropped
crates/rs_cam_viz/src/app/simulation.rs:424:25: warning: temporary with significant `Drop` can be early dropped
crates/rs_cam_viz/src/app/simulation.rs:90:5: warning: this function has too many lines (272/100)
crates/rs_cam_viz/src/app/simulation.rs:309:9: warning: adding items after statements is confusing, since items exist from the start of the scope
crates/rs_cam_viz/src/app/simulation.rs:411:13: warning: `if _ { .. } else { .. }` is an expression: help: it is more idiomatic to write: `let <mut> upload_elapsed = if let Some(rs) = frame.wgpu_render_state() { ..; upload_start.elapsed() } else { Duration::ZERO };`
crates/rs_cam_viz/src/app/simulation.rs:605:21: warning: temporary with significant `Drop` can be early dropped
crates/rs_cam_viz/src/app/simulation.rs:489:5: warning: this function has too many lines (109/100)
crates/rs_cam_viz/src/app/simulation.rs:589:17: warning: assigning the result of `ToOwned::to_owned()` may be inefficient: help: use `clone_into()`: `tool.tool_type.label().clone_into(&mut pb.tool_type_label)`
crates/rs_cam_viz/src/app/simulation.rs:614:22: warning: casting `f64` to `f32` may truncate the value
crates/rs_cam_viz/src/app/simulation.rs:614:36: warning: casting `f64` to `f32` may truncate the value
crates/rs_cam_viz/src/app/simulation.rs:614:50: warning: casting `f64` to `f32` may truncate the value
crates/rs_cam_viz/src/app/simulation.rs:675:1: warning: this could be a `const fn`
crates/rs_cam_viz/src/app/simulation.rs:698:26: warning: casts from `u32` to `f64` can be expressed infallibly using `From`
crates/rs_cam_viz/src/app/simulation.rs:700:29: warning: casts from `u32` to `f64` can be expressed infallibly using `From`
crates/rs_cam_viz/src/app/viewport.rs:123:21: warning: casts from `f32` to `f64` can be expressed infallibly using `From`
crates/rs_cam_viz/src/app/viewport.rs:124:21: warning: casts from `f32` to `f64` can be expressed infallibly using `From`
crates/rs_cam_viz/src/app/viewport.rs:125:21: warning: casts from `f32` to `f64` can be expressed infallibly using `From`
crates/rs_cam_viz/src/app/viewport.rs:127:44: warning: casts from `f32` to `f64` can be expressed infallibly using `From`
crates/rs_cam_viz/src/app/viewport.rs:127:62: warning: casts from `f32` to `f64` can be expressed infallibly using `From`
crates/rs_cam_viz/src/app/viewport.rs:127:80: warning: casts from `f32` to `f64` can be expressed infallibly using `From`
crates/rs_cam_viz/src/app/viewport.rs:225:5: warning: this function has too many lines (293/100)
crates/rs_cam_viz/src/app/viewport.rs:563:29: warning: casting `f32` to `u32` may truncate the value
crates/rs_cam_viz/src/app/viewport.rs:563:29: warning: casting `f32` to `u32` may lose the sign of the value
crates/rs_cam_viz/src/app/viewport.rs:564:30: warning: casting `f32` to `u32` may truncate the value
crates/rs_cam_viz/src/app/viewport.rs:564:30: warning: casting `f32` to `u32` may lose the sign of the value
crates/rs_cam_viz/src/app/viewport.rs:743:14: warning: casting `f64` to `f32` may truncate the value
crates/rs_cam_viz/src/app/viewport.rs:743:33: warning: casting `f64` to `f32` may truncate the value
crates/rs_cam_viz/src/app/viewport.rs:743:52: warning: casting `f64` to `f32` may truncate the value
crates/rs_cam_viz/src/app/viewport.rs:744:14: warning: casting `f64` to `f32` may truncate the value
crates/rs_cam_viz/src/app/viewport.rs:744:33: warning: casting `f64` to `f32` may truncate the value
crates/rs_cam_viz/src/app/viewport.rs:744:52: warning: casting `f64` to `f32` may truncate the value
crates/rs_cam_viz/src/app/viewport.rs:745:14: warning: casting `f64` to `f32` may truncate the value
crates/rs_cam_viz/src/app/viewport.rs:745:33: warning: casting `f64` to `f32` may truncate the value
crates/rs_cam_viz/src/app/viewport.rs:745:52: warning: casting `f64` to `f32` may truncate the value
crates/rs_cam_viz/src/app/viewport.rs:746:14: warning: casting `f64` to `f32` may truncate the value
crates/rs_cam_viz/src/app/viewport.rs:746:33: warning: casting `f64` to `f32` may truncate the value
crates/rs_cam_viz/src/app/viewport.rs:746:52: warning: casting `f64` to `f32` may truncate the value
crates/rs_cam_viz/src/app/viewport.rs:747:14: warning: casting `f64` to `f32` may truncate the value
crates/rs_cam_viz/src/app/viewport.rs:747:33: warning: casting `f64` to `f32` may truncate the value
crates/rs_cam_viz/src/app/viewport.rs:747:52: warning: casting `f64` to `f32` may truncate the value
crates/rs_cam_viz/src/app/viewport.rs:748:14: warning: casting `f64` to `f32` may truncate the value
crates/rs_cam_viz/src/app/viewport.rs:748:33: warning: casting `f64` to `f32` may truncate the value
crates/rs_cam_viz/src/app/viewport.rs:748:52: warning: casting `f64` to `f32` may truncate the value
crates/rs_cam_viz/src/app/viewport.rs:749:14: warning: casting `f64` to `f32` may truncate the value
crates/rs_cam_viz/src/app/viewport.rs:749:33: warning: casting `f64` to `f32` may truncate the value
crates/rs_cam_viz/src/app/viewport.rs:749:52: warning: casting `f64` to `f32` may truncate the value
crates/rs_cam_viz/src/app/viewport.rs:750:14: warning: casting `f64` to `f32` may truncate the value
crates/rs_cam_viz/src/app/viewport.rs:750:33: warning: casting `f64` to `f32` may truncate the value
crates/rs_cam_viz/src/app/viewport.rs:750:52: warning: casting `f64` to `f32` may truncate the value
crates/rs_cam_viz/src/app/viewport.rs:831:21: warning: use Option::map_or_else instead of an if let/else: help: try: `delta.map_or_else(|| "Tool deflection  —".to_owned(), |mm| format!("Tool deflection  δ={:.0} µm", mm * 1000.0))`
crates/rs_cam_viz/src/app/viewport.rs:843:27: warning: casting `f64` to `f32` may truncate the value
crates/rs_cam_viz/src/app/viewport.rs:847:38: warning: called `map(<f>).unwrap_or(<a>)` on an `Option` value
crates/rs_cam_viz/src/app/viewport.rs:848:24: warning: casting `f64` to `f32` may truncate the value
crates/rs_cam_viz/src/app/viewport.rs:860:30: warning: casting `f64` to `f32` may truncate the value
crates/rs_cam_viz/src/app/viewport.rs:862:26: warning: casting `f64` to `f32` may truncate the value
crates/rs_cam_viz/src/app/viewport.rs:941:17: warning: variables can be used directly in the `format!` string
crates/rs_cam_viz/src/app/viewport.rs:944:17: warning: variables can be used directly in the `format!` string
crates/rs_cam_viz/src/app.rs:37:5: warning: this could be a `const fn`
crates/rs_cam_viz/src/app.rs:45:5: warning: this could be a `const fn`
crates/rs_cam_viz/src/app.rs:115:5: warning: this function has too many lines (119/100)
crates/rs_cam_viz/src/app.rs:178:25: warning: adding items after statements is confusing, since items exist from the start of the scope
crates/rs_cam_viz/src/app.rs:281:14: warning: casting `f64` to `f32` may truncate the value
crates/rs_cam_viz/src/app.rs:281:33: warning: casting `f64` to `f32` may truncate the value
crates/rs_cam_viz/src/app.rs:281:52: warning: casting `f64` to `f32` may truncate the value
crates/rs_cam_viz/src/app.rs:282:14: warning: casting `f64` to `f32` may truncate the value
crates/rs_cam_viz/src/app.rs:282:33: warning: casting `f64` to `f32` may truncate the value
crates/rs_cam_viz/src/app.rs:282:52: warning: casting `f64` to `f32` may truncate the value
crates/rs_cam_viz/src/app.rs:594:13: warning: you seem to be trying to use `match` for destructuring a single pattern. Consider using `if let`
crates/rs_cam_viz/src/app.rs:594:48: warning: casting `usize` to `u32` may truncate the value on targets with 64-bit wide pointers
crates/rs_cam_viz/src/app.rs:594:70: warning: casting `usize` to `u32` may truncate the value on targets with 64-bit wide pointers
crates/rs_cam_viz/src/app.rs:706:5: warning: this function has too many lines (248/100)
crates/rs_cam_viz/src/app.rs:1162:40: warning: casting `usize` to `f32` may cause a loss of precision (`usize` can be up to 64 bits wide depending on the target architecture, but `f32`'s mantissa is only 23 bits wide)
crates/rs_cam_viz/src/app.rs:1164:18: warning: casting `usize` to `f32` may cause a loss of precision (`usize` can be up to 64 bits wide depending on the target architecture, but `f32`'s mantissa is only 23 bits wide)
crates/rs_cam_viz/src/app.rs:1165:18: warning: casting `usize` to `f32` may cause a loss of precision (`usize` can be up to 64 bits wide depending on the target architecture, but `f32`'s mantissa is only 23 bits wide)
crates/rs_cam_viz/src/app.rs:1167:24: warning: multiply and add expressions may be calculated more efficiently and accurately: help: consider using: `radius.mul_add(a0.cos(), cx)`
crates/rs_cam_viz/src/app.rs:1167:48: warning: multiply and add expressions may be calculated more efficiently and accurately: help: consider using: `radius.mul_add(a0.sin(), cy)`
crates/rs_cam_viz/src/app.rs:1171:24: warning: multiply and add expressions may be calculated more efficiently and accurately: help: consider using: `radius.mul_add(a1.cos(), cx)`
crates/rs_cam_viz/src/app.rs:1171:48: warning: multiply and add expressions may be calculated more efficiently and accurately: help: consider using: `radius.mul_add(a1.sin(), cy)`
crates/rs_cam_viz/src/app.rs:1189:17: warning: multiply and add expressions may be calculated more efficiently and accurately: help: consider using: `dz.mul_add(dz, dx * dx + dy * dy)`
crates/rs_cam_viz/src/app.rs:1189:18: warning: multiply and add expressions may be calculated more efficiently and accurately: help: consider using: `dy.mul_add(dy, dx * dx)`
crates/rs_cam_viz/src/app.rs:1199:11: warning: while condition comparing floats
crates/rs_cam_viz/src/app.rs:1202:24: warning: multiply and add expressions may be calculated more efficiently and accurately: help: consider using: `ux.mul_add(t, start[0])`
crates/rs_cam_viz/src/app.rs:1202:43: warning: multiply and add expressions may be calculated more efficiently and accurately: help: consider using: `uy.mul_add(t, start[1])`
crates/rs_cam_viz/src/app.rs:1202:62: warning: multiply and add expressions may be calculated more efficiently and accurately: help: consider using: `uz.mul_add(t, start[2])`
crates/rs_cam_viz/src/app.rs:1207:17: warning: multiply and add expressions may be calculated more efficiently and accurately: help: consider using: `ux.mul_add(t_end, start[0])`
crates/rs_cam_viz/src/app.rs:1208:17: warning: multiply and add expressions may be calculated more efficiently and accurately: help: consider using: `uy.mul_add(t_end, start[1])`
crates/rs_cam_viz/src/app.rs:1209:17: warning: multiply and add expressions may be calculated more efficiently and accurately: help: consider using: `uz.mul_add(t_end, start[2])`
crates/rs_cam_viz/src/app.rs:1227:1: warning: more than 3 bools in a struct
crates/rs_cam_viz/src/app.rs:1253:1: warning: this could be a `const fn`
crates/rs_cam_viz/src/compute/worker/execute/mod.rs:70:17: warning: use Option::map_or instead of an if let/else: help: try: `group.local_to_global.as_ref().map_or((None, None), |info| (Some(group.local_stock_bbox), Some(info.clone())))`
crates/rs_cam_viz/src/compute/worker/execute/mod.rs:163:49: warning: redundant closure: help: replace the closure with the method itself: `rs_cam_core::compute::SetupTransformInfo::cut_direction`
crates/rs_cam_viz/src/compute/worker/execute/mod.rs:222:1: warning: pub(crate) function inside private module
crates/rs_cam_viz/src/compute/worker/execute/mod.rs:249:39: warning: use Option::map_or instead of an if let/else
crates/rs_cam_viz/src/compute/worker/helpers.rs:114:61: warning: function call inside of `map_or`: help: try: `map_or_else(|| "FromTop".to_owned(), |info| format!("{:?}", info.cut_direction()))`
crates/rs_cam_viz/src/compute/worker.rs:430:5: warning: this could be a `const fn`
crates/rs_cam_viz/src/compute/worker.rs:464:54: warning: redundant closure: help: replace the closure with the method itself: `std::sync::PoisonError::into_inner`
crates/rs_cam_viz/src/compute/worker.rs:484:9: warning: unnecessary structure name repetition: help: use the applicable keyword: `Self`
crates/rs_cam_viz/src/compute/worker.rs:488:17: warning: temporary with significant `Drop` can be early dropped
crates/rs_cam_viz/src/compute/worker.rs:488:58: warning: redundant closure: help: replace the closure with the method itself: `std::sync::PoisonError::into_inner`
crates/rs_cam_viz/src/compute/worker.rs:518:5: warning: this could be a `const fn`
crates/rs_cam_viz/src/compute/worker.rs:527:63: warning: redundant closure: help: replace the closure with the method itself: `std::sync::PoisonError::into_inner`
crates/rs_cam_viz/src/compute/worker.rs:640:17: warning: temporary with significant `Drop` can be early dropped
crates/rs_cam_viz/src/compute/worker.rs:653:9: warning: `if _ { .. } else { .. }` is an expression: help: it is more idiomatic to write: `let <mut> outcome = if inner.active_toolpath_id == Some(request.viz.toolpath_id) { ..; ToolpathSubmitOutcome::SupersededActive } else { ToolpathSubmitOutcome::Queued };`
crates/rs_cam_viz/src/compute/worker.rs:644:29: warning: redundant closure: help: replace the closure with the method itself: `std::sync::PoisonError::into_inner`
crates/rs_cam_viz/src/compute/worker.rs:684:29: warning: redundant closure: help: replace the closure with the method itself: `std::sync::PoisonError::into_inner`
crates/rs_cam_viz/src/compute/worker.rs:693:17: warning: temporary with significant `Drop` can be early dropped
crates/rs_cam_viz/src/compute/worker.rs:697:29: warning: redundant closure: help: replace the closure with the method itself: `std::sync::PoisonError::into_inner`
crates/rs_cam_viz/src/compute/worker.rs:718:17: warning: temporary with significant `Drop` can be early dropped
crates/rs_cam_viz/src/compute/worker.rs:722:29: warning: redundant closure: help: replace the closure with the method itself: `std::sync::PoisonError::into_inner`
crates/rs_cam_viz/src/compute/worker.rs:736:17: warning: temporary with significant `Drop` can be early dropped
crates/rs_cam_viz/src/compute/worker.rs:740:29: warning: redundant closure: help: replace the closure with the method itself: `std::sync::PoisonError::into_inner`
crates/rs_cam_viz/src/compute/worker.rs:761:37: warning: redundant closure: help: replace the closure with the method itself: `std::sync::PoisonError::into_inner`
crates/rs_cam_viz/src/compute/worker.rs:776:37: warning: redundant closure: help: replace the closure with the method itself: `std::sync::PoisonError::into_inner`
crates/rs_cam_viz/src/compute/worker.rs:787:37: warning: redundant closure: help: replace the closure with the method itself: `std::sync::PoisonError::into_inner`
crates/rs_cam_viz/src/compute/worker.rs:798:37: warning: redundant closure: help: replace the closure with the method itself: `std::sync::PoisonError::into_inner`
crates/rs_cam_viz/src/compute/worker.rs:809:37: warning: redundant closure: help: replace the closure with the method itself: `std::sync::PoisonError::into_inner`
crates/rs_cam_viz/src/compute/worker.rs:847:17: warning: temporary with significant `Drop` can be early dropped
crates/rs_cam_viz/src/compute/worker.rs:851:29: warning: redundant closure: help: replace the closure with the method itself: `std::sync::PoisonError::into_inner`
crates/rs_cam_viz/src/compute/worker.rs:922:63: warning: redundant closure: help: replace the closure with the method itself: `std::sync::PoisonError::into_inner`
crates/rs_cam_viz/src/compute/worker.rs:934:66: warning: redundant closure: help: replace the closure with the method itself: `std::sync::PoisonError::into_inner`
crates/rs_cam_viz/src/compute/worker.rs:946:66: warning: redundant closure: help: replace the closure with the method itself: `std::sync::PoisonError::into_inner`
crates/rs_cam_viz/src/compute/worker.rs:992:70: warning: redundant closure: help: replace the closure with the method itself: `std::sync::PoisonError::into_inner`
crates/rs_cam_viz/src/compute/worker.rs:1021:66: warning: redundant closure: help: replace the closure with the method itself: `std::sync::PoisonError::into_inner`
crates/rs_cam_viz/src/compute/worker.rs:1050:1: warning: this function has too many lines (105/100)
crates/rs_cam_viz/src/compute/worker.rs:1058:66: warning: redundant closure: help: replace the closure with the method itself: `std::sync::PoisonError::into_inner`
crates/rs_cam_viz/src/compute/worker.rs:1070:66: warning: redundant closure: help: replace the closure with the method itself: `std::sync::PoisonError::into_inner`
crates/rs_cam_viz/src/compute/worker.rs:1097:78: warning: redundant closure: help: replace the closure with the method itself: `std::sync::PoisonError::into_inner`
crates/rs_cam_viz/src/compute/worker.rs:1102:80: warning: redundant closure: help: replace the closure with the method itself: `std::sync::PoisonError::into_inner`
crates/rs_cam_viz/src/compute/worker.rs:1122:78: warning: redundant closure: help: replace the closure with the method itself: `std::sync::PoisonError::into_inner`
crates/rs_cam_viz/src/compute/worker.rs:1140:70: warning: redundant closure: help: replace the closure with the method itself: `std::sync::PoisonError::into_inner`
crates/rs_cam_viz/src/compute/worker.rs:1160:66: warning: redundant closure: help: replace the closure with the method itself: `std::sync::PoisonError::into_inner`
crates/rs_cam_viz/src/compute/worker.rs:1184:66: warning: redundant closure: help: replace the closure with the method itself: `std::sync::PoisonError::into_inner`
crates/rs_cam_viz/src/compute/worker.rs:1196:66: warning: redundant closure: help: replace the closure with the method itself: `std::sync::PoisonError::into_inner`
crates/rs_cam_viz/src/compute/worker.rs:1244:66: warning: redundant closure: help: replace the closure with the method itself: `std::sync::PoisonError::into_inner`
crates/rs_cam_viz/src/compute/worker.rs:1278:66: warning: redundant closure: help: replace the closure with the method itself: `std::sync::PoisonError::into_inner`
crates/rs_cam_viz/src/compute/worker.rs:1290:66: warning: redundant closure: help: replace the closure with the method itself: `std::sync::PoisonError::into_inner`
crates/rs_cam_viz/src/compute/worker.rs:1334:66: warning: redundant closure: help: replace the closure with the method itself: `std::sync::PoisonError::into_inner`
crates/rs_cam_viz/src/compute/worker.rs:1409:66: warning: redundant closure: help: replace the closure with the method itself: `std::sync::PoisonError::into_inner`
crates/rs_cam_viz/src/compute/worker.rs:1421:66: warning: redundant closure: help: replace the closure with the method itself: `std::sync::PoisonError::into_inner`
crates/rs_cam_viz/src/compute/worker.rs:1482:70: warning: redundant closure: help: replace the closure with the method itself: `std::sync::PoisonError::into_inner`
crates/rs_cam_viz/src/compute/worker.rs:1505:66: warning: redundant closure: help: replace the closure with the method itself: `std::sync::PoisonError::into_inner`
crates/rs_cam_viz/src/compute/worker.rs:1522:5: warning: use Option::map_or_else instead of an if let/else
crates/rs_cam_viz/src/compute/mod.rs:90:5: warning: this could be a `const fn`
crates/rs_cam_viz/src/compute/mod.rs:103:5: warning: this could be a `const fn`
crates/rs_cam_viz/src/compute/mod.rs:247:42: warning: unnecessary structure name repetition: help: use the applicable keyword: `Self`
crates/rs_cam_viz/src/compute/mod.rs:248:22: warning: unnecessary structure name repetition: help: use the applicable keyword: `Self`
crates/rs_cam_viz/src/controller/events/compute.rs:202:5: warning: this function has too many lines (105/100)
crates/rs_cam_viz/src/controller/events/compute.rs:409:5: warning: this function has too many lines (374/100)
crates/rs_cam_viz/src/controller/events/compute.rs:446:21: warning: assigning the result of `Clone::clone()` may be inefficient: help: use `clone_from()`: `rt.debug_trace.clone_from(&result.debug_trace)`
crates/rs_cam_viz/src/controller/events/compute.rs:447:21: warning: assigning the result of `Clone::clone()` may be inefficient: help: use `clone_from()`: `rt.semantic_trace.clone_from(&result.semantic_trace)`
crates/rs_cam_viz/src/controller/events/compute.rs:448:21: warning: assigning the result of `Clone::clone()` may be inefficient: help: use `clone_from()`: `rt.debug_trace_path.clone_from(&result.debug_trace_path)`
crates/rs_cam_viz/src/controller/events/compute.rs:814:25: warning: all if blocks contain the same code at the end
crates/rs_cam_viz/src/controller/events/compute.rs:1408:36: warning: it is more concise to loop over references to containers instead of using explicit iteration methods: help: to write this more concisely, try: `&mut updated_report.per_toolpath`
crates/rs_cam_viz/src/controller/events/compute.rs:1423:59: warning: used `cloned` where `copied` could be used instead: help: try: `copied`
crates/rs_cam_viz/src/controller/events/compute.rs:1579:37: warning: casting `usize` to `f64` may cause a loss of precision (`usize` can be up to 64 bits wide depending on the target architecture, but `f64`'s mantissa is only 52 bits wide)
crates/rs_cam_viz/src/controller/events/compute.rs:1766:31: warning: casting `usize` to `f64` may cause a loss of precision (`usize` can be up to 64 bits wide depending on the target architecture, but `f64`'s mantissa is only 52 bits wide)
crates/rs_cam_viz/src/controller/events/compute.rs:1801:9: warning: `if _ { .. } else { .. }` is an expression
crates/rs_cam_viz/src/controller/events/compute.rs:1788:23: warning: called `map(<f>).unwrap_or_else(<g>)` on an `Option` value
crates/rs_cam_viz/src/controller/events/compute.rs:1862:17: warning: casting `usize` to `f64` may cause a loss of precision (`usize` can be up to 64 bits wide depending on the target architecture, but `f64`'s mantissa is only 52 bits wide)
crates/rs_cam_viz/src/controller/events/compute.rs:1863:22: warning: casting `usize` to `f64` may cause a loss of precision (`usize` can be up to 64 bits wide depending on the target architecture, but `f64`'s mantissa is only 52 bits wide)
crates/rs_cam_viz/src/controller/events/compute.rs:1883:28: warning: you seem to be trying to use `match` for destructuring a single pattern. Consider using `if let`
crates/rs_cam_viz/src/controller/events/compute.rs:1883:28: warning: use Option::map_or_else instead of an if let/else
crates/rs_cam_viz/src/controller/events/compute.rs:1892:42: warning: called `map(<f>).unwrap_or_else(<g>)` on an `Option` value
crates/rs_cam_viz/src/controller/events/compute.rs:2004:5: warning: this function has too many lines (129/100)
crates/rs_cam_viz/src/controller/events/model.rs:30:13: warning: these match arms have identical bodies
crates/rs_cam_viz/src/controller/events/model.rs:36:13: warning: these match arms have identical bodies
crates/rs_cam_viz/src/controller/events/model.rs:691:5: warning: this function has too many lines (138/100)
crates/rs_cam_viz/src/controller/events/model.rs:715:32: warning: called `map(<f>).unwrap_or(<a>)` on an `Option` value
crates/rs_cam_viz/src/controller/events/model.rs:765:47: warning: you seem to be trying to use `match` for destructuring a single pattern. Consider using `if let`
crates/rs_cam_viz/src/controller/events/planner.rs:138:9: warning: `if _ { .. } else { .. }` is an expression: help: it is more idiomatic to write: `let <mut> restore_overlay = if let Some(existing) = self.state.multitool_planner.as_mut() { ..; existing.ready_preview().is_some() } else { false };`
crates/rs_cam_viz/src/controller/events/mod.rs:4:1: warning: pub(crate) module inside private module
crates/rs_cam_viz/src/controller/events/simulation.rs:27:24: warning: calling `SimulationPlayback::default()` is more clear than this expression: help: try: `SimulationPlayback::default()`
crates/rs_cam_viz/src/controller/events/simulation.rs:28:22: warning: calling `SimulationChecks::default()` is more clear than this expression: help: try: `SimulationChecks::default()`
crates/rs_cam_viz/src/controller/events/simulation.rs:347:17: warning: `if` chain can be rewritten with `match`: help: consider rewriting the `if` chain with `match`: `match setup_idx.cmp(&target_setup_idx) {...}`
crates/rs_cam_viz/src/controller/events/simulation.rs:489:1: warning: pub(crate) function inside private module
crates/rs_cam_viz/src/controller/events/simulation.rs:515:9: warning: casting `f64` to `usize` may truncate the value
crates/rs_cam_viz/src/controller/events/simulation.rs:515:9: warning: casting `f64` to `usize` may lose the sign of the value
crates/rs_cam_viz/src/controller/events/simulation.rs:516:9: warning: casting `f64` to `usize` may truncate the value
crates/rs_cam_viz/src/controller/events/simulation.rs:516:9: warning: casting `f64` to `usize` may lose the sign of the value
crates/rs_cam_viz/src/controller/events/toolpath.rs:33:5: warning: this function has too many lines (149/100)
crates/rs_cam_viz/src/controller/events/toolpath.rs:139:24: warning: called `map(<f>).unwrap_or(<a>)` on an `Option` value
crates/rs_cam_viz/src/controller/events/mod.rs:150:5: warning: this function has too many lines (373/100)
crates/rs_cam_viz/src/controller/events/mod.rs:169:13: warning: these match arms have identical bodies
crates/rs_cam_viz/src/controller/events/mod.rs:303:21: warning: adding items after statements is confusing, since items exist from the start of the scope
crates/rs_cam_viz/src/controller/events/mod.rs:601:17: warning: these match arms have identical bodies
crates/rs_cam_viz/src/controller/events/mod.rs:804:5: warning: this function has too many lines (106/100)
crates/rs_cam_viz/src/controller/events/mod.rs:984:65: warning: casting `f64` to `u32` may truncate the value
crates/rs_cam_viz/src/controller/events/mod.rs:984:65: warning: casting `f64` to `u32` may lose the sign of the value
crates/rs_cam_viz/src/controller/events/mod.rs:1179:24: warning: called `map(<f>).unwrap_or_else(<g>)` on an `Option` value
crates/rs_cam_viz/src/controller/events/mod.rs:1402:32: warning: called `map(<f>).unwrap_or_else(<g>)` on an `Option` value
crates/rs_cam_viz/src/controller/events/mod.rs:1546:5: warning: this function has too many lines (109/100)
crates/rs_cam_viz/src/controller/generate_all.rs:88:9: warning: these match arms have identical bodies
crates/rs_cam_viz/src/controller/generate_all.rs:120:5: warning: this could be a `const fn`
crates/rs_cam_viz/src/controller/generate_all.rs:153:5: warning: this could be a `const fn`
crates/rs_cam_viz/src/controller/generate_all.rs:224:5: warning: this could be a `const fn`
crates/rs_cam_viz/src/controller/generate_all.rs:237:5: warning: this could be a `const fn`
crates/rs_cam_viz/src/controller/generate_all.rs:314:9: warning: `format!(..)` appended to existing `String`
crates/rs_cam_viz/src/controller/generate_all.rs:317:9: warning: `format!(..)` appended to existing `String`
crates/rs_cam_viz/src/controller/generate_all.rs:322:5: warning: `format!(..)` appended to existing `String`
crates/rs_cam_viz/src/controller/generate_all.rs:330:9: warning: `format!(..)` appended to existing `String`
crates/rs_cam_viz/src/controller/io.rs:519:40: warning: redundant closure: help: replace the closure with the method itself: `super::super::state::toolpath::entry::ToolpathResult::toolpath`
crates/rs_cam_viz/src/controller.rs:94:5: warning: this could be a `const fn`
crates/rs_cam_viz/src/controller.rs:249:5: warning: this could be a `const fn`
crates/rs_cam_viz/src/controller.rs:253:5: warning: this could be a `const fn`
crates/rs_cam_viz/src/controller.rs:257:5: warning: this could be a `const fn`
crates/rs_cam_viz/src/controller.rs:261:5: warning: this could be a `const fn`
crates/rs_cam_viz/src/controller.rs:265:5: warning: this could be a `const fn`
crates/rs_cam_viz/src/controller.rs:269:5: warning: this could be a `const fn`
crates/rs_cam_viz/src/controller.rs:283:5: warning: this could be a `const fn`
crates/rs_cam_viz/src/controller.rs:295:5: warning: this could be a `const fn`
crates/rs_cam_viz/src/controller.rs:351:5: warning: this could be a `const fn`
crates/rs_cam_viz/src/controller.rs:355:5: warning: this could be a `const fn`
crates/rs_cam_viz/src/controller.rs:461:17: warning: variables can be used directly in the `format!` string
crates/rs_cam_viz/src/controller.rs:551:9: warning: you seem to be trying to use `match` for destructuring a single pattern. Consider using `if let`
crates/rs_cam_viz/src/host.rs:60:1: warning: pub(crate) constant inside private module
crates/rs_cam_viz/src/host.rs:73:1: warning: pub(crate) type alias inside private module
crates/rs_cam_viz/src/host.rs:80:1: warning: pub(crate) type alias inside private module
crates/rs_cam_viz/src/host.rs:95:1: warning: pub(crate) struct inside private module
crates/rs_cam_viz/src/host.rs:100:5: warning: this could be a `const fn`
crates/rs_cam_viz/src/host.rs:163:1: warning: pub(crate) struct inside private module
crates/rs_cam_viz/src/host.rs:170:5: warning: this could be a `const fn`
crates/rs_cam_viz/src/interaction/picking.rs:71:1: warning: this function has too many lines (105/100)
crates/rs_cam_viz/src/interaction/picking.rs:107:9: warning: casts from `f32` to `f64` can be expressed infallibly using `From`
crates/rs_cam_viz/src/interaction/picking.rs:108:9: warning: casts from `f32` to `f64` can be expressed infallibly using `From`
crates/rs_cam_viz/src/interaction/picking.rs:109:9: warning: casts from `f32` to `f64` can be expressed infallibly using `From`
crates/rs_cam_viz/src/interaction/picking.rs:111:23: warning: casts from `f32` to `f64` can be expressed infallibly using `From`
crates/rs_cam_viz/src/interaction/picking.rs:111:41: warning: casts from `f32` to `f64` can be expressed infallibly using `From`
crates/rs_cam_viz/src/interaction/picking.rs:111:59: warning: casts from `f32` to `f64` can be expressed infallibly using `From`
crates/rs_cam_viz/src/interaction/picking.rs:221:24: warning: hypotenuse can be computed more accurately: help: consider using: `dx.hypot(dy)`
crates/rs_cam_viz/src/interaction/picking.rs:239:21: warning: casting `f64` to `f32` may truncate the value
crates/rs_cam_viz/src/interaction/picking.rs:242:22: warning: casting `f64` to `f32` may truncate the value
crates/rs_cam_viz/src/interaction/picking.rs:242:36: warning: casting `f64` to `f32` may truncate the value
crates/rs_cam_viz/src/interaction/picking.rs:249:24: warning: hypotenuse can be computed more accurately: help: consider using: `dx.hypot(dy)`
crates/rs_cam_viz/src/interaction/picking.rs:278:17: warning: casting `f64` to `f32` may truncate the value
crates/rs_cam_viz/src/interaction/picking.rs:283:22: warning: casting `f64` to `f32` may truncate the value
crates/rs_cam_viz/src/interaction/picking.rs:283:34: warning: casting `f64` to `f32` may truncate the value
crates/rs_cam_viz/src/interaction/picking.rs:290:24: warning: hypotenuse can be computed more accurately: help: consider using: `dx.hypot(dy)`
crates/rs_cam_viz/src/interaction/picking.rs:341:26: warning: casting `f64` to `f32` may truncate the value
crates/rs_cam_viz/src/interaction/picking.rs:341:45: warning: casting `f64` to `f32` may truncate the value
crates/rs_cam_viz/src/interaction/picking.rs:341:64: warning: casting `f64` to `f32` may truncate the value
crates/rs_cam_viz/src/interaction/picking.rs:348:28: warning: hypotenuse can be computed more accurately: help: consider using: `dx.hypot(dy)`
crates/rs_cam_viz/src/io/export.rs:35:9: warning: called `map(<f>).unwrap_or(<a>)` on an `Option` value
crates/rs_cam_viz/src/io/export.rs:36:9: warning: called `map(<f>).unwrap_or(<a>)` on an `Option` value
crates/rs_cam_viz/src/io/export.rs:70:1: warning: this could be a `const fn`
crates/rs_cam_viz/src/io/export.rs:208:1: warning: first doc comment paragraph is too long
crates/rs_cam_viz/src/io/export.rs:235:1: warning: first doc comment paragraph is too long
crates/rs_cam_viz/src/io/export.rs:267:1: warning: first doc comment paragraph is too long
crates/rs_cam_viz/src/io/export.rs:316:1: warning: this function's return value is unnecessarily wrapped by `Option`
crates/rs_cam_viz/src/io/export.rs:380:1: warning: first doc comment paragraph is too long
crates/rs_cam_viz/src/io/presets.rs:14:16: warning: called `map(<f>).unwrap_or_else(<g>)` on a `Result` value: help: try: `std::env::var("HOME").map_or_else(|_| PathBuf::from("."), PathBuf::from)`
crates/rs_cam_viz/src/io/presets.rs:54:25: warning: variables can be used directly in the `format!` string
crates/rs_cam_viz/src/io/presets.rs:64:22: warning: variables can be used directly in the `format!` string
crates/rs_cam_viz/src/io/presets.rs:72:25: warning: variables can be used directly in the `format!` string
crates/rs_cam_viz/src/io/presets.rs:75:20: warning: variables can be used directly in the `format!` string
crates/rs_cam_viz/src/io/presets.rs:85:25: warning: variables can be used directly in the `format!` string
crates/rs_cam_viz/src/io/presets.rs:88:20: warning: variables can be used directly in the `format!` string
crates/rs_cam_viz/src/io/presets.rs:92:22: warning: variables can be used directly in the `format!` string
crates/rs_cam_viz/src/io/presets.rs:117:18: warning: variables can be used directly in the `format!` string
crates/rs_cam_viz/src/io/presets.rs:133:24: warning: variables can be used directly in the `format!` string
crates/rs_cam_viz/src/io/setup_sheet.rs:37:1: warning: this could be a `const fn`
crates/rs_cam_viz/src/io/setup_sheet.rs:69:1: warning: this function has too many lines (266/100)
crates/rs_cam_viz/src/io/setup_sheet.rs:88:9: warning: variables can be used directly in the `format!` string
crates/rs_cam_viz/src/io/setup_sheet.rs:126:33: warning: use Option::map_or_else instead of an if let/else
crates/rs_cam_viz/src/io/setup_sheet.rs:203:25: warning: use Option::map_or_else instead of an if let/else: help: try: `kin.acceleration_xyz_mm_s2.map_or_else(|| format!("{:.0} mm/s² (isotropic)", kin.acceleration_mm_s2), |a| format!("X {:.0} / Y {:.0} / Z {:.0} mm/s²", a[0], a[1], a[2]))`
crates/rs_cam_viz/src/io/setup_sheet.rs:207:24: warning: use Option::map_or_else instead of an if let/else: help: try: `kin.jerk_mm_s3.map_or_else(|| "off (trapezoidal)".to_owned(), |j| format!("{j:.0} mm/s³"))`
crates/rs_cam_viz/src/io/setup_sheet.rs:310:25: warning: called `map(<f>).unwrap_or(<a>)` on an `Option` value
crates/rs_cam_viz/src/io/setup_sheet.rs:317:25: warning: use Option::map_or_else instead of an if let/else: help: try: `depth_of(&tc.operation).map_or_else(|| "-".to_owned(), |d| format!("{:.2} mm", d))`
crates/rs_cam_viz/src/io/setup_sheet.rs:318:24: warning: variables can be used directly in the `format!` string
crates/rs_cam_viz/src/io/setup_sheet.rs:321:24: warning: called `map(<f>).unwrap_or_else(<g>)` on an `Option` value
crates/rs_cam_viz/src/mcp_bridge.rs:20:1: warning: first doc comment paragraph is too long
crates/rs_cam_viz/src/mcp_bridge.rs:53:5: warning: this could be a `const fn`
crates/rs_cam_viz/src/mcp_bridge.rs:341:9: warning: use Option::map_or_else instead of an if let/else: help: try: `self.frame_age().map_or_else(|| self.sent.load(Ordering::Relaxed) > 0, |age| age >= PARKED_FRAME_LOOP)`
crates/rs_cam_viz/src/mcp_bridge.rs:404:62: warning: redundant closure: help: replace the closure with the method itself: `std::sync::PoisonError::into_inner`
crates/rs_cam_viz/src/mcp_bridge.rs:413:57: warning: redundant closure: help: replace the closure with the method itself: `std::sync::PoisonError::into_inner`
crates/rs_cam_viz/src/mcp_bridge.rs:420:13: warning: temporary with significant `Drop` can be early dropped
crates/rs_cam_viz/src/mcp_bridge.rs:420:57: warning: redundant closure: help: replace the closure with the method itself: `std::sync::PoisonError::into_inner`
crates/rs_cam_viz/src/mcp_bridge.rs:697:5: warning: this could be a `const fn`
crates/rs_cam_viz/src/mcp_bridge.rs:765:23: warning: use Option::map_or_else instead of an if let/else: help: try: `parked_frame_loop_warning(frame_loop).map_or_else(|| "No toolpath generation in flight — nothing to cancel".to_owned(), |warning| format!("No toolpath generation in flight — nothing to cancel. {warning}"))`
crates/rs_cam_viz/src/mcp_bridge.rs:963:23: warning: called `map(<f>).unwrap_or(<a>)` on an `Option` value
crates/rs_cam_viz/src/mcp_bridge.rs:1069:9: warning: these match arms have identical bodies
crates/rs_cam_viz/src/mcp_bridge.rs:1334:5: warning: this could be a `const fn`
crates/rs_cam_viz/src/mcp_server.rs:372:22: warning: called `map(<f>).unwrap_or(<a>)` on an `Option` value
crates/rs_cam_viz/src/present_mode.rs:110:5: warning: this could be a `const fn`
crates/rs_cam_viz/src/present_mode.rs:209:19: warning: use Option::map_or instead of an if let/else: help: try: `RECORD.read().map_or(true, |slot| slot.negotiated.as_deref() != Some(mode))`
crates/rs_cam_viz/src/render/camera.rs:32:5: warning: this could be a `const fn`
crates/rs_cam_viz/src/render/camera.rs:46:5: warning: this could be a `const fn`
crates/rs_cam_viz/src/render/camera.rs:101:9: warning: multiply and add expressions may be calculated more efficiently and accurately: help: consider using: `self.yaw = dx.mul_add(-0.005, self.yaw)`
crates/rs_cam_viz/src/render/camera.rs:102:22: warning: multiply and add expressions may be calculated more efficiently and accurately: help: consider using: `dy.mul_add(0.005, self.pitch)`
crates/rs_cam_viz/src/render/camera.rs:139:18: warning: manual implementation of `midpoint` which can overflow: help: use `f32::midpoint` instead: `f32::midpoint(min[0], max[0])`
crates/rs_cam_viz/src/render/camera.rs:140:18: warning: manual implementation of `midpoint` which can overflow: help: use `f32::midpoint` instead: `f32::midpoint(min[1], max[1])`
crates/rs_cam_viz/src/render/camera.rs:141:18: warning: manual implementation of `midpoint` which can overflow: help: use `f32::midpoint` instead: `f32::midpoint(min[2], max[2])`
crates/rs_cam_viz/src/render/camera.rs:165:24: warning: manual implementation of `midpoint` which can overflow: help: use `f32::midpoint` instead: `f32::midpoint(ndc_x, 1.0)`
crates/rs_cam_viz/src/render/camera.rs:185:21: warning: multiply and add expressions may be calculated more efficiently and accurately: help: consider using: `(screen_x / viewport_w).mul_add(2.0, -1.0)`
crates/rs_cam_viz/src/render/camera.rs:186:21: warning: multiply and add expressions may be calculated more efficiently and accurately: help: consider using: `(screen_y / viewport_h).mul_add(-2.0, 1.0)`
crates/rs_cam_viz/src/render/colors.rs:22:1: warning: this could be a `const fn`
crates/rs_cam_viz/src/render/fixture_render.rs:13:5: warning: this function has too many lines (114/100)
crates/rs_cam_viz/src/render/fixture_render.rs:23:24: warning: casting `f64` to `f32` may truncate the value
crates/rs_cam_viz/src/render/fixture_render.rs:23:43: warning: casting `f64` to `f32` may truncate the value
crates/rs_cam_viz/src/render/fixture_render.rs:23:62: warning: casting `f64` to `f32` may truncate the value
crates/rs_cam_viz/src/render/fixture_render.rs:24:24: warning: casting `f64` to `f32` may truncate the value
crates/rs_cam_viz/src/render/fixture_render.rs:24:43: warning: casting `f64` to `f32` may truncate the value
crates/rs_cam_viz/src/render/fixture_render.rs:24:62: warning: casting `f64` to `f32` may truncate the value
crates/rs_cam_viz/src/render/fixture_render.rs:132:28: warning: casting `usize` to `u32` may truncate the value on targets with 64-bit wide pointers
crates/rs_cam_viz/src/render/gpu_safety.rs:17:30: warning: casting `u64` to `usize` may truncate the value on targets with 32-bit wide pointers
crates/rs_cam_viz/src/render/grid_render.rs:20:21: warning: casting `f32` to `i32` may truncate the value
crates/rs_cam_viz/src/render/grid_render.rs:23:21: warning: casting `i32` to `f32` may cause a loss of precision (`i32` is 32 bits wide, but `f32`'s mantissa is only 23 bits wide)
crates/rs_cam_viz/src/render/grid_render.rs:35:21: warning: casting `i32` to `f32` may cause a loss of precision (`i32` is 32 bits wide, but `f32`'s mantissa is only 23 bits wide)
crates/rs_cam_viz/src/render/grid_render.rs:75:28: warning: casting `usize` to `u32` may truncate the value on targets with 64-bit wide pointers
crates/rs_cam_viz/src/render/grid_render.rs:85:29: warning: you seem to be trying to use `match` for destructuring a single pattern. Consider using `if let`
crates/rs_cam_viz/src/render/grid_render.rs:85:29: warning: use Option::map_or_else instead of an if let/else
crates/rs_cam_viz/src/render/grid_render.rs:153:28: warning: casting `usize` to `u32` may truncate the value on targets with 64-bit wide pointers
crates/rs_cam_viz/src/render/height_planes.rs:38:20: warning: casting `f64` to `f32` may truncate the value
crates/rs_cam_viz/src/render/height_planes.rs:42:20: warning: casting `f64` to `f32` may truncate the value
crates/rs_cam_viz/src/render/height_planes.rs:46:20: warning: casting `f64` to `f32` may truncate the value
crates/rs_cam_viz/src/render/height_planes.rs:50:20: warning: casting `f64` to `f32` may truncate the value
crates/rs_cam_viz/src/render/height_planes.rs:54:20: warning: casting `f64` to `f32` may truncate the value
crates/rs_cam_viz/src/render/height_planes.rs:59:20: warning: casting `f64` to `f32` may truncate the value
crates/rs_cam_viz/src/render/height_planes.rs:60:20: warning: casting `f64` to `f32` may truncate the value
crates/rs_cam_viz/src/render/height_planes.rs:61:20: warning: casting `f64` to `f32` may truncate the value
crates/rs_cam_viz/src/render/height_planes.rs:62:20: warning: casting `f64` to `f32` may truncate the value
crates/rs_cam_viz/src/render/height_planes.rs:68:24: warning: casting `usize` to `u32` may truncate the value on targets with 64-bit wide pointers
crates/rs_cam_viz/src/render/height_planes.rs:110:26: warning: casting `usize` to `u32` may truncate the value on targets with 64-bit wide pointers
crates/rs_cam_viz/src/render/mesh_render.rs:17:5: warning: this could be a `const fn`
crates/rs_cam_viz/src/render/mesh_render.rs:19:47: warning: unnecessary structure name repetition: help: use the applicable keyword: `Self`
crates/rs_cam_viz/src/render/mesh_render.rs:78:23: warning: casting `f64` to `f32` may truncate the value
crates/rs_cam_viz/src/render/mesh_render.rs:78:35: warning: casting `f64` to `f32` may truncate the value
crates/rs_cam_viz/src/render/mesh_render.rs:78:47: warning: casting `f64` to `f32` may truncate the value
crates/rs_cam_viz/src/render/mesh_render.rs:91:23: warning: multiply and add expressions may be calculated more efficiently and accurately: help: consider using: `n[2].mul_add(n[2], n[0] * n[0] + n[1] * n[1])`
crates/rs_cam_viz/src/render/mesh_render.rs:91:24: warning: multiply and add expressions may be calculated more efficiently and accurately: help: consider using: `n[1].mul_add(n[1], n[0] * n[0])`
crates/rs_cam_viz/src/render/mesh_render.rs:98:28: warning: casting `f64` to `f32` may truncate the value
crates/rs_cam_viz/src/render/mesh_render.rs:98:40: warning: casting `f64` to `f32` may truncate the value
crates/rs_cam_viz/src/render/mesh_render.rs:98:52: warning: casting `f64` to `f32` may truncate the value
crates/rs_cam_viz/src/render/mesh_render.rs:129:26: warning: casting `usize` to `u32` may truncate the value on targets with 64-bit wide pointers
crates/rs_cam_viz/src/render/mesh_render.rs:167:19: warning: casting `f64` to `f32` may truncate the value
crates/rs_cam_viz/src/render/mesh_render.rs:167:31: warning: casting `f64` to `f32` may truncate the value
crates/rs_cam_viz/src/render/mesh_render.rs:167:43: warning: casting `f64` to `f32` may truncate the value
crates/rs_cam_viz/src/render/mesh_render.rs:179:19: warning: multiply and add expressions may be calculated more efficiently and accurately: help: consider using: `n[2].mul_add(n[2], n[0] * n[0] + n[1] * n[1])`
crates/rs_cam_viz/src/render/mesh_render.rs:179:20: warning: multiply and add expressions may be calculated more efficiently and accurately: help: consider using: `n[1].mul_add(n[1], n[0] * n[0])`
crates/rs_cam_viz/src/render/mesh_render.rs:186:24: warning: casting `f64` to `f32` may truncate the value
crates/rs_cam_viz/src/render/mesh_render.rs:186:36: warning: casting `f64` to `f32` may truncate the value
crates/rs_cam_viz/src/render/mesh_render.rs:186:48: warning: casting `f64` to `f32` may truncate the value
crates/rs_cam_viz/src/render/mesh_render.rs:217:22: warning: casting `usize` to `u32` may truncate the value on targets with 64-bit wide pointers
crates/rs_cam_viz/src/render/mesh_render.rs:223:1: warning: this could be a `const fn`
crates/rs_cam_viz/src/render/mesh_render.rs:292:23: warning: casting `f64` to `f32` may truncate the value
crates/rs_cam_viz/src/render/mesh_render.rs:292:35: warning: casting `f64` to `f32` may truncate the value
crates/rs_cam_viz/src/render/mesh_render.rs:292:47: warning: casting `f64` to `f32` may truncate the value
crates/rs_cam_viz/src/render/mesh_render.rs:294:20: warning: casting `usize` to `u32` may truncate the value on targets with 64-bit wide pointers
crates/rs_cam_viz/src/render/mesh_render.rs:297:21: warning: use Option::map_or instead of an if let/else: help: try: `transform.as_ref().map_or(v, |xf| xf(v))`
crates/rs_cam_viz/src/render/mesh_render.rs:299:28: warning: casting `f64` to `f32` may truncate the value
crates/rs_cam_viz/src/render/mesh_render.rs:299:40: warning: casting `f64` to `f32` may truncate the value
crates/rs_cam_viz/src/render/mesh_render.rs:299:52: warning: casting `f64` to `f32` may truncate the value
crates/rs_cam_viz/src/render/mesh_render.rs:328:22: warning: casting `usize` to `u32` may truncate the value on targets with 64-bit wide pointers
crates/rs_cam_viz/src/render/sim_render.rs:17:5: warning: this could be a `const fn`
crates/rs_cam_viz/src/render/sim_render.rs:19:47: warning: unnecessary structure name repetition: help: use the applicable keyword: `Self`
crates/rs_cam_viz/src/render/sim_render.rs:124:40: warning: multiply and add expressions may be calculated more efficiently and accurately: help: consider using: `0.5f32.mul_add(t, 0.5)`
crates/rs_cam_viz/src/render/sim_render.rs:128:18: warning: multiply and add expressions may be calculated more efficiently and accurately: help: consider using: `0.4f32.mul_add(t, 0.6)`
crates/rs_cam_viz/src/render/sim_render.rs:132:18: warning: multiply and add expressions may be calculated more efficiently and accurately: help: consider using: `0.2f32.mul_add(t, 0.8)`
crates/rs_cam_viz/src/render/sim_render.rs:207:34: warning: casting `usize` to `u32` may truncate the value on targets with 64-bit wide pointers
crates/rs_cam_viz/src/render/sim_render.rs:249:22: warning: casting `f64` to `usize` may truncate the value
crates/rs_cam_viz/src/render/sim_render.rs:249:22: warning: casting `f64` to `usize` may lose the sign of the value
crates/rs_cam_viz/src/render/sim_render.rs:249:23: warning: casting `usize` to `f64` may cause a loss of precision (`usize` can be up to 64 bits wide depending on the target architecture, but `f64`'s mantissa is only 52 bits wide)
crates/rs_cam_viz/src/render/sim_render.rs:272:30: warning: casting `usize` to `u32` may truncate the value on targets with 64-bit wide pointers
crates/rs_cam_viz/src/render/sim_render.rs:296:30: warning: casting `usize` to `u32` may truncate the value on targets with 64-bit wide pointers
crates/rs_cam_viz/src/render/sim_render.rs:345:29: warning: casting `usize` to `u32` may truncate the value on targets with 64-bit wide pointers
crates/rs_cam_viz/src/render/sim_render.rs:422:17: warning: multiply and add expressions may be calculated more efficiently and accurately: help: consider using: `e1[2].mul_add(-e2[1], e1[1] * e2[2])`
crates/rs_cam_viz/src/render/sim_render.rs:423:17: warning: multiply and add expressions may be calculated more efficiently and accurately: help: consider using: `e1[0].mul_add(-e2[2], e1[2] * e2[0])`
crates/rs_cam_viz/src/render/sim_render.rs:424:17: warning: multiply and add expressions may be calculated more efficiently and accurately: help: consider using: `e1[1].mul_add(-e2[0], e1[0] * e2[1])`
crates/rs_cam_viz/src/render/sim_render.rs:436:23: warning: multiply and add expressions may be calculated more efficiently and accurately: help: consider using: `n[2].mul_add(n[2], n[0] * n[0] + n[1] * n[1])`
crates/rs_cam_viz/src/render/sim_render.rs:436:24: warning: multiply and add expressions may be calculated more efficiently and accurately: help: consider using: `n[1].mul_add(n[1], n[0] * n[0])`
crates/rs_cam_viz/src/render/sim_render.rs:507:21: warning: casting `f64` to `f32` may truncate the value
crates/rs_cam_viz/src/render/sim_render.rs:508:29: warning: casting `f64` to `f32` may truncate the value
crates/rs_cam_viz/src/render/sim_render.rs:510:28: warning: casting `f64` to `f32` may truncate the value
crates/rs_cam_viz/src/render/sim_render.rs:511:29: warning: casting `f64` to `f32` may truncate the value
crates/rs_cam_viz/src/render/sim_render.rs:512:31: warning: casting `f64` to `f32` may truncate the value
crates/rs_cam_viz/src/render/sim_render.rs:521:27: warning: casting `f64` to `f32` may truncate the value
crates/rs_cam_viz/src/render/sim_render.rs:522:27: warning: casting `f64` to `f32` may truncate the value
crates/rs_cam_viz/src/render/sim_render.rs:523:28: warning: casting `f64` to `f32` may truncate the value
crates/rs_cam_viz/src/render/sim_render.rs:524:23: warning: casting `f64` to `f32` may truncate the value
crates/rs_cam_viz/src/render/sim_render.rs:634:28: warning: casting `usize` to `u32` may truncate the value on targets with 64-bit wide pointers
crates/rs_cam_viz/src/render/sim_render.rs:660:46: warning: casting `usize` to `f32` may cause a loss of precision (`usize` can be up to 64 bits wide depending on the target architecture, but `f32`'s mantissa is only 23 bits wide)
crates/rs_cam_viz/src/render/sim_render.rs:660:59: warning: casting `usize` to `f32` may cause a loss of precision (`usize` can be up to 64 bits wide depending on the target architecture, but `f32`'s mantissa is only 23 bits wide)
crates/rs_cam_viz/src/render/sim_render.rs:661:46: warning: casting `usize` to `f32` may cause a loss of precision (`usize` can be up to 64 bits wide depending on the target architecture, but `f32`'s mantissa is only 23 bits wide)
crates/rs_cam_viz/src/render/sim_render.rs:661:65: warning: casting `usize` to `f32` may cause a loss of precision (`usize` can be up to 64 bits wide depending on the target architecture, but `f32`'s mantissa is only 23 bits wide)
crates/rs_cam_viz/src/render/sim_render.rs:663:28: warning: multiply and add expressions may be calculated more efficiently and accurately: help: consider using: `radius.mul_add(a0.cos(), self.cx)`
crates/rs_cam_viz/src/render/sim_render.rs:663:57: warning: multiply and add expressions may be calculated more efficiently and accurately: help: consider using: `radius.mul_add(a0.sin(), self.cy)`
crates/rs_cam_viz/src/render/sim_render.rs:667:28: warning: multiply and add expressions may be calculated more efficiently and accurately: help: consider using: `radius.mul_add(a1.cos(), self.cx)`
crates/rs_cam_viz/src/render/sim_render.rs:667:57: warning: multiply and add expressions may be calculated more efficiently and accurately: help: consider using: `radius.mul_add(a1.sin(), self.cy)`
crates/rs_cam_viz/src/render/sim_render.rs:683:45: warning: casting `i32` to `f32` may cause a loss of precision (`i32` is 32 bits wide, but `f32`'s mantissa is only 23 bits wide)
crates/rs_cam_viz/src/render/sim_render.rs:686:21: warning: multiply and add expressions may be calculated more efficiently and accurately: help: consider using: `bottom_r.mul_add(a.cos(), self.cx)`
crates/rs_cam_viz/src/render/sim_render.rs:687:21: warning: multiply and add expressions may be calculated more efficiently and accurately: help: consider using: `bottom_r.mul_add(a.sin(), self.cy)`
crates/rs_cam_viz/src/render/sim_render.rs:693:28: warning: multiply and add expressions may be calculated more efficiently and accurately: help: consider using: `top_r.mul_add(a.cos(), self.cx)`
crates/rs_cam_viz/src/render/sim_render.rs:693:55: warning: multiply and add expressions may be calculated more efficiently and accurately: help: consider using: `top_r.mul_add(a.sin(), self.cy)`
crates/rs_cam_viz/src/render/sim_render.rs:702:45: warning: casting `usize` to `f32` may cause a loss of precision (`usize` can be up to 64 bits wide depending on the target architecture, but `f32`'s mantissa is only 23 bits wide)
crates/rs_cam_viz/src/render/sim_render.rs:702:58: warning: casting `usize` to `f32` may cause a loss of precision (`usize` can be up to 64 bits wide depending on the target architecture, but `f32`'s mantissa is only 23 bits wide)
crates/rs_cam_viz/src/render/sim_render.rs:703:45: warning: casting `usize` to `f32` may cause a loss of precision (`usize` can be up to 64 bits wide depending on the target architecture, but `f32`'s mantissa is only 23 bits wide)
crates/rs_cam_viz/src/render/sim_render.rs:703:64: warning: casting `usize` to `f32` may cause a loss of precision (`usize` can be up to 64 bits wide depending on the target architecture, but `f32`'s mantissa is only 23 bits wide)
crates/rs_cam_viz/src/render/sim_render.rs:707:21: warning: multiply and add expressions may be calculated more efficiently and accurately: help: consider using: `radius.mul_add(a0.sin(), self.cx)`
crates/rs_cam_viz/src/render/sim_render.rs:709:21: warning: multiply and add expressions may be calculated more efficiently and accurately: help: consider using: `radius.mul_add(-a0.cos(), center_z)`
crates/rs_cam_viz/src/render/sim_render.rs:715:21: warning: multiply and add expressions may be calculated more efficiently and accurately: help: consider using: `radius.mul_add(a1.sin(), self.cx)`
crates/rs_cam_viz/src/render/sim_render.rs:717:21: warning: multiply and add expressions may be calculated more efficiently and accurately: help: consider using: `radius.mul_add(-a1.cos(), center_z)`
crates/rs_cam_viz/src/render/sim_render.rs:725:21: warning: multiply and add expressions may be calculated more efficiently and accurately: help: consider using: `radius.mul_add(a0.sin(), self.cy)`
crates/rs_cam_viz/src/render/sim_render.rs:726:21: warning: multiply and add expressions may be calculated more efficiently and accurately: help: consider using: `radius.mul_add(-a0.cos(), center_z)`
crates/rs_cam_viz/src/render/sim_render.rs:733:21: warning: multiply and add expressions may be calculated more efficiently and accurately: help: consider using: `radius.mul_add(a1.sin(), self.cy)`
crates/rs_cam_viz/src/render/sim_render.rs:734:21: warning: multiply and add expressions may be calculated more efficiently and accurately: help: consider using: `radius.mul_add(-a1.cos(), center_z)`
crates/rs_cam_viz/src/render/sim_render.rs:781:45: warning: casting `i32` to `f32` may cause a loss of precision (`i32` is 32 bits wide, but `f32`'s mantissa is only 23 bits wide)
crates/rs_cam_viz/src/render/sim_render.rs:782:26: warning: multiply and add expressions may be calculated more efficiently and accurately: help: consider using: `inner_r.mul_add(a.cos(), self.cx)`
crates/rs_cam_viz/src/render/sim_render.rs:783:26: warning: multiply and add expressions may be calculated more efficiently and accurately: help: consider using: `inner_r.mul_add(a.sin(), self.cy)`
crates/rs_cam_viz/src/render/sim_render.rs:785:56: warning: casting `usize` to `f32` may cause a loss of precision (`usize` can be up to 64 bits wide depending on the target architecture, but `f32`'s mantissa is only 23 bits wide)
crates/rs_cam_viz/src/render/sim_render.rs:785:69: warning: casting `usize` to `f32` may cause a loss of precision (`usize` can be up to 64 bits wide depending on the target architecture, but `f32`'s mantissa is only 23 bits wide)
crates/rs_cam_viz/src/render/sim_render.rs:786:56: warning: casting `usize` to `f32` may cause a loss of precision (`usize` can be up to 64 bits wide depending on the target architecture, but `f32`'s mantissa is only 23 bits wide)
crates/rs_cam_viz/src/render/sim_render.rs:786:75: warning: casting `usize` to `f32` may cause a loss of precision (`usize` can be up to 64 bits wide depending on the target architecture, but `f32`'s mantissa is only 23 bits wide)
crates/rs_cam_viz/src/render/sim_render.rs:838:45: warning: casting `i32` to `f32` may cause a loss of precision (`i32` is 32 bits wide, but `f32`'s mantissa is only 23 bits wide)
crates/rs_cam_viz/src/render/sim_render.rs:844:28: warning: multiply and add expressions may be calculated more efficiently and accurately: help: consider using: `r.mul_add(a.cos(), self.cx)`
crates/rs_cam_viz/src/render/sim_render.rs:844:51: warning: multiply and add expressions may be calculated more efficiently and accurately: help: consider using: `r.mul_add(a.sin(), self.cy)`
crates/rs_cam_viz/src/render/sim_render.rs:900:42: warning: casting `usize` to `f32` may cause a loss of precision (`usize` can be up to 64 bits wide depending on the target architecture, but `f32`'s mantissa is only 23 bits wide)
crates/rs_cam_viz/src/render/sim_render.rs:900:55: warning: casting `usize` to `f32` may cause a loss of precision (`usize` can be up to 64 bits wide depending on the target architecture, but `f32`'s mantissa is only 23 bits wide)
crates/rs_cam_viz/src/render/sim_render.rs:901:42: warning: casting `usize` to `f32` may cause a loss of precision (`usize` can be up to 64 bits wide depending on the target architecture, but `f32`'s mantissa is only 23 bits wide)
crates/rs_cam_viz/src/render/sim_render.rs:901:61: warning: casting `usize` to `f32` may cause a loss of precision (`usize` can be up to 64 bits wide depending on the target architecture, but `f32`'s mantissa is only 23 bits wide)
crates/rs_cam_viz/src/render/sim_render.rs:905:21: warning: multiply and add expressions may be calculated more efficiently and accurately: help: consider using: `radius.mul_add(a0.sin(), self.cx)`
crates/rs_cam_viz/src/render/sim_render.rs:907:21: warning: multiply and add expressions may be calculated more efficiently and accurately: help: consider using: `radius.mul_add(-a0.cos(), center_z)`
crates/rs_cam_viz/src/render/sim_render.rs:913:21: warning: multiply and add expressions may be calculated more efficiently and accurately: help: consider using: `radius.mul_add(a1.sin(), self.cx)`
crates/rs_cam_viz/src/render/sim_render.rs:915:21: warning: multiply and add expressions may be calculated more efficiently and accurately: help: consider using: `radius.mul_add(-a1.cos(), center_z)`
crates/rs_cam_viz/src/render/sim_render.rs:923:21: warning: multiply and add expressions may be calculated more efficiently and accurately: help: consider using: `radius.mul_add(a0.sin(), self.cy)`
crates/rs_cam_viz/src/render/sim_render.rs:924:21: warning: multiply and add expressions may be calculated more efficiently and accurately: help: consider using: `radius.mul_add(-a0.cos(), center_z)`
crates/rs_cam_viz/src/render/sim_render.rs:931:21: warning: multiply and add expressions may be calculated more efficiently and accurately: help: consider using: `radius.mul_add(a1.sin(), self.cy)`
crates/rs_cam_viz/src/render/sim_render.rs:932:21: warning: multiply and add expressions may be calculated more efficiently and accurately: help: consider using: `radius.mul_add(-a1.cos(), center_z)`
crates/rs_cam_viz/src/render/stock_render.rs:14:5: warning: this function has too many lines (111/100)
crates/rs_cam_viz/src/render/stock_render.rs:18:19: warning: casting `f64` to `f32` may truncate the value
crates/rs_cam_viz/src/render/stock_render.rs:18:38: warning: casting `f64` to `f32` may truncate the value
crates/rs_cam_viz/src/render/stock_render.rs:18:57: warning: casting `f64` to `f32` may truncate the value
crates/rs_cam_viz/src/render/stock_render.rs:19:19: warning: casting `f64` to `f32` may truncate the value
crates/rs_cam_viz/src/render/stock_render.rs:19:38: warning: casting `f64` to `f32` may truncate the value
crates/rs_cam_viz/src/render/stock_render.rs:19:57: warning: casting `f64` to `f32` may truncate the value
crates/rs_cam_viz/src/render/stock_render.rs:146:5: warning: this function has too many lines (149/100)
crates/rs_cam_viz/src/render/stock_render.rs:149:19: warning: casting `f64` to `f32` may truncate the value
crates/rs_cam_viz/src/render/stock_render.rs:149:38: warning: casting `f64` to `f32` may truncate the value
crates/rs_cam_viz/src/render/stock_render.rs:149:57: warning: casting `f64` to `f32` may truncate the value
crates/rs_cam_viz/src/render/stock_render.rs:150:19: warning: casting `f64` to `f32` may truncate the value
crates/rs_cam_viz/src/render/stock_render.rs:150:38: warning: casting `f64` to `f32` may truncate the value
crates/rs_cam_viz/src/render/stock_render.rs:150:57: warning: casting `f64` to `f32` may truncate the value
crates/rs_cam_viz/src/render/toolpath_render.rs:35:13: warning: multiply and add expressions may be calculated more efficiently and accurately: help: consider using: `(p1[0] - p0[0]).mul_add(t, p0[0])`
crates/rs_cam_viz/src/render/toolpath_render.rs:36:13: warning: multiply and add expressions may be calculated more efficiently and accurately: help: consider using: `(p1[1] - p0[1]).mul_add(t, p0[1])`
crates/rs_cam_viz/src/render/toolpath_render.rs:37:13: warning: multiply and add expressions may be calculated more efficiently and accurately: help: consider using: `(p1[2] - p0[2]).mul_add(t, p0[2])`
crates/rs_cam_viz/src/render/toolpath_render.rs:117:5: warning: this function has too many lines (191/100)
crates/rs_cam_viz/src/render/toolpath_render.rs:130:39: warning: casting `f64` to `usize` may truncate the value
crates/rs_cam_viz/src/render/toolpath_render.rs:130:39: warning: casting `f64` to `usize` may lose the sign of the value
crates/rs_cam_viz/src/render/toolpath_render.rs:130:40: warning: casting `usize` to `f64` may cause a loss of precision (`usize` can be up to 64 bits wide depending on the target architecture, but `f64`'s mantissa is only 52 bits wide)
crates/rs_cam_viz/src/render/toolpath_render.rs:154:17: warning: wildcard matches only a single variant and will also match any future added variants: help: try: `MoveType::Rapid`
crates/rs_cam_viz/src/render/toolpath_render.rs:176:21: warning: casting `f64` to `f32` may truncate the value
crates/rs_cam_viz/src/render/toolpath_render.rs:178:30: warning: use Option::map_or instead of an if let/else: help: try: `pass_index.map_or(1.0, |p| 1.0 + ((p as f32 % 4.0) - 1.5) * 0.06)`
crates/rs_cam_viz/src/render/toolpath_render.rs:179:28: warning: multiply and add expressions may be calculated more efficiently and accurately: help: consider using: `((p as f32 % 4.0) - 1.5).mul_add(0.06, 1.0)`
crates/rs_cam_viz/src/render/toolpath_render.rs:179:36: warning: casting `u32` to `f32` may cause a loss of precision (`u32` is 32 bits wide, but `f32`'s mantissa is only 23 bits wide)
crates/rs_cam_viz/src/render/toolpath_render.rs:195:13: warning: manual implementation of `midpoint` which can overflow: help: use `f32::midpoint` instead: `f32::midpoint(base[0], 0.5)`
crates/rs_cam_viz/src/render/toolpath_render.rs:196:13: warning: manual implementation of `midpoint` which can overflow: help: use `f32::midpoint` instead: `f32::midpoint(base[1], 0.5)`
crates/rs_cam_viz/src/render/toolpath_render.rs:197:13: warning: manual implementation of `midpoint` which can overflow: help: use `f32::midpoint` instead: `f32::midpoint(base[2], 0.5)`
crates/rs_cam_viz/src/render/toolpath_render.rs:218:13: warning: use Option::map_or instead of an if let/else: help: try: `span_paths.get(move_idx).map_or(SpanClass::Cut { pass_index: None }, |path| annotated.classify_span_path(path))`
crates/rs_cam_viz/src/render/toolpath_render.rs:237:27: warning: casting `f64` to `f32` may truncate the value
crates/rs_cam_viz/src/render/toolpath_render.rs:237:42: warning: casting `f64` to `f32` may truncate the value
crates/rs_cam_viz/src/render/toolpath_render.rs:237:57: warning: casting `f64` to `f32` may truncate the value
crates/rs_cam_viz/src/render/toolpath_render.rs:238:27: warning: casting `f64` to `f32` may truncate the value
crates/rs_cam_viz/src/render/toolpath_render.rs:238:40: warning: casting `f64` to `f32` may truncate the value
crates/rs_cam_viz/src/render/toolpath_render.rs:238:53: warning: casting `f64` to `f32` may truncate the value
crates/rs_cam_viz/src/render/toolpath_render.rs:283:34: warning: casting `usize` to `u32` may truncate the value on targets with 64-bit wide pointers
crates/rs_cam_viz/src/render/toolpath_render.rs:284:36: warning: casting `usize` to `u32` may truncate the value on targets with 64-bit wide pointers
crates/rs_cam_viz/src/render/toolpath_render.rs:301:32: warning: casting `usize` to `u32` may truncate the value on targets with 64-bit wide pointers
crates/rs_cam_viz/src/render/toolpath_render.rs:302:34: warning: casting `usize` to `u32` may truncate the value on targets with 64-bit wide pointers
crates/rs_cam_viz/src/render/toolpath_render.rs:379:13: warning: casting `usize` to `u32` may truncate the value on targets with 64-bit wide pointers
crates/rs_cam_viz/src/render/toolpath_render.rs:404:13: warning: casting `usize` to `u32` may truncate the value on targets with 64-bit wide pointers
crates/rs_cam_viz/src/render/toolpath_render.rs:414:5: warning: this function has too many lines (117/100)
crates/rs_cam_viz/src/render/toolpath_render.rs:422:39: warning: casting `f64` to `usize` may truncate the value
crates/rs_cam_viz/src/render/toolpath_render.rs:422:39: warning: casting `f64` to `usize` may lose the sign of the value
crates/rs_cam_viz/src/render/toolpath_render.rs:422:40: warning: casting `usize` to `f64` may cause a loss of precision (`usize` can be up to 64 bits wide depending on the target architecture, but `f64`'s mantissa is only 52 bits wide)
crates/rs_cam_viz/src/render/toolpath_render.rs:450:27: warning: casting `f64` to `f32` may truncate the value
crates/rs_cam_viz/src/render/toolpath_render.rs:450:42: warning: casting `f64` to `f32` may truncate the value
crates/rs_cam_viz/src/render/toolpath_render.rs:450:57: warning: casting `f64` to `f32` may truncate the value
crates/rs_cam_viz/src/render/toolpath_render.rs:451:27: warning: casting `f64` to `f32` may truncate the value
crates/rs_cam_viz/src/render/toolpath_render.rs:451:40: warning: casting `f64` to `f32` may truncate the value
crates/rs_cam_viz/src/render/toolpath_render.rs:451:53: warning: casting `f64` to `f32` may truncate the value
crates/rs_cam_viz/src/render/toolpath_render.rs:453:17: warning: you seem to be trying to use `match` for an equality check. Consider using `if`
crates/rs_cam_viz/src/render/toolpath_render.rs:479:34: warning: casting `usize` to `u32` may truncate the value on targets with 64-bit wide pointers
crates/rs_cam_viz/src/render/toolpath_render.rs:480:36: warning: casting `usize` to `u32` may truncate the value on targets with 64-bit wide pointers
crates/rs_cam_viz/src/render/toolpath_render.rs:496:32: warning: casting `usize` to `u32` may truncate the value on targets with 64-bit wide pointers
crates/rs_cam_viz/src/render/toolpath_render.rs:497:34: warning: casting `usize` to `u32` may truncate the value on targets with 64-bit wide pointers
crates/rs_cam_viz/src/render/toolpath_render.rs:568:5: warning: this function has too many lines (118/100)
crates/rs_cam_viz/src/render/toolpath_render.rs:577:39: warning: casting `f64` to `usize` may truncate the value
crates/rs_cam_viz/src/render/toolpath_render.rs:577:39: warning: casting `f64` to `usize` may lose the sign of the value
crates/rs_cam_viz/src/render/toolpath_render.rs:577:40: warning: casting `usize` to `f64` may cause a loss of precision (`usize` can be up to 64 bits wide depending on the target architecture, but `f64`'s mantissa is only 52 bits wide)
crates/rs_cam_viz/src/render/toolpath_render.rs:607:27: warning: casting `f64` to `f32` may truncate the value
crates/rs_cam_viz/src/render/toolpath_render.rs:607:42: warning: casting `f64` to `f32` may truncate the value
crates/rs_cam_viz/src/render/toolpath_render.rs:607:57: warning: casting `f64` to `f32` may truncate the value
crates/rs_cam_viz/src/render/toolpath_render.rs:608:27: warning: casting `f64` to `f32` may truncate the value
crates/rs_cam_viz/src/render/toolpath_render.rs:608:40: warning: casting `f64` to `f32` may truncate the value
crates/rs_cam_viz/src/render/toolpath_render.rs:608:53: warning: casting `f64` to `f32` may truncate the value
crates/rs_cam_viz/src/render/toolpath_render.rs:610:17: warning: you seem to be trying to use `match` for an equality check. Consider using `if`
crates/rs_cam_viz/src/render/toolpath_render.rs:635:34: warning: casting `usize` to `u32` may truncate the value on targets with 64-bit wide pointers
crates/rs_cam_viz/src/render/toolpath_render.rs:636:36: warning: casting `usize` to `u32` may truncate the value on targets with 64-bit wide pointers
crates/rs_cam_viz/src/render/toolpath_render.rs:652:32: warning: casting `usize` to `u32` may truncate the value on targets with 64-bit wide pointers
crates/rs_cam_viz/src/render/toolpath_render.rs:653:34: warning: casting `usize` to `u32` may truncate the value on targets with 64-bit wide pointers
crates/rs_cam_viz/src/render/toolpath_render.rs:733:21: warning: casting `f64` to `f32` may truncate the value
crates/rs_cam_viz/src/render/toolpath_render.rs:735:17: warning: multiply and add expressions may be calculated more efficiently and accurately: help: consider using: `(0.00 - 0.20).mul_add(t, 0.20)`
crates/rs_cam_viz/src/render/toolpath_render.rs:736:17: warning: multiply and add expressions may be calculated more efficiently and accurately: help: consider using: `(0.85 - 0.40).mul_add(t, 0.40)`
crates/rs_cam_viz/src/render/toolpath_render.rs:737:17: warning: multiply and add expressions may be calculated more efficiently and accurately: help: consider using: `(0.30 - 0.90).mul_add(t, 0.90)`
crates/rs_cam_viz/src/render/toolpath_render.rs:782:17: warning: casting `f64` to `f32` may truncate the value
crates/rs_cam_viz/src/render/toolpath_render.rs:790:13: warning: multiply and add expressions may be calculated more efficiently and accurately: help: consider using: `(1.0 - t).mul_add(0.7, 0.2)`
crates/rs_cam_viz/src/render/toolpath_render.rs:791:13: warning: multiply and add expressions may be calculated more efficiently and accurately: help: consider using: `(1.0 - t).mul_add(-0.1, 0.8)`
crates/rs_cam_viz/src/render/toolpath_render.rs:792:13: warning: multiply and add expressions may be calculated more efficiently and accurately: help: consider using: `(1.0 - t).mul_add(-0.2, 0.3)`
crates/rs_cam_viz/src/render/toolpath_render.rs:797:10: warning: multiply and add expressions may be calculated more efficiently and accurately: help: consider using: `(1.0 - t).mul_add(-0.1, 0.9)`
crates/rs_cam_viz/src/render/toolpath_render.rs:813:1: warning: this function has too many lines (123/100)
crates/rs_cam_viz/src/render/toolpath_render.rs:845:27: warning: hypotenuse can be computed more accurately: help: consider using: `dx.hypot(dy)`
crates/rs_cam_viz/src/render/toolpath_render.rs:854:21: warning: casting `f64` to `f32` may truncate the value
crates/rs_cam_viz/src/render/toolpath_render.rs:854:21: warning: multiply and add expressions may be calculated more efficiently and accurately: help: consider using: `dir_x.mul_add(-horiz_dist, entry_pos.x)`
crates/rs_cam_viz/src/render/toolpath_render.rs:855:21: warning: casting `f64` to `f32` may truncate the value
crates/rs_cam_viz/src/render/toolpath_render.rs:855:21: warning: multiply and add expressions may be calculated more efficiently and accurately: help: consider using: `dir_y.mul_add(-horiz_dist, entry_pos.y)`
crates/rs_cam_viz/src/render/toolpath_render.rs:856:21: warning: casting `f64` to `f32` may truncate the value
crates/rs_cam_viz/src/render/toolpath_render.rs:858:28: warning: casting `f64` to `f32` may truncate the value
crates/rs_cam_viz/src/render/toolpath_render.rs:858:48: warning: casting `f64` to `f32` may truncate the value
crates/rs_cam_viz/src/render/toolpath_render.rs:858:68: warning: casting `f64` to `f32` may truncate the value
crates/rs_cam_viz/src/render/toolpath_render.rs:884:30: warning: casts from `i32` to `f64` can be expressed infallibly using `From`
crates/rs_cam_viz/src/render/toolpath_render.rs:884:41: warning: casts from `i32` to `f64` can be expressed infallibly using `From`
crates/rs_cam_viz/src/render/toolpath_render.rs:885:30: warning: casts from `i32` to `f64` can be expressed infallibly using `From`
crates/rs_cam_viz/src/render/toolpath_render.rs:885:47: warning: casts from `i32` to `f64` can be expressed infallibly using `From`
crates/rs_cam_viz/src/render/toolpath_render.rs:894:29: warning: casting `f64` to `f32` may truncate the value
crates/rs_cam_viz/src/render/toolpath_render.rs:894:29: warning: multiply and add expressions may be calculated more efficiently and accurately: help: consider using: `r.mul_add(a0.cos(), cx)`
crates/rs_cam_viz/src/render/toolpath_render.rs:895:29: warning: casting `f64` to `f32` may truncate the value
crates/rs_cam_viz/src/render/toolpath_render.rs:895:29: warning: multiply and add expressions may be calculated more efficiently and accurately: help: consider using: `r.mul_add(a0.sin(), cy)`
crates/rs_cam_viz/src/render/toolpath_render.rs:896:29: warning: casting `f64` to `f32` may truncate the value
crates/rs_cam_viz/src/render/toolpath_render.rs:902:29: warning: casting `f64` to `f32` may truncate the value
crates/rs_cam_viz/src/render/toolpath_render.rs:902:29: warning: multiply and add expressions may be calculated more efficiently and accurately: help: consider using: `r.mul_add(a1.cos(), cx)`
crates/rs_cam_viz/src/render/toolpath_render.rs:903:29: warning: casting `f64` to `f32` may truncate the value
crates/rs_cam_viz/src/render/toolpath_render.rs:903:29: warning: multiply and add expressions may be calculated more efficiently and accurately: help: consider using: `r.mul_add(a1.sin(), cy)`
crates/rs_cam_viz/src/render/toolpath_render.rs:904:29: warning: casting `f64` to `f32` may truncate the value
crates/rs_cam_viz/src/render/toolpath_render.rs:917:19: warning: hypotenuse can be computed more accurately: help: consider using: `dx.hypot(dy)`
crates/rs_cam_viz/src/render/toolpath_render.rs:927:22: warning: multiply and add expressions may be calculated more efficiently and accurately: help: consider using: `perp_x.mul_add(config.lead_radius, entry_pos.x)`
crates/rs_cam_viz/src/render/toolpath_render.rs:928:22: warning: multiply and add expressions may be calculated more efficiently and accurately: help: consider using: `perp_y.mul_add(config.lead_radius, entry_pos.y)`
crates/rs_cam_viz/src/render/toolpath_render.rs:937:22: warning: casts from `i32` to `f64` can be expressed infallibly using `From`
crates/rs_cam_viz/src/render/toolpath_render.rs:937:33: warning: casts from `i32` to `f64` can be expressed infallibly using `From`
crates/rs_cam_viz/src/render/toolpath_render.rs:938:22: warning: casts from `i32` to `f64` can be expressed infallibly using `From`
crates/rs_cam_viz/src/render/toolpath_render.rs:938:39: warning: casts from `i32` to `f64` can be expressed infallibly using `From`
crates/rs_cam_viz/src/render/toolpath_render.rs:945:21: warning: casting `f64` to `f32` may truncate the value
crates/rs_cam_viz/src/render/toolpath_render.rs:945:21: warning: multiply and add expressions may be calculated more efficiently and accurately: help: consider using: `r.mul_add(a0.cos(), arc_cx)`
crates/rs_cam_viz/src/render/toolpath_render.rs:946:21: warning: casting `f64` to `f32` may truncate the value
crates/rs_cam_viz/src/render/toolpath_render.rs:946:21: warning: multiply and add expressions may be calculated more efficiently and accurately: help: consider using: `r.mul_add(a0.sin(), arc_cy)`
crates/rs_cam_viz/src/render/toolpath_render.rs:947:21: warning: casting `f64` to `f32` may truncate the value
crates/rs_cam_viz/src/render/toolpath_render.rs:953:21: warning: casting `f64` to `f32` may truncate the value
crates/rs_cam_viz/src/render/toolpath_render.rs:953:21: warning: multiply and add expressions may be calculated more efficiently and accurately: help: consider using: `r.mul_add(a1.cos(), arc_cx)`
crates/rs_cam_viz/src/render/toolpath_render.rs:954:21: warning: casting `f64` to `f32` may truncate the value
crates/rs_cam_viz/src/render/toolpath_render.rs:954:21: warning: multiply and add expressions may be calculated more efficiently and accurately: help: consider using: `r.mul_add(a1.sin(), arc_cy)`
crates/rs_cam_viz/src/render/toolpath_render.rs:955:21: warning: casting `f64` to `f32` may truncate the value
crates/rs_cam_viz/src/render/toolpath_render.rs:973:1: warning: first doc comment paragraph is too long
crates/rs_cam_viz/src/render/toolpath_render.rs:1010:19: warning: casting `usize` to `f64` may cause a loss of precision (`usize` can be up to 64 bits wide depending on the target architecture, but `f64`'s mantissa is only 52 bits wide)
crates/rs_cam_viz/src/render/toolpath_render.rs:1010:30: warning: casting `usize` to `f64` may cause a loss of precision (`usize` can be up to 64 bits wide depending on the target architecture, but `f64`'s mantissa is only 52 bits wide)
crates/rs_cam_viz/src/render/toolpath_render.rs:1022:26: warning: casting `usize` to `f64` may cause a loss of precision (`usize` can be up to 64 bits wide depending on the target architecture, but `f64`'s mantissa is only 52 bits wide)
crates/rs_cam_viz/src/render/toolpath_render.rs:1022:41: warning: casting `usize` to `f64` may cause a loss of precision (`usize` can be up to 64 bits wide depending on the target architecture, but `f64`'s mantissa is only 52 bits wide)
crates/rs_cam_viz/src/render/toolpath_render.rs:1023:26: warning: casting `usize` to `f64` may cause a loss of precision (`usize` can be up to 64 bits wide depending on the target architecture, but `f64`'s mantissa is only 52 bits wide)
crates/rs_cam_viz/src/render/toolpath_render.rs:1023:47: warning: casting `usize` to `f64` may cause a loss of precision (`usize` can be up to 64 bits wide depending on the target architecture, but `f64`'s mantissa is only 52 bits wide)
crates/rs_cam_viz/src/render/toolpath_render.rs:1026:25: warning: casting `f64` to `f32` may truncate the value
crates/rs_cam_viz/src/render/toolpath_render.rs:1027:25: warning: casting `f64` to `f32` may truncate the value
crates/rs_cam_viz/src/render/toolpath_render.rs:1028:25: warning: casting `f64` to `f32` may truncate the value
crates/rs_cam_viz/src/render/toolpath_render.rs:1034:25: warning: casting `f64` to `f32` may truncate the value
crates/rs_cam_viz/src/render/toolpath_render.rs:1035:25: warning: casting `f64` to `f32` may truncate the value
crates/rs_cam_viz/src/render/toolpath_render.rs:1036:25: warning: casting `f64` to `f32` may truncate the value
crates/rs_cam_viz/src/render/upload_cache.rs:288:5: warning: this could be a `const fn`
crates/rs_cam_viz/src/render/upload_cache.rs:288:5: warning: missing `#[must_use]` attribute on a method returning `Self`
crates/rs_cam_viz/src/render/upload_cache.rs:288:35: warning: unnecessary structure name repetition: help: use the applicable keyword: `Self`
crates/rs_cam_viz/src/render/upload_cache.rs:288:51: warning: unnecessary structure name repetition: help: use the applicable keyword: `Self`
crates/rs_cam_viz/src/render/upload_cache.rs:289:9: warning: unnecessary structure name repetition: help: use the applicable keyword: `Self`
crates/rs_cam_viz/src/render/mod.rs:29:5: warning: field marked as public but also inferred as unused because it's prefixed with `_`
crates/rs_cam_viz/src/render/mod.rs:31:5: warning: field marked as public but also inferred as unused because it's prefixed with `_`
crates/rs_cam_viz/src/render/mod.rs:40:5: warning: field marked as public but also inferred as unused because it's prefixed with `_`
crates/rs_cam_viz/src/render/mod.rs:74:5: warning: field marked as public but also inferred as unused because it's prefixed with `_`
crates/rs_cam_viz/src/render/mod.rs:240:5: warning: this function has too many lines (433/100)
crates/rs_cam_viz/src/render/mod.rs:306:38: warning: calling `PipelineCompilationOptions::default()` is more clear than this expression: help: try: `PipelineCompilationOptions::default()`
crates/rs_cam_viz/src/render/mod.rs:316:38: warning: calling `PipelineCompilationOptions::default()` is more clear than this expression: help: try: `PipelineCompilationOptions::default()`
crates/rs_cam_viz/src/render/mod.rs:402:38: warning: calling `PipelineCompilationOptions::default()` is more clear than this expression: help: try: `PipelineCompilationOptions::default()`
crates/rs_cam_viz/src/render/mod.rs:412:38: warning: calling `PipelineCompilationOptions::default()` is more clear than this expression: help: try: `PipelineCompilationOptions::default()`
crates/rs_cam_viz/src/render/mod.rs:437:42: warning: calling `PipelineCompilationOptions::default()` is more clear than this expression: help: try: `PipelineCompilationOptions::default()`
crates/rs_cam_viz/src/render/mod.rs:447:42: warning: calling `PipelineCompilationOptions::default()` is more clear than this expression: help: try: `PipelineCompilationOptions::default()`
crates/rs_cam_viz/src/render/mod.rs:472:42: warning: calling `PipelineCompilationOptions::default()` is more clear than this expression: help: try: `PipelineCompilationOptions::default()`
crates/rs_cam_viz/src/render/mod.rs:482:42: warning: calling `PipelineCompilationOptions::default()` is more clear than this expression: help: try: `PipelineCompilationOptions::default()`
crates/rs_cam_viz/src/render/mod.rs:583:38: warning: calling `PipelineCompilationOptions::default()` is more clear than this expression: help: try: `PipelineCompilationOptions::default()`
crates/rs_cam_viz/src/render/mod.rs:593:38: warning: calling `PipelineCompilationOptions::default()` is more clear than this expression: help: try: `PipelineCompilationOptions::default()`
crates/rs_cam_viz/src/render/mod.rs:647:38: warning: calling `PipelineCompilationOptions::default()` is more clear than this expression: help: try: `PipelineCompilationOptions::default()`
crates/rs_cam_viz/src/render/mod.rs:657:38: warning: calling `PipelineCompilationOptions::default()` is more clear than this expression: help: try: `PipelineCompilationOptions::default()`
crates/rs_cam_viz/src/render/mod.rs:771:53: warning: calling `TextureViewDescriptor::default()` is more clear than this expression: help: try: `TextureViewDescriptor::default()`
crates/rs_cam_viz/src/render/mod.rs:772:53: warning: calling `TextureViewDescriptor::default()` is more clear than this expression: help: try: `TextureViewDescriptor::default()`
crates/rs_cam_viz/src/render/mod.rs:800:1: warning: more than 3 bools in a struct
crates/rs_cam_viz/src/render/mod.rs:876:5: warning: this function has too many lines (301/100)
crates/rs_cam_viz/src/render/mod.rs:1024:17: warning: casting `u32` to `f32` may cause a loss of precision (`u32` is 32 bits wide, but `f32`'s mantissa is only 23 bits wide)
crates/rs_cam_viz/src/render/mod.rs:1025:17: warning: casting `u32` to `f32` may cause a loss of precision (`u32` is 32 bits wide, but `f32`'s mantissa is only 23 bits wide)
crates/rs_cam_viz/src/render/mod.rs:1212:44: warning: use Option::map_or instead of an if let/else: help: try: `self.toolpath_move_limit.map_or((tp_gpu.cut_vertex_count, tp_gpu.rapid_vertex_count), |limit| tp_gpu.vertices_for_moves(limit))`
crates/rs_cam_viz/src/render/mod.rs:1314:17: warning: casting `i32` to `f32` may cause a loss of precision (`i32` is 32 bits wide, but `f32`'s mantissa is only 23 bits wide)
crates/rs_cam_viz/src/render/mod.rs:1315:17: warning: casting `i32` to `f32` may cause a loss of precision (`i32` is 32 bits wide, but `f32`'s mantissa is only 23 bits wide)
crates/rs_cam_viz/src/render/mod.rs:1316:17: warning: casting `i32` to `f32` may cause a loss of precision (`i32` is 32 bits wide, but `f32`'s mantissa is only 23 bits wide)
crates/rs_cam_viz/src/render/mod.rs:1317:17: warning: casting `i32` to `f32` may cause a loss of precision (`i32` is 32 bits wide, but `f32`'s mantissa is only 23 bits wide)
crates/rs_cam_viz/src/render/mod.rs:1323:17: warning: casting `i32` to `u32` may lose the sign of the value: help: if this is intentional, use `cast_unsigned()` instead: `clip.left_px.cast_unsigned()`
crates/rs_cam_viz/src/render/mod.rs:1324:17: warning: casting `i32` to `u32` may lose the sign of the value: help: if this is intentional, use `cast_unsigned()` instead: `clip.top_px.cast_unsigned()`
crates/rs_cam_viz/src/render/mod.rs:1325:17: warning: casting `i32` to `u32` may lose the sign of the value: help: if this is intentional, use `cast_unsigned()` instead: `clip.width_px.cast_unsigned()`
crates/rs_cam_viz/src/render/mod.rs:1326:17: warning: casting `i32` to `u32` may lose the sign of the value: help: if this is intentional, use `cast_unsigned()` instead: `clip.height_px.cast_unsigned()`
crates/rs_cam_viz/src/state/freshness.rs:24:24: warning: you are deriving `PartialEq` and can implement `Eq`: help: consider deriving `Eq` as well: `PartialEq, Eq`
crates/rs_cam_viz/src/state/freshness.rs:47:5: warning: this could be a `const fn`
crates/rs_cam_viz/src/state/freshness.rs:64:5: warning: this could be a `const fn`
crates/rs_cam_viz/src/state/history.rs:121:5: warning: this could be a `const fn`
crates/rs_cam_viz/src/state/history.rs:146:5: warning: this could be a `const fn`
crates/rs_cam_viz/src/state/history.rs:150:5: warning: this could be a `const fn`
crates/rs_cam_viz/src/state/job.rs:52:5: warning: this could be a `const fn`
crates/rs_cam_viz/src/state/job.rs:76:5: warning: this could be a `const fn`
crates/rs_cam_viz/src/state/job.rs:325:13: warning: casts from `f32` to `f64` can be expressed infallibly using `From`
crates/rs_cam_viz/src/state/job.rs:326:13: warning: casts from `f32` to `f64` can be expressed infallibly using `From`
crates/rs_cam_viz/src/state/job.rs:327:13: warning: casts from `f32` to `f64` can be expressed infallibly using `From`
crates/rs_cam_viz/src/state/job.rs:330:28: warning: casting `f64` to `f32` may truncate the value
crates/rs_cam_viz/src/state/job.rs:331:32: warning: casting `f64` to `f32` may truncate the value
crates/rs_cam_viz/src/state/job.rs:332:32: warning: casting `f64` to `f32` may truncate the value
crates/rs_cam_viz/src/state/multitool_planner.rs:363:5: warning: this could be a `const fn`
crates/rs_cam_viz/src/state/overlays.rs:15:1: warning: more than 3 bools in a struct
crates/rs_cam_viz/src/state/rest_dependency.rs:33:5: warning: this could be a `const fn`
crates/rs_cam_viz/src/state/runtime.rs:43:5: warning: this could be a `const fn`
crates/rs_cam_viz/src/state/runtime.rs:174:5: warning: this could be a `const fn`
crates/rs_cam_viz/src/state/runtime.rs:188:5: warning: this could be a `const fn`
crates/rs_cam_viz/src/state/runtime.rs:234:1: warning: first doc comment paragraph is too long
crates/rs_cam_viz/src/state/runtime.rs:249:5: warning: this could be a `const fn`
crates/rs_cam_viz/src/state/runtime.rs:283:5: warning: this could be a `const fn`
crates/rs_cam_viz/src/state/runtime.rs:384:5: warning: this could be a `const fn`
crates/rs_cam_viz/src/state/selection.rs:7:24: warning: you are deriving `PartialEq` and can implement `Eq`: help: consider deriving `Eq` as well: `PartialEq, Eq`
crates/rs_cam_viz/src/state/simulation.rs:365:28: warning: casting `usize` to `f64` may cause a loss of precision (`usize` can be up to 64 bits wide depending on the target architecture, but `f64`'s mantissa is only 52 bits wide)
crates/rs_cam_viz/src/state/simulation.rs:376:32: warning: casting `usize` to `f64` may cause a loss of precision (`usize` can be up to 64 bits wide depending on the target architecture, but `f64`'s mantissa is only 52 bits wide)
crates/rs_cam_viz/src/state/simulation.rs:386:29: warning: casting `usize` to `f64` may cause a loss of precision (`usize` can be up to 64 bits wide depending on the target architecture, but `f64`'s mantissa is only 52 bits wide)
crates/rs_cam_viz/src/state/simulation.rs:394:28: warning: casting `usize` to `f64` may cause a loss of precision (`usize` can be up to 64 bits wide depending on the target architecture, but `f64`'s mantissa is only 52 bits wide)
crates/rs_cam_viz/src/state/simulation.rs:457:9: warning: called `map(<f>).unwrap_or(<a>)` on an `Option` value
crates/rs_cam_viz/src/state/simulation.rs:459:18: warning: redundant closure: help: replace the closure with the method itself: `std::vec::Vec::as_slice`
crates/rs_cam_viz/src/state/simulation.rs:470:1: warning: first doc comment paragraph is too long
crates/rs_cam_viz/src/state/simulation.rs:481:5: warning: this could be a `const fn`
crates/rs_cam_viz/src/state/simulation.rs:485:5: warning: this could be a `const fn`
crates/rs_cam_viz/src/state/simulation.rs:721:5: warning: this could be a `const fn`
crates/rs_cam_viz/src/state/simulation.rs:726:5: warning: this could be a `const fn`
crates/rs_cam_viz/src/state/simulation.rs:787:5: warning: this could be a `const fn`
crates/rs_cam_viz/src/state/simulation.rs:960:5: warning: this could be a `const fn`
crates/rs_cam_viz/src/state/simulation.rs:1146:5: warning: this could be a `const fn`
crates/rs_cam_viz/src/state/simulation.rs:1197:13: warning: casting `usize` to `f32` may cause a loss of precision (`usize` can be up to 64 bits wide depending on the target architecture, but `f32`'s mantissa is only 23 bits wide)
crates/rs_cam_viz/src/state/simulation.rs:1197:49: warning: casting `usize` to `f32` may cause a loss of precision (`usize` can be up to 64 bits wide depending on the target architecture, but `f32`'s mantissa is only 23 bits wide)
crates/rs_cam_viz/src/state/simulation.rs:1214:9: warning: multiply and add expressions may be calculated more efficiently and accurately: help: consider using: `self.playback.partial_move = self.playback.speed.mul_add(dt, self.playback.partial_move)`
crates/rs_cam_viz/src/state/simulation.rs:1221:43: warning: casting `usize` to `f32` may cause a loss of precision (`usize` can be up to 64 bits wide depending on the target architecture, but `f32`'s mantissa is only 23 bits wide)
crates/rs_cam_viz/src/state/simulation.rs:1627:5: warning: this could be a `const fn`
crates/rs_cam_viz/src/state/simulation.rs:1631:5: warning: this could be a `const fn`
crates/rs_cam_viz/src/state/simulation.rs:2009:5: warning: this function has too many lines (137/100)
crates/rs_cam_viz/src/state/simulation.rs:2228:19: warning: casting `usize` to `isize` may wrap around the value: help: if this is intentional, use `cast_signed()` instead: `issues.len().cast_signed()`
crates/rs_cam_viz/src/state/simulation.rs:2229:66: warning: casting `usize` to `isize` may wrap around the value: help: if this is intentional, use `cast_signed()` instead: `index.cast_signed()`
crates/rs_cam_viz/src/state/simulation.rs:2230:20: warning: casting `isize` to `usize` may lose the sign of the value
crates/rs_cam_viz/src/state/simulation.rs:2340:31: warning: use Option::map_or instead of an if let/else
crates/rs_cam_viz/src/state/simulation.rs:2361:9: warning: use Option::map_or instead of an if let/else
crates/rs_cam_viz/src/state/simulation.rs:2664:18: warning: hypotenuse can be computed more accurately: help: consider using: `i.hypot(j)`
crates/rs_cam_viz/src/state/simulation.rs:2680:5: warning: hypotenuse can be computed more accurately: help: consider using: `arc_xy.hypot(dz)`
crates/rs_cam_viz/src/state/simulation.rs:2721:1: warning: this could be a `const fn`
crates/rs_cam_viz/src/state/toolpath/entry.rs:124:1: warning: more than 3 bools in a struct
crates/rs_cam_viz/src/state/toolpath/entry.rs:265:5: warning: missing `#[must_use]` attribute on a method returning `Self`
crates/rs_cam_viz/src/state/viewport.rs:13:1: warning: more than 3 bools in a struct
crates/rs_cam_viz/src/state/viewport.rs:34:5: warning: this could be a `const fn`
crates/rs_cam_viz/src/state/viewport.rs:61:1: warning: more than 3 bools in a struct
crates/rs_cam_viz/src/state/viewport.rs:269:5: warning: this could be a `const fn`
crates/rs_cam_viz/src/state/wizard.rs:30:5: warning: this could be a `const fn`
crates/rs_cam_viz/src/state/mod.rs:44:21: warning: unnecessary structure name repetition: help: use the applicable keyword: `Self`
crates/rs_cam_viz/src/state/mod.rs:45:9: warning: unnecessary structure name repetition: help: use the applicable keyword: `Self`
crates/rs_cam_viz/src/state/mod.rs:46:9: warning: unnecessary structure name repetition: help: use the applicable keyword: `Self`
crates/rs_cam_viz/src/state/mod.rs:47:9: warning: unnecessary structure name repetition: help: use the applicable keyword: `Self`
crates/rs_cam_viz/src/state/mod.rs:48:9: warning: unnecessary structure name repetition: help: use the applicable keyword: `Self`
crates/rs_cam_viz/src/state/mod.rs:58:5: warning: this could be a `const fn`
crates/rs_cam_viz/src/state/mod.rs:60:13: warning: unnecessary structure name repetition: help: use the applicable keyword: `Self`
crates/rs_cam_viz/src/state/mod.rs:61:13: warning: unnecessary structure name repetition: help: use the applicable keyword: `Self`
crates/rs_cam_viz/src/state/mod.rs:62:13: warning: unnecessary structure name repetition: help: use the applicable keyword: `Self`
crates/rs_cam_viz/src/state/mod.rs:63:13: warning: unnecessary structure name repetition: help: use the applicable keyword: `Self`
crates/rs_cam_viz/src/state/mod.rs:69:5: warning: this could be a `const fn`
crates/rs_cam_viz/src/state/mod.rs:71:13: warning: unnecessary structure name repetition: help: use the applicable keyword: `Self`
crates/rs_cam_viz/src/state/mod.rs:72:13: warning: unnecessary structure name repetition: help: use the applicable keyword: `Self`
crates/rs_cam_viz/src/state/mod.rs:73:13: warning: unnecessary structure name repetition: help: use the applicable keyword: `Self`
crates/rs_cam_viz/src/state/mod.rs:74:13: warning: unnecessary structure name repetition: help: use the applicable keyword: `Self`
crates/rs_cam_viz/src/state/mod.rs:80:5: warning: this could be a `const fn`
crates/rs_cam_viz/src/state/mod.rs:82:13: warning: unnecessary structure name repetition: help: use the applicable keyword: `Self`
crates/rs_cam_viz/src/state/mod.rs:83:13: warning: unnecessary structure name repetition: help: use the applicable keyword: `Self`
crates/rs_cam_viz/src/state/mod.rs:84:13: warning: unnecessary structure name repetition: help: use the applicable keyword: `Self`
crates/rs_cam_viz/src/state/mod.rs:85:13: warning: unnecessary structure name repetition: help: use the applicable keyword: `Self`
crates/rs_cam_viz/src/state/mod.rs:116:10: warning: use Option::map_or_else instead of an if let/else
crates/rs_cam_viz/src/state/mod.rs:128:1: warning: more than 3 bools in a struct
crates/rs_cam_viz/src/state/mod.rs:263:5: warning: missing `#[must_use]` attribute on a method returning `Self`
crates/rs_cam_viz/src/state/mod.rs:268:1: warning: first doc comment paragraph is too long
crates/rs_cam_viz/src/state/mod.rs:277:1: warning: first doc comment paragraph is too long
crates/rs_cam_viz/src/state/mod.rs:548:17: warning: use Option::map_or_else instead of an if let/else: help: try: `config.map_or_else(|| format!("Optimize toolpath {toolpath_id}"), |tc| format!("Optimize {}", tc.name))`
crates/rs_cam_viz/src/state/mod.rs:658:5: warning: this could be a `const fn`
crates/rs_cam_viz/src/ui/components/button.rs:39:5: warning: this could be a `const fn`
crates/rs_cam_viz/src/ui/components/button.rs:50:5: warning: this could be a `const fn`
crates/rs_cam_viz/src/ui/components/button.rs:61:5: warning: this could be a `const fn`
crates/rs_cam_viz/src/ui/components/button.rs:75:13: warning: these match arms have identical bodies
crates/rs_cam_viz/src/ui/components/button.rs:119:5: warning: this could be a `const fn`
crates/rs_cam_viz/src/ui/components/button.rs:125:5: warning: this could be a `const fn`
crates/rs_cam_viz/src/ui/components/button.rs:131:5: warning: this could be a `const fn`
crates/rs_cam_viz/src/ui/components/button.rs:158:22: warning: multiply and add expressions may be calculated more efficiently and accurately: help: consider using: `2.0f32.mul_add(padding.x, text_size.x)`
crates/rs_cam_viz/src/ui/components/button.rs:159:36: warning: multiply and add expressions may be calculated more efficiently and accurately: help: consider using: `2.0f32.mul_add(padding.y, text_size.y)`
crates/rs_cam_viz/src/ui/components/card.rs:47:5: warning: this could be a `const fn`
crates/rs_cam_viz/src/ui/components/card.rs:92:5: warning: this could be a `const fn`
crates/rs_cam_viz/src/ui/components/card.rs:100:5: warning: this could be a `const fn`
crates/rs_cam_viz/src/ui/components/card.rs:108:5: warning: this could be a `const fn`
crates/rs_cam_viz/src/ui/components/card.rs:172:9: warning: casting `f32` to `u8` may truncate the value
crates/rs_cam_viz/src/ui/components/card.rs:172:9: warning: casting `f32` to `u8` may lose the sign of the value
crates/rs_cam_viz/src/ui/components/chip.rs:46:5: warning: this could be a `const fn`
crates/rs_cam_viz/src/ui/components/chip.rs:58:5: warning: this could be a `const fn`
crates/rs_cam_viz/src/ui/components/chip.rs:73:5: warning: this could be a `const fn`
crates/rs_cam_viz/src/ui/components/chip.rs:88:5: warning: this could be a `const fn`
crates/rs_cam_viz/src/ui/components/chip.rs:139:17: warning: casting `f32` to `i8` may truncate the value
crates/rs_cam_viz/src/ui/components/chip.rs:140:17: warning: casting `f32` to `i8` may truncate the value
crates/rs_cam_viz/src/ui/components/compare.rs:60:42: warning: casting `f64` to `f32` may truncate the value
crates/rs_cam_viz/src/ui/components/compare.rs:114:5: warning: this could be a `const fn`
crates/rs_cam_viz/src/ui/components/compare.rs:136:5: warning: this could be a `const fn`
crates/rs_cam_viz/src/ui/components/focus_ring.rs:67:31: warning: redundant closure: help: replace the closure with the method itself: `egui::Memory::focused`
crates/rs_cam_viz/src/ui/components/format.rs:34:20: warning: multiply and add expressions may be calculated more efficiently and accurately: help: consider using: `60.0f64.mul_add(-minutes, seconds)`
crates/rs_cam_viz/src/ui/components/freshness.rs:20:5: warning: this could be a `const fn`
crates/rs_cam_viz/src/ui/components/freshness.rs:24:5: warning: this could be a `const fn`
crates/rs_cam_viz/src/ui/components/freshness.rs:34:5: warning: this could be a `const fn`
crates/rs_cam_viz/src/ui/components/kv_row.rs:94:5: warning: this could be a `const fn`
crates/rs_cam_viz/src/ui/components/kv_row.rs:105:5: warning: this could be a `const fn`
crates/rs_cam_viz/src/ui/components/kv_row.rs:156:63: warning: casting `f32` to `i8` may truncate the value
crates/rs_cam_viz/src/ui/components/kv_row.rs:217:5: warning: this could be a `const fn`
crates/rs_cam_viz/src/ui/components/motion.rs:75:9: warning: casting `f32` to `u8` may truncate the value
crates/rs_cam_viz/src/ui/components/motion.rs:75:9: warning: casting `f32` to `u8` may lose the sign of the value
crates/rs_cam_viz/src/ui/components/motion.rs:75:9: warning: multiply and add expressions may be calculated more efficiently and accurately: help: consider using: `(b - a).mul_add(t, a)`
crates/rs_cam_viz/src/ui/components/notice.rs:122:5: warning: this could be a `const fn`
crates/rs_cam_viz/src/ui/components/notice.rs:131:5: warning: this could be a `const fn`
crates/rs_cam_viz/src/ui/components/notice.rs:141:5: warning: this could be a `const fn`
crates/rs_cam_viz/src/ui/components/notice.rs:158:13: warning: you seem to be trying to use `match` for destructuring a single pattern. Consider using `if let`
crates/rs_cam_viz/src/ui/components/notice.rs:241:13: warning: casting `f32` to `i8` may truncate the value
crates/rs_cam_viz/src/ui/components/notice.rs:242:13: warning: casting `f32` to `i8` may truncate the value
crates/rs_cam_viz/src/ui/components/notice.rs:408:5: warning: this could be a `const fn`
crates/rs_cam_viz/src/ui/components/pill.rs:69:5: warning: this could be a `const fn`
crates/rs_cam_viz/src/ui/components/pill.rs:93:5: warning: this could be a `const fn`
crates/rs_cam_viz/src/ui/components/pill.rs:99:5: warning: this could be a `const fn`
crates/rs_cam_viz/src/ui/components/pill.rs:99:5: warning: missing `#[must_use]` attribute on a method returning `Self`
crates/rs_cam_viz/src/ui/components/pill.rs:104:5: warning: this could be a `const fn`
crates/rs_cam_viz/src/ui/components/pill.rs:104:5: warning: missing `#[must_use]` attribute on a method returning `Self`
crates/rs_cam_viz/src/ui/components/pill.rs:110:5: warning: this could be a `const fn`
crates/rs_cam_viz/src/ui/components/pill.rs:110:5: warning: missing `#[must_use]` attribute on a method returning `Self`
crates/rs_cam_viz/src/ui/components/pill.rs:115:5: warning: this could be a `const fn`
crates/rs_cam_viz/src/ui/components/pill.rs:115:5: warning: missing `#[must_use]` attribute on a method returning `Self`
crates/rs_cam_viz/src/ui/components/pill.rs:121:5: warning: this could be a `const fn`
crates/rs_cam_viz/src/ui/components/pill.rs:121:5: warning: missing `#[must_use]` attribute on a method returning `Self`
crates/rs_cam_viz/src/ui/components/pill.rs:132:26: warning: use Option::map_or_else instead of an if let/else: help: try: `self.denom.map_or_else(|| self.count.to_string(), |d| format!("{}/{d}", self.count))`
crates/rs_cam_viz/src/ui/components/pill.rs:181:25: warning: casting `f32` to `i8` may truncate the value
crates/rs_cam_viz/src/ui/components/pill.rs:182:25: warning: casting `f32` to `i8` may truncate the value
crates/rs_cam_viz/src/ui/components/precedence.rs:28:5: warning: this could be a `const fn`
crates/rs_cam_viz/src/ui/components/precedence.rs:40:5: warning: this could be a `const fn`
crates/rs_cam_viz/src/ui/components/precedence.rs:40:5: warning: missing `#[must_use]` attribute on a method returning `Self`
crates/rs_cam_viz/src/ui/components/precedence.rs:45:5: warning: this could be a `const fn`
crates/rs_cam_viz/src/ui/components/precedence.rs:45:5: warning: missing `#[must_use]` attribute on a method returning `Self`
crates/rs_cam_viz/src/ui/components/precedence.rs:50:5: warning: this could be a `const fn`
crates/rs_cam_viz/src/ui/components/precedence.rs:50:5: warning: missing `#[must_use]` attribute on a method returning `Self`
crates/rs_cam_viz/src/ui/components/precedence.rs:55:5: warning: this could be a `const fn`
crates/rs_cam_viz/src/ui/components/precedence.rs:55:5: warning: missing `#[must_use]` attribute on a method returning `Self`
crates/rs_cam_viz/src/ui/components/provenance.rs:52:5: warning: this could be a `const fn`
crates/rs_cam_viz/src/ui/components/provenance.rs:67:5: warning: this could be a `const fn`
crates/rs_cam_viz/src/ui/components/provenance.rs:80:5: warning: this could be a `const fn`
crates/rs_cam_viz/src/ui/components/provenance.rs:94:9: warning: use Option::map_or_else instead of an if let/else: help: try: `reference.map_or_else(|| self.label().to_owned(), |r| format!("{} ({r})", self.label()))`
crates/rs_cam_viz/src/ui/components/provenance.rs:129:5: warning: this could be a `const fn`
crates/rs_cam_viz/src/ui/components/provenance.rs:138:5: warning: this could be a `const fn`
crates/rs_cam_viz/src/ui/components/provenance.rs:138:5: warning: missing `#[must_use]` attribute on a method returning `Self`
crates/rs_cam_viz/src/ui/components/provenance.rs:145:5: warning: this could be a `const fn`
crates/rs_cam_viz/src/ui/components/provenance.rs:145:5: warning: missing `#[must_use]` attribute on a method returning `Self`
crates/rs_cam_viz/src/ui/components/provenance.rs:151:5: warning: this could be a `const fn`
crates/rs_cam_viz/src/ui/components/provenance.rs:151:5: warning: missing `#[must_use]` attribute on a method returning `Self`
crates/rs_cam_viz/src/ui/components/section.rs:39:68: warning: unnecessary structure name repetition: help: use the applicable keyword: `Self`
crates/rs_cam_viz/src/ui/components/section.rs:53:31: warning: unnecessary structure name repetition: help: use the applicable keyword: `Self`
crates/rs_cam_viz/src/ui/components/section.rs:61:67: warning: unnecessary structure name repetition: help: use the applicable keyword: `Self`
crates/rs_cam_viz/src/ui/components/section.rs:85:5: warning: this could be a `const fn`
crates/rs_cam_viz/src/ui/components/section.rs:85:5: warning: missing `#[must_use]` attribute on a method returning `Self`
crates/rs_cam_viz/src/ui/components/suggest.rs:57:5: warning: this could be a `const fn`
crates/rs_cam_viz/src/ui/components/suggest.rs:67:5: warning: this could be a `const fn`
crates/rs_cam_viz/src/ui/components/suggest.rs:77:5: warning: missing `#[must_use]` attribute on a method returning `Self`
crates/rs_cam_viz/src/ui/components/suggest.rs:82:5: warning: this could be a `const fn`
crates/rs_cam_viz/src/ui/components/suggest.rs:82:5: warning: missing `#[must_use]` attribute on a method returning `Self`
crates/rs_cam_viz/src/ui/components/value_row.rs:92:5: warning: this could be a `const fn`
crates/rs_cam_viz/src/ui/components/value_row.rs:113:5: warning: this could be a `const fn`
crates/rs_cam_viz/src/ui/components/value_row.rs:113:5: warning: missing `#[must_use]` attribute on a method returning `Self`
crates/rs_cam_viz/src/ui/components/value_row.rs:122:5: warning: this could be a `const fn`
crates/rs_cam_viz/src/ui/components/value_row.rs:122:5: warning: missing `#[must_use]` attribute on a method returning `Self`
crates/rs_cam_viz/src/ui/components/value_row.rs:128:5: warning: this could be a `const fn`
crates/rs_cam_viz/src/ui/components/value_row.rs:128:5: warning: missing `#[must_use]` attribute on a method returning `Self`
crates/rs_cam_viz/src/ui/components/value_row.rs:134:5: warning: this could be a `const fn`
crates/rs_cam_viz/src/ui/components/value_row.rs:134:5: warning: missing `#[must_use]` attribute on a method returning `Self`
crates/rs_cam_viz/src/ui/export_wizard.rs:79:21: warning: casting `usize` to `u8` may truncate the value
crates/rs_cam_viz/src/ui/export_wizard.rs:168:29: warning: called `map(<f>).unwrap_or_else(<g>)` on an `Option` value
crates/rs_cam_viz/src/ui/export_wizard.rs:284:17: warning: called `map(<f>).unwrap_or(<a>)` on an `Option` value
crates/rs_cam_viz/src/ui/export_wizard.rs:290:20: warning: called `map(<f>).unwrap_or(<a>)` on an `Option` value
crates/rs_cam_viz/src/ui/export_wizard.rs:298:19: warning: this looks like a formatting argument but it is not part of a formatting macro
crates/rs_cam_viz/src/ui/export_wizard.rs:299:19: warning: this looks like a formatting argument but it is not part of a formatting macro
crates/rs_cam_viz/src/ui/export_wizard.rs:300:19: warning: this looks like a formatting argument but it is not part of a formatting macro
crates/rs_cam_viz/src/ui/export_wizard.rs:314:1: warning: this function has too many lines (121/100)
crates/rs_cam_viz/src/ui/export_wizard.rs:458:1: warning: this function has too many lines (171/100)
crates/rs_cam_viz/src/ui/export_wizard.rs:827:33: warning: variables can be used directly in the `format!` string
crates/rs_cam_viz/src/ui/export_wizard.rs:893:1: warning: this function has too many lines (131/100)
crates/rs_cam_viz/src/ui/export_wizard.rs:979:13: warning: you seem to be trying to use `match` for destructuring a single pattern. Consider using `if let`
crates/rs_cam_viz/src/ui/export_wizard.rs:1055:1: warning: this could be a `const fn`
crates/rs_cam_viz/src/ui/export_wizard.rs:1063:1: warning: this could be a `const fn`
crates/rs_cam_viz/src/ui/export_wizard.rs:1071:1: warning: this could be a `const fn`
crates/rs_cam_viz/src/ui/export_wizard.rs:1080:1: warning: this could be a `const fn`
crates/rs_cam_viz/src/ui/export_wizard.rs:1088:5: warning: `if _ { .. } else { .. }` is an expression
crates/rs_cam_viz/src/ui/feeds/compare.rs:38:1: warning: pub(crate) function inside private module
crates/rs_cam_viz/src/ui/feeds/compare.rs:77:1: warning: pub(crate) function inside private module
crates/rs_cam_viz/src/ui/feeds/compare.rs:98:1: warning: pub(crate) function inside private module
crates/rs_cam_viz/src/ui/feeds/compare.rs:117:1: warning: pub(crate) function inside private module
crates/rs_cam_viz/src/ui/feeds/compare.rs:149:1: warning: pub(crate) function inside private module
crates/rs_cam_viz/src/ui/feeds/compare.rs:470:28: warning: use Option::map_or_else instead of an if let/else
crates/rs_cam_viz/src/ui/feeds/compare.rs:480:17: warning: use Option::map_or_else instead of an if let/else: help: try: `efficiency.map_or_else(|| unmodelled_hover(advance_mm), |e| efficiency_hover(e))`
crates/rs_cam_viz/src/ui/feeds/compare.rs:533:24: warning: use Option::map_or_else instead of an if let/else: help: try: `efficiency.force_headroom.map_or_else(|| "force headroom not modelled".to_owned(), |headroom| headroom_phrase(headroom))`
crates/rs_cam_viz/src/ui/feeds/compare.rs:546:24: warning: use Option::map_or_else instead of an if let/else: help: try: `efficiency.force_headroom.map_or_else(|| "above the vendor range; force headroom not modelled".to_owned(), |headroom| headroom_phrase(headroom))`
crates/rs_cam_viz/src/ui/feeds/compare.rs:553:24: warning: use Option::map_or_else instead of an if let/else: help: try: `efficiency.force_headroom.map_or_else(String::new, |headroom| format!(" \u{00B7} {}", headroom_phrase(headroom)))`
crates/rs_cam_viz/src/ui/feeds/compare.rs:605:23: warning: `format!(..)` appended to existing `String`
crates/rs_cam_viz/src/ui/feeds/compare.rs:614:5: warning: `format!(..)` appended to existing `String`
crates/rs_cam_viz/src/ui/feeds/compare.rs:620:26: warning: `format!(..)` appended to existing `String`
crates/rs_cam_viz/src/ui/feeds/compare.rs:630:46: warning: `format!(..)` appended to existing `String`
crates/rs_cam_viz/src/ui/feeds/compare.rs:635:27: warning: `format!(..)` appended to existing `String`
crates/rs_cam_viz/src/ui/feeds/compare.rs:649:37: warning: `format!(..)` appended to existing `String`
crates/rs_cam_viz/src/ui/feeds/compare.rs:685:21: warning: `format!(..)` appended to existing `String`
crates/rs_cam_viz/src/ui/feeds/compare.rs:823:16: warning: use Option::map_or_else instead of an if let/else
crates/rs_cam_viz/src/ui/feeds/explore.rs:46:1: warning: pub(crate) constant inside private module
crates/rs_cam_viz/src/ui/feeds/explore.rs:58:1: warning: pub(crate) function inside private module
crates/rs_cam_viz/src/ui/feeds/explore.rs:75:9: warning: `if _ { .. } else { .. }` is an expression
crates/rs_cam_viz/src/ui/feeds/explore.rs:114:37: warning: variables can be used directly in the `format!` string
crates/rs_cam_viz/src/ui/feeds/explore.rs:124:1: warning: pub(crate) function inside private module
crates/rs_cam_viz/src/ui/feeds/explore.rs:206:18: warning: casts from `u32` to `f64` can be expressed infallibly using `From`
crates/rs_cam_viz/src/ui/feeds/explore.rs:230:9: warning: `format!(..)` appended to existing `String`
crates/rs_cam_viz/src/ui/feeds/explore.rs:262:9: warning: `format!(..)` appended to existing `String`
crates/rs_cam_viz/src/ui/feeds/explore.rs:365:1: warning: pub(crate) function inside private module
crates/rs_cam_viz/src/ui/feeds/explore.rs:365:1: warning: this function has too many lines (245/100)
crates/rs_cam_viz/src/ui/feeds/explore.rs:383:18: warning: casts from `u32` to `f64` can be expressed infallibly using `From`
crates/rs_cam_viz/src/ui/feeds/explore.rs:415:33: warning: function call inside of `unwrap_or`
crates/rs_cam_viz/src/ui/feeds/explore.rs:416:14: warning: called `map(<f>).unwrap_or(<a>)` on an `Option` value
crates/rs_cam_viz/src/ui/feeds/explore.rs:580:36: warning: manual implementation of `midpoint` which can overflow: help: use `f64::midpoint` instead: `f64::midpoint(target_feed, explain.recommended.feed_rate_mm_min)`
crates/rs_cam_viz/src/ui/feeds/explore.rs:779:65: warning: casts from `u32` to `f64` can be expressed infallibly using `From`
crates/rs_cam_viz/src/ui/feeds/explore.rs:829:22: warning: `format!(..)` appended to existing `String`
crates/rs_cam_viz/src/ui/feeds/explore.rs:838:5: warning: `format!(..)` appended to existing `String`
crates/rs_cam_viz/src/ui/feeds/explore.rs:843:24: warning: `format!(..)` appended to existing `String`
crates/rs_cam_viz/src/ui/feeds/explore.rs:879:5: warning: `format!(..)` appended to existing `String`
crates/rs_cam_viz/src/ui/feeds/explore.rs:892:14: warning: `format!(..)` appended to existing `String`
crates/rs_cam_viz/src/ui/feeds/explore.rs:897:44: warning: `format!(..)` appended to existing `String`
crates/rs_cam_viz/src/ui/feeds/explore.rs:970:5: warning: this could be a `const fn`
crates/rs_cam_viz/src/ui/feeds/explore.rs:1078:1: warning: this function has too many lines (143/100)
crates/rs_cam_viz/src/ui/feeds/explore.rs:1089:18: warning: casts from `u32` to `f64` can be expressed infallibly using `From`
crates/rs_cam_viz/src/ui/feeds/explore.rs:1091:37: warning: function call inside of `unwrap_or`
crates/rs_cam_viz/src/ui/feeds/explore.rs:1092:14: warning: called `map(<f>).unwrap_or(<a>)` on an `Option` value
crates/rs_cam_viz/src/ui/feeds/explore.rs:1206:26: warning: called `map(<f>).unwrap_or(<a>)` on an `Option` value
crates/rs_cam_viz/src/ui/feeds/shared.rs:46:1: warning: pub(crate) module inside private module
crates/rs_cam_viz/src/ui/feeds/shared.rs:65:1: warning: pub(crate) function inside private module
crates/rs_cam_viz/src/ui/feeds/shared.rs:69:1: warning: pub(crate) function inside private module
crates/rs_cam_viz/src/ui/feeds/shared.rs:81:1: warning: pub(crate) function inside private module
crates/rs_cam_viz/src/ui/feeds/shared.rs:85:1: warning: pub(crate) function inside private module
crates/rs_cam_viz/src/ui/feeds/shared.rs:85:1: warning: this could be a `const fn`
crates/rs_cam_viz/src/ui/feeds/shared.rs:96:1: warning: pub(crate) function inside private module
crates/rs_cam_viz/src/ui/feeds/shared.rs:96:1: warning: this could be a `const fn`
crates/rs_cam_viz/src/ui/feeds/shared.rs:114:1: warning: pub(crate) function inside private module
crates/rs_cam_viz/src/ui/feeds/shared.rs:129:1: warning: pub(crate) struct inside private module
crates/rs_cam_viz/src/ui/feeds/shared.rs:168:1: warning: pub(crate) function inside private module
crates/rs_cam_viz/src/ui/feeds/shared.rs:178:1: warning: pub(crate) function inside private module
crates/rs_cam_viz/src/ui/feeds/shared.rs:193:1: warning: pub(crate) function inside private module
crates/rs_cam_viz/src/ui/feeds/shared.rs:223:1: warning: pub(crate) function inside private module
crates/rs_cam_viz/src/ui/feeds/shared.rs:223:1: warning: this function has too many lines (124/100)
crates/rs_cam_viz/src/ui/feeds/shared.rs:250:17: warning: casting `f64` to `i64` may truncate the value
crates/rs_cam_viz/src/ui/feeds/shared.rs:269:17: warning: casting `f64` to `i64` may truncate the value
crates/rs_cam_viz/src/ui/feeds/shared.rs:291:17: warning: casting `f64` to `i64` may truncate the value
crates/rs_cam_viz/src/ui/feeds/shared.rs:308:45: warning: casting `f64` to `i64` may truncate the value
crates/rs_cam_viz/src/ui/feeds/shared.rs:322:13: warning: casting `f64` to `i64` may truncate the value
crates/rs_cam_viz/src/ui/feeds/shared.rs:356:13: warning: casting `f64` to `i64` may truncate the value
crates/rs_cam_viz/src/ui/feeds/shared.rs:368:13: warning: casting `f64` to `i64` may truncate the value
crates/rs_cam_viz/src/ui/feeds/shared.rs:381:17: warning: casting `f64` to `i64` may truncate the value
crates/rs_cam_viz/src/ui/feeds/shared.rs:387:1: warning: pub(crate) function inside private module
crates/rs_cam_viz/src/ui/feeds/why.rs:43:1: warning: pub(crate) enum inside private module
crates/rs_cam_viz/src/ui/feeds/why.rs:60:5: warning: this could be a `const fn`
crates/rs_cam_viz/src/ui/feeds/why.rs:91:1: warning: pub(crate) function inside private module
crates/rs_cam_viz/src/ui/feeds/why.rs:111:5: warning: `format!(..)` appended to existing `String`
crates/rs_cam_viz/src/ui/feeds/why.rs:114:31: warning: `format!(..)` appended to existing `String`
crates/rs_cam_viz/src/ui/feeds/why.rs:119:30: warning: `format!(..)` appended to existing `String`
crates/rs_cam_viz/src/ui/feeds/why.rs:136:47: warning: `format!(..)` appended to existing `String`
crates/rs_cam_viz/src/ui/feeds/why.rs:141:43: warning: `format!(..)` appended to existing `String`
crates/rs_cam_viz/src/ui/feeds/why.rs:150:17: warning: `format!(..)` appended to existing `String`
crates/rs_cam_viz/src/ui/feeds/why.rs:169:5: warning: `format!(..)` appended to existing `String`
crates/rs_cam_viz/src/ui/feeds/why.rs:170:5: warning: `format!(..)` appended to existing `String`
crates/rs_cam_viz/src/ui/feeds/why.rs:176:9: warning: `format!(..)` appended to existing `String`
crates/rs_cam_viz/src/ui/feeds/why.rs:182:9: warning: `format!(..)` appended to existing `String`
crates/rs_cam_viz/src/ui/feeds/why.rs:191:5: warning: `format!(..)` appended to existing `String`
crates/rs_cam_viz/src/ui/feeds/why.rs:203:5: warning: `format!(..)` appended to existing `String`
crates/rs_cam_viz/src/ui/feeds/why.rs:207:9: warning: `format!(..)` appended to existing `String`
crates/rs_cam_viz/src/ui/feeds/why.rs:215:5: warning: `format!(..)` appended to existing `String`
crates/rs_cam_viz/src/ui/feeds/why.rs:228:18: warning: casts from `u32` to `f64` can be expressed infallibly using `From`
crates/rs_cam_viz/src/ui/feeds/why.rs:234:5: warning: `format!(..)` appended to existing `String`
crates/rs_cam_viz/src/ui/feeds/why.rs:239:13: warning: `format!(..)` appended to existing `String`
crates/rs_cam_viz/src/ui/feeds/why.rs:246:13: warning: `format!(..)` appended to existing `String`
crates/rs_cam_viz/src/ui/feeds/why.rs:253:13: warning: `format!(..)` appended to existing `String`
crates/rs_cam_viz/src/ui/feeds/why.rs:279:9: warning: `format!(..)` appended to existing `String`
crates/rs_cam_viz/src/ui/feeds/why.rs:290:9: warning: `format!(..)` appended to existing `String`
crates/rs_cam_viz/src/ui/feeds/why.rs:305:9: warning: `format!(..)` appended to existing `String`
crates/rs_cam_viz/src/ui/feeds/why.rs:338:9: warning: `format!(..)` appended to existing `String`
crates/rs_cam_viz/src/ui/feeds/why.rs:340:13: warning: `format!(..)` appended to existing `String`
crates/rs_cam_viz/src/ui/feeds/why.rs:364:1: warning: pub(crate) function inside private module
crates/rs_cam_viz/src/ui/feeds/why.rs:399:1: warning: pub(crate) function inside private module
crates/rs_cam_viz/src/ui/feeds/why.rs:428:1: warning: this function has too many lines (156/100)
crates/rs_cam_viz/src/ui/feeds/why.rs:524:14: warning: use Option::map_or_else instead of an if let/else
crates/rs_cam_viz/src/ui/feeds/why.rs:565:18: warning: use Option::map_or_else instead of an if let/else
crates/rs_cam_viz/src/ui/feeds/why.rs:599:1: warning: pub(crate) function inside private module
crates/rs_cam_viz/src/ui/machine_library_modal.rs:114:21: warning: assigning the result of `Clone::clone()` may be inefficient: help: use `clone_from()`: `view.rename_buf.clone_from(name)`
crates/rs_cam_viz/src/ui/machine_library_modal.rs:143:1: warning: this function has too many lines (109/100)
crates/rs_cam_viz/src/ui/machine_library_modal.rs:208:13: warning: assigning the result of `Clone::clone()` may be inefficient: help: use `clone_from()`: `view.rename_buf.clone_from(&name)`
crates/rs_cam_viz/src/ui/menu_bar.rs:7:1: warning: this function has too many lines (258/100)
crates/rs_cam_viz/src/ui/multitool_planner.rs:218:1: warning: this function has too many lines (110/100)
crates/rs_cam_viz/src/ui/multitool_planner.rs:655:5: warning: you seem to be trying to use `match` for destructuring a single pattern. Consider using `if let`
crates/rs_cam_viz/src/ui/multitool_planner.rs:673:28: warning: use Option::map_or_else instead of an if let/else: help: try: `set.machining_to_owned_ratio().map_or_else(|| format!("{:.0} mm2", set.machining_area_mm2), |r| format!("{:.0} mm2 ({r:.2}x)", set.machining_area_mm2))`
crates/rs_cam_viz/src/ui/optimize_modal.rs:165:1: warning: this function has too many lines (133/100)
crates/rs_cam_viz/src/ui/optimize_modal.rs:546:17: warning: use Option::map_or_else instead of an if let/else: help: try: `b.resolution_mm.map_or_else(|| "not recorded by the trace".to_owned(), |mm| format!("{mm:.2} mm"))`
crates/rs_cam_viz/src/ui/optimize_modal.rs:574:24: warning: this argument (4 byte) is passed by reference, but would be more efficient if passed by value (limit: 8 byte): help: consider passing by value instead: `LutQueryStamp`
crates/rs_cam_viz/src/ui/optimize_modal.rs:1023:1: warning: this could be a `const fn`
crates/rs_cam_viz/src/ui/optimize_modal.rs:1036:5: warning: variables can be used directly in the `format!` string
crates/rs_cam_viz/src/ui/optimize_modal.rs:1115:13: warning: these match arms have identical bodies
crates/rs_cam_viz/src/ui/optimize_project.rs:110:1: warning: this function has too many lines (114/100)
crates/rs_cam_viz/src/ui/optimize_project.rs:613:1: warning: this function has too many lines (134/100)
crates/rs_cam_viz/src/ui/optimize_project.rs:641:33: warning: use Option::map_or_else instead of an if let/else
crates/rs_cam_viz/src/ui/overlays/panel.rs:174:1: warning: this could be a `const fn`
crates/rs_cam_viz/src/ui/overlays/panel.rs:184:1: warning: this could be a `const fn`
crates/rs_cam_viz/src/ui/overlays/panel.rs:229:17: warning: use Option::map_or_else instead of an if let/else: help: try: `precondition.reason().map_or_else(|| row.hover.to_owned(), |reason| format!("{}\n\n\u{00B7} {reason}", row.hover))`
crates/rs_cam_viz/src/ui/overlays/panel.rs:302:9: warning: adding items after statements is confusing, since items exist from the start of the scope
crates/rs_cam_viz/src/ui/overlays/panel.rs:304:22: warning: casting `u32` to `f32` may cause a loss of precision (`u32` is 32 bits wide, but `f32`'s mantissa is only 23 bits wide)
crates/rs_cam_viz/src/ui/overlays/panel.rs:304:33: warning: casting `u32` to `f32` may cause a loss of precision (`u32` is 32 bits wide, but `f32`'s mantissa is only 23 bits wide)
crates/rs_cam_viz/src/ui/overlays/panel.rs:305:22: warning: casting `u32` to `f32` may cause a loss of precision (`u32` is 32 bits wide, but `f32`'s mantissa is only 23 bits wide)
crates/rs_cam_viz/src/ui/overlays/panel.rs:305:39: warning: casting `u32` to `f32` may cause a loss of precision (`u32` is 32 bits wide, but `f32`'s mantissa is only 23 bits wide)
crates/rs_cam_viz/src/ui/overlays/panel.rs:308:28: warning: multiply and add expressions may be calculated more efficiently and accurately: help: consider using: `t0.mul_add(rect.width(), rect.left())`
crates/rs_cam_viz/src/ui/overlays/panel.rs:335:1: warning: this function has too many lines (149/100)
crates/rs_cam_viz/src/ui/overlays/panel.rs:339:29: warning: casting `f64` to `f32` may truncate the value
crates/rs_cam_viz/src/ui/overlays/panel.rs:345:37: warning: multiply and add expressions may be calculated more efficiently and accurately: help: consider using: `t.mul_add(peak - threshold, threshold)`
crates/rs_cam_viz/src/ui/overlays/panel.rs:365:33: warning: casting `f64` to `f32` may truncate the value
crates/rs_cam_viz/src/ui/overlays/panel.rs:432:26: warning: multiply and add expressions may be calculated more efficiently and accurately: help: consider using: `2.0f32.mul_add(t, -1.0)`
crates/rs_cam_viz/src/ui/overlays/panel.rs:442:56: warning: casting `i32` to `f32` may cause a loss of precision (`i32` is 32 bits wide, but `f32`'s mantissa is only 23 bits wide)
crates/rs_cam_viz/src/ui/overlays/panel.rs:446:29: warning: casting `f32` to `usize` may truncate the value
crates/rs_cam_viz/src/ui/overlays/panel.rs:446:29: warning: casting `f32` to `usize` may lose the sign of the value
crates/rs_cam_viz/src/ui/overlays/registry.rs:51:5: warning: this could be a `const fn`
crates/rs_cam_viz/src/ui/overlays/registry.rs:92:5: warning: this could be a `const fn`
crates/rs_cam_viz/src/ui/overlays/registry.rs:134:5: warning: this could be a `const fn`
crates/rs_cam_viz/src/ui/overlays/registry.rs:163:5: warning: this could be a `const fn`
crates/rs_cam_viz/src/ui/overlays/registry.rs:170:5: warning: this could be a `const fn`
crates/rs_cam_viz/src/ui/overlays/registry.rs:174:5: warning: this could be a `const fn`
crates/rs_cam_viz/src/ui/overlays/registry.rs:181:5: warning: this could be a `const fn`
crates/rs_cam_viz/src/ui/overlays/registry.rs:221:1: warning: this could be a `const fn`
crates/rs_cam_viz/src/ui/overlays/registry.rs:230:1: warning: this could be a `const fn`
crates/rs_cam_viz/src/ui/overlays/registry.rs:241:1: warning: this could be a `const fn`
crates/rs_cam_viz/src/ui/overlays/registry.rs:249:1: warning: this could be a `const fn`
crates/rs_cam_viz/src/ui/overlays/registry.rs:258:1: warning: this could be a `const fn`
crates/rs_cam_viz/src/ui/overlays/registry.rs:267:1: warning: this could be a `const fn`
crates/rs_cam_viz/src/ui/overlays/registry.rs:280:1: warning: this could be a `const fn`
crates/rs_cam_viz/src/ui/overlays/registry.rs:300:1: warning: this could be a `const fn`
crates/rs_cam_viz/src/ui/overlays/registry.rs:307:1: warning: this could be a `const fn`
crates/rs_cam_viz/src/ui/overlays/registry.rs:313:1: warning: this could be a `const fn`
crates/rs_cam_viz/src/ui/overlays/registry.rs:321:1: warning: this could be a `const fn`
crates/rs_cam_viz/src/ui/overlays/registry.rs:376:5: warning: use Option::map_or instead of an if let/else
crates/rs_cam_viz/src/ui/overlays/registry.rs:500:13: warning: use Option::map_or_else instead of an if let/else
crates/rs_cam_viz/src/ui/overlays/registry.rs:1479:23: warning: use Option::map_or instead of an if let/else: help: try: `(row.default_for)(state.workspace).map_or(false, |default| (row.get)(state) != default)`
crates/rs_cam_viz/src/ui/overlays/registry.rs:1488:1: warning: first doc comment paragraph is too long
crates/rs_cam_viz/src/ui/preflight.rs:9:1: warning: this function has too many lines (243/100)
crates/rs_cam_viz/src/ui/preflight.rs:162:43: warning: use Option::map_or_else instead of an if let/else
crates/rs_cam_viz/src/ui/preflight.rs:516:1: warning: this could be a `const fn`
crates/rs_cam_viz/src/ui/properties/operations/boundary_2d.rs:117:26: warning: casting `usize` to `i32` may truncate the value on targets with 64-bit wide pointers
crates/rs_cam_viz/src/ui/properties/operations/boundary_2d.rs:117:26: warning: casting `usize` to `i32` may wrap around the value on targets with 32-bit wide pointers
crates/rs_cam_viz/src/ui/properties/operations/boundary_2d.rs:123:40: warning: casting `i32` to `usize` may lose the sign of the value
crates/rs_cam_viz/src/ui/properties/operations/boundary_2d.rs:136:1: warning: this function has too many lines (102/100)
crates/rs_cam_viz/src/ui/properties/operations/boundary_2d.rs:217:37: warning: casting `usize` to `i32` may truncate the value on targets with 64-bit wide pointers
crates/rs_cam_viz/src/ui/properties/operations/boundary_2d.rs:217:37: warning: casting `usize` to `i32` may wrap around the value on targets with 32-bit wide pointers
crates/rs_cam_viz/src/ui/properties/operations/boundary_2d.rs:222:41: warning: casting `i32` to `usize` may lose the sign of the value
crates/rs_cam_viz/src/ui/properties/operations/boundary_2d.rs:241:26: warning: casting `usize` to `i32` may truncate the value on targets with 64-bit wide pointers
crates/rs_cam_viz/src/ui/properties/operations/boundary_2d.rs:241:26: warning: casting `usize` to `i32` may wrap around the value on targets with 32-bit wide pointers
crates/rs_cam_viz/src/ui/properties/operations/boundary_2d.rs:247:40: warning: casting `i32` to `usize` may lose the sign of the value
crates/rs_cam_viz/src/ui/properties/operations/boundary_2d.rs:395:30: warning: called `map(<f>).unwrap_or(<a>)` on an `Option` value
crates/rs_cam_viz/src/ui/properties/operations/project.rs:21:21: warning: use Option::map_or instead of an if let/else
crates/rs_cam_viz/src/ui/properties/operations/project.rs:22:13: warning: called `map(<f>).unwrap_or(<a>)` on an `Option` value
crates/rs_cam_viz/src/ui/properties/operations/surface_3d.rs:51:1: warning: this function has too many lines (215/100)
crates/rs_cam_viz/src/ui/properties/operations/surface_3d.rs:347:1: warning: this function has too many lines (208/100)
crates/rs_cam_viz/src/ui/properties/operations/surface_3d.rs:402:25: warning: assigning the result of `ToOwned::to_owned()` may be inefficient: help: use `clone_into()`: `"rest_depth".clone_into(&mut cfg.detector)`
crates/rs_cam_viz/src/ui/properties/operations/surface_3d.rs:408:25: warning: assigning the result of `ToOwned::to_owned()` may be inefficient: help: use `clone_into()`: `"dihedral".clone_into(&mut cfg.detector)`
crates/rs_cam_viz/src/ui/properties/operations/surface_3d.rs:414:25: warning: assigning the result of `ToOwned::to_owned()` may be inefficient: help: use `clone_into()`: `"curvature".clone_into(&mut cfg.detector)`
crates/rs_cam_viz/src/ui/properties/operations/surface_3d.rs:458:29: warning: casting `usize` to `i32` may truncate the value on targets with 64-bit wide pointers
crates/rs_cam_viz/src/ui/properties/operations/surface_3d.rs:458:29: warning: casting `usize` to `i32` may wrap around the value on targets with 32-bit wide pointers
crates/rs_cam_viz/src/ui/properties/operations/surface_3d.rs:460:47: warning: casting `i32` to `usize` may lose the sign of the value
crates/rs_cam_viz/src/ui/properties/operations/surface_3d.rs:490:25: warning: casting `usize` to `i32` may truncate the value on targets with 64-bit wide pointers
crates/rs_cam_viz/src/ui/properties/operations/surface_3d.rs:490:25: warning: casting `usize` to `i32` may wrap around the value on targets with 32-bit wide pointers
crates/rs_cam_viz/src/ui/properties/operations/surface_3d.rs:492:41: warning: casting `i32` to `usize` may lose the sign of the value
crates/rs_cam_viz/src/ui/properties/operations/surface_3d.rs:576:33: warning: called `map(<f>).unwrap_or(<a>)` on an `Option` value
crates/rs_cam_viz/src/ui/properties/operations/surface_3d.rs:718:1: warning: this function has too many lines (139/100)
crates/rs_cam_viz/src/ui/properties/operations/mod.rs:98:1: warning: this could be a `const fn`
crates/rs_cam_viz/src/ui/properties/operations/mod.rs:211:1: warning: this could be a `const fn`
crates/rs_cam_viz/src/ui/properties/operations/mod.rs:228:9: warning: these match arms have identical bodies
crates/rs_cam_viz/src/ui/properties/operations/mod.rs:241:9: warning: these match arms have identical bodies
crates/rs_cam_viz/src/ui/properties/operations/mod.rs:275:26: warning: use Option::map_or_else instead of an if let/else: help: try: `pin_note.map_or_else(|| BOTTOM_Z_TOOLTIP.to_owned(), |note| format!("{note} The row still shows the stored value."))`
crates/rs_cam_viz/src/ui/properties/operations/mod.rs:408:1: warning: this function has too many lines (135/100)
crates/rs_cam_viz/src/ui/properties/operations/mod.rs:435:29: warning: casting `f64` to `f32` may truncate the value
crates/rs_cam_viz/src/ui/properties/operations/mod.rs:440:29: warning: multiply and add expressions may be calculated more efficiently and accurately: help: consider using: `wp.height().mul_add(cos_a.abs(), wp.width() * sin_a.abs())`
crates/rs_cam_viz/src/ui/properties/operations/mod.rs:441:28: warning: casting `f64` to `f32` may truncate the value
crates/rs_cam_viz/src/ui/properties/operations/mod.rs:444:29: warning: casting `f32` to `usize` may truncate the value
crates/rs_cam_viz/src/ui/properties/operations/mod.rs:444:29: warning: casting `f32` to `usize` may lose the sign of the value
crates/rs_cam_viz/src/ui/properties/operations/mod.rs:452:21: warning: casting `usize` to `f32` may cause a loss of precision (`usize` can be up to 64 bits wide depending on the target architecture, but `f32`'s mantissa is only 23 bits wide)
crates/rs_cam_viz/src/ui/properties/operations/mod.rs:452:32: warning: casting `usize` to `f32` may cause a loss of precision (`usize` can be up to 64 bits wide depending on the target architecture, but `f32`'s mantissa is only 23 bits wide)
crates/rs_cam_viz/src/ui/properties/operations/mod.rs:484:46: warning: manual implementation of `midpoint` which can overflow: help: use `f32::midpoint` instead: `f32::midpoint(p0.x, p1.x)`
crates/rs_cam_viz/src/ui/properties/operations/mod.rs:484:67: warning: manual implementation of `midpoint` which can overflow: help: use `f32::midpoint` instead: `f32::midpoint(p0.y, p1.y)`
crates/rs_cam_viz/src/ui/properties/operations/mod.rs:486:34: warning: multiply and add expressions may be calculated more efficiently and accurately: help: consider using: `(dir * cos_a).mul_add(5.0, mid.x)`
crates/rs_cam_viz/src/ui/properties/operations/mod.rs:487:34: warning: multiply and add expressions may be calculated more efficiently and accurately: help: consider using: `(dir * sin_a).mul_add(5.0, mid.y)`
crates/rs_cam_viz/src/ui/properties/operations/mod.rs:524:30: warning: casting `f64` to `f32` may truncate the value
crates/rs_cam_viz/src/ui/properties/operations/mod.rs:544:29: warning: casting `f32` to `u8` may truncate the value
crates/rs_cam_viz/src/ui/properties/operations/mod.rs:544:29: warning: casting `f32` to `u8` may lose the sign of the value
crates/rs_cam_viz/src/ui/properties/operations/mod.rs:544:30: warning: casts from `u8` to `f32` can be expressed infallibly using `From`
crates/rs_cam_viz/src/ui/properties/operations/mod.rs:545:29: warning: casting `f32` to `u8` may truncate the value
crates/rs_cam_viz/src/ui/properties/operations/mod.rs:545:29: warning: casting `f32` to `u8` may lose the sign of the value
crates/rs_cam_viz/src/ui/properties/operations/mod.rs:545:30: warning: casts from `u8` to `f32` can be expressed infallibly using `From`
crates/rs_cam_viz/src/ui/properties/operations/mod.rs:546:29: warning: casting `f32` to `u8` may truncate the value
crates/rs_cam_viz/src/ui/properties/operations/mod.rs:546:29: warning: casting `f32` to `u8` may lose the sign of the value
crates/rs_cam_viz/src/ui/properties/operations/mod.rs:546:30: warning: casts from `u8` to `f32` can be expressed infallibly using `From`
crates/rs_cam_viz/src/ui/properties/operations/mod.rs:547:29: warning: casting `f32` to `u8` may truncate the value
crates/rs_cam_viz/src/ui/properties/operations/mod.rs:547:29: warning: casting `f32` to `u8` may lose the sign of the value
crates/rs_cam_viz/src/ui/properties/operations/mod.rs:601:25: warning: casting `f64` to `f32` may truncate the value
crates/rs_cam_viz/src/ui/properties/operations/mod.rs:628:28: warning: manual implementation of `midpoint` which can overflow: help: use `f32::midpoint` instead: `f32::midpoint(a.x, cx)`
crates/rs_cam_viz/src/ui/properties/operations/mod.rs:630:28: warning: manual implementation of `midpoint` which can overflow: help: use `f32::midpoint` instead: `f32::midpoint(cx, c.x)`
crates/rs_cam_viz/src/ui/properties/operations/mod.rs:630:46: warning: manual implementation of `midpoint` which can overflow: help: use `f32::midpoint` instead: `f32::midpoint(cy, c.y)`
crates/rs_cam_viz/src/ui/properties/operations/mod.rs:647:16: warning: hypotenuse can be computed more accurately: help: consider using: `bx.hypot(by)`
crates/rs_cam_viz/src/ui/properties/operations/mod.rs:682:17: warning: casting `i32` to `f32` may cause a loss of precision (`i32` is 32 bits wide, but `f32`'s mantissa is only 23 bits wide)
crates/rs_cam_viz/src/ui/properties/operations/mod.rs:683:23: warning: multiply and add expressions may be calculated more efficiently and accurately: help: consider using: `(arc_end - arc_start).mul_add(t, arc_start)`
crates/rs_cam_viz/src/ui/properties/operations/mod.rs:685:13: warning: multiply and add expressions may be calculated more efficiently and accurately: help: consider using: `arc_r.mul_add(a_angle.cos(), cx)`
crates/rs_cam_viz/src/ui/properties/operations/mod.rs:686:13: warning: multiply and add expressions may be calculated more efficiently and accurately: help: consider using: `arc_r.mul_add(a_angle.sin(), cy)`
crates/rs_cam_viz/src/ui/properties/operations/mod.rs:727:17: warning: casting `f64` to `f32` may truncate the value
crates/rs_cam_viz/src/ui/properties/operations/mod.rs:741:17: warning: casting `i32` to `f32` may cause a loss of precision (`i32` is 32 bits wide, but `f32`'s mantissa is only 23 bits wide)
crates/rs_cam_viz/src/ui/properties/operations/mod.rs:757:17: warning: casting `i32` to `f32` may cause a loss of precision (`i32` is 32 bits wide, but `f32`'s mantissa is only 23 bits wide)
crates/rs_cam_viz/src/ui/properties/operations/mod.rs:836:27: warning: casting `f64` to `f32` may truncate the value
crates/rs_cam_viz/src/ui/properties/operations/mod.rs:838:17: warning: casting `usize` to `f32` may cause a loss of precision (`usize` can be up to 64 bits wide depending on the target architecture, but `f32`'s mantissa is only 23 bits wide)
crates/rs_cam_viz/src/ui/properties/operations/mod.rs:838:28: warning: casting `usize` to `f32` may cause a loss of precision (`usize` can be up to 64 bits wide depending on the target architecture, but `f32`'s mantissa is only 23 bits wide)
crates/rs_cam_viz/src/ui/properties/operations/mod.rs:849:26: warning: multiply and add expressions may be calculated more efficiently and accurately: help: consider using: `2.0f32.mul_add(pr.width(), pr.height())`
crates/rs_cam_viz/src/ui/properties/operations/mod.rs:855:21: warning: multiply and add expressions may be calculated more efficiently and accurately: help: consider using: `2.0f32.mul_add(-pr.width(), dist)`
crates/rs_cam_viz/src/ui/properties/operations/mod.rs:863:28: warning: multiply and add expressions may be calculated more efficiently and accurately: help: consider using: `nx.mul_add(tab_marker_len, px)`
crates/rs_cam_viz/src/ui/properties/operations/mod.rs:863:54: warning: multiply and add expressions may be calculated more efficiently and accurately: help: consider using: `ny.mul_add(tab_marker_len, py)`
crates/rs_cam_viz/src/ui/properties/operations/mod.rs:989:17: warning: casting `f32` to `usize` may truncate the value
crates/rs_cam_viz/src/ui/properties/operations/mod.rs:989:17: warning: casting `f32` to `usize` may lose the sign of the value
crates/rs_cam_viz/src/ui/properties/operations/mod.rs:993:17: warning: casting `usize` to `f32` may cause a loss of precision (`usize` can be up to 64 bits wide depending on the target architecture, but `f32`'s mantissa is only 23 bits wide)
crates/rs_cam_viz/src/ui/properties/operations/mod.rs:993:28: warning: casting `usize` to `f32` may cause a loss of precision (`usize` can be up to 64 bits wide depending on the target architecture, but `f32`'s mantissa is only 23 bits wide)
crates/rs_cam_viz/src/ui/properties/operations/mod.rs:1045:20: warning: casting `f64` to `f32` may truncate the value
crates/rs_cam_viz/src/ui/properties/operations/mod.rs:1046:22: warning: casting `f32` to `usize` may truncate the value
crates/rs_cam_viz/src/ui/properties/operations/mod.rs:1046:22: warning: casting `f32` to `usize` may lose the sign of the value
crates/rs_cam_viz/src/ui/properties/operations/mod.rs:1050:32: warning: casting `usize` to `f32` may cause a loss of precision (`usize` can be up to 64 bits wide depending on the target architecture, but `f32`'s mantissa is only 23 bits wide)
crates/rs_cam_viz/src/ui/properties/operations/mod.rs:1102:17: warning: multiply and add expressions may be calculated more efficiently and accurately: help: consider using: `(fx as f32).mul_add(rect.width() - 40.0, rect.left() + 20.0)`
crates/rs_cam_viz/src/ui/properties/operations/mod.rs:1102:38: warning: casting `f64` to `f32` may truncate the value
crates/rs_cam_viz/src/ui/properties/operations/mod.rs:1103:17: warning: multiply and add expressions may be calculated more efficiently and accurately: help: consider using: `(fy as f32).mul_add(rect.height() - 28.0, rect.top() + 14.0)`
crates/rs_cam_viz/src/ui/properties/operations/mod.rs:1103:37: warning: casting `f64` to `f32` may truncate the value
crates/rs_cam_viz/src/ui/properties/operations/mod.rs:1146:17: warning: casting `i32` to `f32` may cause a loss of precision (`i32` is 32 bits wide, but `f32`'s mantissa is only 23 bits wide)
crates/rs_cam_viz/src/ui/properties/operations/mod.rs:1157:20: warning: casting `f64` to `f32` may truncate the value
crates/rs_cam_viz/src/ui/properties/operations/mod.rs:1159:19: warning: casting `usize` to `f32` may cause a loss of precision (`usize` can be up to 64 bits wide depending on the target architecture, but `f32`'s mantissa is only 23 bits wide)
crates/rs_cam_viz/src/ui/properties/operations/mod.rs:1163:42: warning: multiply and add expressions may be calculated more efficiently and accurately: help: consider using: `sign.mul_add(off, p.y)`
crates/rs_cam_viz/src/ui/properties/operations/mod.rs:1165:25: warning: casting `usize` to `u8` may truncate the value
crates/rs_cam_viz/src/ui/properties/operations/mod.rs:1213:17: warning: casting `f64` to `f32` may truncate the value
crates/rs_cam_viz/src/ui/properties/operations/mod.rs:1229:21: warning: casting `i32` to `f32` may cause a loss of precision (`i32` is 32 bits wide, but `f32`'s mantissa is only 23 bits wide)
crates/rs_cam_viz/src/ui/properties/operations/mod.rs:1257:11: warning: while condition comparing floats
crates/rs_cam_viz/src/ui/properties/operations/mod.rs:1303:1: warning: this function has too many lines (118/100)
crates/rs_cam_viz/src/ui/properties/operations/mod.rs:1325:41: warning: casting `f64` to `f32` may truncate the value
crates/rs_cam_viz/src/ui/properties/operations/mod.rs:1330:20: warning: casting `f64` to `f32` may truncate the value
crates/rs_cam_viz/src/ui/properties/operations/mod.rs:1331:18: warning: casting `f64` to `f32` may truncate the value
crates/rs_cam_viz/src/ui/properties/operations/mod.rs:1332:19: warning: casting `f64` to `f32` may truncate the value
crates/rs_cam_viz/src/ui/properties/operations/mod.rs:1423:39: warning: manual implementation of `midpoint` which can overflow: help: use `f32::midpoint` instead: `f32::midpoint(plug_bottom, surface_y)`
crates/rs_cam_viz/src/ui/properties/operations/mod.rs:1478:43: warning: casting `i32` to `f32` may cause a loss of precision (`i32` is 32 bits wide, but `f32`'s mantissa is only 23 bits wide)
crates/rs_cam_viz/src/ui/properties/operations/mod.rs:1482:17: warning: multiply and add expressions may be calculated more efficiently and accurately: help: consider using: `(i as f32).mul_add(level_step, y_top)`
crates/rs_cam_viz/src/ui/properties/operations/mod.rs:1482:25: warning: casting `i32` to `f32` may cause a loss of precision (`i32` is 32 bits wide, but `f32`'s mantissa is only 23 bits wide)
crates/rs_cam_viz/src/ui/properties/operations/mod.rs:1677:1: warning: this function has too many lines (285/100)
crates/rs_cam_viz/src/ui/properties/operations/mod.rs:1806:23: warning: casting `usize` to `f32` may cause a loss of precision (`usize` can be up to 64 bits wide depending on the target architecture, but `f32`'s mantissa is only 23 bits wide)
crates/rs_cam_viz/src/ui/properties/operations/mod.rs:1807:28: warning: multiply and add expressions may be calculated more efficiently and accurately: help: consider using: `tokens::SPACE_3.mul_add(legend_gaps, legend_items_w)`
crates/rs_cam_viz/src/ui/properties/operations/mod.rs:1810:23: warning: casting `usize` to `f32` may cause a loss of precision (`usize` can be up to 64 bits wide depending on the target architecture, but `f32`'s mantissa is only 23 bits wide)
crates/rs_cam_viz/src/ui/properties/operations/mod.rs:1811:20: warning: multiply and add expressions may be calculated more efficiently and accurately: help: consider using: `tokens::SPACE_1.mul_add(legend_rows - 1.0, legend_row_h * legend_rows)`
crates/rs_cam_viz/src/ui/properties/operations/mod.rs:1821:9: warning: multiply and add expressions may be calculated more efficiently and accurately: help: consider using: `(frac as f32).mul_add(-plot.height(), plot.bottom())`
crates/rs_cam_viz/src/ui/properties/operations/mod.rs:1821:25: warning: casting `f64` to `f32` may truncate the value
crates/rs_cam_viz/src/ui/properties/operations/mod.rs:1956:24: warning: multiply and add expressions may be calculated more efficiently and accurately: help: consider using: `size.y.mul_add(-0.5, y)`
crates/rs_cam_viz/src/ui/properties/operations/mod.rs:1976:45: warning: casts from `f32` to `f64` can be expressed infallibly using `From`
crates/rs_cam_viz/src/ui/properties/operations/mod.rs:1977:19: warning: casts from `f32` to `f64` can be expressed infallibly using `From`
crates/rs_cam_viz/src/ui/properties/operations/mod.rs:2009:24: warning: multiply and add expressions may be calculated more efficiently and accurately: help: consider using: `legend_row_h.mul_add(0.5, legend_y)`
crates/rs_cam_viz/src/ui/properties/operations/mod.rs:2018:22: warning: multiply and add expressions may be calculated more efficiently and accurately: help: consider using: `(legend_row_h - size.y).mul_add(0.5, legend_y)`
crates/rs_cam_viz/src/ui/properties/operations/mod.rs:2059:6: warning: unnecessary semicolon: help: remove
crates/rs_cam_viz/src/ui/properties/operations/mod.rs:2535:1: warning: first doc comment paragraph is too long
crates/rs_cam_viz/src/ui/properties/operations/mod.rs:2559:1: warning: first doc comment paragraph is too long
crates/rs_cam_viz/src/ui/properties/pills.rs:47:5: warning: use Option::map_or_else instead of an if let/else
crates/rs_cam_viz/src/ui/properties/pills.rs:100:5: warning: this could be a `const fn`
crates/rs_cam_viz/src/ui/properties/post.rs:49:5: warning: all if blocks contain the same code at the start
crates/rs_cam_viz/src/ui/properties/post.rs:52:33: warning: variables can be used directly in the `format!` string
crates/rs_cam_viz/src/ui/properties/post.rs:65:33: warning: variables can be used directly in the `format!` string
crates/rs_cam_viz/src/ui/properties/setup.rs:8:1: warning: this could be a `const fn`
crates/rs_cam_viz/src/ui/properties/setup.rs:36:1: warning: this function has too many lines (291/100)
crates/rs_cam_viz/src/ui/properties/setup.rs:379:1: warning: this function has too many lines (118/100)
crates/rs_cam_viz/src/ui/properties/stock.rs:16:1: warning: this function has too many lines (134/100)
crates/rs_cam_viz/src/ui/properties/stock.rs:65:27: warning: use Option::map_or_else instead of an if let/else: help: try: `stock.material.kc_n_per_mm2().map_or_else(|| "—".to_owned(), |kc| format!("{kc:.1} N/mm\u{00B2}"))`
crates/rs_cam_viz/src/ui/properties/stock.rs:179:1: warning: this function has too many lines (212/100)
crates/rs_cam_viz/src/ui/properties/stock.rs:238:41: warning: use Option::map_or instead of an if let/else: help: try: `derived_axis.map_or("None (no flipped setup)", |fa| fa.label())`
crates/rs_cam_viz/src/ui/properties/stock.rs:293:36: warning: it is more concise to loop over references to containers instead of using explicit iteration methods: help: to write this more concisely, try: `&mut stock.alignment_pins`
crates/rs_cam_viz/src/ui/properties/stock.rs:492:5: warning: called `map(<f>).unwrap_or(<a>)` on an `Option` value
crates/rs_cam_viz/src/ui/properties/stock.rs:573:49: warning: casting `f64` to `i64` may truncate the value
crates/rs_cam_viz/src/ui/properties/stock.rs:574:62: warning: casting `f64` to `i64` may truncate the value
crates/rs_cam_viz/src/ui/properties/stock.rs:577:21: warning: use Option::map_or_else instead of an if let/else: help: try: `janka_suffix.map_or_else(|| format!("{current_label}  ▼"), |j| format!("{current_label}  ({j} lbf)  ▼"))`
crates/rs_cam_viz/src/ui/properties/stock.rs:647:20: warning: variables can be used directly in the `format!` string
crates/rs_cam_viz/src/ui/properties/tool.rs:17:1: warning: first doc comment paragraph is too long
crates/rs_cam_viz/src/ui/properties/tool.rs:115:1: warning: this function has too many lines (212/100)
crates/rs_cam_viz/src/ui/properties/tool.rs:184:32: warning: casting `u32` to `i32` may wrap around the value: help: if this is intentional, use `cast_signed()` instead: `tool.flute_count.cast_signed()`
crates/rs_cam_viz/src/ui/properties/tool.rs:189:36: warning: casting `i32` to `u32` may lose the sign of the value: help: if this is intentional, use `cast_unsigned()` instead: `flutes_i.max(1).cast_unsigned()`
crates/rs_cam_viz/src/ui/properties/tool.rs:403:20: warning: casting `f64` to `f32` may truncate the value
crates/rs_cam_viz/src/ui/properties/tool.rs:404:23: warning: casting `f64` to `f32` may truncate the value
crates/rs_cam_viz/src/ui/properties/tool.rs:405:19: warning: casting `f64` to `f32` may truncate the value
crates/rs_cam_viz/src/ui/properties/tool.rs:406:21: warning: casting `f64` to `f32` may truncate the value
crates/rs_cam_viz/src/ui/properties/tool.rs:407:20: warning: casting `f64` to `f32` may truncate the value
crates/rs_cam_viz/src/ui/properties/tool.rs:408:22: warning: casting `f64` to `f32` may truncate the value
crates/rs_cam_viz/src/ui/properties/tool.rs:435:13: warning: multiply and add expressions may be calculated more efficiently and accurately: help: consider using: `(r as f32).mul_add(scale, cx)`
crates/rs_cam_viz/src/ui/properties/tool.rs:435:18: warning: casting `f64` to `f32` may truncate the value
crates/rs_cam_viz/src/ui/properties/tool.rs:436:13: warning: multiply and add expressions may be calculated more efficiently and accurately: help: consider using: `(h as f32).mul_add(-scale, bottom)`
crates/rs_cam_viz/src/ui/properties/tool.rs:436:22: warning: casting `f64` to `f32` may truncate the value
crates/rs_cam_viz/src/ui/properties/tool.rs:441:21: warning: multiply and add expressions may be calculated more efficiently and accurately: help: consider using: `cutting_len.mul_add(-scale, bottom)`
crates/rs_cam_viz/src/ui/properties/tool.rs:443:39: warning: multiply and add expressions may be calculated more efficiently and accurately: help: consider using: `cutter_r.mul_add(scale, cx)`
crates/rs_cam_viz/src/ui/properties/tool.rs:455:33: warning: multiply and add expressions may be calculated more efficiently and accurately: help: consider using: `2.0f32.mul_add(cx, -pt.x)`
crates/rs_cam_viz/src/ui/properties/tool.rs:464:24: warning: multiply and add expressions may be calculated more efficiently and accurately: help: consider using: `cutting_len.mul_add(-scale, bottom)`
crates/rs_cam_viz/src/ui/properties/tool.rs:466:27: warning: multiply and add expressions may be calculated more efficiently and accurately: help: consider using: `shank_len.mul_add(-scale, cutter_top_y)`
crates/rs_cam_viz/src/ui/properties/tool.rs:481:23: warning: multiply and add expressions may be calculated more efficiently and accurately: help: consider using: `shank_len.mul_add(-scale, cutter_top_y)`
crates/rs_cam_viz/src/ui/properties/tool.rs:483:28: warning: multiply and add expressions may be calculated more efficiently and accurately: help: consider using: `holder_len.mul_add(-scale, shank_top_y)`
crates/rs_cam_viz/src/ui/properties/mod.rs:69:1: warning: first doc comment paragraph is too long
crates/rs_cam_viz/src/ui/properties/mod.rs:80:25: warning: casting `f32` to `u8` may truncate the value
crates/rs_cam_viz/src/ui/properties/mod.rs:80:25: warning: casting `f32` to `u8` may lose the sign of the value
crates/rs_cam_viz/src/ui/properties/mod.rs:142:5: warning: adding items after statements is confusing, since items exist from the start of the scope
crates/rs_cam_viz/src/ui/properties/mod.rs:142:32: warning: adding items after statements is confusing, since items exist from the start of the scope
crates/rs_cam_viz/src/ui/properties/mod.rs:142:41: warning: adding items after statements is confusing, since items exist from the start of the scope
crates/rs_cam_viz/src/ui/properties/mod.rs:363:5: warning: strict comparison of `f32` or `f64`: help: consider comparing them within some margin of error: `(draft.max_feed_mm_min - stored.max_feed_mm_min).abs() > error_margin`
crates/rs_cam_viz/src/ui/properties/mod.rs:364:12: warning: strict comparison of `f32` or `f64`: help: consider comparing them within some margin of error: `(draft.max_shank_mm - stored.max_shank_mm).abs() > error_margin`
crates/rs_cam_viz/src/ui/properties/mod.rs:365:12: warning: strict comparison of `f32` or `f64`: help: consider comparing them within some margin of error: `(draft.safety_factor - stored.safety_factor).abs() > error_margin`
crates/rs_cam_viz/src/ui/properties/mod.rs:397:5: warning: adding items after statements is confusing, since items exist from the start of the scope
crates/rs_cam_viz/src/ui/properties/mod.rs:397:32: warning: adding items after statements is confusing, since items exist from the start of the scope
crates/rs_cam_viz/src/ui/properties/mod.rs:397:41: warning: adding items after statements is confusing, since items exist from the start of the scope
crates/rs_cam_viz/src/ui/properties/mod.rs:470:5: warning: this could be a `const fn`
crates/rs_cam_viz/src/ui/properties/mod.rs:476:5: warning: this could be a `const fn`
crates/rs_cam_viz/src/ui/properties/mod.rs:486:9: warning: unnecessary boolean `not` operation
crates/rs_cam_viz/src/ui/properties/mod.rs:506:9: warning: unnecessary boolean `not` operation
crates/rs_cam_viz/src/ui/properties/mod.rs:525:9: warning: unnecessary boolean `not` operation
crates/rs_cam_viz/src/ui/properties/mod.rs:550:1: warning: this function has too many lines (500/100)
crates/rs_cam_viz/src/ui/properties/mod.rs:689:17: warning: `if _ { .. } else { .. }` is an expression: help: it is more idiomatic to write: `let <mut> action = if let Some((_, draft)) = state.history.tool_draft.as_mut() { tool::draw(ui, draft, modified) } else { tool::ToolEditAction::None };`
crates/rs_cam_viz/src/ui/properties/mod.rs:808:30: warning: called `map(<f>).unwrap_or(<a>)` on an `Option` value
crates/rs_cam_viz/src/ui/properties/mod.rs:828:30: warning: called `map(<f>).unwrap_or(<a>)` on an `Option` value
crates/rs_cam_viz/src/ui/properties/mod.rs:942:38: warning: called `map(<f>).unwrap_or(false)` on an `Option` value
crates/rs_cam_viz/src/ui/properties/mod.rs:948:46: warning: called `map(<f>).unwrap_or(false)` on an `Option` value
crates/rs_cam_viz/src/ui/properties/mod.rs:1234:1: warning: this function has too many lines (231/100)
crates/rs_cam_viz/src/ui/properties/mod.rs:1354:37: warning: variables can be used directly in the `format!` string
crates/rs_cam_viz/src/ui/properties/mod.rs:1384:44: warning: strict comparison of `f32` or `f64`: help: consider comparing them within some margin of error: `(units.scale_factor() - current_units.scale_factor()).abs() < error_margin`
crates/rs_cam_viz/src/ui/properties/mod.rs:1465:29: warning: adding items after statements is confusing, since items exist from the start of the scope
crates/rs_cam_viz/src/ui/properties/mod.rs:1511:1: warning: this function has too many lines (108/100)
crates/rs_cam_viz/src/ui/properties/mod.rs:1591:13: warning: casting `usize` to `f32` may cause a loss of precision (`usize` can be up to 64 bits wide depending on the target architecture, but `f32`'s mantissa is only 23 bits wide)
crates/rs_cam_viz/src/ui/properties/mod.rs:1591:45: warning: casting `usize` to `f32` may cause a loss of precision (`usize` can be up to 64 bits wide depending on the target architecture, but `f32`'s mantissa is only 23 bits wide)
crates/rs_cam_viz/src/ui/properties/mod.rs:1613:17: warning: this binding can be a slice pattern to avoid indexing
crates/rs_cam_viz/src/ui/properties/mod.rs:1647:18: warning: variables can be used directly in the `format!` string
crates/rs_cam_viz/src/ui/properties/mod.rs:1733:1: warning: this function has too many lines (151/100)
crates/rs_cam_viz/src/ui/properties/mod.rs:1880:5: warning: adding items after statements is confusing, since items exist from the start of the scope
crates/rs_cam_viz/src/ui/properties/mod.rs:1781:22: warning: variables can be used directly in the `format!` string
crates/rs_cam_viz/src/ui/properties/mod.rs:1791:22: warning: variables can be used directly in the `format!` string
crates/rs_cam_viz/src/ui/properties/mod.rs:2053:1: warning: this function has too many lines (129/100)
crates/rs_cam_viz/src/ui/properties/mod.rs:2112:13: warning: unnecessary boolean `not` operation
crates/rs_cam_viz/src/ui/properties/mod.rs:2121:29: warning: this binding can be a slice pattern to avoid indexing
crates/rs_cam_viz/src/ui/properties/mod.rs:2137:29: warning: this binding can be a slice pattern to avoid indexing
crates/rs_cam_viz/src/ui/properties/mod.rs:2433:1: warning: this could be a `const fn`
crates/rs_cam_viz/src/ui/properties/mod.rs:2609:30: warning: use Option::map_or_else instead of an if let/else
crates/rs_cam_viz/src/ui/properties/mod.rs:2633:24: warning: use Option::map_or_else instead of an if let/else
crates/rs_cam_viz/src/ui/properties/mod.rs:2702:1: warning: this could be a `const fn`
crates/rs_cam_viz/src/ui/properties/mod.rs:2716:1: warning: this could be a `const fn`
crates/rs_cam_viz/src/ui/properties/mod.rs:2726:1: warning: this function has too many lines (135/100)
crates/rs_cam_viz/src/ui/properties/mod.rs:2813:57: warning: use Option::map_or instead of an if let/else: help: try: `obs.diameter_mm.map_or(false, |d| (d - tool_diameter).abs() < 0.1)`
crates/rs_cam_viz/src/ui/properties/mod.rs:2827:53: warning: use Option::map_or_else instead of an if let/else: help: try: `obs.diameter_mm.map_or_else(|| "—".to_owned(), |d| format!("{:.1}", d))`
crates/rs_cam_viz/src/ui/properties/mod.rs:2828:48: warning: variables can be used directly in the `format!` string
crates/rs_cam_viz/src/ui/properties/mod.rs:2850:41: warning: use Option::map_or_else instead of an if let/else: help: try: `obs.rpm_nominal.map_or_else(|| "-".to_owned(), |nom| format!("{nom:.0}"))`
crates/rs_cam_viz/src/ui/properties/mod.rs:2908:1: warning: this function has too many lines (173/100)
crates/rs_cam_viz/src/ui/properties/mod.rs:2930:17: warning: multiply and add expressions may be calculated more efficiently and accurately: help: consider using: `z_drop.mul_add(-0.15, top_z)`
crates/rs_cam_viz/src/ui/properties/mod.rs:2931:17: warning: multiply and add expressions may be calculated more efficiently and accurately: help: consider using: `z_drop.mul_add(0.25, feed_z)`
crates/rs_cam_viz/src/ui/properties/mod.rs:2935:9: warning: multiply and add expressions may be calculated more efficiently and accurately: help: consider using: `(frac as f32).mul_add(-rect.height(), rect.bottom())`
crates/rs_cam_viz/src/ui/properties/mod.rs:2935:25: warning: casting `f64` to `f32` may truncate the value
crates/rs_cam_viz/src/ui/properties/mod.rs:2963:35: warning: manual implementation of `midpoint` which can overflow: help: use `f32::midpoint` instead: `f32::midpoint(feed_y, top_y)`
crates/rs_cam_viz/src/ui/properties/mod.rs:2977:15: warning: while condition comparing floats
crates/rs_cam_viz/src/ui/properties/mod.rs:3000:29: warning: casting `f64` to `f32` may truncate the value
crates/rs_cam_viz/src/ui/properties/mod.rs:3001:30: warning: casting `f64` to `f32` may truncate the value
crates/rs_cam_viz/src/ui/properties/mod.rs:3022:25: warning: casting `i32` to `f32` may cause a loss of precision (`i32` is 32 bits wide, but `f32`'s mantissa is only 23 bits wide)
crates/rs_cam_viz/src/ui/properties/mod.rs:3025:21: warning: multiply and add expressions may be calculated more efficiently and accurately: help: consider using: `arc_r.mul_add(a.cos(), start_x)`
crates/rs_cam_viz/src/ui/properties/mod.rs:3026:21: warning: multiply and add expressions may be calculated more efficiently and accurately: help: consider using: `arc_r.mul_add(-a.sin(), feed_y)`
crates/rs_cam_viz/src/ui/properties/mod.rs:3062:25: warning: casting `f64` to `usize` may truncate the value
crates/rs_cam_viz/src/ui/properties/mod.rs:3062:25: warning: casting `f64` to `usize` may lose the sign of the value
crates/rs_cam_viz/src/ui/properties/mod.rs:3066:29: warning: casting `f64` to `f32` may truncate the value
crates/rs_cam_viz/src/ui/properties/mod.rs:3066:60: warning: casting `f64` to `f32` may truncate the value
crates/rs_cam_viz/src/ui/properties/mod.rs:3071:25: warning: casting `usize` to `f64` may cause a loss of precision (`usize` can be up to 64 bits wide depending on the target architecture, but `f64`'s mantissa is only 52 bits wide)
crates/rs_cam_viz/src/ui/properties/mod.rs:3071:36: warning: casting `usize` to `f64` may cause a loss of precision (`usize` can be up to 64 bits wide depending on the target architecture, but `f64`'s mantissa is only 52 bits wide)
crates/rs_cam_viz/src/ui/properties/mod.rs:3073:25: warning: multiply and add expressions may be calculated more efficiently and accurately: help: consider using: `z_drop.mul_add(-t, feed_z)`
crates/rs_cam_viz/src/ui/properties/mod.rs:3074:29: warning: casting `f64` to `f32` may truncate the value
crates/rs_cam_viz/src/ui/properties/mod.rs:3074:73: warning: casting `f64` to `f32` may truncate the value
crates/rs_cam_viz/src/ui/properties/mod.rs:3147:18: warning: unnecessary structure name repetition: help: use the applicable keyword: `Self`
crates/rs_cam_viz/src/ui/properties/mod.rs:3148:9: warning: unnecessary structure name repetition: help: use the applicable keyword: `Self`
crates/rs_cam_viz/src/ui/properties/mod.rs:3149:9: warning: unnecessary structure name repetition: help: use the applicable keyword: `Self`
crates/rs_cam_viz/src/ui/properties/mod.rs:3150:9: warning: unnecessary structure name repetition: help: use the applicable keyword: `Self`
crates/rs_cam_viz/src/ui/properties/mod.rs:3151:9: warning: unnecessary structure name repetition: help: use the applicable keyword: `Self`
crates/rs_cam_viz/src/ui/properties/mod.rs:3152:9: warning: unnecessary structure name repetition: help: use the applicable keyword: `Self`
crates/rs_cam_viz/src/ui/properties/mod.rs:3155:5: warning: this could be a `const fn`
crates/rs_cam_viz/src/ui/properties/mod.rs:3157:13: warning: unnecessary structure name repetition: help: use the applicable keyword: `Self`
crates/rs_cam_viz/src/ui/properties/mod.rs:3158:13: warning: unnecessary structure name repetition: help: use the applicable keyword: `Self`
crates/rs_cam_viz/src/ui/properties/mod.rs:3159:13: warning: unnecessary structure name repetition: help: use the applicable keyword: `Self`
crates/rs_cam_viz/src/ui/properties/mod.rs:3160:13: warning: unnecessary structure name repetition: help: use the applicable keyword: `Self`
crates/rs_cam_viz/src/ui/properties/mod.rs:3161:13: warning: unnecessary structure name repetition: help: use the applicable keyword: `Self`
crates/rs_cam_viz/src/ui/properties/mod.rs:3169:32: warning: unnecessary structure name repetition: help: use the applicable keyword: `Self`
crates/rs_cam_viz/src/ui/properties/mod.rs:3170:46: warning: unnecessary structure name repetition: help: use the applicable keyword: `Self`
crates/rs_cam_viz/src/ui/properties/mod.rs:3171:31: warning: unnecessary structure name repetition: help: use the applicable keyword: `Self`
crates/rs_cam_viz/src/ui/properties/mod.rs:3172:31: warning: unnecessary structure name repetition: help: use the applicable keyword: `Self`
crates/rs_cam_viz/src/ui/properties/mod.rs:3173:31: warning: unnecessary structure name repetition: help: use the applicable keyword: `Self`
crates/rs_cam_viz/src/ui/properties/mod.rs:3180:1: warning: all fields have the same postfix: `badge`
crates/rs_cam_viz/src/ui/properties/mod.rs:3187:5: warning: this could be a `const fn`
crates/rs_cam_viz/src/ui/properties/mod.rs:3205:25: warning: use Option::map_or instead of an if let/else
crates/rs_cam_viz/src/ui/properties/mod.rs:3355:9: warning: these match arms have identical bodies
crates/rs_cam_viz/src/ui/properties/mod.rs:3466:25: warning: called `map(<f>).unwrap_or_else(<g>)` on an `Option` value: help: try: `min.map_or_else(|| "min —".to_owned(), |v| format!("min {v:.3}"))`
crates/rs_cam_viz/src/ui/properties/mod.rs:3500:26: warning: redundant closure: help: replace the closure with the method itself: `std::string::ToString::to_string`
crates/rs_cam_viz/src/ui/properties/mod.rs:3509:1: warning: this could be a `const fn`
crates/rs_cam_viz/src/ui/properties/mod.rs:3543:25: warning: use Option::map_or_else instead of an if let/else
crates/rs_cam_viz/src/ui/properties/mod.rs:3675:1: warning: first doc comment paragraph is too long
crates/rs_cam_viz/src/ui/properties/mod.rs:3745:5: warning: assigning the result of `Clone::clone()` may be inefficient: help: use `clone_from()`: `config.name.clone_from(&entry.name)`
crates/rs_cam_viz/src/ui/properties/mod.rs:3766:5: warning: assigning the result of `Clone::clone()` may be inefficient: help: use `clone_from()`: `config.face_selection.clone_from(&entry.face_selection)`
crates/rs_cam_viz/src/ui/properties/mod.rs:3843:9: warning: assigning the result of `Clone::clone()` may be inefficient: help: use `clone_from()`: `rt.feeds_result.clone_from(&entry.feeds_result)`
crates/rs_cam_viz/src/ui/properties/mod.rs:3942:26: warning: called `map(<f>).unwrap_or(<a>)` on an `Option` value
crates/rs_cam_viz/src/ui/properties/mod.rs:3959:27: warning: called `map(<f>).unwrap_or(<a>)` on an `Option` value
crates/rs_cam_viz/src/ui/properties/mod.rs:4001:26: warning: called `map(<f>).unwrap_or(<a>)` on an `Option` value
crates/rs_cam_viz/src/ui/properties/mod.rs:4001:60: warning: redundant closure: help: replace the closure with the method itself: `std::vec::Vec::len`
crates/rs_cam_viz/src/ui/properties/mod.rs:4051:1: warning: this function has too many lines (923/100)
crates/rs_cam_viz/src/ui/properties/mod.rs:4127:9: warning: adding items after statements is confusing, since items exist from the start of the scope
crates/rs_cam_viz/src/ui/properties/mod.rs:4478:39: warning: called `map(<f>).unwrap_or(<a>)` on an `Option` value
crates/rs_cam_viz/src/ui/properties/mod.rs:4719:54: warning: called `map(<f>).unwrap_or(<a>)` on an `Option` value
crates/rs_cam_viz/src/ui/properties/mod.rs:4743:45: warning: called `map(<f>).unwrap_or_else(<g>)` on an `Option` value
crates/rs_cam_viz/src/ui/properties/mod.rs:4935:41: warning: called `map(<f>).unwrap_or(<a>)` on an `Option` value
crates/rs_cam_viz/src/ui/properties/mod.rs:5412:5: warning: `if _ { .. } else { .. }` is an expression: help: it is more idiomatic to write: `let <mut> click = if let Some(pill) = suggestion { ..; Some(c) } else { None };`
crates/rs_cam_viz/src/ui/properties/mod.rs:5529:1: warning: this could be a `const fn`
crates/rs_cam_viz/src/ui/properties/mod.rs:5562:1: warning: this function has too many lines (207/100)
crates/rs_cam_viz/src/ui/readiness.rs:56:5: warning: this could be a `const fn`
crates/rs_cam_viz/src/ui/readiness.rs:56:5: warning: missing `#[must_use]` attribute on a method returning `Self`
crates/rs_cam_viz/src/ui/readiness.rs:58:14: warning: unnecessary structure name repetition: help: use the applicable keyword: `Self`
crates/rs_cam_viz/src/ui/readiness.rs:58:42: warning: unnecessary structure name repetition: help: use the applicable keyword: `Self`
crates/rs_cam_viz/src/ui/readiness.rs:58:64: warning: unnecessary structure name repetition: help: use the applicable keyword: `Self`
crates/rs_cam_viz/src/ui/readiness.rs:59:14: warning: unnecessary structure name repetition: help: use the applicable keyword: `Self`
crates/rs_cam_viz/src/ui/readiness.rs:59:45: warning: unnecessary structure name repetition: help: use the applicable keyword: `Self`
crates/rs_cam_viz/src/ui/readiness.rs:59:70: warning: unnecessary structure name repetition: help: use the applicable keyword: `Self`
crates/rs_cam_viz/src/ui/readiness.rs:60:18: warning: unnecessary structure name repetition: help: use the applicable keyword: `Self`
crates/rs_cam_viz/src/ui/readiness.rs:197:1: warning: first doc comment paragraph is too long
crates/rs_cam_viz/src/ui/readiness.rs:242:9: warning: these match arms have identical bodies
crates/rs_cam_viz/src/ui/readiness.rs:335:5: warning: use Option::map_or_else instead of an if let/else: help: try: `named.map_or_else(|| format!("{} operation(s)", scope.examined), |name| name)`
crates/rs_cam_viz/src/ui/readiness.rs:392:13: warning: unnecessary structure name repetition: help: use the applicable keyword: `Self`
crates/rs_cam_viz/src/ui/readiness.rs:393:13: warning: unnecessary structure name repetition: help: use the applicable keyword: `Self`
crates/rs_cam_viz/src/ui/readiness.rs:397:13: warning: unnecessary structure name repetition: help: use the applicable keyword: `Self`
crates/rs_cam_viz/src/ui/readiness.rs:405:13: warning: unnecessary structure name repetition: help: use the applicable keyword: `Self`
crates/rs_cam_viz/src/ui/readiness.rs:406:13: warning: unnecessary structure name repetition: help: use the applicable keyword: `Self`
crates/rs_cam_viz/src/ui/readiness.rs:406:48: warning: unnecessary structure name repetition: help: use the applicable keyword: `Self`
crates/rs_cam_viz/src/ui/readiness.rs:411:1: warning: first doc comment paragraph is too long
crates/rs_cam_viz/src/ui/readiness.rs:517:17: warning: casting `f64` to `u64` may truncate the value
crates/rs_cam_viz/src/ui/readiness.rs:517:17: warning: casting `f64` to `u64` may lose the sign of the value
crates/rs_cam_viz/src/ui/readiness_panel.rs:47:5: warning: this could be a `const fn`
crates/rs_cam_viz/src/ui/readiness_panel.rs:99:1: warning: this function has too many lines (147/100)
crates/rs_cam_viz/src/ui/readiness_panel.rs:232:43: warning: use Option::map_or_else instead of an if let/else
crates/rs_cam_viz/src/ui/readiness_panel.rs:457:1: warning: this function has too many lines (179/100)
crates/rs_cam_viz/src/ui/setup_panel.rs:100:33: warning: use Option::map_or instead of an if let/else
crates/rs_cam_viz/src/ui/setup_panel.rs:301:1: warning: this could be a `const fn`
crates/rs_cam_viz/src/ui/setup_panel.rs:332:51: warning: casting `f32` to `i8` may truncate the value
crates/rs_cam_viz/src/ui/setup_panel.rs:480:9: warning: `format!(..)` appended to existing `String`
crates/rs_cam_viz/src/ui/setup_panel.rs:516:9: warning: these match arms have identical bodies
crates/rs_cam_viz/src/ui/setup_panel.rs:525:5: warning: use Option::map_or_else instead of an if let/else: help: try: `setup_id.map_or_else(|| setups.first(), |sid| setups.iter().find(|s| s.id == sid.0))`
crates/rs_cam_viz/src/ui/sim_debug.rs:12:1: warning: this could be a `const fn`
crates/rs_cam_viz/src/ui/sim_debug.rs:30:17: warning: casting `f32` to `i8` may truncate the value
crates/rs_cam_viz/src/ui/sim_debug.rs:31:17: warning: casting `f32` to `i8` may truncate the value
crates/rs_cam_viz/src/ui/sim_debug.rs:42:1: warning: this could be a `const fn`
crates/rs_cam_viz/src/ui/sim_debug.rs:93:1: warning: this could be a `const fn`
crates/rs_cam_viz/src/ui/sim_debug.rs:100:9: warning: these match arms have identical bodies
crates/rs_cam_viz/src/ui/sim_debug.rs:101:9: warning: these match arms have identical bodies
crates/rs_cam_viz/src/ui/sim_debug.rs:102:9: warning: these match arms have identical bodies
crates/rs_cam_viz/src/ui/sim_debug.rs:103:9: warning: these match arms have identical bodies
crates/rs_cam_viz/src/ui/sim_debug.rs:104:9: warning: these match arms have identical bodies
crates/rs_cam_viz/src/ui/sim_debug.rs:105:9: warning: these match arms have identical bodies
crates/rs_cam_viz/src/ui/sim_diagnostics.rs:435:1: warning: this function has too many lines (351/100)
crates/rs_cam_viz/src/ui/sim_diagnostics.rs:472:21: warning: use Option::map_or_else instead of an if let/else: help: try: `cycle.basis.map_or_else(|| " (no estimate)".to_owned(), |basis| format!(" ({})", basis.qualifier()))`
crates/rs_cam_viz/src/ui/sim_diagnostics.rs:517:50: warning: variables can be used directly in the `format!` string
crates/rs_cam_viz/src/ui/sim_diagnostics.rs:524:50: warning: variables can be used directly in the `format!` string
crates/rs_cam_viz/src/ui/sim_diagnostics.rs:772:29: warning: called `map(<f>).unwrap_or(<a>)` on an `Option` value
crates/rs_cam_viz/src/ui/sim_diagnostics.rs:973:1: warning: this could be a `const fn`
crates/rs_cam_viz/src/ui/sim_diagnostics.rs:1148:10: warning: casting `f64` to `i32` may truncate the value
crates/rs_cam_viz/src/ui/sim_diagnostics.rs:1176:13: warning: use Option::map_or_else instead of an if let/else: help: try: `pct_of_cap(peak, cap).map_or_else(|| (theme::SUCCESS, "OK".to_owned()), |pct| (theme::SUCCESS, format!("{pct}%")))`
crates/rs_cam_viz/src/ui/sim_diagnostics.rs:1181:66: warning: use Option::map_or_else instead of an if let/else: help: try: `pct_of_cap(peak, cap).map_or_else(|| (theme::WARNING_MILD, "OK\u{2248}".to_owned()), |pct| (theme::WARNING_MILD, format!("{pct}%\u{2248}")))`
crates/rs_cam_viz/src/ui/sim_diagnostics.rs:1186:36: warning: use Option::map_or_else instead of an if let/else: help: try: `pct_of_cap(peak, cap).map_or_else(|| (theme::ERROR, "FAIL".to_owned()), |pct| (theme::ERROR, format!("{pct}%")))`
crates/rs_cam_viz/src/ui/sim_diagnostics.rs:1213:9: warning: use Option::map_or_else instead of an if let/else
crates/rs_cam_viz/src/ui/sim_diagnostics.rs:1215:27: warning: casting `f64` to `i32` may truncate the value
crates/rs_cam_viz/src/ui/sim_diagnostics.rs:1247:30: warning: called `map(<f>).unwrap_or(<a>)` on an `Option` value
crates/rs_cam_viz/src/ui/sim_diagnostics.rs:1405:23: warning: casting `usize` to `u32` may truncate the value on targets with 64-bit wide pointers
crates/rs_cam_viz/src/ui/sim_diagnostics.rs:1493:1: warning: this function has too many lines (216/100)
crates/rs_cam_viz/src/ui/sim_diagnostics.rs:1668:5: warning: adding items after statements is confusing, since items exist from the start of the scope
crates/rs_cam_viz/src/ui/sim_diagnostics.rs:1639:26: warning: called `map(<f>).unwrap_or(<a>)` on an `Option` value
crates/rs_cam_viz/src/ui/sim_diagnostics.rs:1783:30: warning: variables can be used directly in the `format!` string
crates/rs_cam_viz/src/ui/sim_diagnostics.rs:1838:21: warning: casting `u64` to `f64` may cause a loss of precision (`u64` is 64 bits wide, but `f64`'s mantissa is only 52 bits wide)
crates/rs_cam_viz/src/ui/sim_diagnostics.rs:1845:29: warning: casting `u64` to `f64` may cause a loss of precision (`u64` is 64 bits wide, but `f64`'s mantissa is only 52 bits wide)
crates/rs_cam_viz/src/ui/sim_diagnostics.rs:1860:29: warning: casting `u64` to `f64` may cause a loss of precision (`u64` is 64 bits wide, but `f64`'s mantissa is only 52 bits wide)
crates/rs_cam_viz/src/ui/sim_op_list.rs:19:1: warning: this function has too many lines (773/100)
crates/rs_cam_viz/src/ui/sim_op_list.rs:415:5: warning: adding items after statements is confusing, since items exist from the start of the scope
crates/rs_cam_viz/src/ui/sim_op_list.rs:626:26: warning: casting `usize` to `f32` may cause a loss of precision (`usize` can be up to 64 bits wide depending on the target architecture, but `f32`'s mantissa is only 23 bits wide)
crates/rs_cam_viz/src/ui/sim_op_list.rs:711:13: warning: these match arms have identical bodies
crates/rs_cam_viz/src/ui/sim_op_list.rs:712:13: warning: these match arms have identical bodies
crates/rs_cam_viz/src/ui/sim_op_list.rs:748:13: warning: these match arms have identical bodies
crates/rs_cam_viz/src/ui/sim_op_list.rs:749:13: warning: these match arms have identical bodies
crates/rs_cam_viz/src/ui/sim_op_list.rs:750:13: warning: these match arms have identical bodies
crates/rs_cam_viz/src/ui/sim_op_list.rs:751:13: warning: these match arms have identical bodies
crates/rs_cam_viz/src/ui/sim_op_list.rs:827:26: warning: casting `usize` to `f32` may cause a loss of precision (`usize` can be up to 64 bits wide depending on the target architecture, but `f32`'s mantissa is only 23 bits wide)
crates/rs_cam_viz/src/ui/sim_op_list.rs:896:5: warning: this could be a `const fn`
crates/rs_cam_viz/src/ui/sim_op_list.rs:971:5: warning: `if _ { .. } else { .. }` is an expression: help: it is more idiomatic to write: `let <mut> utilization = if util.is_measured() { util.utilization } else { None };`
crates/rs_cam_viz/src/ui/sim_op_list.rs:1010:5: warning: adding items after statements is confusing, since items exist from the start of the scope
crates/rs_cam_viz/src/ui/sim_op_list.rs:984:13: warning: `format!(..)` appended to existing `String`
crates/rs_cam_viz/src/ui/sim_op_list.rs:1014:17: warning: use Option::map_or_else instead of an if let/else: help: try: `utilization.map_or_else(|| format!("⚙ —{suffix}"), |u| format!("⚙ {:.0}%{suffix}", u * 100.0))`
crates/rs_cam_viz/src/ui/sim_op_list.rs:1109:1: warning: this could be a `const fn`
crates/rs_cam_viz/src/ui/sim_op_list.rs:1120:1: warning: this could be a `const fn`
crates/rs_cam_viz/src/ui/sim_op_list.rs:1131:1: warning: this could be a `const fn`
crates/rs_cam_viz/src/ui/sim_op_list.rs:1168:1: warning: this could be a `const fn`
crates/rs_cam_viz/src/ui/sim_op_list.rs:1204:33: warning: use Option::map_or_else instead of an if let/else: help: try: `status.unmodeled_reason.map_or_else(|| format!("{} is unmodeled.", status.kind.label()), |reason| format!("{} is unmodeled: {reason:?}.", status.kind.label()))`
crates/rs_cam_viz/src/ui/sim_timeline.rs:81:13: warning: casting `f32` to `i8` may truncate the value
crates/rs_cam_viz/src/ui/sim_timeline.rs:82:13: warning: casting `f32` to `i8` may truncate the value
crates/rs_cam_viz/src/ui/sim_timeline.rs:266:1: warning: this function has too many lines (249/100)
crates/rs_cam_viz/src/ui/sim_timeline.rs:355:25: warning: casting `usize` to `f64` may cause a loss of precision (`usize` can be up to 64 bits wide depending on the target architecture, but `f64`'s mantissa is only 52 bits wide)
crates/rs_cam_viz/src/ui/sim_timeline.rs:398:25: warning: casting `usize` to `f64` may cause a loss of precision (`usize` can be up to 64 bits wide depending on the target architecture, but `f64`'s mantissa is only 52 bits wide)
crates/rs_cam_viz/src/ui/sim_timeline.rs:403:31: warning: called `map(<f>).unwrap_or(<a>)` on an `Option` value
crates/rs_cam_viz/src/ui/sim_timeline.rs:405:19: warning: casting `usize` to `f64` may cause a loss of precision (`usize` can be up to 64 bits wide depending on the target architecture, but `f64`'s mantissa is only 52 bits wide)
crates/rs_cam_viz/src/ui/sim_timeline.rs:405:40: warning: casting `usize` to `f64` may cause a loss of precision (`usize` can be up to 64 bits wide depending on the target architecture, but `f64`'s mantissa is only 52 bits wide)
crates/rs_cam_viz/src/ui/sim_timeline.rs:429:35: warning: casting `usize` to `f64` may cause a loss of precision (`usize` can be up to 64 bits wide depending on the target architecture, but `f64`'s mantissa is only 52 bits wide)
crates/rs_cam_viz/src/ui/sim_timeline.rs:430:33: warning: casting `usize` to `f64` may cause a loss of precision (`usize` can be up to 64 bits wide depending on the target architecture, but `f64`'s mantissa is only 52 bits wide)
crates/rs_cam_viz/src/ui/sim_timeline.rs:431:58: warning: casting `usize` to `u32` may truncate the value on targets with 64-bit wide pointers
crates/rs_cam_viz/src/ui/sim_timeline.rs:670:1: warning: this function has too many lines (262/100)
crates/rs_cam_viz/src/ui/sim_timeline.rs:706:56: warning: casting `usize` to `f64` may cause a loss of precision (`usize` can be up to 64 bits wide depending on the target architecture, but `f64`'s mantissa is only 52 bits wide)
crates/rs_cam_viz/src/ui/sim_timeline.rs:836:13: warning: adding items after statements is confusing, since items exist from the start of the scope
crates/rs_cam_viz/src/ui/sim_timeline.rs:783:34: warning: multiply and add expressions may be calculated more efficiently and accurately: help: consider using: `(max_y - min_y).abs().mul_add(-0.1, min_y)`
crates/rs_cam_viz/src/ui/sim_timeline.rs:784:34: warning: multiply and add expressions may be calculated more efficiently and accurately: help: consider using: `(max_y - min_y).abs().mul_add(0.1, max_y)`
crates/rs_cam_viz/src/ui/sim_timeline.rs:958:71: warning: casting `f64` to `usize` may truncate the value
crates/rs_cam_viz/src/ui/sim_timeline.rs:958:71: warning: casting `f64` to `usize` may lose the sign of the value
crates/rs_cam_viz/src/ui/sim_timeline.rs:967:43: warning: casting `usize` to `f64` may cause a loss of precision (`usize` can be up to 64 bits wide depending on the target architecture, but `f64`'s mantissa is only 52 bits wide)
crates/rs_cam_viz/src/ui/sim_timeline.rs:1002:26: warning: casting `usize` to `f64` may cause a loss of precision (`usize` can be up to 64 bits wide depending on the target architecture, but `f64`'s mantissa is only 52 bits wide)
crates/rs_cam_viz/src/ui/sim_timeline.rs:1004:42: warning: casting `usize` to `f64` may cause a loss of precision (`usize` can be up to 64 bits wide depending on the target architecture, but `f64`'s mantissa is only 52 bits wide)
crates/rs_cam_viz/src/ui/sim_timeline.rs:1007:29: warning: casting `usize` to `f64` may cause a loss of precision (`usize` can be up to 64 bits wide depending on the target architecture, but `f64`'s mantissa is only 52 bits wide)
crates/rs_cam_viz/src/ui/sim_timeline.rs:1053:15: warning: casting `f32` to `u8` may truncate the value
crates/rs_cam_viz/src/ui/sim_timeline.rs:1053:15: warning: casting `f32` to `u8` may lose the sign of the value
crates/rs_cam_viz/src/ui/sim_timeline.rs:1053:15: warning: multiply and add expressions may be calculated more efficiently and accurately: help: consider using: `0.11f32.mul_add(c.b() as f32, 0.3 * c.r() as f32 + 0.59 * c.g() as f32)`
crates/rs_cam_viz/src/ui/sim_timeline.rs:1053:16: warning: multiply and add expressions may be calculated more efficiently and accurately: help: consider using: `0.59f32.mul_add(c.g() as f32, 0.3 * c.r() as f32)`
crates/rs_cam_viz/src/ui/sim_timeline.rs:1053:22: warning: casts from `u8` to `f32` can be expressed infallibly using `From`
crates/rs_cam_viz/src/ui/sim_timeline.rs:1053:44: warning: casts from `u8` to `f32` can be expressed infallibly using `From`
crates/rs_cam_viz/src/ui/sim_timeline.rs:1053:66: warning: casts from `u8` to `f32` can be expressed infallibly using `From`
crates/rs_cam_viz/src/ui/sim_timeline.rs:1054:24: warning: casting `u16` to `u8` may truncate the value
crates/rs_cam_viz/src/ui/sim_timeline.rs:1054:26: warning: casts from `u8` to `u16` can be expressed infallibly using `From`
crates/rs_cam_viz/src/ui/sim_timeline.rs:1054:40: warning: casts from `u8` to `u16` can be expressed infallibly using `From`
crates/rs_cam_viz/src/ui/sim_timeline.rs:1083:13: warning: casting `f32` to `i8` may truncate the value
crates/rs_cam_viz/src/ui/sim_timeline.rs:1084:13: warning: casting `f32` to `i8` may truncate the value
crates/rs_cam_viz/src/ui/sim_timeline.rs:1161:37: warning: variables can be used directly in the `format!` string
crates/rs_cam_viz/src/ui/sim_timeline.rs:1168:55: warning: use Option::map_or_else instead of an if let/else
crates/rs_cam_viz/src/ui/sim_timeline.rs:1171:21: warning: use Option::map_or_else instead of an if let/else: help: try: `basis.remedy().map_or_else(|| basis.caveat().to_owned(), |remedy| format!("{}\n\n{remedy}", basis.caveat()))`
crates/rs_cam_viz/src/ui/sim_timeline.rs:1212:17: warning: casting `f64` to `f32` may truncate the value
crates/rs_cam_viz/src/ui/sim_timeline.rs:1212:18: warning: casting `usize` to `f64` may cause a loss of precision (`usize` can be up to 64 bits wide depending on the target architecture, but `f64`'s mantissa is only 52 bits wide)
crates/rs_cam_viz/src/ui/sim_timeline.rs:1223:28: warning: variables can be used directly in the `format!` string
crates/rs_cam_viz/src/ui/sim_timeline.rs:1248:1: warning: this function has too many lines (217/100)
crates/rs_cam_viz/src/ui/sim_timeline.rs:1248:1: warning: it is more idiomatic to use `Option<&T>` instead of `&Option<T>`
crates/rs_cam_viz/src/ui/sim_timeline.rs:1288:23: warning: casting `usize` to `f32` may cause a loss of precision (`usize` can be up to 64 bits wide depending on the target architecture, but `f32`'s mantissa is only 23 bits wide)
crates/rs_cam_viz/src/ui/sim_timeline.rs:1290:36: warning: multiply and add expressions may be calculated more efficiently and accurately: help: consider using: `(move_idx as f32 / total_moves).mul_add(total_width, rect.min.x)`
crates/rs_cam_viz/src/ui/sim_timeline.rs:1290:50: warning: casting `usize` to `f32` may cause a loss of precision (`usize` can be up to 64 bits wide depending on the target architecture, but `f32`'s mantissa is only 23 bits wide)
crates/rs_cam_viz/src/ui/sim_timeline.rs:1336:13: warning: casting `usize` to `f32` may cause a loss of precision (`usize` can be up to 64 bits wide depending on the target architecture, but `f32`'s mantissa is only 23 bits wide)
crates/rs_cam_viz/src/ui/sim_timeline.rs:1336:72: warning: casting `usize` to `f32` may cause a loss of precision (`usize` can be up to 64 bits wide depending on the target architecture, but `f32`'s mantissa is only 23 bits wide)
crates/rs_cam_viz/src/ui/sim_timeline.rs:1352:9: warning: called `map(<f>).unwrap_or(false)` on an `Option` value
crates/rs_cam_viz/src/ui/sim_timeline.rs:1482:41: warning: casting `f32` to `usize` may truncate the value
crates/rs_cam_viz/src/ui/sim_timeline.rs:1482:41: warning: casting `f32` to `usize` may lose the sign of the value
crates/rs_cam_viz/src/ui/sim_timeline.rs:1499:41: warning: casting `f32` to `usize` may truncate the value
crates/rs_cam_viz/src/ui/sim_timeline.rs:1499:41: warning: casting `f32` to `usize` may lose the sign of the value
crates/rs_cam_viz/src/ui/sim_timeline.rs:1537:1: warning: this function has too many lines (217/100)
crates/rs_cam_viz/src/ui/sim_timeline.rs:1649:5: warning: adding items after statements is confusing, since items exist from the start of the scope
crates/rs_cam_viz/src/ui/sim_timeline.rs:1651:5: warning: adding items after statements is confusing, since items exist from the start of the scope
crates/rs_cam_viz/src/ui/sim_timeline.rs:1653:5: warning: adding items after statements is confusing, since items exist from the start of the scope
crates/rs_cam_viz/src/ui/sim_timeline.rs:1655:5: warning: adding items after statements is confusing, since items exist from the start of the scope
crates/rs_cam_viz/src/ui/sim_timeline.rs:1656:5: warning: adding items after statements is confusing, since items exist from the start of the scope
crates/rs_cam_viz/src/ui/sim_timeline.rs:1586:22: warning: casting `usize` to `f32` may cause a loss of precision (`usize` can be up to 64 bits wide depending on the target architecture, but `f32`'s mantissa is only 23 bits wide)
crates/rs_cam_viz/src/ui/sim_timeline.rs:1587:9: warning: multiply and add expressions may be calculated more efficiently and accurately: help: consider using: `(global / total_moves).mul_add(total_width, rect.min.x)`
crates/rs_cam_viz/src/ui/sim_timeline.rs:1605:29: warning: casting `usize` to `u32` may truncate the value on targets with 64-bit wide pointers
crates/rs_cam_viz/src/ui/sim_timeline.rs:1634:33: warning: casting `usize` to `u32` may truncate the value on targets with 64-bit wide pointers
crates/rs_cam_viz/src/ui/sim_timeline.rs:1673:23: warning: casting `usize` to `u32` may truncate the value on targets with 64-bit wide pointers
crates/rs_cam_viz/src/ui/sim_timeline.rs:1741:24: warning: multiply and add expressions may be calculated more efficiently and accurately: help: consider using: `height.mul_add(0.55, rect.min.y)`
crates/rs_cam_viz/src/ui/sim_timeline.rs:1747:27: warning: casting `usize` to `u32` may truncate the value on targets with 64-bit wide pointers
crates/rs_cam_viz/src/ui/sim_timeline.rs:1771:35: warning: called `map(<f>).unwrap_or(<a>)` on an `Option` value
crates/rs_cam_viz/src/ui/sim_timeline.rs:1857:21: warning: multiply and add expressions may be calculated more efficiently and accurately: help: consider using: `(move_index as f32 / total_moves).mul_add(total_width, rect.min.x)`
crates/rs_cam_viz/src/ui/sim_timeline.rs:1857:35: warning: casting `usize` to `f32` may cause a loss of precision (`usize` can be up to 64 bits wide depending on the target architecture, but `f32`'s mantissa is only 23 bits wide)
crates/rs_cam_viz/src/ui/sim_timeline.rs:1904:21: warning: multiply and add expressions may be calculated more efficiently and accurately: help: consider using: `(global_move as f32 / total_moves).mul_add(total_width, rect.min.x)`
crates/rs_cam_viz/src/ui/sim_timeline.rs:1904:35: warning: casting `usize` to `f32` may cause a loss of precision (`usize` can be up to 64 bits wide depending on the target architecture, but `f32`'s mantissa is only 23 bits wide)
crates/rs_cam_viz/src/ui/sim_timeline.rs:1915:21: warning: multiply and add expressions may be calculated more efficiently and accurately: help: consider using: `(boundary.start_move as f32 / total_moves).mul_add(total_width, rect.min.x)`
crates/rs_cam_viz/src/ui/sim_timeline.rs:1915:35: warning: casting `usize` to `f32` may cause a loss of precision (`usize` can be up to 64 bits wide depending on the target architecture, but `f32`'s mantissa is only 23 bits wide)
crates/rs_cam_viz/src/ui/sim_timeline.rs:1943:9: warning: called `map(<f>).unwrap_or(false)` on an `Option` value
crates/rs_cam_viz/src/ui/sim_timeline.rs:1956:36: warning: multiply and add expressions may be calculated more efficiently and accurately: help: consider using: `(move_idx as f32 / total_moves).mul_add(total_width, rect.min.x)`
crates/rs_cam_viz/src/ui/sim_timeline.rs:1956:50: warning: casting `usize` to `f32` may cause a loss of precision (`usize` can be up to 64 bits wide depending on the target architecture, but `f32`'s mantissa is only 23 bits wide)
crates/rs_cam_viz/src/ui/sim_timeline.rs:2114:17: warning: casting `usize` to `f64` may cause a loss of precision (`usize` can be up to 64 bits wide depending on the target architecture, but `f64`'s mantissa is only 52 bits wide)
crates/rs_cam_viz/src/ui/sim_timeline.rs:2114:76: warning: casting `usize` to `f64` may cause a loss of precision (`usize` can be up to 64 bits wide depending on the target architecture, but `f64`'s mantissa is only 52 bits wide)
crates/rs_cam_viz/src/ui/sim_timeline.rs:2116:13: warning: multiply and add expressions may be calculated more efficiently and accurately: help: consider using: `elapsed_secs = op.seconds.mul_add(progress, elapsed_secs)`
crates/rs_cam_viz/src/ui/sim_timeline.rs:2144:1: warning: this function has too many lines (171/100)
crates/rs_cam_viz/src/ui/sim_timeline.rs:2170:9: warning: multiply and add expressions may be calculated more efficiently and accurately: help: consider using: `((boundary.start_move + local) as f32 / total_moves).mul_add(total_width, rect.min.x)`
crates/rs_cam_viz/src/ui/sim_timeline.rs:2170:23: warning: casting `usize` to `f32` may cause a loss of precision (`usize` can be up to 64 bits wide depending on the target architecture, but `f32`'s mantissa is only 23 bits wide)
crates/rs_cam_viz/src/ui/sim_timeline.rs:2342:27: warning: casting `f32` to `usize` may truncate the value
crates/rs_cam_viz/src/ui/sim_timeline.rs:2342:27: warning: casting `f32` to `usize` may lose the sign of the value
crates/rs_cam_viz/src/ui/status_bar.rs:40:1: warning: this function has too many lines (118/100)
crates/rs_cam_viz/src/ui/status_bar.rs:219:1: warning: this could be a `const fn`
crates/rs_cam_viz/src/ui/status_bar.rs:230:1: warning: this could be a `const fn`
crates/rs_cam_viz/src/ui/status_bar.rs:240:1: warning: this could be a `const fn`
crates/rs_cam_viz/src/ui/status_bar.rs:250:1: warning: this could be a `const fn`
crates/rs_cam_viz/src/ui/status_bar.rs:259:1: warning: this could be a `const fn`
crates/rs_cam_viz/src/ui/status_bar.rs:274:9: warning: `format!(..)` appended to existing `String`
crates/rs_cam_viz/src/ui/status_bar.rs:277:9: warning: `format!(..)` appended to existing `String`
crates/rs_cam_viz/src/ui/status_bar.rs:291:9: warning: `format!(..)` appended to existing `String`
crates/rs_cam_viz/src/ui/tokens.rs:396:1: warning: this could be a `const fn`
crates/rs_cam_viz/src/ui/tokens.rs:740:26: warning: casting `f32` to `u8` may truncate the value
crates/rs_cam_viz/src/ui/tokens.rs:740:26: warning: casting `f32` to `u8` may lose the sign of the value
crates/rs_cam_viz/src/ui/tool_library_modal.rs:28:1: warning: more than 3 bools in a struct
crates/rs_cam_viz/src/ui/tool_library_modal.rs:94:5: warning: you seem to be trying to use `match` for destructuring a single pattern. Consider using `if let`
crates/rs_cam_viz/src/ui/tool_library_modal.rs:126:1: warning: this function has too many lines (168/100)
crates/rs_cam_viz/src/ui/tool_library_modal.rs:178:21: warning: assigning the result of `Clone::clone()` may be inefficient: help: use `clone_from()`: `view.rename_catalog_buf.clone_from(name)`
crates/rs_cam_viz/src/ui/tool_library_modal.rs:335:1: warning: this function has too many lines (103/100)
crates/rs_cam_viz/src/ui/toolpath_panel.rs:181:1: warning: this function has too many lines (116/100)
crates/rs_cam_viz/src/ui/toolpath_panel.rs:211:14: warning: redundant closure: help: replace the closure with the method itself: `rs_cam_core::compute::ToolConfig::summary`
crates/rs_cam_viz/src/ui/toolpath_panel.rs:257:37: warning: casting `f32` to `u8` may truncate the value
crates/rs_cam_viz/src/ui/toolpath_panel.rs:257:37: warning: casting `f32` to `u8` may lose the sign of the value
crates/rs_cam_viz/src/ui/toolpath_panel.rs:400:20: warning: use Option::map_or_else instead of an if let/else: help: try: `hover.map_or_else(|| status_text.to_owned(), |message| format!("{status_text} \u{2014} {message}"))`
crates/rs_cam_viz/src/ui/toolpath_panel.rs:589:10: warning: function call inside of `unwrap_or`: help: try: `unwrap_or_else(|| response.rect.center())`
crates/rs_cam_viz/src/ui/toolpath_panel.rs:594:15: warning: casting `f32` to `usize` may truncate the value
crates/rs_cam_viz/src/ui/toolpath_panel.rs:594:15: warning: casting `f32` to `usize` may lose the sign of the value
crates/rs_cam_viz/src/ui/toolpath_panel.rs:594:27: warning: casting `usize` to `f32` may cause a loss of precision (`usize` can be up to 64 bits wide depending on the target architecture, but `f32`'s mantissa is only 23 bits wide)
crates/rs_cam_viz/src/ui/toolpath_panel.rs:612:1: warning: this could be a `const fn`
crates/rs_cam_viz/src/ui/toolpath_panel.rs:734:5: warning: this could be a `const fn`
crates/rs_cam_viz/src/ui/viewport_overlay.rs:29:1: warning: this function has too many lines (114/100)
crates/rs_cam_viz/src/ui/viewport_overlay.rs:156:17: warning: these match arms have identical bodies
crates/rs_cam_viz/src/ui_command.rs:293:24: warning: you are deriving `PartialEq` and can implement `Eq`: help: consider deriving `Eq` as well: `PartialEq, Eq`
crates/rs_cam_viz/src/ui_command.rs:1001:13: warning: this could be a `const fn`
crates/rs_cam_viz/src/ui_command.rs:1008:13: warning: this could be a `const fn`
crates/rs_cam_viz/src/ui_command.rs:1016:13: warning: this could be a `const fn`
crates/rs_cam_viz/src/ui_command.rs:891:13: warning: this could be a `const fn`
crates/rs_cam_viz/src/ui_command.rs:912:13: warning: this could be a `const fn`
crates/rs_cam_viz/src/ui_command.rs:1058:25: warning: unnecessary structure name repetition: help: use the applicable keyword: `Self`
crates/rs_cam_viz/src/ui_command.rs:1070:13: warning: unnecessary structure name repetition: help: use the applicable keyword: `Self`
crates/rs_cam_viz/src/ui_command.rs:1071:13: warning: unnecessary structure name repetition: help: use the applicable keyword: `Self`
crates/rs_cam_viz/src/ui_command.rs:1078:13: warning: unnecessary structure name repetition: help: use the applicable keyword: `Self`
crates/rs_cam_viz/src/ui_command.rs:1079:13: warning: unnecessary structure name repetition: help: use the applicable keyword: `Self`
crates/rs_cam_viz/src/ui_command.rs:1086:13: warning: unnecessary structure name repetition: help: use the applicable keyword: `Self`
crates/rs_cam_viz/src/ui_command.rs:1087:13: warning: unnecessary structure name repetition: help: use the applicable keyword: `Self`
crates/rs_cam_viz/src/lib.rs:138:13: warning: you seem to be trying to use `match` for destructuring a single pattern. Consider using `if let`
crates/rs_cam_viz/src/app/gpu_upload.rs:158:35: warning: this parameter is a mutable reference but is not used mutably
crates/rs_cam_viz/src/app/gpu_upload.rs:158:53: warning: this parameter is a mutable reference but is not used mutably
crates/rs_cam_viz/src/app/mcp/commands.rs:808:9: warning: this parameter is a mutable reference but is not used mutably
crates/rs_cam_viz/src/app/mcp/commands.rs:925:9: warning: this parameter is a mutable reference but is not used mutably
crates/rs_cam_viz/src/app/mcp/commands.rs:975:9: warning: this parameter is a mutable reference but is not used mutably
crates/rs_cam_viz/src/app/mcp/commands.rs:1055:9: warning: this parameter is a mutable reference but is not used mutably
crates/rs_cam_viz/src/app/mcp/commands.rs:1170:9: warning: this parameter is a mutable reference but is not used mutably
crates/rs_cam_viz/src/app/mcp/commands.rs:1331:9: warning: this parameter is a mutable reference but is not used mutably
crates/rs_cam_viz/src/app/mcp/commands.rs:1386:9: warning: this parameter is a mutable reference but is not used mutably
crates/rs_cam_viz/src/app/mcp/commands.rs:1469:9: warning: this parameter is a mutable reference but is not used mutably
crates/rs_cam_viz/src/app/mcp.rs:155:35: warning: this parameter is a mutable reference but is not used mutably
crates/rs_cam_viz/src/app/mcp.rs:170:33: warning: this parameter is a mutable reference but is not used mutably
crates/rs_cam_viz/src/app/mcp.rs:183:33: warning: this parameter is a mutable reference but is not used mutably
crates/rs_cam_viz/src/app/simulation.rs:10:79: warning: this parameter is a mutable reference but is not used mutably
crates/rs_cam_viz/src/app/simulation.rs:90:53: warning: this parameter is a mutable reference but is not used mutably
crates/rs_cam_viz/src/app/simulation.rs:489:62: warning: this parameter is a mutable reference but is not used mutably
crates/rs_cam_viz/src/app/viewport.rs:653:42: warning: this parameter is a mutable reference but is not used mutably
crates/rs_cam_viz/src/app/viewport.rs:734:13: warning: this parameter is a mutable reference but is not used mutably
crates/rs_cam_viz/src/app/viewport.rs:798:47: warning: this parameter is a mutable reference but is not used mutably
crates/rs_cam_viz/src/compute/worker.rs:846:24: warning: this parameter is a mutable reference but is not used mutably
crates/rs_cam_viz/src/ui/properties/mod.rs:1237:12: warning: this parameter is a mutable reference but is not used mutably
crates/rs_cam_viz/src/ui/properties/mod.rs:2351:12: warning: this parameter is a mutable reference but is not used mutably
crates/rs_cam_viz/src/ui/properties/mod.rs:5364:9: warning: this parameter is a mutable reference but is not used mutably
warning: `rs_cam_viz` (lib) generated 1657 warnings (run `cargo clippy --fix --lib -p rs_cam_viz -- -W clippy::pedantic -W clippy::nursery -A clippy::missing_errors_doc -A clippy::missing_panics_doc -A clippy::must_use_candidate -A clippy::doc_markdown -A clippy::module_name_repetitions` to apply 680 suggestions)
crates/rs_cam_viz/src/bin/main.rs:62:5: warning: use Option::map_or_else instead of an if let/else: help: try: `std::env::var("RUST_LOG").map_or_else(|_| Targets::new().with_default(LevelFilter::INFO), |var| Targets::from_str(&var).unwrap_or_default())`
crates/rs_cam_viz/src/bin/main.rs:135:24: warning: called `map(<f>).unwrap_or_else(<g>)` on an `Option` value
crates/rs_cam_viz/src/bin/main.rs:140:23: warning: use Option::map_or_else instead of an if let/else
warning: `rs_cam_viz` (bin "rs_cam_gui") generated 3 warnings (run `cargo clippy --fix --bin "rs_cam_gui" -p rs_cam_viz -- -W clippy::pedantic -W clippy::nursery -A clippy::missing_errors_doc -A clippy::missing_panics_doc -A clippy::must_use_candidate -A clippy::doc_markdown -A clippy::module_name_repetitions` to apply 1 suggestion)
    Finished `dev` profile [unoptimized + debuginfo] target(s) in 22.45s
warning: the following packages contain code that will be rejected by a future version of Rust: nom v3.2.1, quick-xml v0.22.0
note: to see what the problems were, use the option `--future-incompat-report`, or run `cargo report future-incompatibilities --id 2`
EXIT=0
