tool_type,diameter_mm,flutes,operation,material,status,refusal_text,rpm,feed_mm_min,plunge_mm_min,stepover_mm,depth_per_pass_mm,r_axial_depth_mm,r_radial_width_mm,r_chip_load_mm,force_n,power_kw,chipload_bounds_min_mm,chipload_bounds_max_mm,support_arm,support_detail,lut_observation_id,lut_row_pass_role,lut_is_extrapolated,lut_evidence_grade,lut_row_kind,lut_source_id,chipload_source,vendor_source,diagnostic_ids,diagnostic_severities,feeds_warnings,suggest_warnings,cap_family,cap_role,cap_factor,cap_mm
EndMill,3.1750,2,Face,softwood,ok,,18000.0000,2057.0000,396.0000,1.1110,0.6350,2.2225,1.1112,0.1016,11.2694,0.0053,0.0762,0.1270,VendorBacked,,amana-zrn-flat-softwood-pocket-3175-2f,Roughing,false,A,Exact,amana_zrn_3d_profiling_v8,"VendorLut { observation_id: ""amana-zrn-flat-softwood-pocket-3175-2f"" }",amana-zrn-flat-softwood-pocket-3175-2f,feeds.long_tool_derate,Info,LongToolDerate,RoughingDepthClampedToRigidity,Pocket,Roughing,0.2000,0.6350
EndMill,3.1750,2,Face,hardwood,ok,,18000.0000,2057.0000,278.0000,1.1110,0.6350,2.2225,1.1112,0.1016,22.5387,0.0105,,,VendorBacked,,amana-flat-hardwood-pocket-3175-2f-spektra,Roughing,false,B,Derived,amana_spektra_spiral_plunge_v24,"VendorLut { observation_id: ""amana-flat-hardwood-pocket-3175-2f-spektra"" }",amana-flat-hardwood-pocket-3175-2f-spektra,feeds.long_tool_derate,Info,LongToolDerate,RoughingDepthClampedToRigidity,Pocket,Roughing,0.2000,0.6350
EndMill,3.1750,2,Face,mdf,ok,,18000.0000,2571.0000,280.0000,1.1110,0.6350,2.2225,1.1112,0.1270,22.5692,0.0100,,,VendorBacked,,amana-flat-mdf-pocket-3175-2f-spektra,Roughing,false,A,Exact,amana_spektra_spiral_plunge_v24,"VendorLut { observation_id: ""amana-flat-mdf-pocket-3175-2f-spektra"" }",amana-flat-mdf-pocket-3175-2f-spektra,feeds.long_tool_derate,Info,LongToolDerate,RoughingDepthClampedToRigidity,Pocket,Roughing,0.2000,0.6350
EndMill,3.1750,2,Face,plywood_hardwood,ok,,18000.0000,1878.0000,270.0000,1.1110,0.6350,2.2225,1.1112,0.0927,8.0005,0.0038,,,VendorBacked,,amana-flat-plywood-hardwood-pocket-3175-2f-spektra,Roughing,false,B,Derived,amana_spektra_spiral_plunge_v24,"VendorLut { observation_id: ""amana-flat-plywood-hardwood-pocket-3175-2f-spektra"" }",amana-flat-plywood-hardwood-pocket-3175-2f-spektra,feeds.long_tool_derate,Info,LongToolDerate,RoughingDepthClampedToRigidity,Pocket,Roughing,0.2000,0.6350
EndMill,3.1750,2,Pocket,softwood,ok,,18000.0000,2057.0000,396.0000,1.1110,0.6350,2.2225,1.1112,0.1016,11.2694,0.0053,0.0762,0.1270,VendorBacked,,amana-zrn-flat-softwood-pocket-3175-2f,Roughing,false,A,Exact,amana_zrn_3d_profiling_v8,"VendorLut { observation_id: ""amana-zrn-flat-softwood-pocket-3175-2f"" }",amana-zrn-flat-softwood-pocket-3175-2f,feeds.long_tool_derate,Info,LongToolDerate,RoughingDepthClampedToRigidity,Pocket,Roughing,0.2000,0.6350
EndMill,3.1750,2,Pocket,hardwood,ok,,18000.0000,2057.0000,278.0000,1.1110,0.6350,2.2225,1.1112,0.1016,22.5387,0.0105,,,VendorBacked,,amana-flat-hardwood-pocket-3175-2f-spektra,Roughing,false,B,Derived,amana_spektra_spiral_plunge_v24,"VendorLut { observation_id: ""amana-flat-hardwood-pocket-3175-2f-spektra"" }",amana-flat-hardwood-pocket-3175-2f-spektra,feeds.long_tool_derate,Info,LongToolDerate,RoughingDepthClampedToRigidity,Pocket,Roughing,0.2000,0.6350
EndMill,3.1750,2,Pocket,mdf,ok,,18000.0000,2571.0000,280.0000,1.1110,0.6350,2.2225,1.1112,0.1270,22.5692,0.0100,,,VendorBacked,,amana-flat-mdf-pocket-3175-2f-spektra,Roughing,false,A,Exact,amana_spektra_spiral_plunge_v24,"VendorLut { observation_id: ""amana-flat-mdf-pocket-3175-2f-spektra"" }",amana-flat-mdf-pocket-3175-2f-spektra,feeds.long_tool_derate,Info,LongToolDerate,RoughingDepthClampedToRigidity,Pocket,Roughing,0.2000,0.6350
EndMill,3.1750,2,Pocket,plywood_hardwood,ok,,18000.0000,1878.0000,270.0000,1.1110,0.6350,2.2225,1.1112,0.0927,8.0005,0.0038,,,VendorBacked,,amana-flat-plywood-hardwood-pocket-3175-2f-spektra,Roughing,false,B,Derived,amana_spektra_spiral_plunge_v24,"VendorLut { observation_id: ""amana-flat-plywood-hardwood-pocket-3175-2f-spektra"" }",amana-flat-plywood-hardwood-pocket-3175-2f-spektra,feeds.long_tool_derate,Info,LongToolDerate,RoughingDepthClampedToRigidity,Pocket,Roughing,0.2000,0.6350
EndMill,3.1750,2,Profile,softwood,ok,,20051.0000,3000.0000,396.0000,,0.6350,2.5400,0.5715,0.2782,20.2934,,0.2551,0.3014,VendorBacked,,onsrud-softwood-60-100mw-1_8-finish,Finish,false,B,Exact,onsrud_soft_wood_cutting_data,"VendorLut { observation_id: ""onsrud-softwood-60-100mw-1_8-finish"" }",onsrud-softwood-60-100mw-1_8-finish,feeds.long_tool_derate;feeds.feed_clamped,Info;Info,LongToolDerate;FeedRateClamped,RoughingDepthClampedToRigidity;CutGeometryFieldNotHeld,Contour,Roughing,0.2000,0.6350
EndMill,3.1750,2,Profile,hardwood,ok,,21000.0000,536.0000,278.0000,,0.6350,2.5400,0.5715,0.0227,15.6773,,0.0170,0.0284,VendorBacked,,amana-flat-hardwood-contour-3175-2f,Finish,false,C,Derived,amana_spektra_spiral_plunge_v24,"VendorLut { observation_id: ""amana-flat-hardwood-contour-3175-2f"" }",amana-flat-hardwood-contour-3175-2f,feeds.long_tool_derate;feeds.chipload_below_floor,Info;Caution,LongToolDerate;ChiploadBelowRubbingFloor,RoughingDepthClampedToRigidity;CutGeometryFieldNotHeld,Contour,Roughing,0.2000,0.6350
EndMill,3.1750,2,Profile,mdf,ok,,17043.0000,3000.0000,280.0000,,0.6350,2.5400,0.5715,0.2229,31.4806,,0.2026,0.2431,VendorBacked,,onsrud-mdf-60-100mw-1_8-finish,Finish,true,B,Exact,onsrud_mdf_cutting_data,"VendorLut { observation_id: ""onsrud-mdf-60-100mw-1_8-finish"" }",onsrud-mdf-60-100mw-1_8-finish,feeds.long_tool_derate;feeds.feed_clamped,Info;Info,LongToolDerate;FeedRateClamped,RoughingDepthClampedToRigidity;CutGeometryFieldNotHeld,Contour,Roughing,0.2000,0.6350
EndMill,3.1750,2,Profile,plywood_hardwood,ok,,18046.0000,3000.0000,270.0000,,0.6350,2.5400,0.5715,0.3161,16.4005,,0.2918,0.3405,VendorBacked,,onsrud-plywood-hardwood-60-100mw-1_8-finish,Finish,false,A,Exact,onsrud_hard_plywood_cutting_data,"VendorLut { observation_id: ""onsrud-plywood-hardwood-60-100mw-1_8-finish"" }",onsrud-plywood-hardwood-60-100mw-1_8-finish,feeds.long_tool_derate;feeds.feed_clamped,Info;Info,LongToolDerate;FeedRateClamped,RoughingDepthClampedToRigidity;CutGeometryFieldNotHeld,Contour,Roughing,0.2000,0.6350
EndMill,3.1750,2,Adaptive,softwood,ok,,18000.0000,1800.0000,396.0000,0.6350,4.5000,4.7625,0.6350,0.1016,22.2883,0.0253,,,VendorBacked,,amana-flat-softwood-adaptive-3175-2f-spektra,Roughing,false,B,Derived,amana_spektra_spiral_plunge_v24,"VendorLut { observation_id: ""amana-flat-softwood-adaptive-3175-2f-spektra"" }",amana-flat-softwood-adaptive-3175-2f-spektra,feeds.long_tool_derate,Info,LongToolDerate,,Adaptive,Roughing,1.5000,4.7625
EndMill,3.1750,2,Adaptive,hardwood,ok,,18000.0000,1800.0000,278.0000,0.6350,4.5000,4.7625,0.6350,0.1016,44.5767,0.0507,,,VendorBacked,,amana-flat-hardwood-adaptive-3175-2f-spektra,Roughing,false,B,Derived,amana_spektra_spiral_plunge_v24,"VendorLut { observation_id: ""amana-flat-hardwood-adaptive-3175-2f-spektra"" }",amana-flat-hardwood-adaptive-3175-2f-spektra,feeds.long_tool_derate,Info,LongToolDerate,,Adaptive,Roughing,1.5000,4.7625
EndMill,3.1750,2,Adaptive,mdf,ok,,18000.0000,2250.0000,280.0000,0.6350,4.5000,4.7625,0.6350,0.1270,44.2020,0.0473,,,VendorBacked,,amana-flat-mdf-adaptive-3175-2f-spektra,Roughing,false,A,Exact,amana_spektra_spiral_plunge_v24,"VendorLut { observation_id: ""amana-flat-mdf-adaptive-3175-2f-spektra"" }",amana-flat-mdf-adaptive-3175-2f-spektra,feeds.long_tool_derate,Info,LongToolDerate,,Adaptive,Roughing,1.5000,4.7625
EndMill,3.1750,2,Adaptive,plywood_hardwood,ok,,18000.0000,1643.0000,270.0000,0.6350,4.5000,4.7625,0.6350,0.0927,15.8859,0.0185,,,VendorBacked,,amana-flat-plywood-hardwood-adaptive-3175-2f-spektra,Roughing,false,B,Derived,amana_spektra_spiral_plunge_v24,"VendorLut { observation_id: ""amana-flat-plywood-hardwood-adaptive-3175-2f-spektra"" }",amana-flat-plywood-hardwood-adaptive-3175-2f-spektra,feeds.long_tool_derate,Info,LongToolDerate,,Adaptive,Roughing,1.5000,4.7625
EndMill,3.1750,2,VCarve,softwood,refused,VCarve needs a V-bit tool; this tool is a flat end mill.,,,,,,,,,,,,,Refused,,,,,,,,,,,,,,Trace,Finish,,
EndMill,3.1750,2,VCarve,hardwood,refused,VCarve needs a V-bit tool; this tool is a flat end mill.,,,,,,,,,,,,,Refused,,,,,,,,,,,,,,Trace,Finish,,
EndMill,3.1750,2,VCarve,mdf,refused,VCarve needs a V-bit tool; this tool is a flat end mill.,,,,,,,,,,,,,Refused,,,,,,,,,,,,,,Trace,Finish,,
EndMill,3.1750,2,VCarve,plywood_hardwood,refused,VCarve needs a V-bit tool; this tool is a flat end mill.,,,,,,,,,,,,,Refused,,,,,,,,,,,,,,Trace,Finish,,
EndMill,3.1750,2,Rest,softwood,ok,,18000.0000,2057.0000,396.0000,1.1110,0.6350,2.2225,1.1112,0.1016,11.2694,0.0053,0.0762,0.1270,VendorBacked,,amana-zrn-flat-softwood-pocket-3175-2f,Roughing,false,A,Exact,amana_zrn_3d_profiling_v8,"VendorLut { observation_id: ""amana-zrn-flat-softwood-pocket-3175-2f"" }",amana-zrn-flat-softwood-pocket-3175-2f,feeds.long_tool_derate,Info,LongToolDerate,RoughingDepthClampedToRigidity,Pocket,Roughing,0.2000,0.6350
EndMill,3.1750,2,Rest,hardwood,ok,,18000.0000,2057.0000,278.0000,1.1110,0.6350,2.2225,1.1112,0.1016,22.5387,0.0105,,,VendorBacked,,amana-flat-hardwood-pocket-3175-2f-spektra,Roughing,false,B,Derived,amana_spektra_spiral_plunge_v24,"VendorLut { observation_id: ""amana-flat-hardwood-pocket-3175-2f-spektra"" }",amana-flat-hardwood-pocket-3175-2f-spektra,feeds.long_tool_derate,Info,LongToolDerate,RoughingDepthClampedToRigidity,Pocket,Roughing,0.2000,0.6350
EndMill,3.1750,2,Rest,mdf,ok,,18000.0000,2571.0000,280.0000,1.1110,0.6350,2.2225,1.1112,0.1270,22.5692,0.0100,,,VendorBacked,,amana-flat-mdf-pocket-3175-2f-spektra,Roughing,false,A,Exact,amana_spektra_spiral_plunge_v24,"VendorLut { observation_id: ""amana-flat-mdf-pocket-3175-2f-spektra"" }",amana-flat-mdf-pocket-3175-2f-spektra,feeds.long_tool_derate,Info,LongToolDerate,RoughingDepthClampedToRigidity,Pocket,Roughing,0.2000,0.6350
EndMill,3.1750,2,Rest,plywood_hardwood,ok,,18000.0000,1878.0000,270.0000,1.1110,0.6350,2.2225,1.1112,0.0927,8.0005,0.0038,,,VendorBacked,,amana-flat-plywood-hardwood-pocket-3175-2f-spektra,Roughing,false,B,Derived,amana_spektra_spiral_plunge_v24,"VendorLut { observation_id: ""amana-flat-plywood-hardwood-pocket-3175-2f-spektra"" }",amana-flat-plywood-hardwood-pocket-3175-2f-spektra,feeds.long_tool_derate,Info,LongToolDerate,RoughingDepthClampedToRigidity,Pocket,Roughing,0.2000,0.6350
EndMill,3.1750,2,Inlay,softwood,refused,Inlay needs a V-bit tool; this tool is a flat end mill.,,,,,,,,,,,,,Refused,,,,,,,,,,,,,,Trace,Finish,,
EndMill,3.1750,2,Inlay,hardwood,refused,Inlay needs a V-bit tool; this tool is a flat end mill.,,,,,,,,,,,,,Refused,,,,,,,,,,,,,,Trace,Finish,,
EndMill,3.1750,2,Inlay,mdf,refused,Inlay needs a V-bit tool; this tool is a flat end mill.,,,,,,,,,,,,,Refused,,,,,,,,,,,,,,Trace,Finish,,
EndMill,3.1750,2,Inlay,plywood_hardwood,refused,Inlay needs a V-bit tool; this tool is a flat end mill.,,,,,,,,,,,,,Refused,,,,,,,,,,,,,,Trace,Finish,,
EndMill,3.1750,2,Zigzag,softwood,ok,,18000.0000,2057.0000,396.0000,1.1110,0.6350,2.2225,1.1112,0.1016,11.2694,0.0053,0.0762,0.1270,VendorBacked,,amana-zrn-flat-softwood-pocket-3175-2f,Roughing,false,A,Exact,amana_zrn_3d_profiling_v8,"VendorLut { observation_id: ""amana-zrn-flat-softwood-pocket-3175-2f"" }",amana-zrn-flat-softwood-pocket-3175-2f,feeds.long_tool_derate,Info,LongToolDerate,RoughingDepthClampedToRigidity,Pocket,Roughing,0.2000,0.6350
EndMill,3.1750,2,Zigzag,hardwood,ok,,18000.0000,2057.0000,278.0000,1.1110,0.6350,2.2225,1.1112,0.1016,22.5387,0.0105,,,VendorBacked,,amana-flat-hardwood-pocket-3175-2f-spektra,Roughing,false,B,Derived,amana_spektra_spiral_plunge_v24,"VendorLut { observation_id: ""amana-flat-hardwood-pocket-3175-2f-spektra"" }",amana-flat-hardwood-pocket-3175-2f-spektra,feeds.long_tool_derate,Info,LongToolDerate,RoughingDepthClampedToRigidity,Pocket,Roughing,0.2000,0.6350
EndMill,3.1750,2,Zigzag,mdf,ok,,18000.0000,2571.0000,280.0000,1.1110,0.6350,2.2225,1.1112,0.1270,22.5692,0.0100,,,VendorBacked,,amana-flat-mdf-pocket-3175-2f-spektra,Roughing,false,A,Exact,amana_spektra_spiral_plunge_v24,"VendorLut { observation_id: ""amana-flat-mdf-pocket-3175-2f-spektra"" }",amana-flat-mdf-pocket-3175-2f-spektra,feeds.long_tool_derate,Info,LongToolDerate,RoughingDepthClampedToRigidity,Pocket,Roughing,0.2000,0.6350
EndMill,3.1750,2,Zigzag,plywood_hardwood,ok,,18000.0000,1878.0000,270.0000,1.1110,0.6350,2.2225,1.1112,0.0927,8.0005,0.0038,,,VendorBacked,,amana-flat-plywood-hardwood-pocket-3175-2f-spektra,Roughing,false,B,Derived,amana_spektra_spiral_plunge_v24,"VendorLut { observation_id: ""amana-flat-plywood-hardwood-pocket-3175-2f-spektra"" }",amana-flat-plywood-hardwood-pocket-3175-2f-spektra,feeds.long_tool_derate,Info,LongToolDerate,RoughingDepthClampedToRigidity,Pocket,Roughing,0.2000,0.6350
EndMill,3.1750,2,Trace,softwood,ok,,20051.0000,1095.0000,396.0000,,0.1667,0.1905,0.0635,0.0486,0.5695,,,,FormulaOnly,"repo-derived chipload formula k0*D^p*(1/H)^q (machine::ChipLoadFormula, feeds::calculate step 2); exponents per CREDITS.md 'Chipload column convention and scaling laws'; k0 uncited (code comment 'Shapeoko empirical data' only)",,,,,,,FormulaFallback,,feeds.long_tool_derate,Info,LongToolDerate,CutGeometryFieldNotHeld,Trace,Finish,,
EndMill,3.1750,2,Trace,hardwood,ok,,20051.0000,702.0000,278.0000,,0.1667,0.1905,0.0635,0.0311,1.0926,,,,FormulaOnly,"repo-derived chipload formula k0*D^p*(1/H)^q (machine::ChipLoadFormula, feeds::calculate step 2); exponents per CREDITS.md 'Chipload column convention and scaling laws'; k0 uncited (code comment 'Shapeoko empirical data' only)",,,,,,,FormulaFallback,,feeds.long_tool_derate;feeds.chipload_below_floor,Info;Caution,LongToolDerate;ChiploadBelowRubbingFloor,CutGeometryFieldNotHeld,Trace,Finish,,
EndMill,3.1750,2,Trace,mdf,ok,,17043.0000,685.0000,280.0000,,0.1667,0.1905,0.0635,0.0358,0.9885,,,,FormulaOnly,"repo-derived chipload formula k0*D^p*(1/H)^q (machine::ChipLoadFormula, feeds::calculate step 2); exponents per CREDITS.md 'Chipload column convention and scaling laws'; k0 uncited (code comment 'Shapeoko empirical data' only)",,,,,,,FormulaFallback,,feeds.long_tool_derate;feeds.chipload_below_floor,Info;Caution,LongToolDerate;ChiploadBelowRubbingFloor,CutGeometryFieldNotHeld,Trace,Finish,,
EndMill,3.1750,2,Trace,plywood_hardwood,ok,,18046.0000,695.0000,270.0000,,0.1667,0.1905,0.0635,0.0342,0.4077,,,,FormulaOnly,"repo-derived chipload formula k0*D^p*(1/H)^q (machine::ChipLoadFormula, feeds::calculate step 2); exponents per CREDITS.md 'Chipload column convention and scaling laws'; k0 uncited (code comment 'Shapeoko empirical data' only)",,,,,,,FormulaFallback,,feeds.long_tool_derate;feeds.chipload_below_floor,Info;Caution,LongToolDerate;ChiploadBelowRubbingFloor,CutGeometryFieldNotHeld,Trace,Finish,,
EndMill,3.1750,2,Drill,softwood,refused,"Suggest has no basis for Drill with a flat end mill in softwood: No published wood figure exists for a plunge drill with a flat end mill, and the drill multiplier 2.5 is unsourced.",,,,,,,,,,,,,Refused,,,,,,,,,,,,,,Drill,Roughing,,
EndMill,3.1750,2,Drill,hardwood,refused,"Suggest has no basis for Drill with a flat end mill in hardwood: No published wood figure exists for a plunge drill with a flat end mill, and the drill multiplier 2.5 is unsourced.",,,,,,,,,,,,,Refused,,,,,,,,,,,,,,Drill,Roughing,,
EndMill,3.1750,2,Drill,mdf,refused,"Suggest has no basis for Drill with a flat end mill in MDF: No published wood figure exists for a plunge drill with a flat end mill, and the drill multiplier 2.5 is unsourced.",,,,,,,,,,,,,Refused,,,,,,,,,,,,,,Drill,Roughing,,
EndMill,3.1750,2,Drill,plywood_hardwood,refused,"Suggest has no basis for Drill with a flat end mill in hardwood plywood: No published wood figure exists for a plunge drill with a flat end mill, and the drill multiplier 2.5 is unsourced.",,,,,,,,,,,,,Refused,,,,,,,,,,,,,,Drill,Roughing,,
EndMill,3.1750,2,Chamfer,softwood,refused,Chamfer needs a V-bit tool; this tool is a flat end mill.,,,,,,,,,,,,,Refused,,,,,,,,,,,,,,Trace,Finish,,
EndMill,3.1750,2,Chamfer,hardwood,refused,Chamfer needs a V-bit tool; this tool is a flat end mill.,,,,,,,,,,,,,Refused,,,,,,,,,,,,,,Trace,Finish,,
EndMill,3.1750,2,Chamfer,mdf,refused,Chamfer needs a V-bit tool; this tool is a flat end mill.,,,,,,,,,,,,,Refused,,,,,,,,,,,,,,Trace,Finish,,
EndMill,3.1750,2,Chamfer,plywood_hardwood,refused,Chamfer needs a V-bit tool; this tool is a flat end mill.,,,,,,,,,,,,,Refused,,,,,,,,,,,,,,Trace,Finish,,
EndMill,3.1750,2,DropCutter,softwood,ok,,18000.0000,2057.0000,396.0000,0.0950,,0.3175,0.0952,0.1016,1.1162,,0.0762,0.1270,VendorBacked,,amana-zrn-flat-softwood-pocket-3175-2f,Roughing,false,A,Exact,amana_zrn_3d_profiling_v8,"VendorLut { observation_id: ""amana-zrn-flat-softwood-pocket-3175-2f"" }",amana-zrn-flat-softwood-pocket-3175-2f,efficiency.very_fine_stepover;feeds.long_tool_derate,Info;Info,LongToolDerate,FinishEnvelopeAdvisory;CutGeometryFieldNotHeld,Parallel,Finish,,
EndMill,3.1750,2,DropCutter,hardwood,ok,,18000.0000,2057.0000,278.0000,0.0950,,0.3175,0.0952,0.1016,2.2325,,,,VendorBacked,,amana-flat-hardwood-pocket-3175-2f-spektra,Roughing,false,B,Derived,amana_spektra_spiral_plunge_v24,"VendorLut { observation_id: ""amana-flat-hardwood-pocket-3175-2f-spektra"" }",amana-flat-hardwood-pocket-3175-2f-spektra,efficiency.very_fine_stepover;feeds.long_tool_derate,Info;Info,LongToolDerate,FinishEnvelopeAdvisory;CutGeometryFieldNotHeld,Parallel,Finish,,
EndMill,3.1750,2,DropCutter,mdf,ok,,18000.0000,2571.0000,280.0000,0.0950,,0.3175,0.0952,0.1270,2.1201,,,,VendorBacked,,amana-flat-mdf-pocket-3175-2f-spektra,Roughing,false,A,Exact,amana_spektra_spiral_plunge_v24,"VendorLut { observation_id: ""amana-flat-mdf-pocket-3175-2f-spektra"" }",amana-flat-mdf-pocket-3175-2f-spektra,efficiency.very_fine_stepover;feeds.long_tool_derate,Info;Info,LongToolDerate,FinishEnvelopeAdvisory;CutGeometryFieldNotHeld,Parallel,Finish,,
EndMill,3.1750,2,DropCutter,plywood_hardwood,ok,,18000.0000,1878.0000,270.0000,0.0950,,0.3175,0.0952,0.0927,0.8091,,,,VendorBacked,,amana-flat-plywood-hardwood-pocket-3175-2f-spektra,Roughing,false,B,Derived,amana_spektra_spiral_plunge_v24,"VendorLut { observation_id: ""amana-flat-plywood-hardwood-pocket-3175-2f-spektra"" }",amana-flat-plywood-hardwood-pocket-3175-2f-spektra,efficiency.very_fine_stepover;feeds.long_tool_derate,Info;Info,LongToolDerate,FinishEnvelopeAdvisory;CutGeometryFieldNotHeld,Parallel,Finish,,
EndMill,3.1750,2,Adaptive3d,softwood,ok,,18000.0000,2057.4000,396.0000,0.6350,3.1750,4.7625,0.6350,0.1016,22.2883,0.0183,0.0667,0.1111,VendorBacked,,amana-zrn-flat-softwood-pocket-3175-2f,Roughing,false,A,Exact,amana_zrn_3d_profiling_v8,"VendorLut { observation_id: ""amana-zrn-flat-softwood-pocket-3175-2f"" }",amana-zrn-flat-softwood-pocket-3175-2f,feeds.long_tool_derate,Info,LongToolDerate,AxialDocClampedByEnvelope;StrategyRewrote;FeedRescaledToFinalGeometry,Adaptive,Roughing,1.5000,4.7625
EndMill,3.1750,2,Adaptive3d,hardwood,ok,,18000.0000,2057.4000,278.0000,0.6350,3.1750,4.7625,0.6350,0.1016,44.5767,0.0366,,,VendorBacked,,amana-flat-hardwood-pocket-3175-2f-spektra,Roughing,false,B,Derived,amana_spektra_spiral_plunge_v24,"VendorLut { observation_id: ""amana-flat-hardwood-pocket-3175-2f-spektra"" }",amana-flat-hardwood-pocket-3175-2f-spektra,feeds.long_tool_derate,Info,LongToolDerate,AxialDocClampedByEnvelope;StrategyRewrote;FeedRescaledToFinalGeometry,Adaptive,Roughing,1.5000,4.7625
EndMill,3.1750,2,Adaptive3d,mdf,ok,,18000.0000,2571.7500,280.0000,0.6350,3.1750,4.7625,0.6350,0.1270,44.2020,0.0343,,,VendorBacked,,amana-flat-mdf-pocket-3175-2f-spektra,Roughing,false,A,Exact,amana_spektra_spiral_plunge_v24,"VendorLut { observation_id: ""amana-flat-mdf-pocket-3175-2f-spektra"" }",amana-flat-mdf-pocket-3175-2f-spektra,feeds.long_tool_derate,Info,LongToolDerate,AxialDocClampedByEnvelope;StrategyRewrote;FeedRescaledToFinalGeometry,Adaptive,Roughing,1.5000,4.7625
EndMill,3.1750,2,Adaptive3d,plywood_hardwood,ok,,18000.0000,1878.1406,270.0000,0.6350,3.1750,4.7625,0.6350,0.0927,15.8859,0.0133,,,VendorBacked,,amana-flat-plywood-hardwood-pocket-3175-2f-spektra,Roughing,false,B,Derived,amana_spektra_spiral_plunge_v24,"VendorLut { observation_id: ""amana-flat-plywood-hardwood-pocket-3175-2f-spektra"" }",amana-flat-plywood-hardwood-pocket-3175-2f-spektra,feeds.long_tool_derate,Info,LongToolDerate,AxialDocClampedByEnvelope;StrategyRewrote;FeedRescaledToFinalGeometry,Adaptive,Roughing,1.5000,4.7625
EndMill,3.1750,2,Waterline,softwood,ok,,20051.0000,3000.0000,396.0000,,1.0000,1.0000,0.3175,0.2782,6.8195,,0.2551,0.3014,VendorBacked,,onsrud-softwood-60-100mw-1_8-finish,Finish,false,B,Exact,onsrud_soft_wood_cutting_data,"VendorLut { observation_id: ""onsrud-softwood-60-100mw-1_8-finish"" }",onsrud-softwood-60-100mw-1_8-finish,feeds.long_tool_derate;feeds.feed_clamped,Info;Info,LongToolDerate;FeedRateClamped,FinishEnvelopeAdvisory;CutGeometryFieldNotHeld,Contour,SemiFinish,,
EndMill,3.1750,2,Waterline,hardwood,ok,,21000.0000,536.0000,278.0000,,1.0000,1.0000,0.3175,0.0227,5.9811,,0.0170,0.0284,VendorBacked,,amana-flat-hardwood-contour-3175-2f,Finish,false,C,Derived,amana_spektra_spiral_plunge_v24,"VendorLut { observation_id: ""amana-flat-hardwood-contour-3175-2f"" }",amana-flat-hardwood-contour-3175-2f,feeds.long_tool_derate;feeds.chipload_below_floor,Info;Caution,LongToolDerate;ChiploadBelowRubbingFloor,FinishEnvelopeAdvisory;CutGeometryFieldNotHeld,Contour,SemiFinish,,
EndMill,3.1750,2,Waterline,mdf,ok,,17043.0000,3000.0000,280.0000,,1.0000,1.0000,0.3175,0.2229,10.7170,,0.2026,0.2431,VendorBacked,,onsrud-mdf-60-100mw-1_8-finish,Finish,true,B,Exact,onsrud_mdf_cutting_data,"VendorLut { observation_id: ""onsrud-mdf-60-100mw-1_8-finish"" }",onsrud-mdf-60-100mw-1_8-finish,feeds.long_tool_derate;feeds.feed_clamped,Info;Info,LongToolDerate;FeedRateClamped,FinishEnvelopeAdvisory;CutGeometryFieldNotHeld,Contour,SemiFinish,,
EndMill,3.1750,2,Waterline,plywood_hardwood,ok,,18046.0000,3000.0000,270.0000,,1.0000,1.0000,0.3175,0.3161,5.4721,,0.2918,0.3405,VendorBacked,,onsrud-plywood-hardwood-60-100mw-1_8-finish,Finish,false,A,Exact,onsrud_hard_plywood_cutting_data,"VendorLut { observation_id: ""onsrud-plywood-hardwood-60-100mw-1_8-finish"" }",onsrud-plywood-hardwood-60-100mw-1_8-finish,feeds.long_tool_derate;feeds.feed_clamped,Info;Info,LongToolDerate;FeedRateClamped,FinishEnvelopeAdvisory;CutGeometryFieldNotHeld,Contour,SemiFinish,,
EndMill,3.1750,2,Pencil,softwood,refused,Pencil Finish needs a ball nose or tapered ball nose tool; this tool is a flat end mill.,,,,,,,,,,,,,Refused,,,,,,,,,,,,,,Trace,Finish,,
EndMill,3.1750,2,Pencil,hardwood,refused,Pencil Finish needs a ball nose or tapered ball nose tool; this tool is a flat end mill.,,,,,,,,,,,,,Refused,,,,,,,,,,,,,,Trace,Finish,,
EndMill,3.1750,2,Pencil,mdf,refused,Pencil Finish needs a ball nose or tapered ball nose tool; this tool is a flat end mill.,,,,,,,,,,,,,Refused,,,,,,,,,,,,,,Trace,Finish,,
EndMill,3.1750,2,Pencil,plywood_hardwood,refused,Pencil Finish needs a ball nose or tapered ball nose tool; this tool is a flat end mill.,,,,,,,,,,,,,Refused,,,,,,,,,,,,,,Trace,Finish,,
EndMill,3.1750,2,Scallop,softwood,refused,Scallop Finish needs a ball nose or tapered ball nose tool; this tool is a flat end mill.,,,,,,,,,,,,,Refused,,,,,,,,,,,,,,Scallop,Finish,,
EndMill,3.1750,2,Scallop,hardwood,refused,Scallop Finish needs a ball nose or tapered ball nose tool; this tool is a flat end mill.,,,,,,,,,,,,,Refused,,,,,,,,,,,,,,Scallop,Finish,,
EndMill,3.1750,2,Scallop,mdf,refused,Scallop Finish needs a ball nose or tapered ball nose tool; this tool is a flat end mill.,,,,,,,,,,,,,Refused,,,,,,,,,,,,,,Scallop,Finish,,
EndMill,3.1750,2,Scallop,plywood_hardwood,refused,Scallop Finish needs a ball nose or tapered ball nose tool; this tool is a flat end mill.,,,,,,,,,,,,,Refused,,,,,,,,,,,,,,Scallop,Finish,,
EndMill,3.1750,2,UnifiedFinish,softwood,refused,Unified Finish needs a ball nose or tapered ball nose tool; this tool is a flat end mill.,,,,,,,,,,,,,Refused,,,,,,,,,,,,,,Scallop,Finish,,
EndMill,3.1750,2,UnifiedFinish,hardwood,refused,Unified Finish needs a ball nose or tapered ball nose tool; this tool is a flat end mill.,,,,,,,,,,,,,Refused,,,,,,,,,,,,,,Scallop,Finish,,
EndMill,3.1750,2,UnifiedFinish,mdf,refused,Unified Finish needs a ball nose or tapered ball nose tool; this tool is a flat end mill.,,,,,,,,,,,,,Refused,,,,,,,,,,,,,,Scallop,Finish,,
EndMill,3.1750,2,UnifiedFinish,plywood_hardwood,refused,Unified Finish needs a ball nose or tapered ball nose tool; this tool is a flat end mill.,,,,,,,,,,,,,Refused,,,,,,,,,,,,,,Scallop,Finish,,
EndMill,3.1750,2,SteepShallow,softwood,ok,,20051.0000,3000.0000,396.0000,0.1590,,1.0000,0.1588,0.2782,5.6791,,0.2551,0.3014,VendorBacked,,onsrud-softwood-60-100mw-1_8-finish,Finish,false,B,Exact,onsrud_soft_wood_cutting_data,"VendorLut { observation_id: ""onsrud-softwood-60-100mw-1_8-finish"" }",onsrud-softwood-60-100mw-1_8-finish,feeds.long_tool_derate;feeds.feed_clamped,Info;Info,LongToolDerate;FeedRateClamped,FinishEnvelopeAdvisory;CutGeometryFieldNotHeld,Contour,Finish,,
EndMill,3.1750,2,SteepShallow,hardwood,ok,,21000.0000,536.0000,278.0000,0.1590,,1.0000,0.1588,0.0227,5.7948,,0.0170,0.0284,VendorBacked,,amana-flat-hardwood-contour-3175-2f,Finish,false,C,Derived,amana_spektra_spiral_plunge_v24,"VendorLut { observation_id: ""amana-flat-hardwood-contour-3175-2f"" }",amana-flat-hardwood-contour-3175-2f,feeds.long_tool_derate;feeds.chipload_below_floor,Info;Caution,LongToolDerate;ChiploadBelowRubbingFloor,FinishEnvelopeAdvisory;CutGeometryFieldNotHeld,Contour,Finish,,
EndMill,3.1750,2,SteepShallow,mdf,ok,,17043.0000,3000.0000,280.0000,0.1590,,1.0000,0.1588,0.2229,9.0826,,0.2026,0.2431,VendorBacked,,onsrud-mdf-60-100mw-1_8-finish,Finish,true,B,Exact,onsrud_mdf_cutting_data,"VendorLut { observation_id: ""onsrud-mdf-60-100mw-1_8-finish"" }",onsrud-mdf-60-100mw-1_8-finish,feeds.long_tool_derate;feeds.feed_clamped,Info;Info,LongToolDerate;FeedRateClamped,FinishEnvelopeAdvisory;CutGeometryFieldNotHeld,Contour,Finish,,
EndMill,3.1750,2,SteepShallow,plywood_hardwood,ok,,18046.0000,3000.0000,270.0000,0.1590,,1.0000,0.1588,0.3161,4.5123,,0.2918,0.3405,VendorBacked,,onsrud-plywood-hardwood-60-100mw-1_8-finish,Finish,false,A,Exact,onsrud_hard_plywood_cutting_data,"VendorLut { observation_id: ""onsrud-plywood-hardwood-60-100mw-1_8-finish"" }",onsrud-plywood-hardwood-60-100mw-1_8-finish,feeds.long_tool_derate;feeds.feed_clamped,Info;Info,LongToolDerate;FeedRateClamped,FinishEnvelopeAdvisory;CutGeometryFieldNotHeld,Contour,Finish,,
EndMill,3.1750,2,RampFinish,softwood,ok,,20051.0000,1095.0000,396.0000,,0.5000,0.5000,0.0952,0.0486,1.5319,,,,FormulaOnly,"repo-derived chipload formula k0*D^p*(1/H)^q (machine::ChipLoadFormula, feeds::calculate step 2); exponents per CREDITS.md 'Chipload column convention and scaling laws'; k0 uncited (code comment 'Shapeoko empirical data' only)",,,,,,,FormulaFallback,,feeds.long_tool_derate,Info,LongToolDerate,CutGeometryFieldNotHeld,Parallel,Finish,,
EndMill,3.1750,2,RampFinish,hardwood,ok,,20051.0000,702.0000,278.0000,,0.5000,0.5000,0.0952,0.0311,2.9152,,,,FormulaOnly,"repo-derived chipload formula k0*D^p*(1/H)^q (machine::ChipLoadFormula, feeds::calculate step 2); exponents per CREDITS.md 'Chipload column convention and scaling laws'; k0 uncited (code comment 'Shapeoko empirical data' only)",,,,,,,FormulaFallback,,feeds.long_tool_derate;feeds.chipload_below_floor,Info;Caution,LongToolDerate;ChiploadBelowRubbingFloor,CutGeometryFieldNotHeld,Parallel,Finish,,
EndMill,3.1750,2,RampFinish,mdf,ok,,17043.0000,685.0000,280.0000,,0.5000,0.5000,0.0952,0.0358,2.6434,,,,FormulaOnly,"repo-derived chipload formula k0*D^p*(1/H)^q (machine::ChipLoadFormula, feeds::calculate step 2); exponents per CREDITS.md 'Chipload column convention and scaling laws'; k0 uncited (code comment 'Shapeoko empirical data' only)",,,,,,,FormulaFallback,,feeds.long_tool_derate;feeds.chipload_below_floor,Info;Caution,LongToolDerate;ChiploadBelowRubbingFloor,CutGeometryFieldNotHeld,Parallel,Finish,,
EndMill,3.1750,2,RampFinish,plywood_hardwood,ok,,18046.0000,695.0000,270.0000,,0.5000,0.5000,0.0952,0.0342,1.0895,,,,FormulaOnly,"repo-derived chipload formula k0*D^p*(1/H)^q (machine::ChipLoadFormula, feeds::calculate step 2); exponents per CREDITS.md 'Chipload column convention and scaling laws'; k0 uncited (code comment 'Shapeoko empirical data' only)",,,,,,,FormulaFallback,,feeds.long_tool_derate;feeds.chipload_below_floor,Info;Caution,LongToolDerate;ChiploadBelowRubbingFloor,CutGeometryFieldNotHeld,Parallel,Finish,,
EndMill,3.1750,2,SpiralFinish,softwood,refused,Spiral Finish needs a ball nose or tapered ball nose tool; this tool is a flat end mill.,,,,,,,,,,,,,Refused,,,,,,,,,,,,,,Scallop,Finish,,
EndMill,3.1750,2,SpiralFinish,hardwood,refused,Spiral Finish needs a ball nose or tapered ball nose tool; this tool is a flat end mill.,,,,,,,,,,,,,Refused,,,,,,,,,,,,,,Scallop,Finish,,
EndMill,3.1750,2,SpiralFinish,mdf,refused,Spiral Finish needs a ball nose or tapered ball nose tool; this tool is a flat end mill.,,,,,,,,,,,,,Refused,,,,,,,,,,,,,,Scallop,Finish,,
EndMill,3.1750,2,SpiralFinish,plywood_hardwood,refused,Spiral Finish needs a ball nose or tapered ball nose tool; this tool is a flat end mill.,,,,,,,,,,,,,Refused,,,,,,,,,,,,,,Scallop,Finish,,
EndMill,3.1750,2,RadialFinish,softwood,ok,,20051.0000,1095.0000,396.0000,,,0.3175,0.0952,0.0486,0.9727,,,,FormulaOnly,"repo-derived chipload formula k0*D^p*(1/H)^q (machine::ChipLoadFormula, feeds::calculate step 2); exponents per CREDITS.md 'Chipload column convention and scaling laws'; k0 uncited (code comment 'Shapeoko empirical data' only)",,,,,,,FormulaFallback,,feeds.long_tool_derate,Info,LongToolDerate,CutGeometryFieldNotHeld;CutGeometryFieldNotHeld,Parallel,Finish,,
EndMill,3.1750,2,RadialFinish,hardwood,ok,,20051.0000,702.0000,278.0000,,,0.3175,0.0952,0.0311,1.8512,,,,FormulaOnly,"repo-derived chipload formula k0*D^p*(1/H)^q (machine::ChipLoadFormula, feeds::calculate step 2); exponents per CREDITS.md 'Chipload column convention and scaling laws'; k0 uncited (code comment 'Shapeoko empirical data' only)",,,,,,,FormulaFallback,,feeds.long_tool_derate;feeds.chipload_below_floor,Info;Caution,LongToolDerate;ChiploadBelowRubbingFloor,CutGeometryFieldNotHeld;CutGeometryFieldNotHeld,Parallel,Finish,,
EndMill,3.1750,2,RadialFinish,mdf,ok,,17043.0000,685.0000,280.0000,,,0.3175,0.0952,0.0358,1.6785,,,,FormulaOnly,"repo-derived chipload formula k0*D^p*(1/H)^q (machine::ChipLoadFormula, feeds::calculate step 2); exponents per CREDITS.md 'Chipload column convention and scaling laws'; k0 uncited (code comment 'Shapeoko empirical data' only)",,,,,,,FormulaFallback,,feeds.long_tool_derate;feeds.chipload_below_floor,Info;Caution,LongToolDerate;ChiploadBelowRubbingFloor,CutGeometryFieldNotHeld;CutGeometryFieldNotHeld,Parallel,Finish,,
EndMill,3.1750,2,RadialFinish,plywood_hardwood,ok,,18046.0000,695.0000,270.0000,,,0.3175,0.0952,0.0342,0.6919,,,,FormulaOnly,"repo-derived chipload formula k0*D^p*(1/H)^q (machine::ChipLoadFormula, feeds::calculate step 2); exponents per CREDITS.md 'Chipload column convention and scaling laws'; k0 uncited (code comment 'Shapeoko empirical data' only)",,,,,,,FormulaFallback,,feeds.long_tool_derate;feeds.chipload_below_floor,Info;Caution,LongToolDerate;ChiploadBelowRubbingFloor,CutGeometryFieldNotHeld;CutGeometryFieldNotHeld,Parallel,Finish,,
EndMill,3.1750,2,HorizontalFinish,softwood,ok,,20051.0000,1095.0000,396.0000,0.0950,,0.3175,0.0952,0.0486,0.9727,,,,FormulaOnly,"repo-derived chipload formula k0*D^p*(1/H)^q (machine::ChipLoadFormula, feeds::calculate step 2); exponents per CREDITS.md 'Chipload column convention and scaling laws'; k0 uncited (code comment 'Shapeoko empirical data' only)",,,,,,,FormulaFallback,,efficiency.very_fine_stepover;feeds.long_tool_derate,Info;Info,LongToolDerate,CutGeometryFieldNotHeld,Parallel,Finish,,
EndMill,3.1750,2,HorizontalFinish,hardwood,ok,,20051.0000,702.0000,278.0000,0.0950,,0.3175,0.0952,0.0311,1.8512,,,,FormulaOnly,"repo-derived chipload formula k0*D^p*(1/H)^q (machine::ChipLoadFormula, feeds::calculate step 2); exponents per CREDITS.md 'Chipload column convention and scaling laws'; k0 uncited (code comment 'Shapeoko empirical data' only)",,,,,,,FormulaFallback,,efficiency.very_fine_stepover;feeds.long_tool_derate;feeds.chipload_below_floor,Info;Info;Caution,LongToolDerate;ChiploadBelowRubbingFloor,CutGeometryFieldNotHeld,Parallel,Finish,,
EndMill,3.1750,2,HorizontalFinish,mdf,ok,,17043.0000,685.0000,280.0000,0.0950,,0.3175,0.0952,0.0358,1.6785,,,,FormulaOnly,"repo-derived chipload formula k0*D^p*(1/H)^q (machine::ChipLoadFormula, feeds::calculate step 2); exponents per CREDITS.md 'Chipload column convention and scaling laws'; k0 uncited (code comment 'Shapeoko empirical data' only)",,,,,,,FormulaFallback,,efficiency.very_fine_stepover;feeds.long_tool_derate;feeds.chipload_below_floor,Info;Info;Caution,LongToolDerate;ChiploadBelowRubbingFloor,CutGeometryFieldNotHeld,Parallel,Finish,,
EndMill,3.1750,2,HorizontalFinish,plywood_hardwood,ok,,18046.0000,695.0000,270.0000,0.0950,,0.3175,0.0952,0.0342,0.6919,,,,FormulaOnly,"repo-derived chipload formula k0*D^p*(1/H)^q (machine::ChipLoadFormula, feeds::calculate step 2); exponents per CREDITS.md 'Chipload column convention and scaling laws'; k0 uncited (code comment 'Shapeoko empirical data' only)",,,,,,,FormulaFallback,,efficiency.very_fine_stepover;feeds.long_tool_derate;feeds.chipload_below_floor,Info;Info;Caution,LongToolDerate;ChiploadBelowRubbingFloor,CutGeometryFieldNotHeld,Parallel,Finish,,
EndMill,3.1750,2,ProjectCurve,softwood,ok,,20051.0000,3000.0000,396.0000,,,0.1905,0.0635,0.2782,0.8755,,0.2551,0.3014,VendorBacked,,onsrud-softwood-60-100mw-1_8-finish,Finish,false,B,Exact,onsrud_soft_wood_cutting_data,"VendorLut { observation_id: ""onsrud-softwood-60-100mw-1_8-finish"" }",onsrud-softwood-60-100mw-1_8-finish,feeds.long_tool_derate;feeds.feed_clamped,Info;Info,LongToolDerate;FeedRateClamped,CutGeometryFieldNotHeld;CutGeometryFieldNotHeld,Trace,Finish,,
EndMill,3.1750,2,ProjectCurve,hardwood,ok,,21000.0000,536.0000,278.0000,,,0.1905,0.0635,0.0227,1.0702,,0.0170,0.0284,VendorBacked,,amana-flat-hardwood-contour-3175-2f,Finish,false,C,Derived,amana_spektra_spiral_plunge_v24,"VendorLut { observation_id: ""amana-flat-hardwood-contour-3175-2f"" }",amana-flat-hardwood-contour-3175-2f,feeds.long_tool_derate;feeds.chipload_below_floor,Info;Caution,LongToolDerate;ChiploadBelowRubbingFloor,CutGeometryFieldNotHeld;CutGeometryFieldNotHeld,Trace,Finish,,
EndMill,3.1750,2,ProjectCurve,mdf,ok,,17043.0000,3000.0000,280.0000,,,0.1905,0.0635,0.2229,1.4345,,0.2026,0.2431,VendorBacked,,onsrud-mdf-60-100mw-1_8-finish,Finish,true,B,Exact,onsrud_mdf_cutting_data,"VendorLut { observation_id: ""onsrud-mdf-60-100mw-1_8-finish"" }",onsrud-mdf-60-100mw-1_8-finish,feeds.long_tool_derate;feeds.feed_clamped,Info;Info,LongToolDerate;FeedRateClamped,CutGeometryFieldNotHeld;CutGeometryFieldNotHeld,Trace,Finish,,
EndMill,3.1750,2,ProjectCurve,plywood_hardwood,ok,,18046.0000,3000.0000,270.0000,,,0.1905,0.0635,0.3161,0.6859,,0.2918,0.3405,VendorBacked,,onsrud-plywood-hardwood-60-100mw-1_8-finish,Finish,false,A,Exact,onsrud_hard_plywood_cutting_data,"VendorLut { observation_id: ""onsrud-plywood-hardwood-60-100mw-1_8-finish"" }",onsrud-plywood-hardwood-60-100mw-1_8-finish,feeds.long_tool_derate;feeds.feed_clamped,Info;Info,LongToolDerate;FeedRateClamped,CutGeometryFieldNotHeld;CutGeometryFieldNotHeld,Trace,Finish,,
EndMill,3.1750,2,AlignmentPinDrill,softwood,refused,"Suggest has no basis for Pin Drill with a flat end mill in softwood: No published wood figure exists for a plunge drill with a flat end mill, and the drill multiplier 2.5 is unsourced.",,,,,,,,,,,,,Refused,,,,,,,,,,,,,,Drill,Roughing,,
EndMill,3.1750,2,AlignmentPinDrill,hardwood,refused,"Suggest has no basis for Pin Drill with a flat end mill in hardwood: No published wood figure exists for a plunge drill with a flat end mill, and the drill multiplier 2.5 is unsourced.",,,,,,,,,,,,,Refused,,,,,,,,,,,,,,Drill,Roughing,,
EndMill,3.1750,2,AlignmentPinDrill,mdf,refused,"Suggest has no basis for Pin Drill with a flat end mill in MDF: No published wood figure exists for a plunge drill with a flat end mill, and the drill multiplier 2.5 is unsourced.",,,,,,,,,,,,,Refused,,,,,,,,,,,,,,Drill,Roughing,,
EndMill,3.1750,2,AlignmentPinDrill,plywood_hardwood,refused,"Suggest has no basis for Pin Drill with a flat end mill in hardwood plywood: No published wood figure exists for a plunge drill with a flat end mill, and the drill multiplier 2.5 is unsourced.",,,,,,,,,,,,,Refused,,,,,,,,,,,,,,Drill,Roughing,,
EndMill,6.0000,2,Face,softwood,ok,,18000.0000,3000.0000,750.0000,2.1000,1.2000,4.2000,2.1000,0.2032,31.4629,0.0208,0.1778,0.2286,VendorBacked,,amana-zrn-flat-softwood-pocket-6000-2f,Roughing,false,A,Exact,amana_zrn_3d_profiling_v8,"VendorLut { observation_id: ""amana-zrn-flat-softwood-pocket-6000-2f"" }",amana-zrn-flat-softwood-pocket-6000-2f,feeds.long_tool_derate;feeds.feed_clamped,Info;Info,LongToolDerate;FeedRateClamped,RoughingDepthClampedToRigidity,Pocket,Roughing,0.2000,1.2000
EndMill,6.0000,2,Face,hardwood,ok,,18000.0000,3000.0000,526.0000,2.1000,1.2000,4.2000,2.1000,0.1270,47.6761,0.0416,,,VendorBacked,,amana-flat-hardwood-pocket-6000-2f-spektra,Roughing,false,B,Derived,amana_spektra_spiral_plunge_v24,"VendorLut { observation_id: ""amana-flat-hardwood-pocket-6000-2f-spektra"" }",amana-flat-hardwood-pocket-6000-2f-spektra,feeds.long_tool_derate;feeds.feed_clamped,Info;Info,LongToolDerate;FeedRateClamped,RoughingDepthClampedToRigidity,Pocket,Roughing,0.2000,1.2000
EndMill,6.0000,2,Face,mdf,ok,,18000.0000,3000.0000,529.0000,2.1000,1.2000,4.2000,2.1000,0.1524,47.1978,0.0372,,,VendorBacked,,amana-flat-mdf-pocket-6000-2f-spektra,Roughing,false,A,Exact,amana_spektra_spiral_plunge_v24,"VendorLut { observation_id: ""amana-flat-mdf-pocket-6000-2f-spektra"" }",amana-flat-mdf-pocket-6000-2f-spektra,feeds.long_tool_derate;feeds.feed_clamped,Info;Info,LongToolDerate;FeedRateClamped,RoughingDepthClampedToRigidity,Pocket,Roughing,0.2000,1.2000
EndMill,6.0000,2,Face,plywood_hardwood,ok,,18000.0000,2754.0000,511.0000,2.1000,1.2000,4.2000,2.1000,0.1159,16.8376,0.0150,,,VendorBacked,,amana-flat-plywood-hardwood-pocket-6000-2f-spektra,Roughing,false,B,Derived,amana_spektra_spiral_plunge_v24,"VendorLut { observation_id: ""amana-flat-plywood-hardwood-pocket-6000-2f-spektra"" }",amana-flat-plywood-hardwood-pocket-6000-2f-spektra,feeds.long_tool_derate,Info,LongToolDerate,RoughingDepthClampedToRigidity,Pocket,Roughing,0.2000,1.2000
EndMill,6.0000,2,Pocket,softwood,ok,,18000.0000,3000.0000,750.0000,2.1000,1.2000,4.2000,2.1000,0.2032,31.4629,0.0208,0.1778,0.2286,VendorBacked,,amana-zrn-flat-softwood-pocket-6000-2f,Roughing,false,A,Exact,amana_zrn_3d_profiling_v8,"VendorLut { observation_id: ""amana-zrn-flat-softwood-pocket-6000-2f"" }",amana-zrn-flat-softwood-pocket-6000-2f,feeds.long_tool_derate;feeds.feed_clamped,Info;Info,LongToolDerate;FeedRateClamped,RoughingDepthClampedToRigidity,Pocket,Roughing,0.2000,1.2000
EndMill,6.0000,2,Pocket,hardwood,ok,,18000.0000,3000.0000,526.0000,2.1000,1.2000,4.2000,2.1000,0.1270,47.6761,0.0416,,,VendorBacked,,amana-flat-hardwood-pocket-6000-2f-spektra,Roughing,false,B,Derived,amana_spektra_spiral_plunge_v24,"VendorLut { observation_id: ""amana-flat-hardwood-pocket-6000-2f-spektra"" }",amana-flat-hardwood-pocket-6000-2f-spektra,feeds.long_tool_derate;feeds.feed_clamped,Info;Info,LongToolDerate;FeedRateClamped,RoughingDepthClampedToRigidity,Pocket,Roughing,0.2000,1.2000
EndMill,6.0000,2,Pocket,mdf,ok,,18000.0000,3000.0000,529.0000,2.1000,1.2000,4.2000,2.1000,0.1524,47.1978,0.0372,,,VendorBacked,,amana-flat-mdf-pocket-6000-2f-spektra,Roughing,false,A,Exact,amana_spektra_spiral_plunge_v24,"VendorLut { observation_id: ""amana-flat-mdf-pocket-6000-2f-spektra"" }",amana-flat-mdf-pocket-6000-2f-spektra,feeds.long_tool_derate;feeds.feed_clamped,Info;Info,LongToolDerate;FeedRateClamped,RoughingDepthClampedToRigidity,Pocket,Roughing,0.2000,1.2000
EndMill,6.0000,2,Pocket,plywood_hardwood,ok,,18000.0000,2754.0000,511.0000,2.1000,1.2000,4.2000,2.1000,0.1159,16.8376,0.0150,,,VendorBacked,,amana-flat-plywood-hardwood-pocket-6000-2f-spektra,Roughing,false,B,Derived,amana_spektra_spiral_plunge_v24,"VendorLut { observation_id: ""amana-flat-plywood-hardwood-pocket-6000-2f-spektra"" }",amana-flat-plywood-hardwood-pocket-6000-2f-spektra,feeds.long_tool_derate,Info,LongToolDerate,RoughingDepthClampedToRigidity,Pocket,Roughing,0.2000,1.2000
EndMill,6.0000,2,Profile,softwood,ok,,10610.0000,1882.0000,750.0000,,1.2000,4.8000,1.0800,0.1344,25.0993,,0.1120,0.1568,VendorBacked,,onsrud-softwood-60-200-1_4-finish,Finish,false,B,Exact,onsrud_soft_wood_cutting_data,"VendorLut { observation_id: ""onsrud-softwood-60-200-1_4-finish"" }",onsrud-softwood-60-200-1_4-finish,feeds.long_tool_derate,Info,LongToolDerate,RoughingDepthClampedToRigidity;CutGeometryFieldNotHeld,Contour,Roughing,0.2000,1.2000
EndMill,6.0000,2,Profile,hardwood,ok,,10610.0000,3000.0000,526.0000,,1.2000,4.8000,1.0800,0.3471,89.3938,,0.3240,0.3703,VendorBacked,,onsrud-hardwood-60-100mw-1_4-finish,Finish,false,B,Exact,onsrud_hard_wood_cutting_data,"VendorLut { observation_id: ""onsrud-hardwood-60-100mw-1_4-finish"" }",onsrud-hardwood-60-100mw-1_4-finish,feeds.long_tool_derate;feeds.feed_clamped,Info;Info,LongToolDerate;FeedRateClamped,RoughingDepthClampedToRigidity;CutGeometryFieldNotHeld,Contour,Roughing,0.2000,1.2000
EndMill,6.0000,2,Profile,mdf,ok,,9019.0000,3000.0000,529.0000,,1.2000,4.8000,1.0800,0.2740,67.9197,,0.2545,0.2936,VendorBacked,,onsrud-mdf-60-100mw-1_4-finish,Finish,true,B,Exact,onsrud_mdf_cutting_data,"VendorLut { observation_id: ""onsrud-mdf-60-100mw-1_4-finish"" }",onsrud-mdf-60-100mw-1_4-finish,feeds.long_tool_derate;feeds.feed_clamped,Info;Info,LongToolDerate;FeedRateClamped,RoughingDepthClampedToRigidity;CutGeometryFieldNotHeld,Contour,Roughing,0.2000,1.2000
EndMill,6.0000,2,Profile,plywood_hardwood,ok,,9549.0000,3000.0000,511.0000,,1.2000,4.8000,1.0800,0.3524,33.4657,,0.3289,0.3759,VendorBacked,,onsrud-plywood-hardwood-60-100mw-1_4-finish,Finish,false,A,Exact,onsrud_hard_plywood_cutting_data,"VendorLut { observation_id: ""onsrud-plywood-hardwood-60-100mw-1_4-finish"" }",onsrud-plywood-hardwood-60-100mw-1_4-finish,feeds.long_tool_derate;feeds.feed_clamped,Info;Info,LongToolDerate;FeedRateClamped,RoughingDepthClampedToRigidity;CutGeometryFieldNotHeld,Contour,Roughing,0.2000,1.2000
EndMill,6.0000,2,Adaptive,softwood,ok,,18000.0000,2640.0000,750.0000,1.2000,9.0000,9.0000,1.2000,0.1270,46.6871,0.1034,,,VendorBacked,,amana-flat-softwood-adaptive-6000-2f-spektra,Roughing,false,B,Derived,amana_spektra_spiral_plunge_v24,"VendorLut { observation_id: ""amana-flat-softwood-adaptive-6000-2f-spektra"" }",amana-flat-softwood-adaptive-6000-2f-spektra,feeds.long_tool_derate,Info,LongToolDerate,,Adaptive,Roughing,1.5000,9.0000
EndMill,6.0000,2,Adaptive,hardwood,ok,,18000.0000,2640.0000,526.0000,1.2000,9.0000,9.0000,1.2000,0.1270,93.3743,0.2067,,,VendorBacked,,amana-flat-hardwood-adaptive-6000-2f-spektra,Roughing,false,B,Derived,amana_spektra_spiral_plunge_v24,"VendorLut { observation_id: ""amana-flat-hardwood-adaptive-6000-2f-spektra"" }",amana-flat-hardwood-adaptive-6000-2f-spektra,feeds.long_tool_derate,Info,LongToolDerate,,Adaptive,Roughing,1.5000,9.0000
EndMill,6.0000,2,Adaptive,mdf,ok,,18000.0000,3000.0000,529.0000,1.2000,9.0000,9.0000,1.2000,0.1524,91.7033,0.1907,,,VendorBacked,,amana-flat-mdf-adaptive-6000-2f-spektra,Roughing,false,A,Exact,amana_spektra_spiral_plunge_v24,"VendorLut { observation_id: ""amana-flat-mdf-adaptive-6000-2f-spektra"" }",amana-flat-mdf-adaptive-6000-2f-spektra,feeds.long_tool_derate;feeds.feed_clamped,Info;Info,LongToolDerate;FeedRateClamped,,Adaptive,Roughing,1.5000,9.0000
EndMill,6.0000,2,Adaptive,plywood_hardwood,ok,,18000.0000,2410.0000,511.0000,1.2000,9.0000,9.0000,1.2000,0.1159,33.1092,0.0750,,,VendorBacked,,amana-flat-plywood-hardwood-adaptive-6000-2f-spektra,Roughing,false,B,Derived,amana_spektra_spiral_plunge_v24,"VendorLut { observation_id: ""amana-flat-plywood-hardwood-adaptive-6000-2f-spektra"" }",amana-flat-plywood-hardwood-adaptive-6000-2f-spektra,feeds.long_tool_derate,Info,LongToolDerate,,Adaptive,Roughing,1.5000,9.0000
EndMill,6.0000,2,VCarve,softwood,refused,VCarve needs a V-bit tool; this tool is a flat end mill.,,,,,,,,,,,,,Refused,,,,,,,,,,,,,,Trace,Finish,,
EndMill,6.0000,2,VCarve,hardwood,refused,VCarve needs a V-bit tool; this tool is a flat end mill.,,,,,,,,,,,,,Refused,,,,,,,,,,,,,,Trace,Finish,,
EndMill,6.0000,2,VCarve,mdf,refused,VCarve needs a V-bit tool; this tool is a flat end mill.,,,,,,,,,,,,,Refused,,,,,,,,,,,,,,Trace,Finish,,
EndMill,6.0000,2,VCarve,plywood_hardwood,refused,VCarve needs a V-bit tool; this tool is a flat end mill.,,,,,,,,,,,,,Refused,,,,,,,,,,,,,,Trace,Finish,,
EndMill,6.0000,2,Rest,softwood,ok,,18000.0000,3000.0000,750.0000,2.1000,1.2000,4.2000,2.1000,0.2032,31.4629,0.0208,0.1778,0.2286,VendorBacked,,amana-zrn-flat-softwood-pocket-6000-2f,Roughing,false,A,Exact,amana_zrn_3d_profiling_v8,"VendorLut { observation_id: ""amana-zrn-flat-softwood-pocket-6000-2f"" }",amana-zrn-flat-softwood-pocket-6000-2f,feeds.long_tool_derate;feeds.feed_clamped,Info;Info,LongToolDerate;FeedRateClamped,RoughingDepthClampedToRigidity,Pocket,Roughing,0.2000,1.2000
EndMill,6.0000,2,Rest,hardwood,ok,,18000.0000,3000.0000,526.0000,2.1000,1.2000,4.2000,2.1000,0.1270,47.6761,0.0416,,,VendorBacked,,amana-flat-hardwood-pocket-6000-2f-spektra,Roughing,false,B,Derived,amana_spektra_spiral_plunge_v24,"VendorLut { observation_id: ""amana-flat-hardwood-pocket-6000-2f-spektra"" }",amana-flat-hardwood-pocket-6000-2f-spektra,feeds.long_tool_derate;feeds.feed_clamped,Info;Info,LongToolDerate;FeedRateClamped,RoughingDepthClampedToRigidity,Pocket,Roughing,0.2000,1.2000
EndMill,6.0000,2,Rest,mdf,ok,,18000.0000,3000.0000,529.0000,2.1000,1.2000,4.2000,2.1000,0.1524,47.1978,0.0372,,,VendorBacked,,amana-flat-mdf-pocket-6000-2f-spektra,Roughing,false,A,Exact,amana_spektra_spiral_plunge_v24,"VendorLut { observation_id: ""amana-flat-mdf-pocket-6000-2f-spektra"" }",amana-flat-mdf-pocket-6000-2f-spektra,feeds.long_tool_derate;feeds.feed_clamped,Info;Info,LongToolDerate;FeedRateClamped,RoughingDepthClampedToRigidity,Pocket,Roughing,0.2000,1.2000
EndMill,6.0000,2,Rest,plywood_hardwood,ok,,18000.0000,2754.0000,511.0000,2.1000,1.2000,4.2000,2.1000,0.1159,16.8376,0.0150,,,VendorBacked,,amana-flat-plywood-hardwood-pocket-6000-2f-spektra,Roughing,false,B,Derived,amana_spektra_spiral_plunge_v24,"VendorLut { observation_id: ""amana-flat-plywood-hardwood-pocket-6000-2f-spektra"" }",amana-flat-plywood-hardwood-pocket-6000-2f-spektra,feeds.long_tool_derate,Info,LongToolDerate,RoughingDepthClampedToRigidity,Pocket,Roughing,0.2000,1.2000
EndMill,6.0000,2,Inlay,softwood,refused,Inlay needs a V-bit tool; this tool is a flat end mill.,,,,,,,,,,,,,Refused,,,,,,,,,,,,,,Trace,Finish,,
EndMill,6.0000,2,Inlay,hardwood,refused,Inlay needs a V-bit tool; this tool is a flat end mill.,,,,,,,,,,,,,Refused,,,,,,,,,,,,,,Trace,Finish,,
EndMill,6.0000,2,Inlay,mdf,refused,Inlay needs a V-bit tool; this tool is a flat end mill.,,,,,,,,,,,,,Refused,,,,,,,,,,,,,,Trace,Finish,,
EndMill,6.0000,2,Inlay,plywood_hardwood,refused,Inlay needs a V-bit tool; this tool is a flat end mill.,,,,,,,,,,,,,Refused,,,,,,,,,,,,,,Trace,Finish,,
EndMill,6.0000,2,Zigzag,softwood,ok,,18000.0000,3000.0000,750.0000,2.1000,1.2000,4.2000,2.1000,0.2032,31.4629,0.0208,0.1778,0.2286,VendorBacked,,amana-zrn-flat-softwood-pocket-6000-2f,Roughing,false,A,Exact,amana_zrn_3d_profiling_v8,"VendorLut { observation_id: ""amana-zrn-flat-softwood-pocket-6000-2f"" }",amana-zrn-flat-softwood-pocket-6000-2f,feeds.long_tool_derate;feeds.feed_clamped,Info;Info,LongToolDerate;FeedRateClamped,RoughingDepthClampedToRigidity,Pocket,Roughing,0.2000,1.2000
EndMill,6.0000,2,Zigzag,hardwood,ok,,18000.0000,3000.0000,526.0000,2.1000,1.2000,4.2000,2.1000,0.1270,47.6761,0.0416,,,VendorBacked,,amana-flat-hardwood-pocket-6000-2f-spektra,Roughing,false,B,Derived,amana_spektra_spiral_plunge_v24,"VendorLut { observation_id: ""amana-flat-hardwood-pocket-6000-2f-spektra"" }",amana-flat-hardwood-pocket-6000-2f-spektra,feeds.long_tool_derate;feeds.feed_clamped,Info;Info,LongToolDerate;FeedRateClamped,RoughingDepthClampedToRigidity,Pocket,Roughing,0.2000,1.2000
EndMill,6.0000,2,Zigzag,mdf,ok,,18000.0000,3000.0000,529.0000,2.1000,1.2000,4.2000,2.1000,0.1524,47.1978,0.0372,,,VendorBacked,,amana-flat-mdf-pocket-6000-2f-spektra,Roughing,false,A,Exact,amana_spektra_spiral_plunge_v24,"VendorLut { observation_id: ""amana-flat-mdf-pocket-6000-2f-spektra"" }",amana-flat-mdf-pocket-6000-2f-spektra,feeds.long_tool_derate;feeds.feed_clamped,Info;Info,LongToolDerate;FeedRateClamped,RoughingDepthClampedToRigidity,Pocket,Roughing,0.2000,1.2000
EndMill,6.0000,2,Zigzag,plywood_hardwood,ok,,18000.0000,2754.0000,511.0000,2.1000,1.2000,4.2000,2.1000,0.1159,16.8376,0.0150,,,VendorBacked,,amana-flat-plywood-hardwood-pocket-6000-2f-spektra,Roughing,false,B,Derived,amana_spektra_spiral_plunge_v24,"VendorLut { observation_id: ""amana-flat-plywood-hardwood-pocket-6000-2f-spektra"" }",amana-flat-plywood-hardwood-pocket-6000-2f-spektra,feeds.long_tool_derate,Info,LongToolDerate,RoughingDepthClampedToRigidity,Pocket,Roughing,0.2000,1.2000
EndMill,6.0000,2,Trace,softwood,ok,,10610.0000,1002.0000,750.0000,,0.3333,0.3600,0.1200,0.0716,1.1342,,,,FormulaOnly,"repo-derived chipload formula k0*D^p*(1/H)^q (machine::ChipLoadFormula, feeds::calculate step 2); exponents per CREDITS.md 'Chipload column convention and scaling laws'; k0 uncited (code comment 'Shapeoko empirical data' only)",,,,,,,FormulaFallback,,feeds.long_tool_derate,Info,LongToolDerate,CutGeometryFieldNotHeld,Trace,Finish,,
EndMill,6.0000,2,Trace,hardwood,ok,,10610.0000,642.0000,526.0000,,0.3333,0.3600,0.1200,0.0459,2.1391,,,,FormulaOnly,"repo-derived chipload formula k0*D^p*(1/H)^q (machine::ChipLoadFormula, feeds::calculate step 2); exponents per CREDITS.md 'Chipload column convention and scaling laws'; k0 uncited (code comment 'Shapeoko empirical data' only)",,,,,,,FormulaFallback,,feeds.long_tool_derate,Info,LongToolDerate,CutGeometryFieldNotHeld,Trace,Finish,,
EndMill,6.0000,2,Trace,mdf,ok,,9019.0000,627.0000,529.0000,,0.3333,0.3600,0.1200,0.0527,1.9445,,,,FormulaOnly,"repo-derived chipload formula k0*D^p*(1/H)^q (machine::ChipLoadFormula, feeds::calculate step 2); exponents per CREDITS.md 'Chipload column convention and scaling laws'; k0 uncited (code comment 'Shapeoko empirical data' only)",,,,,,,FormulaFallback,,feeds.long_tool_derate,Info,LongToolDerate,CutGeometryFieldNotHeld,Trace,Finish,,
EndMill,6.0000,2,Trace,plywood_hardwood,ok,,9549.0000,636.0000,511.0000,,0.3333,0.3600,0.1200,0.0505,0.8008,,,,FormulaOnly,"repo-derived chipload formula k0*D^p*(1/H)^q (machine::ChipLoadFormula, feeds::calculate step 2); exponents per CREDITS.md 'Chipload column convention and scaling laws'; k0 uncited (code comment 'Shapeoko empirical data' only)",,,,,,,FormulaFallback,,feeds.long_tool_derate,Info,LongToolDerate,CutGeometryFieldNotHeld,Trace,Finish,,
EndMill,6.0000,2,Drill,softwood,refused,"Suggest has no basis for Drill with a flat end mill in softwood: No published wood figure exists for a plunge drill with a flat end mill, and the drill multiplier 2.5 is unsourced.",,,,,,,,,,,,,Refused,,,,,,,,,,,,,,Drill,Roughing,,
EndMill,6.0000,2,Drill,hardwood,refused,"Suggest has no basis for Drill with a flat end mill in hardwood: No published wood figure exists for a plunge drill with a flat end mill, and the drill multiplier 2.5 is unsourced.",,,,,,,,,,,,,Refused,,,,,,,,,,,,,,Drill,Roughing,,
EndMill,6.0000,2,Drill,mdf,refused,"Suggest has no basis for Drill with a flat end mill in MDF: No published wood figure exists for a plunge drill with a flat end mill, and the drill multiplier 2.5 is unsourced.",,,,,,,,,,,,,Refused,,,,,,,,,,,,,,Drill,Roughing,,
EndMill,6.0000,2,Drill,plywood_hardwood,refused,"Suggest has no basis for Drill with a flat end mill in hardwood plywood: No published wood figure exists for a plunge drill with a flat end mill, and the drill multiplier 2.5 is unsourced.",,,,,,,,,,,,,Refused,,,,,,,,,,,,,,Drill,Roughing,,
EndMill,6.0000,2,Chamfer,softwood,refused,Chamfer needs a V-bit tool; this tool is a flat end mill.,,,,,,,,,,,,,Refused,,,,,,,,,,,,,,Trace,Finish,,
EndMill,6.0000,2,Chamfer,hardwood,refused,Chamfer needs a V-bit tool; this tool is a flat end mill.,,,,,,,,,,,,,Refused,,,,,,,,,,,,,,Trace,Finish,,
EndMill,6.0000,2,Chamfer,mdf,refused,Chamfer needs a V-bit tool; this tool is a flat end mill.,,,,,,,,,,,,,Refused,,,,,,,,,,,,,,Trace,Finish,,
EndMill,6.0000,2,Chamfer,plywood_hardwood,refused,Chamfer needs a V-bit tool; this tool is a flat end mill.,,,,,,,,,,,,,Refused,,,,,,,,,,,,,,Trace,Finish,,
EndMill,6.0000,2,DropCutter,softwood,ok,,18000.0000,3000.0000,750.0000,0.1800,,0.6000,0.1800,0.2032,2.6289,,0.1778,0.2286,VendorBacked,,amana-zrn-flat-softwood-pocket-6000-2f,Roughing,false,A,Exact,amana_zrn_3d_profiling_v8,"VendorLut { observation_id: ""amana-zrn-flat-softwood-pocket-6000-2f"" }",amana-zrn-flat-softwood-pocket-6000-2f,efficiency.very_fine_stepover;feeds.long_tool_derate;feeds.feed_clamped,Info;Info;Info,LongToolDerate;FeedRateClamped,FinishEnvelopeAdvisory;CutGeometryFieldNotHeld,Parallel,Finish,,
EndMill,6.0000,2,DropCutter,hardwood,ok,,18000.0000,3000.0000,526.0000,0.1800,,0.6000,0.1800,0.1270,4.4786,,,,VendorBacked,,amana-flat-hardwood-pocket-6000-2f-spektra,Roughing,false,B,Derived,amana_spektra_spiral_plunge_v24,"VendorLut { observation_id: ""amana-flat-hardwood-pocket-6000-2f-spektra"" }",amana-flat-hardwood-pocket-6000-2f-spektra,efficiency.very_fine_stepover;feeds.long_tool_derate;feeds.feed_clamped,Info;Info;Info,LongToolDerate;FeedRateClamped,FinishEnvelopeAdvisory;CutGeometryFieldNotHeld,Parallel,Finish,,
EndMill,6.0000,2,DropCutter,mdf,ok,,18000.0000,3000.0000,529.0000,0.1800,,0.6000,0.1800,0.1524,4.2388,,,,VendorBacked,,amana-flat-mdf-pocket-6000-2f-spektra,Roughing,false,A,Exact,amana_spektra_spiral_plunge_v24,"VendorLut { observation_id: ""amana-flat-mdf-pocket-6000-2f-spektra"" }",amana-flat-mdf-pocket-6000-2f-spektra,efficiency.very_fine_stepover;feeds.long_tool_derate;feeds.feed_clamped,Info;Info;Info,LongToolDerate;FeedRateClamped,FinishEnvelopeAdvisory;CutGeometryFieldNotHeld,Parallel,Finish,,
EndMill,6.0000,2,DropCutter,plywood_hardwood,ok,,18000.0000,2754.0000,511.0000,0.1800,,0.6000,0.1800,0.1159,1.6168,,,,VendorBacked,,amana-flat-plywood-hardwood-pocket-6000-2f-spektra,Roughing,false,B,Derived,amana_spektra_spiral_plunge_v24,"VendorLut { observation_id: ""amana-flat-plywood-hardwood-pocket-6000-2f-spektra"" }",amana-flat-plywood-hardwood-pocket-6000-2f-spektra,efficiency.very_fine_stepover;feeds.long_tool_derate,Info;Info,LongToolDerate,FinishEnvelopeAdvisory;CutGeometryFieldNotHeld,Parallel,Finish,,
EndMill,6.0000,2,Adaptive3d,softwood,ok,,18000.0000,3000.0000,750.0000,1.2000,6.0000,9.0000,1.2000,0.2032,60.3894,0.0711,0.1556,0.2000,VendorBacked,,amana-zrn-flat-softwood-pocket-6000-2f,Roughing,false,A,Exact,amana_zrn_3d_profiling_v8,"VendorLut { observation_id: ""amana-zrn-flat-softwood-pocket-6000-2f"" }",amana-zrn-flat-softwood-pocket-6000-2f,feeds.long_tool_derate;feeds.feed_clamped,Info;Info,LongToolDerate;FeedRateClamped,AxialDocClampedByEnvelope;StrategyRewrote;FeedRescaledToFinalGeometry,Adaptive,Roughing,1.5000,9.0000
EndMill,6.0000,2,Adaptive3d,hardwood,ok,,18000.0000,3000.0000,526.0000,1.2000,6.0000,9.0000,1.2000,0.1270,93.3743,0.1421,,,VendorBacked,,amana-flat-hardwood-pocket-6000-2f-spektra,Roughing,false,B,Derived,amana_spektra_spiral_plunge_v24,"VendorLut { observation_id: ""amana-flat-hardwood-pocket-6000-2f-spektra"" }",amana-flat-hardwood-pocket-6000-2f-spektra,feeds.long_tool_derate,Info,LongToolDerate,AxialDocClampedByEnvelope;StrategyRewrote;FeedRescaledToFinalGeometry,Adaptive,Roughing,1.5000,9.0000
EndMill,6.0000,2,Adaptive3d,mdf,ok,,18000.0000,3000.0000,529.0000,1.2000,6.0000,9.0000,1.2000,0.1524,91.7033,0.1271,,,VendorBacked,,amana-flat-mdf-pocket-6000-2f-spektra,Roughing,false,A,Exact,amana_spektra_spiral_plunge_v24,"VendorLut { observation_id: ""amana-flat-mdf-pocket-6000-2f-spektra"" }",amana-flat-mdf-pocket-6000-2f-spektra,feeds.long_tool_derate;feeds.feed_clamped,Info;Info,LongToolDerate;FeedRateClamped,AxialDocClampedByEnvelope;StrategyRewrote;FeedRescaledToFinalGeometry,Adaptive,Roughing,1.5000,9.0000
EndMill,6.0000,2,Adaptive3d,plywood_hardwood,ok,,18000.0000,2754.6063,511.0000,1.2000,6.0000,9.0000,1.2000,0.1159,33.1092,0.0515,,,VendorBacked,,amana-flat-plywood-hardwood-pocket-6000-2f-spektra,Roughing,false,B,Derived,amana_spektra_spiral_plunge_v24,"VendorLut { observation_id: ""amana-flat-plywood-hardwood-pocket-6000-2f-spektra"" }",amana-flat-plywood-hardwood-pocket-6000-2f-spektra,feeds.long_tool_derate,Info,LongToolDerate,AxialDocClampedByEnvelope;StrategyRewrote;FeedRescaledToFinalGeometry,Adaptive,Roughing,1.5000,9.0000
EndMill,6.0000,2,Waterline,softwood,ok,,10610.0000,1882.0000,750.0000,,1.0000,1.0000,0.6000,0.1344,4.6639,,0.1120,0.1568,VendorBacked,,onsrud-softwood-60-200-1_4-finish,Finish,false,B,Exact,onsrud_soft_wood_cutting_data,"VendorLut { observation_id: ""onsrud-softwood-60-200-1_4-finish"" }",onsrud-softwood-60-200-1_4-finish,feeds.long_tool_derate,Info,LongToolDerate,FinishEnvelopeAdvisory;CutGeometryFieldNotHeld,Contour,SemiFinish,,
EndMill,6.0000,2,Waterline,hardwood,ok,,10610.0000,3000.0000,526.0000,,1.0000,1.0000,0.6000,0.3471,15.7041,,0.3240,0.3703,VendorBacked,,onsrud-hardwood-60-100mw-1_4-finish,Finish,false,B,Exact,onsrud_hard_wood_cutting_data,"VendorLut { observation_id: ""onsrud-hardwood-60-100mw-1_4-finish"" }",onsrud-hardwood-60-100mw-1_4-finish,feeds.long_tool_derate;feeds.feed_clamped,Info;Info,LongToolDerate;FeedRateClamped,FinishEnvelopeAdvisory;CutGeometryFieldNotHeld,Contour,SemiFinish,,
EndMill,6.0000,2,Waterline,mdf,ok,,9019.0000,3000.0000,529.0000,,1.0000,1.0000,0.6000,0.2740,12.0882,,0.2545,0.2936,VendorBacked,,onsrud-mdf-60-100mw-1_4-finish,Finish,true,B,Exact,onsrud_mdf_cutting_data,"VendorLut { observation_id: ""onsrud-mdf-60-100mw-1_4-finish"" }",onsrud-mdf-60-100mw-1_4-finish,feeds.long_tool_derate;feeds.feed_clamped,Info;Info,LongToolDerate;FeedRateClamped,FinishEnvelopeAdvisory;CutGeometryFieldNotHeld,Contour,SemiFinish,,
EndMill,6.0000,2,Waterline,plywood_hardwood,ok,,9549.0000,3000.0000,511.0000,,1.0000,1.0000,0.6000,0.3524,5.8744,,0.3289,0.3759,VendorBacked,,onsrud-plywood-hardwood-60-100mw-1_4-finish,Finish,false,A,Exact,onsrud_hard_plywood_cutting_data,"VendorLut { observation_id: ""onsrud-plywood-hardwood-60-100mw-1_4-finish"" }",onsrud-plywood-hardwood-60-100mw-1_4-finish,feeds.long_tool_derate;feeds.feed_clamped,Info;Info,LongToolDerate;FeedRateClamped,FinishEnvelopeAdvisory;CutGeometryFieldNotHeld,Contour,SemiFinish,,
EndMill,6.0000,2,Pencil,softwood,refused,Pencil Finish needs a ball nose or tapered ball nose tool; this tool is a flat end mill.,,,,,,,,,,,,,Refused,,,,,,,,,,,,,,Trace,Finish,,
EndMill,6.0000,2,Pencil,hardwood,refused,Pencil Finish needs a ball nose or tapered ball nose tool; this tool is a flat end mill.,,,,,,,,,,,,,Refused,,,,,,,,,,,,,,Trace,Finish,,
EndMill,6.0000,2,Pencil,mdf,refused,Pencil Finish needs a ball nose or tapered ball nose tool; this tool is a flat end mill.,,,,,,,,,,,,,Refused,,,,,,,,,,,,,,Trace,Finish,,
EndMill,6.0000,2,Pencil,plywood_hardwood,refused,Pencil Finish needs a ball nose or tapered ball nose tool; this tool is a flat end mill.,,,,,,,,,,,,,Refused,,,,,,,,,,,,,,Trace,Finish,,
EndMill,6.0000,2,Scallop,softwood,refused,Scallop Finish needs a ball nose or tapered ball nose tool; this tool is a flat end mill.,,,,,,,,,,,,,Refused,,,,,,,,,,,,,,Scallop,Finish,,
EndMill,6.0000,2,Scallop,hardwood,refused,Scallop Finish needs a ball nose or tapered ball nose tool; this tool is a flat end mill.,,,,,,,,,,,,,Refused,,,,,,,,,,,,,,Scallop,Finish,,
EndMill,6.0000,2,Scallop,mdf,refused,Scallop Finish needs a ball nose or tapered ball nose tool; this tool is a flat end mill.,,,,,,,,,,,,,Refused,,,,,,,,,,,,,,Scallop,Finish,,
EndMill,6.0000,2,Scallop,plywood_hardwood,refused,Scallop Finish needs a ball nose or tapered ball nose tool; this tool is a flat end mill.,,,,,,,,,,,,,Refused,,,,,,,,,,,,,,Scallop,Finish,,
EndMill,6.0000,2,UnifiedFinish,softwood,refused,Unified Finish needs a ball nose or tapered ball nose tool; this tool is a flat end mill.,,,,,,,,,,,,,Refused,,,,,,,,,,,,,,Scallop,Finish,,
EndMill,6.0000,2,UnifiedFinish,hardwood,refused,Unified Finish needs a ball nose or tapered ball nose tool; this tool is a flat end mill.,,,,,,,,,,,,,Refused,,,,,,,,,,,,,,Scallop,Finish,,
EndMill,6.0000,2,UnifiedFinish,mdf,refused,Unified Finish needs a ball nose or tapered ball nose tool; this tool is a flat end mill.,,,,,,,,,,,,,Refused,,,,,,,,,,,,,,Scallop,Finish,,
EndMill,6.0000,2,UnifiedFinish,plywood_hardwood,refused,Unified Finish needs a ball nose or tapered ball nose tool; this tool is a flat end mill.,,,,,,,,,,,,,Refused,,,,,,,,,,,,,,Scallop,Finish,,
EndMill,6.0000,2,SteepShallow,softwood,ok,,10610.0000,1882.0000,750.0000,0.3000,,1.0000,0.3000,0.1344,4.1130,,0.1120,0.1568,VendorBacked,,onsrud-softwood-60-200-1_4-finish,Finish,false,B,Exact,onsrud_soft_wood_cutting_data,"VendorLut { observation_id: ""onsrud-softwood-60-200-1_4-finish"" }",onsrud-softwood-60-200-1_4-finish,efficiency.very_fine_stepover;feeds.long_tool_derate,Info;Info,LongToolDerate,FinishEnvelopeAdvisory;CutGeometryFieldNotHeld,Contour,Finish,,
EndMill,6.0000,2,SteepShallow,hardwood,ok,,10610.0000,3000.0000,526.0000,0.3000,,1.0000,0.3000,0.3471,12.8584,,0.3240,0.3703,VendorBacked,,onsrud-hardwood-60-100mw-1_4-finish,Finish,false,B,Exact,onsrud_hard_wood_cutting_data,"VendorLut { observation_id: ""onsrud-hardwood-60-100mw-1_4-finish"" }",onsrud-hardwood-60-100mw-1_4-finish,efficiency.very_fine_stepover;feeds.long_tool_derate;feeds.feed_clamped,Info;Info;Info,LongToolDerate;FeedRateClamped,FinishEnvelopeAdvisory;CutGeometryFieldNotHeld,Contour,Finish,,
EndMill,6.0000,2,SteepShallow,mdf,ok,,9019.0000,3000.0000,529.0000,0.3000,,1.0000,0.3000,0.2740,10.0787,,0.2545,0.2936,VendorBacked,,onsrud-mdf-60-100mw-1_4-finish,Finish,true,B,Exact,onsrud_mdf_cutting_data,"VendorLut { observation_id: ""onsrud-mdf-60-100mw-1_4-finish"" }",onsrud-mdf-60-100mw-1_4-finish,efficiency.very_fine_stepover;feeds.long_tool_derate;feeds.feed_clamped,Info;Info;Info,LongToolDerate;FeedRateClamped,FinishEnvelopeAdvisory;CutGeometryFieldNotHeld,Contour,Finish,,
EndMill,6.0000,2,SteepShallow,plywood_hardwood,ok,,9549.0000,3000.0000,511.0000,0.3000,,1.0000,0.3000,0.3524,4.8045,,0.3289,0.3759,VendorBacked,,onsrud-plywood-hardwood-60-100mw-1_4-finish,Finish,false,A,Exact,onsrud_hard_plywood_cutting_data,"VendorLut { observation_id: ""onsrud-plywood-hardwood-60-100mw-1_4-finish"" }",onsrud-plywood-hardwood-60-100mw-1_4-finish,efficiency.very_fine_stepover;feeds.long_tool_derate;feeds.feed_clamped,Info;Info;Info,LongToolDerate;FeedRateClamped,FinishEnvelopeAdvisory;CutGeometryFieldNotHeld,Contour,Finish,,
EndMill,6.0000,2,RampFinish,softwood,ok,,10610.0000,1002.0000,750.0000,,0.5000,0.5000,0.1800,0.0716,1.6300,,,,FormulaOnly,"repo-derived chipload formula k0*D^p*(1/H)^q (machine::ChipLoadFormula, feeds::calculate step 2); exponents per CREDITS.md 'Chipload column convention and scaling laws'; k0 uncited (code comment 'Shapeoko empirical data' only)",,,,,,,FormulaFallback,,feeds.long_tool_derate,Info,LongToolDerate,CutGeometryFieldNotHeld,Parallel,Finish,,
EndMill,6.0000,2,RampFinish,hardwood,ok,,10610.0000,642.0000,526.0000,,0.5000,0.5000,0.1800,0.0459,3.0410,,,,FormulaOnly,"repo-derived chipload formula k0*D^p*(1/H)^q (machine::ChipLoadFormula, feeds::calculate step 2); exponents per CREDITS.md 'Chipload column convention and scaling laws'; k0 uncited (code comment 'Shapeoko empirical data' only)",,,,,,,FormulaFallback,,feeds.long_tool_derate,Info,LongToolDerate,CutGeometryFieldNotHeld,Parallel,Finish,,
EndMill,6.0000,2,RampFinish,mdf,ok,,9019.0000,627.0000,529.0000,,0.5000,0.5000,0.1800,0.0527,2.7727,,,,FormulaOnly,"repo-derived chipload formula k0*D^p*(1/H)^q (machine::ChipLoadFormula, feeds::calculate step 2); exponents per CREDITS.md 'Chipload column convention and scaling laws'; k0 uncited (code comment 'Shapeoko empirical data' only)",,,,,,,FormulaFallback,,feeds.long_tool_derate,Info,LongToolDerate,CutGeometryFieldNotHeld,Parallel,Finish,,
EndMill,6.0000,2,RampFinish,plywood_hardwood,ok,,9549.0000,636.0000,511.0000,,0.5000,0.5000,0.1800,0.0505,1.1408,,,,FormulaOnly,"repo-derived chipload formula k0*D^p*(1/H)^q (machine::ChipLoadFormula, feeds::calculate step 2); exponents per CREDITS.md 'Chipload column convention and scaling laws'; k0 uncited (code comment 'Shapeoko empirical data' only)",,,,,,,FormulaFallback,,feeds.long_tool_derate,Info,LongToolDerate,CutGeometryFieldNotHeld,Parallel,Finish,,
EndMill,6.0000,2,SpiralFinish,softwood,refused,Spiral Finish needs a ball nose or tapered ball nose tool; this tool is a flat end mill.,,,,,,,,,,,,,Refused,,,,,,,,,,,,,,Scallop,Finish,,
EndMill,6.0000,2,SpiralFinish,hardwood,refused,Spiral Finish needs a ball nose or tapered ball nose tool; this tool is a flat end mill.,,,,,,,,,,,,,Refused,,,,,,,,,,,,,,Scallop,Finish,,
EndMill,6.0000,2,SpiralFinish,mdf,refused,Spiral Finish needs a ball nose or tapered ball nose tool; this tool is a flat end mill.,,,,,,,,,,,,,Refused,,,,,,,,,,,,,,Scallop,Finish,,
EndMill,6.0000,2,SpiralFinish,plywood_hardwood,refused,Spiral Finish needs a ball nose or tapered ball nose tool; this tool is a flat end mill.,,,,,,,,,,,,,Refused,,,,,,,,,,,,,,Scallop,Finish,,
EndMill,6.0000,2,RadialFinish,softwood,ok,,10610.0000,1002.0000,750.0000,,,0.6000,0.1800,0.0716,1.9560,,,,FormulaOnly,"repo-derived chipload formula k0*D^p*(1/H)^q (machine::ChipLoadFormula, feeds::calculate step 2); exponents per CREDITS.md 'Chipload column convention and scaling laws'; k0 uncited (code comment 'Shapeoko empirical data' only)",,,,,,,FormulaFallback,,feeds.long_tool_derate,Info,LongToolDerate,FinishEnvelopeAdvisory;CutGeometryFieldNotHeld;CutGeometryFieldNotHeld,Parallel,Finish,,
EndMill,6.0000,2,RadialFinish,hardwood,ok,,10610.0000,642.0000,526.0000,,,0.6000,0.1800,0.0459,3.6493,,,,FormulaOnly,"repo-derived chipload formula k0*D^p*(1/H)^q (machine::ChipLoadFormula, feeds::calculate step 2); exponents per CREDITS.md 'Chipload column convention and scaling laws'; k0 uncited (code comment 'Shapeoko empirical data' only)",,,,,,,FormulaFallback,,feeds.long_tool_derate,Info,LongToolDerate,FinishEnvelopeAdvisory;CutGeometryFieldNotHeld;CutGeometryFieldNotHeld,Parallel,Finish,,
EndMill,6.0000,2,RadialFinish,mdf,ok,,9019.0000,627.0000,529.0000,,,0.6000,0.1800,0.0527,3.3273,,,,FormulaOnly,"repo-derived chipload formula k0*D^p*(1/H)^q (machine::ChipLoadFormula, feeds::calculate step 2); exponents per CREDITS.md 'Chipload column convention and scaling laws'; k0 uncited (code comment 'Shapeoko empirical data' only)",,,,,,,FormulaFallback,,feeds.long_tool_derate,Info,LongToolDerate,FinishEnvelopeAdvisory;CutGeometryFieldNotHeld;CutGeometryFieldNotHeld,Parallel,Finish,,
EndMill,6.0000,2,RadialFinish,plywood_hardwood,ok,,9549.0000,636.0000,511.0000,,,0.6000,0.1800,0.0505,1.3690,,,,FormulaOnly,"repo-derived chipload formula k0*D^p*(1/H)^q (machine::ChipLoadFormula, feeds::calculate step 2); exponents per CREDITS.md 'Chipload column convention and scaling laws'; k0 uncited (code comment 'Shapeoko empirical data' only)",,,,,,,FormulaFallback,,feeds.long_tool_derate,Info,LongToolDerate,FinishEnvelopeAdvisory;CutGeometryFieldNotHeld;CutGeometryFieldNotHeld,Parallel,Finish,,
EndMill,6.0000,2,HorizontalFinish,softwood,ok,,10610.0000,1002.0000,750.0000,0.1800,,0.6000,0.1800,0.0716,1.9560,,,,FormulaOnly,"repo-derived chipload formula k0*D^p*(1/H)^q (machine::ChipLoadFormula, feeds::calculate step 2); exponents per CREDITS.md 'Chipload column convention and scaling laws'; k0 uncited (code comment 'Shapeoko empirical data' only)",,,,,,,FormulaFallback,,efficiency.very_fine_stepover;feeds.long_tool_derate,Info;Info,LongToolDerate,FinishEnvelopeAdvisory;CutGeometryFieldNotHeld,Parallel,Finish,,
EndMill,6.0000,2,HorizontalFinish,hardwood,ok,,10610.0000,642.0000,526.0000,0.1800,,0.6000,0.1800,0.0459,3.6493,,,,FormulaOnly,"repo-derived chipload formula k0*D^p*(1/H)^q (machine::ChipLoadFormula, feeds::calculate step 2); exponents per CREDITS.md 'Chipload column convention and scaling laws'; k0 uncited (code comment 'Shapeoko empirical data' only)",,,,,,,FormulaFallback,,efficiency.very_fine_stepover;feeds.long_tool_derate,Info;Info,LongToolDerate,FinishEnvelopeAdvisory;CutGeometryFieldNotHeld,Parallel,Finish,,
EndMill,6.0000,2,HorizontalFinish,mdf,ok,,9019.0000,627.0000,529.0000,0.1800,,0.6000,0.1800,0.0527,3.3273,,,,FormulaOnly,"repo-derived chipload formula k0*D^p*(1/H)^q (machine::ChipLoadFormula, feeds::calculate step 2); exponents per CREDITS.md 'Chipload column convention and scaling laws'; k0 uncited (code comment 'Shapeoko empirical data' only)",,,,,,,FormulaFallback,,efficiency.very_fine_stepover;feeds.long_tool_derate,Info;Info,LongToolDerate,FinishEnvelopeAdvisory;CutGeometryFieldNotHeld,Parallel,Finish,,
EndMill,6.0000,2,HorizontalFinish,plywood_hardwood,ok,,9549.0000,636.0000,511.0000,0.1800,,0.6000,0.1800,0.0505,1.3690,,,,FormulaOnly,"repo-derived chipload formula k0*D^p*(1/H)^q (machine::ChipLoadFormula, feeds::calculate step 2); exponents per CREDITS.md 'Chipload column convention and scaling laws'; k0 uncited (code comment 'Shapeoko empirical data' only)",,,,,,,FormulaFallback,,efficiency.very_fine_stepover;feeds.long_tool_derate,Info;Info,LongToolDerate,FinishEnvelopeAdvisory;CutGeometryFieldNotHeld,Parallel,Finish,,
EndMill,6.0000,2,ProjectCurve,softwood,ok,,10610.0000,1882.0000,750.0000,,,0.3600,0.1200,0.1344,1.2923,,0.1120,0.1568,VendorBacked,,onsrud-softwood-60-200-1_4-finish,Finish,false,B,Exact,onsrud_soft_wood_cutting_data,"VendorLut { observation_id: ""onsrud-softwood-60-200-1_4-finish"" }",onsrud-softwood-60-200-1_4-finish,feeds.long_tool_derate,Info,LongToolDerate,CutGeometryFieldNotHeld;CutGeometryFieldNotHeld,Trace,Finish,,
EndMill,6.0000,2,ProjectCurve,hardwood,ok,,10610.0000,3000.0000,526.0000,,,0.3600,0.1200,0.3471,3.6559,,0.3240,0.3703,VendorBacked,,onsrud-hardwood-60-100mw-1_4-finish,Finish,false,B,Exact,onsrud_hard_wood_cutting_data,"VendorLut { observation_id: ""onsrud-hardwood-60-100mw-1_4-finish"" }",onsrud-hardwood-60-100mw-1_4-finish,feeds.long_tool_derate;feeds.feed_clamped,Info;Info,LongToolDerate;FeedRateClamped,CutGeometryFieldNotHeld;CutGeometryFieldNotHeld,Trace,Finish,,
EndMill,6.0000,2,ProjectCurve,mdf,ok,,9019.0000,3000.0000,529.0000,,,0.3600,0.1200,0.2740,2.9412,,0.2545,0.2936,VendorBacked,,onsrud-mdf-60-100mw-1_4-finish,Finish,true,B,Exact,onsrud_mdf_cutting_data,"VendorLut { observation_id: ""onsrud-mdf-60-100mw-1_4-finish"" }",onsrud-mdf-60-100mw-1_4-finish,feeds.long_tool_derate;feeds.feed_clamped,Info;Info,LongToolDerate;FeedRateClamped,CutGeometryFieldNotHeld;CutGeometryFieldNotHeld,Trace,Finish,,
EndMill,6.0000,2,ProjectCurve,plywood_hardwood,ok,,9549.0000,3000.0000,511.0000,,,0.3600,0.1200,0.3524,1.3638,,0.3289,0.3759,VendorBacked,,onsrud-plywood-hardwood-60-100mw-1_4-finish,Finish,false,A,Exact,onsrud_hard_plywood_cutting_data,"VendorLut { observation_id: ""onsrud-plywood-hardwood-60-100mw-1_4-finish"" }",onsrud-plywood-hardwood-60-100mw-1_4-finish,feeds.long_tool_derate;feeds.feed_clamped,Info;Info,LongToolDerate;FeedRateClamped,CutGeometryFieldNotHeld;CutGeometryFieldNotHeld,Trace,Finish,,
EndMill,6.0000,2,AlignmentPinDrill,softwood,refused,"Suggest has no basis for Pin Drill with a flat end mill in softwood: No published wood figure exists for a plunge drill with a flat end mill, and the drill multiplier 2.5 is unsourced.",,,,,,,,,,,,,Refused,,,,,,,,,,,,,,Drill,Roughing,,
EndMill,6.0000,2,AlignmentPinDrill,hardwood,refused,"Suggest has no basis for Pin Drill with a flat end mill in hardwood: No published wood figure exists for a plunge drill with a flat end mill, and the drill multiplier 2.5 is unsourced.",,,,,,,,,,,,,Refused,,,,,,,,,,,,,,Drill,Roughing,,
EndMill,6.0000,2,AlignmentPinDrill,mdf,refused,"Suggest has no basis for Pin Drill with a flat end mill in MDF: No published wood figure exists for a plunge drill with a flat end mill, and the drill multiplier 2.5 is unsourced.",,,,,,,,,,,,,Refused,,,,,,,,,,,,,,Drill,Roughing,,
EndMill,6.0000,2,AlignmentPinDrill,plywood_hardwood,refused,"Suggest has no basis for Pin Drill with a flat end mill in hardwood plywood: No published wood figure exists for a plunge drill with a flat end mill, and the drill multiplier 2.5 is unsourced.",,,,,,,,,,,,,Refused,,,,,,,,,,,,,,Drill,Roughing,,
BallNose,3.1750,2,Face,softwood,ok,,18000.0000,2817.0000,396.0000,1.1110,0.6350,2.2225,1.1112,0.1391,13.2561,0.0054,0.1159,0.1623,VendorBacked,,amana-ball-softwood-pocket-3175-2f-v7,Roughing,false,A,Exact,amana_ball_nose_v7,"VendorLut { observation_id: ""amana-ball-softwood-pocket-3175-2f-v7"" }",amana-ball-softwood-pocket-3175-2f-v7,compat.ball_nose_on_flat_clearing;feeds.long_tool_derate,Hint;Info,LongToolDerate,RoughingDepthClampedToRigidity,Pocket,Roughing,0.2000,0.6350
BallNose,3.1750,2,Face,hardwood,ok,,18000.0000,1940.0000,278.0000,1.1110,0.6350,2.2225,1.1112,0.0958,21.9278,0.0097,0.0719,0.1198,VendorBacked,,amana-ball-hardwood-pocket-3175-2f-v7,Roughing,false,A,Exact,amana_ball_nose_v7,"VendorLut { observation_id: ""amana-ball-hardwood-pocket-3175-2f-v7"" }",amana-ball-hardwood-pocket-3175-2f-v7,compat.ball_nose_on_flat_clearing;feeds.long_tool_derate,Hint;Info,LongToolDerate,RoughingDepthClampedToRigidity,Pocket,Roughing,0.2000,0.6350
BallNose,3.1750,2,Face,mdf,ok,,18000.0000,2461.0000,280.0000,1.1110,0.6350,2.2225,1.1112,0.1216,22.0551,0.0092,0.1013,0.1418,VendorBacked,,amana-ball-mdf-pocket-3175-2f-v7,Roughing,true,A,Exact,amana_ball_nose_v7,"VendorLut { observation_id: ""amana-ball-mdf-pocket-3175-2f-v7"" }",amana-ball-mdf-pocket-3175-2f-v7,compat.ball_nose_on_flat_clearing;feeds.long_tool_derate,Hint;Info,LongToolDerate,RoughingDepthClampedToRigidity,Pocket,Roughing,0.2000,0.6350
BallNose,3.1750,2,Face,plywood_hardwood,ok,,18000.0000,2133.0000,270.0000,1.1110,0.6350,2.2225,1.1112,0.1053,8.4944,0.0037,0.0790,0.1317,VendorBacked,,amana-ball-hardwood-pocket-3175-2f-v7,Roughing,false,A,Exact,amana_ball_nose_v7,"VendorLut { observation_id: ""amana-ball-hardwood-pocket-3175-2f-v7"" }",amana-ball-hardwood-pocket-3175-2f-v7,compat.ball_nose_on_flat_clearing;feeds.long_tool_derate,Hint;Info,LongToolDerate,RoughingDepthClampedToRigidity,Pocket,Roughing,0.2000,0.6350
BallNose,3.1750,2,Pocket,softwood,ok,,18000.0000,2817.0000,396.0000,1.1110,0.6350,2.2225,1.1112,0.1391,13.2561,0.0054,0.1159,0.1623,VendorBacked,,amana-ball-softwood-pocket-3175-2f-v7,Roughing,false,A,Exact,amana_ball_nose_v7,"VendorLut { observation_id: ""amana-ball-softwood-pocket-3175-2f-v7"" }",amana-ball-softwood-pocket-3175-2f-v7,compat.ball_nose_on_flat_clearing;feeds.long_tool_derate,Hint;Info,LongToolDerate,RoughingDepthClampedToRigidity,Pocket,Roughing,0.2000,0.6350
BallNose,3.1750,2,Pocket,hardwood,ok,,18000.0000,1940.0000,278.0000,1.1110,0.6350,2.2225,1.1112,0.0958,21.9278,0.0097,0.0719,0.1198,VendorBacked,,amana-ball-hardwood-pocket-3175-2f-v7,Roughing,false,A,Exact,amana_ball_nose_v7,"VendorLut { observation_id: ""amana-ball-hardwood-pocket-3175-2f-v7"" }",amana-ball-hardwood-pocket-3175-2f-v7,compat.ball_nose_on_flat_clearing;feeds.long_tool_derate,Hint;Info,LongToolDerate,RoughingDepthClampedToRigidity,Pocket,Roughing,0.2000,0.6350
BallNose,3.1750,2,Pocket,mdf,ok,,18000.0000,2461.0000,280.0000,1.1110,0.6350,2.2225,1.1112,0.1216,22.0551,0.0092,0.1013,0.1418,VendorBacked,,amana-ball-mdf-pocket-3175-2f-v7,Roughing,true,A,Exact,amana_ball_nose_v7,"VendorLut { observation_id: ""amana-ball-mdf-pocket-3175-2f-v7"" }",amana-ball-mdf-pocket-3175-2f-v7,compat.ball_nose_on_flat_clearing;feeds.long_tool_derate,Hint;Info,LongToolDerate,RoughingDepthClampedToRigidity,Pocket,Roughing,0.2000,0.6350
BallNose,3.1750,2,Pocket,plywood_hardwood,ok,,18000.0000,2133.0000,270.0000,1.1110,0.6350,2.2225,1.1112,0.1053,8.4944,0.0037,0.0790,0.1317,VendorBacked,,amana-ball-hardwood-pocket-3175-2f-v7,Roughing,false,A,Exact,amana_ball_nose_v7,"VendorLut { observation_id: ""amana-ball-hardwood-pocket-3175-2f-v7"" }",amana-ball-hardwood-pocket-3175-2f-v7,compat.ball_nose_on_flat_clearing;feeds.long_tool_derate,Hint;Info,LongToolDerate,RoughingDepthClampedToRigidity,Pocket,Roughing,0.2000,0.6350
BallNose,3.1750,2,Profile,softwood,ok,,20051.0000,1095.0000,396.0000,,0.6350,2.5400,0.5715,0.0486,9.0979,,,,FormulaOnly,"repo-derived chipload formula k0*D^p*(1/H)^q (machine::ChipLoadFormula, feeds::calculate step 2); exponents per CREDITS.md 'Chipload column convention and scaling laws'; k0 uncited (code comment 'Shapeoko empirical data' only)",,,,,,,FormulaFallback,,feeds.long_tool_derate,Info,LongToolDerate,RoughingDepthClampedToRigidity;CutGeometryFieldNotHeld,Contour,Roughing,0.2000,0.6350
BallNose,3.1750,2,Profile,hardwood,ok,,20051.0000,702.0000,278.0000,,0.6350,2.5400,0.5715,0.0311,16.4964,,,,FormulaOnly,"repo-derived chipload formula k0*D^p*(1/H)^q (machine::ChipLoadFormula, feeds::calculate step 2); exponents per CREDITS.md 'Chipload column convention and scaling laws'; k0 uncited (code comment 'Shapeoko empirical data' only)",,,,,,,FormulaFallback,,feeds.long_tool_derate;feeds.chipload_below_floor,Info;Caution,LongToolDerate;ChiploadBelowRubbingFloor,RoughingDepthClampedToRigidity;CutGeometryFieldNotHeld,Contour,Roughing,0.2000,0.6350
BallNose,3.1750,2,Profile,mdf,refused,"Suggest has no basis for Profile with a ball nose in MDF: No published figure backs the formula for a ball-nose cutter on adaptive, pocket, contour or trace passes in MDF: the 1/4 in charts put it below half.",,,,,,,,,,,,,Refused,,,,,,,,,,,,,,Contour,Roughing,0.2000,0.6350
BallNose,3.1750,2,Profile,plywood_hardwood,refused,"Suggest has no basis for Profile with a ball nose in hardwood plywood: No published chipload exists for a ball-nose cutter on adaptive, pocket, contour or trace passes in plywood.",,,,,,,,,,,,,Refused,,,,,,,,,,,,,,Contour,Roughing,0.2000,0.6350
BallNose,3.1750,2,Adaptive,softwood,ok,,18000.0000,2465.0000,396.0000,0.3180,4.5000,4.7625,0.3175,0.1391,22.5492,0.0176,0.1014,0.1420,VendorBacked,,amana-ball-softwood-adaptive-3175-2f-v7,Roughing,false,A,Exact,amana_ball_nose_v7,"VendorLut { observation_id: ""amana-ball-softwood-adaptive-3175-2f-v7"" }",amana-ball-softwood-adaptive-3175-2f-v7,feeds.long_tool_derate,Info,LongToolDerate,,Adaptive,Roughing,1.5000,4.7625
BallNose,3.1750,2,Adaptive,hardwood,ok,,18000.0000,1697.0000,278.0000,0.2860,4.5000,4.7625,0.2858,0.0958,38.2893,0.0313,0.0629,0.1048,VendorBacked,,amana-ball-hardwood-adaptive-3175-2f-v7,Roughing,false,A,Exact,amana_ball_nose_v7,"VendorLut { observation_id: ""amana-ball-hardwood-adaptive-3175-2f-v7"" }",amana-ball-hardwood-adaptive-3175-2f-v7,feeds.long_tool_derate,Info,LongToolDerate,,Adaptive,Roughing,1.5000,4.7625
BallNose,3.1750,2,Adaptive,mdf,ok,,18000.0000,2154.0000,280.0000,0.3020,4.5000,4.7625,0.3016,0.1216,37.7526,0.0298,0.0886,0.1241,VendorBacked,,amana-ball-mdf-adaptive-3175-2f-v7,Roughing,true,A,Exact,amana_ball_nose_v7,"VendorLut { observation_id: ""amana-ball-mdf-adaptive-3175-2f-v7"" }",amana-ball-mdf-adaptive-3175-2f-v7,feeds.long_tool_derate,Info,LongToolDerate,,Adaptive,Roughing,1.5000,4.7625
BallNose,3.1750,2,Adaptive,plywood_hardwood,ok,,18000.0000,1866.0000,270.0000,0.3020,4.5000,4.7625,0.3016,0.1053,14.7914,0.0121,0.0691,0.1152,VendorBacked,,amana-ball-hardwood-adaptive-3175-2f-v7,Roughing,false,A,Exact,amana_ball_nose_v7,"VendorLut { observation_id: ""amana-ball-hardwood-adaptive-3175-2f-v7"" }",amana-ball-hardwood-adaptive-3175-2f-v7,feeds.long_tool_derate,Info,LongToolDerate,,Adaptive,Roughing,1.5000,4.7625
BallNose,3.1750,2,VCarve,softwood,refused,VCarve needs a V-bit tool; this tool is a ball nose.,,,,,,,,,,,,,Refused,,,,,,,,,,,,,,Trace,Finish,,
BallNose,3.1750,2,VCarve,hardwood,refused,VCarve needs a V-bit tool; this tool is a ball nose.,,,,,,,,,,,,,Refused,,,,,,,,,,,,,,Trace,Finish,,
BallNose,3.1750,2,VCarve,mdf,refused,VCarve needs a V-bit tool; this tool is a ball nose.,,,,,,,,,,,,,Refused,,,,,,,,,,,,,,Trace,Finish,,
BallNose,3.1750,2,VCarve,plywood_hardwood,refused,VCarve needs a V-bit tool; this tool is a ball nose.,,,,,,,,,,,,,Refused,,,,,,,,,,,,,,Trace,Finish,,
BallNose,3.1750,2,Rest,softwood,ok,,18000.0000,2817.0000,396.0000,1.1110,0.6350,2.2225,1.1112,0.1391,13.2561,0.0054,0.1159,0.1623,VendorBacked,,amana-ball-softwood-pocket-3175-2f-v7,Roughing,false,A,Exact,amana_ball_nose_v7,"VendorLut { observation_id: ""amana-ball-softwood-pocket-3175-2f-v7"" }",amana-ball-softwood-pocket-3175-2f-v7,feeds.long_tool_derate,Info,LongToolDerate,RoughingDepthClampedToRigidity,Pocket,Roughing,0.2000,0.6350
BallNose,3.1750,2,Rest,hardwood,ok,,18000.0000,1940.0000,278.0000,1.1110,0.6350,2.2225,1.1112,0.0958,21.9278,0.0097,0.0719,0.1198,VendorBacked,,amana-ball-hardwood-pocket-3175-2f-v7,Roughing,false,A,Exact,amana_ball_nose_v7,"VendorLut { observation_id: ""amana-ball-hardwood-pocket-3175-2f-v7"" }",amana-ball-hardwood-pocket-3175-2f-v7,feeds.long_tool_derate,Info,LongToolDerate,RoughingDepthClampedToRigidity,Pocket,Roughing,0.2000,0.6350
BallNose,3.1750,2,Rest,mdf,ok,,18000.0000,2461.0000,280.0000,1.1110,0.6350,2.2225,1.1112,0.1216,22.0551,0.0092,0.1013,0.1418,VendorBacked,,amana-ball-mdf-pocket-3175-2f-v7,Roughing,true,A,Exact,amana_ball_nose_v7,"VendorLut { observation_id: ""amana-ball-mdf-pocket-3175-2f-v7"" }",amana-ball-mdf-pocket-3175-2f-v7,feeds.long_tool_derate,Info,LongToolDerate,RoughingDepthClampedToRigidity,Pocket,Roughing,0.2000,0.6350
BallNose,3.1750,2,Rest,plywood_hardwood,ok,,18000.0000,2133.0000,270.0000,1.1110,0.6350,2.2225,1.1112,0.1053,8.4944,0.0037,0.0790,0.1317,VendorBacked,,amana-ball-hardwood-pocket-3175-2f-v7,Roughing,false,A,Exact,amana_ball_nose_v7,"VendorLut { observation_id: ""amana-ball-hardwood-pocket-3175-2f-v7"" }",amana-ball-hardwood-pocket-3175-2f-v7,feeds.long_tool_derate,Info,LongToolDerate,RoughingDepthClampedToRigidity,Pocket,Roughing,0.2000,0.6350
BallNose,3.1750,2,Inlay,softwood,refused,Inlay needs a V-bit tool; this tool is a ball nose.,,,,,,,,,,,,,Refused,,,,,,,,,,,,,,Trace,Finish,,
BallNose,3.1750,2,Inlay,hardwood,refused,Inlay needs a V-bit tool; this tool is a ball nose.,,,,,,,,,,,,,Refused,,,,,,,,,,,,,,Trace,Finish,,
BallNose,3.1750,2,Inlay,mdf,refused,Inlay needs a V-bit tool; this tool is a ball nose.,,,,,,,,,,,,,Refused,,,,,,,,,,,,,,Trace,Finish,,
BallNose,3.1750,2,Inlay,plywood_hardwood,refused,Inlay needs a V-bit tool; this tool is a ball nose.,,,,,,,,,,,,,Refused,,,,,,,,,,,,,,Trace,Finish,,
BallNose,3.1750,2,Zigzag,softwood,ok,,18000.0000,2817.0000,396.0000,1.1110,0.6350,2.2225,1.1112,0.1391,13.2561,0.0054,0.1159,0.1623,VendorBacked,,amana-ball-softwood-pocket-3175-2f-v7,Roughing,false,A,Exact,amana_ball_nose_v7,"VendorLut { observation_id: ""amana-ball-softwood-pocket-3175-2f-v7"" }",amana-ball-softwood-pocket-3175-2f-v7,compat.ball_nose_on_flat_clearing;feeds.long_tool_derate,Hint;Info,LongToolDerate,RoughingDepthClampedToRigidity,Pocket,Roughing,0.2000,0.6350
BallNose,3.1750,2,Zigzag,hardwood,ok,,18000.0000,1940.0000,278.0000,1.1110,0.6350,2.2225,1.1112,0.0958,21.9278,0.0097,0.0719,0.1198,VendorBacked,,amana-ball-hardwood-pocket-3175-2f-v7,Roughing,false,A,Exact,amana_ball_nose_v7,"VendorLut { observation_id: ""amana-ball-hardwood-pocket-3175-2f-v7"" }",amana-ball-hardwood-pocket-3175-2f-v7,compat.ball_nose_on_flat_clearing;feeds.long_tool_derate,Hint;Info,LongToolDerate,RoughingDepthClampedToRigidity,Pocket,Roughing,0.2000,0.6350
BallNose,3.1750,2,Zigzag,mdf,ok,,18000.0000,2461.0000,280.0000,1.1110,0.6350,2.2225,1.1112,0.1216,22.0551,0.0092,0.1013,0.1418,VendorBacked,,amana-ball-mdf-pocket-3175-2f-v7,Roughing,true,A,Exact,amana_ball_nose_v7,"VendorLut { observation_id: ""amana-ball-mdf-pocket-3175-2f-v7"" }",amana-ball-mdf-pocket-3175-2f-v7,compat.ball_nose_on_flat_clearing;feeds.long_tool_derate,Hint;Info,LongToolDerate,RoughingDepthClampedToRigidity,Pocket,Roughing,0.2000,0.6350
BallNose,3.1750,2,Zigzag,plywood_hardwood,ok,,18000.0000,2133.0000,270.0000,1.1110,0.6350,2.2225,1.1112,0.1053,8.4944,0.0037,0.0790,0.1317,VendorBacked,,amana-ball-hardwood-pocket-3175-2f-v7,Roughing,false,A,Exact,amana_ball_nose_v7,"VendorLut { observation_id: ""amana-ball-hardwood-pocket-3175-2f-v7"" }",amana-ball-hardwood-pocket-3175-2f-v7,compat.ball_nose_on_flat_clearing;feeds.long_tool_derate,Hint;Info,LongToolDerate,RoughingDepthClampedToRigidity,Pocket,Roughing,0.2000,0.6350
BallNose,3.1750,2,Trace,softwood,ok,,20051.0000,1095.0000,396.0000,,0.1667,0.1905,0.0635,0.0486,0.5695,,,,FormulaOnly,"repo-derived chipload formula k0*D^p*(1/H)^q (machine::ChipLoadFormula, feeds::calculate step 2); exponents per CREDITS.md 'Chipload column convention and scaling laws'; k0 uncited (code comment 'Shapeoko empirical data' only)",,,,,,,FormulaFallback,,feeds.long_tool_derate,Info,LongToolDerate,CutGeometryFieldNotHeld,Trace,Finish,,
BallNose,3.1750,2,Trace,hardwood,ok,,20051.0000,702.0000,278.0000,,0.1667,0.1905,0.0635,0.0311,1.0926,,,,FormulaOnly,"repo-derived chipload formula k0*D^p*(1/H)^q (machine::ChipLoadFormula, feeds::calculate step 2); exponents per CREDITS.md 'Chipload column convention and scaling laws'; k0 uncited (code comment 'Shapeoko empirical data' only)",,,,,,,FormulaFallback,,feeds.long_tool_derate;feeds.chipload_below_floor,Info;Caution,LongToolDerate;ChiploadBelowRubbingFloor,CutGeometryFieldNotHeld,Trace,Finish,,
BallNose,3.1750,2,Trace,mdf,refused,"Suggest has no basis for Trace with a ball nose in MDF: No published figure backs the formula for a ball-nose cutter on adaptive, pocket, contour or trace passes in MDF: the 1/4 in charts put it below half.",,,,,,,,,,,,,Refused,,,,,,,,,,,,,,Trace,Finish,,
BallNose,3.1750,2,Trace,plywood_hardwood,refused,"Suggest has no basis for Trace with a ball nose in hardwood plywood: No published chipload exists for a ball-nose cutter on adaptive, pocket, contour or trace passes in plywood.",,,,,,,,,,,,,Refused,,,,,,,,,,,,,,Trace,Finish,,
BallNose,3.1750,2,Drill,softwood,refused,"Suggest has no basis for Drill with a ball nose in softwood: No published wood figure exists for a plunge drill with a ball-nose cutter, and the drill multiplier 2.5 is unsourced.",,,,,,,,,,,,,Refused,,,,,,,,,,,,,,Drill,Roughing,,
BallNose,3.1750,2,Drill,hardwood,refused,"Suggest has no basis for Drill with a ball nose in hardwood: No published wood figure exists for a plunge drill with a ball-nose cutter, and the drill multiplier 2.5 is unsourced.",,,,,,,,,,,,,Refused,,,,,,,,,,,,,,Drill,Roughing,,
BallNose,3.1750,2,Drill,mdf,refused,"Suggest has no basis for Drill with a ball nose in MDF: No published wood figure exists for a plunge drill with a ball-nose cutter, and the drill multiplier 2.5 is unsourced.",,,,,,,,,,,,,Refused,,,,,,,,,,,,,,Drill,Roughing,,
BallNose,3.1750,2,Drill,plywood_hardwood,refused,"Suggest has no basis for Drill with a ball nose in hardwood plywood: No published wood figure exists for a plunge drill with a ball-nose cutter, and the drill multiplier 2.5 is unsourced.",,,,,,,,,,,,,Refused,,,,,,,,,,,,,,Drill,Roughing,,
BallNose,3.1750,2,Chamfer,softwood,refused,Chamfer needs a V-bit tool; this tool is a ball nose.,,,,,,,,,,,,,Refused,,,,,,,,,,,,,,Trace,Finish,,
BallNose,3.1750,2,Chamfer,hardwood,refused,Chamfer needs a V-bit tool; this tool is a ball nose.,,,,,,,,,,,,,Refused,,,,,,,,,,,,,,Trace,Finish,,
BallNose,3.1750,2,Chamfer,mdf,refused,Chamfer needs a V-bit tool; this tool is a ball nose.,,,,,,,,,,,,,Refused,,,,,,,,,,,,,,Trace,Finish,,
BallNose,3.1750,2,Chamfer,plywood_hardwood,refused,Chamfer needs a V-bit tool; this tool is a ball nose.,,,,,,,,,,,,,Refused,,,,,,,,,,,,,,Trace,Finish,,
BallNose,3.1750,2,DropCutter,softwood,ok,,21000.0000,567.0000,396.0000,0.0790,,0.1905,0.0794,0.0240,0.5405,,0.0180,0.0300,VendorBacked,,amana-ball-softwood-parallel-3175-2f,Finish,false,C,Derived,amana_ball_nose_v7,"VendorLut { observation_id: ""amana-ball-softwood-parallel-3175-2f"" }",amana-ball-softwood-parallel-3175-2f,efficiency.very_fine_stepover;feeds.long_tool_derate;feeds.chipload_below_floor,Info;Info;Caution,LongToolDerate;ChiploadBelowRubbingFloor,FinishEnvelopeAdvisory;CutGeometryFieldNotHeld,Parallel,Finish,,
BallNose,3.1750,2,DropCutter,hardwood,ok,,19000.0000,384.0000,278.0000,0.0790,,0.1905,0.0794,0.0180,1.0631,,0.0120,0.0240,VendorBacked,,amana-ball-hardwood-parallel-3175-2f,Finish,false,C,Derived,amana_ball_nose_v7,"VendorLut { observation_id: ""amana-ball-hardwood-parallel-3175-2f"" }",amana-ball-hardwood-parallel-3175-2f,efficiency.very_fine_stepover;feeds.long_tool_derate;feeds.chipload_below_floor,Info;Info;Caution,LongToolDerate;ChiploadBelowRubbingFloor,FinishEnvelopeAdvisory;CutGeometryFieldNotHeld,Parallel,Finish,,
BallNose,3.1750,2,DropCutter,mdf,ok,,18500.0000,426.0000,280.0000,0.0790,,0.1905,0.0794,0.0205,0.9577,,0.0150,0.0260,VendorBacked,,amana-ball-mdf-parallel-3175-2f,Finish,false,C,Derived,amana_ball_nose_v7,"VendorLut { observation_id: ""amana-ball-mdf-parallel-3175-2f"" }",amana-ball-mdf-parallel-3175-2f,efficiency.very_fine_stepover;feeds.long_tool_derate;feeds.chipload_below_floor,Info;Info;Caution,LongToolDerate;ChiploadBelowRubbingFloor,FinishEnvelopeAdvisory;CutGeometryFieldNotHeld,Parallel,Finish,,
BallNose,3.1750,2,DropCutter,plywood_hardwood,ok,,18500.0000,408.0000,270.0000,0.0790,,0.1905,0.0794,0.0196,0.3955,,0.0144,0.0249,VendorBacked,,amana-ball-mdf-parallel-3175-2f,Finish,false,C,Derived,amana_ball_nose_v7,"VendorLut { observation_id: ""amana-ball-mdf-parallel-3175-2f"" }",amana-ball-mdf-parallel-3175-2f,efficiency.very_fine_stepover;feeds.long_tool_derate;feeds.chipload_below_floor,Info;Info;Caution,LongToolDerate;ChiploadBelowRubbingFloor,FinishEnvelopeAdvisory;CutGeometryFieldNotHeld,Parallel,Finish,,
BallNose,3.1750,2,Adaptive3d,softwood,ok,,18000.0000,2817.2110,396.0000,0.3180,3.1750,4.7625,0.3175,0.1391,22.5492,0.0127,0.1014,0.1420,VendorBacked,,amana-ball-softwood-pocket-3175-2f-v7,Roughing,false,A,Exact,amana_ball_nose_v7,"VendorLut { observation_id: ""amana-ball-softwood-pocket-3175-2f-v7"" }",amana-ball-softwood-pocket-3175-2f-v7,feeds.long_tool_derate,Info,LongToolDerate,AxialDocClampedByEnvelope;StrategyRewrote;FeedRescaledToFinalGeometry,Adaptive,Roughing,1.5000,4.7625
BallNose,3.1750,2,Adaptive3d,hardwood,ok,,18000.0000,1940.5712,278.0000,0.2860,3.1750,4.7625,0.2858,0.0958,38.2893,0.0225,0.0629,0.1048,VendorBacked,,amana-ball-hardwood-pocket-3175-2f-v7,Roughing,false,A,Exact,amana_ball_nose_v7,"VendorLut { observation_id: ""amana-ball-hardwood-pocket-3175-2f-v7"" }",amana-ball-hardwood-pocket-3175-2f-v7,feeds.long_tool_derate,Info,LongToolDerate,AxialDocClampedByEnvelope;StrategyRewrote;FeedRescaledToFinalGeometry,Adaptive,Roughing,1.5000,4.7625
BallNose,3.1750,2,Adaptive3d,mdf,ok,,18000.0000,2461.8561,280.0000,0.3020,3.1750,4.7625,0.3016,0.1216,37.7526,0.0215,0.0886,0.1241,VendorBacked,,amana-ball-mdf-pocket-3175-2f-v7,Roughing,true,A,Exact,amana_ball_nose_v7,"VendorLut { observation_id: ""amana-ball-mdf-pocket-3175-2f-v7"" }",amana-ball-mdf-pocket-3175-2f-v7,feeds.long_tool_derate,Info,LongToolDerate,AxialDocClampedByEnvelope;StrategyRewrote;FeedRescaledToFinalGeometry,Adaptive,Roughing,1.5000,4.7625
BallNose,3.1750,2,Adaptive3d,plywood_hardwood,ok,,18000.0000,2133.1577,270.0000,0.3020,3.1750,4.7625,0.3016,0.1053,14.7914,0.0087,0.0691,0.1152,VendorBacked,,amana-ball-hardwood-pocket-3175-2f-v7,Roughing,false,A,Exact,amana_ball_nose_v7,"VendorLut { observation_id: ""amana-ball-hardwood-pocket-3175-2f-v7"" }",amana-ball-hardwood-pocket-3175-2f-v7,feeds.long_tool_derate,Info,LongToolDerate,AxialDocClampedByEnvelope;StrategyRewrote;FeedRescaledToFinalGeometry,Adaptive,Roughing,1.5000,4.7625
BallNose,3.1750,2,Waterline,softwood,ok,,20051.0000,1095.0000,396.0000,,1.0000,1.0000,0.3175,0.0486,3.3777,,,,FormulaOnly,"repo-derived chipload formula k0*D^p*(1/H)^q (machine::ChipLoadFormula, feeds::calculate step 2); exponents per CREDITS.md 'Chipload column convention and scaling laws'; k0 uncited (code comment 'Shapeoko empirical data' only)",,,,,,,FormulaFallback,,feeds.long_tool_derate,Info,LongToolDerate,CutGeometryFieldNotHeld,Contour,SemiFinish,,
BallNose,3.1750,2,Waterline,hardwood,ok,,20051.0000,702.0000,278.0000,,1.0000,1.0000,0.3175,0.0311,6.2329,,,,FormulaOnly,"repo-derived chipload formula k0*D^p*(1/H)^q (machine::ChipLoadFormula, feeds::calculate step 2); exponents per CREDITS.md 'Chipload column convention and scaling laws'; k0 uncited (code comment 'Shapeoko empirical data' only)",,,,,,,FormulaFallback,,feeds.long_tool_derate;feeds.chipload_below_floor,Info;Caution,LongToolDerate;ChiploadBelowRubbingFloor,CutGeometryFieldNotHeld,Contour,SemiFinish,,
BallNose,3.1750,2,Waterline,mdf,refused,"Suggest has no basis for Waterline with a ball nose in MDF: No published figure backs the formula for a ball-nose cutter on adaptive, pocket, contour or trace passes in MDF: the 1/4 in charts put it below half.",,,,,,,,,,,,,Refused,,,,,,,,,,,,,,Contour,SemiFinish,,
BallNose,3.1750,2,Waterline,plywood_hardwood,refused,"Suggest has no basis for Waterline with a ball nose in hardwood plywood: No published chipload exists for a ball-nose cutter on adaptive, pocket, contour or trace passes in plywood.",,,,,,,,,,,,,Refused,,,,,,,,,,,,,,Contour,SemiFinish,,
BallNose,3.1750,2,Pencil,softwood,ok,,20051.0000,1095.0000,396.0000,,,0.1905,0.0635,0.0486,0.5695,,,,FormulaOnly,"repo-derived chipload formula k0*D^p*(1/H)^q (machine::ChipLoadFormula, feeds::calculate step 2); exponents per CREDITS.md 'Chipload column convention and scaling laws'; k0 uncited (code comment 'Shapeoko empirical data' only)",,,,,,,FormulaFallback,,feeds.long_tool_derate,Info,LongToolDerate,CutGeometryFieldNotHeld,Trace,Finish,,
BallNose,3.1750,2,Pencil,hardwood,ok,,20051.0000,702.0000,278.0000,,,0.1905,0.0635,0.0311,1.0926,,,,FormulaOnly,"repo-derived chipload formula k0*D^p*(1/H)^q (machine::ChipLoadFormula, feeds::calculate step 2); exponents per CREDITS.md 'Chipload column convention and scaling laws'; k0 uncited (code comment 'Shapeoko empirical data' only)",,,,,,,FormulaFallback,,feeds.long_tool_derate;feeds.chipload_below_floor,Info;Caution,LongToolDerate;ChiploadBelowRubbingFloor,CutGeometryFieldNotHeld,Trace,Finish,,
BallNose,3.1750,2,Pencil,mdf,refused,"Suggest has no basis for Pencil Finish with a ball nose in MDF: No published figure backs the formula for a ball-nose cutter on adaptive, pocket, contour or trace passes in MDF: the 1/4 in charts put it below half.",,,,,,,,,,,,,Refused,,,,,,,,,,,,,,Trace,Finish,,
BallNose,3.1750,2,Pencil,plywood_hardwood,refused,"Suggest has no basis for Pencil Finish with a ball nose in hardwood plywood: No published chipload exists for a ball-nose cutter on adaptive, pocket, contour or trace passes in plywood.",,,,,,,,,,,,,Refused,,,,,,,,,,,,,,Trace,Finish,,
BallNose,3.1750,2,Scallop,softwood,ok,,17500.0000,674.0000,396.0000,,,0.1905,1.1091,0.0343,0.6603,,0.0264,0.0422,VendorBacked,,amana-ball-hardwood-scallop-6000-2f,SemiFinish,false,C,Derived,amana_ball_nose_v7,"VendorLut { observation_id: ""amana-ball-hardwood-scallop-6000-2f"" }",amana-ball-hardwood-scallop-6000-2f,feeds.long_tool_derate;feeds.chipload_below_floor,Info;Caution,LongToolDerate;ChiploadBelowRubbingFloor,FinishEnvelopeAdvisory;CutGeometryFieldNotHeld;CutGeometryFieldNotHeld,Scallop,Finish,,
BallNose,3.1750,2,Scallop,hardwood,ok,,17500.0000,433.0000,278.0000,,,0.1905,1.1091,0.0220,1.2096,,0.0170,0.0271,VendorBacked,,amana-ball-hardwood-scallop-6000-2f,SemiFinish,true,C,Derived,amana_ball_nose_v7,"VendorLut { observation_id: ""amana-ball-hardwood-scallop-6000-2f"" }",amana-ball-hardwood-scallop-6000-2f,feeds.long_tool_derate;feeds.chipload_below_floor,Info;Caution,LongToolDerate;ChiploadBelowRubbingFloor,FinishEnvelopeAdvisory;CutGeometryFieldNotHeld;CutGeometryFieldNotHeld,Scallop,Finish,,
BallNose,3.1750,2,Scallop,mdf,ok,,17500.0000,498.0000,280.0000,,,0.1905,1.1091,0.0253,1.1086,,0.0195,0.0311,VendorBacked,,amana-ball-hardwood-scallop-6000-2f,SemiFinish,true,C,Derived,amana_ball_nose_v7,"VendorLut { observation_id: ""amana-ball-hardwood-scallop-6000-2f"" }",amana-ball-hardwood-scallop-6000-2f,feeds.long_tool_derate;feeds.chipload_below_floor,Info;Caution,LongToolDerate;ChiploadBelowRubbingFloor,FinishEnvelopeAdvisory;CutGeometryFieldNotHeld;CutGeometryFieldNotHeld,Scallop,Finish,,
BallNose,3.1750,2,Scallop,plywood_hardwood,ok,,17500.0000,477.0000,270.0000,,,0.1905,1.1091,0.0242,0.4554,,0.0186,0.0298,VendorBacked,,amana-ball-hardwood-scallop-6000-2f,SemiFinish,true,C,Derived,amana_ball_nose_v7,"VendorLut { observation_id: ""amana-ball-hardwood-scallop-6000-2f"" }",amana-ball-hardwood-scallop-6000-2f,feeds.long_tool_derate;feeds.chipload_below_floor,Info;Caution,LongToolDerate;ChiploadBelowRubbingFloor,FinishEnvelopeAdvisory;CutGeometryFieldNotHeld;CutGeometryFieldNotHeld,Scallop,Finish,,
BallNose,3.1750,2,UnifiedFinish,softwood,ok,,17500.0000,674.0000,396.0000,,,0.1905,1.1091,0.0343,0.6603,,0.0264,0.0422,VendorBacked,,amana-ball-hardwood-scallop-6000-2f,SemiFinish,false,C,Derived,amana_ball_nose_v7,"VendorLut { observation_id: ""amana-ball-hardwood-scallop-6000-2f"" }",amana-ball-hardwood-scallop-6000-2f,feeds.long_tool_derate;feeds.chipload_below_floor,Info;Caution,LongToolDerate;ChiploadBelowRubbingFloor,FinishEnvelopeAdvisory;CutGeometryFieldNotHeld;CutGeometryFieldNotHeld,Scallop,Finish,,
BallNose,3.1750,2,UnifiedFinish,hardwood,ok,,17500.0000,433.0000,278.0000,,,0.1905,1.1091,0.0220,1.2096,,0.0170,0.0271,VendorBacked,,amana-ball-hardwood-scallop-6000-2f,SemiFinish,true,C,Derived,amana_ball_nose_v7,"VendorLut { observation_id: ""amana-ball-hardwood-scallop-6000-2f"" }",amana-ball-hardwood-scallop-6000-2f,feeds.long_tool_derate;feeds.chipload_below_floor,Info;Caution,LongToolDerate;ChiploadBelowRubbingFloor,FinishEnvelopeAdvisory;CutGeometryFieldNotHeld;CutGeometryFieldNotHeld,Scallop,Finish,,
BallNose,3.1750,2,UnifiedFinish,mdf,ok,,17500.0000,498.0000,280.0000,,,0.1905,1.1091,0.0253,1.1086,,0.0195,0.0311,VendorBacked,,amana-ball-hardwood-scallop-6000-2f,SemiFinish,true,C,Derived,amana_ball_nose_v7,"VendorLut { observation_id: ""amana-ball-hardwood-scallop-6000-2f"" }",amana-ball-hardwood-scallop-6000-2f,feeds.long_tool_derate;feeds.chipload_below_floor,Info;Caution,LongToolDerate;ChiploadBelowRubbingFloor,FinishEnvelopeAdvisory;CutGeometryFieldNotHeld;CutGeometryFieldNotHeld,Scallop,Finish,,
BallNose,3.1750,2,UnifiedFinish,plywood_hardwood,ok,,17500.0000,477.0000,270.0000,,,0.1905,1.1091,0.0242,0.4554,,0.0186,0.0298,VendorBacked,,amana-ball-hardwood-scallop-6000-2f,SemiFinish,true,C,Derived,amana_ball_nose_v7,"VendorLut { observation_id: ""amana-ball-hardwood-scallop-6000-2f"" }",amana-ball-hardwood-scallop-6000-2f,feeds.long_tool_derate;feeds.chipload_below_floor,Info;Caution,LongToolDerate;ChiploadBelowRubbingFloor,FinishEnvelopeAdvisory;CutGeometryFieldNotHeld;CutGeometryFieldNotHeld,Scallop,Finish,,
BallNose,3.1750,2,SteepShallow,softwood,ok,,20051.0000,1095.0000,396.0000,0.1590,,1.0000,0.1588,0.0486,3.1786,,,,FormulaOnly,"repo-derived chipload formula k0*D^p*(1/H)^q (machine::ChipLoadFormula, feeds::calculate step 2); exponents per CREDITS.md 'Chipload column convention and scaling laws'; k0 uncited (code comment 'Shapeoko empirical data' only)",,,,,,,FormulaFallback,,feeds.long_tool_derate,Info,LongToolDerate,CutGeometryFieldNotHeld,Contour,Finish,,
BallNose,3.1750,2,SteepShallow,hardwood,ok,,20051.0000,702.0000,278.0000,0.1590,,1.0000,0.1588,0.0311,5.9777,,,,FormulaOnly,"repo-derived chipload formula k0*D^p*(1/H)^q (machine::ChipLoadFormula, feeds::calculate step 2); exponents per CREDITS.md 'Chipload column convention and scaling laws'; k0 uncited (code comment 'Shapeoko empirical data' only)",,,,,,,FormulaFallback,,feeds.long_tool_derate;feeds.chipload_below_floor,Info;Caution,LongToolDerate;ChiploadBelowRubbingFloor,CutGeometryFieldNotHeld,Contour,Finish,,
BallNose,3.1750,2,SteepShallow,mdf,refused,"Suggest has no basis for Steep/Shallow with a ball nose in MDF: No published figure backs the formula for a ball-nose cutter on adaptive, pocket, contour or trace passes in MDF: the 1/4 in charts put it below half.",,,,,,,,,,,,,Refused,,,,,,,,,,,,,,Contour,Finish,,
BallNose,3.1750,2,SteepShallow,plywood_hardwood,refused,"Suggest has no basis for Steep/Shallow with a ball nose in hardwood plywood: No published chipload exists for a ball-nose cutter on adaptive, pocket, contour or trace passes in plywood.",,,,,,,,,,,,,Refused,,,,,,,,,,,,,,Contour,Finish,,
BallNose,3.1750,2,RampFinish,softwood,ok,,21000.0000,567.0000,396.0000,,0.5000,0.5000,0.0794,0.0240,1.4186,,0.0180,0.0300,VendorBacked,,amana-ball-softwood-parallel-3175-2f,Finish,false,C,Derived,amana_ball_nose_v7,"VendorLut { observation_id: ""amana-ball-softwood-parallel-3175-2f"" }",amana-ball-softwood-parallel-3175-2f,feeds.long_tool_derate;feeds.chipload_below_floor,Info;Caution,LongToolDerate;ChiploadBelowRubbingFloor,CutGeometryFieldNotHeld,Parallel,Finish,,
BallNose,3.1750,2,RampFinish,hardwood,ok,,19000.0000,384.0000,278.0000,,0.5000,0.5000,0.0794,0.0180,2.7904,,0.0120,0.0240,VendorBacked,,amana-ball-hardwood-parallel-3175-2f,Finish,false,C,Derived,amana_ball_nose_v7,"VendorLut { observation_id: ""amana-ball-hardwood-parallel-3175-2f"" }",amana-ball-hardwood-parallel-3175-2f,feeds.long_tool_derate;feeds.chipload_below_floor,Info;Caution,LongToolDerate;ChiploadBelowRubbingFloor,CutGeometryFieldNotHeld,Parallel,Finish,,
BallNose,3.1750,2,RampFinish,mdf,ok,,18500.0000,426.0000,280.0000,,0.5000,0.5000,0.0794,0.0205,2.5137,,0.0150,0.0260,VendorBacked,,amana-ball-mdf-parallel-3175-2f,Finish,false,C,Derived,amana_ball_nose_v7,"VendorLut { observation_id: ""amana-ball-mdf-parallel-3175-2f"" }",amana-ball-mdf-parallel-3175-2f,feeds.long_tool_derate;feeds.chipload_below_floor,Info;Caution,LongToolDerate;ChiploadBelowRubbingFloor,CutGeometryFieldNotHeld,Parallel,Finish,,
BallNose,3.1750,2,RampFinish,plywood_hardwood,ok,,18500.0000,408.0000,270.0000,,0.5000,0.5000,0.0794,0.0196,1.0382,,0.0144,0.0249,VendorBacked,,amana-ball-mdf-parallel-3175-2f,Finish,false,C,Derived,amana_ball_nose_v7,"VendorLut { observation_id: ""amana-ball-mdf-parallel-3175-2f"" }",amana-ball-mdf-parallel-3175-2f,feeds.long_tool_derate;feeds.chipload_below_floor,Info;Caution,LongToolDerate;ChiploadBelowRubbingFloor,CutGeometryFieldNotHeld,Parallel,Finish,,
BallNose,3.1750,2,SpiralFinish,softwood,ok,,17500.0000,674.0000,396.0000,0.0790,,0.1905,0.0794,0.0343,0.5557,,0.0264,0.0422,VendorBacked,,amana-ball-hardwood-scallop-6000-2f,SemiFinish,false,C,Derived,amana_ball_nose_v7,"VendorLut { observation_id: ""amana-ball-hardwood-scallop-6000-2f"" }",amana-ball-hardwood-scallop-6000-2f,efficiency.very_fine_stepover;feeds.long_tool_derate;feeds.chipload_below_floor,Info;Info;Caution,LongToolDerate;ChiploadBelowRubbingFloor,FinishEnvelopeAdvisory;CutGeometryFieldNotHeld,Scallop,Finish,,
BallNose,3.1750,2,SpiralFinish,hardwood,ok,,17500.0000,433.0000,278.0000,0.0790,,0.1905,0.0794,0.0220,1.0751,,0.0170,0.0271,VendorBacked,,amana-ball-hardwood-scallop-6000-2f,SemiFinish,true,C,Derived,amana_ball_nose_v7,"VendorLut { observation_id: ""amana-ball-hardwood-scallop-6000-2f"" }",amana-ball-hardwood-scallop-6000-2f,efficiency.very_fine_stepover;feeds.long_tool_derate;feeds.chipload_below_floor,Info;Info;Caution,LongToolDerate;ChiploadBelowRubbingFloor,FinishEnvelopeAdvisory;CutGeometryFieldNotHeld,Scallop,Finish,,
BallNose,3.1750,2,SpiralFinish,mdf,ok,,17500.0000,498.0000,280.0000,0.0790,,0.1905,0.0794,0.0253,0.9705,,0.0195,0.0311,VendorBacked,,amana-ball-hardwood-scallop-6000-2f,SemiFinish,true,C,Derived,amana_ball_nose_v7,"VendorLut { observation_id: ""amana-ball-hardwood-scallop-6000-2f"" }",amana-ball-hardwood-scallop-6000-2f,efficiency.very_fine_stepover;feeds.long_tool_derate;feeds.chipload_below_floor,Info;Info;Caution,LongToolDerate;ChiploadBelowRubbingFloor,FinishEnvelopeAdvisory;CutGeometryFieldNotHeld,Scallop,Finish,,
BallNose,3.1750,2,SpiralFinish,plywood_hardwood,ok,,17500.0000,477.0000,270.0000,0.0790,,0.1905,0.0794,0.0242,0.4006,,0.0186,0.0298,VendorBacked,,amana-ball-hardwood-scallop-6000-2f,SemiFinish,true,C,Derived,amana_ball_nose_v7,"VendorLut { observation_id: ""amana-ball-hardwood-scallop-6000-2f"" }",amana-ball-hardwood-scallop-6000-2f,efficiency.very_fine_stepover;feeds.long_tool_derate;feeds.chipload_below_floor,Info;Info;Caution,LongToolDerate;ChiploadBelowRubbingFloor,FinishEnvelopeAdvisory;CutGeometryFieldNotHeld,Scallop,Finish,,
BallNose,3.1750,2,RadialFinish,softwood,ok,,21000.0000,567.0000,396.0000,,,0.1905,0.0794,0.0240,0.5405,,0.0180,0.0300,VendorBacked,,amana-ball-softwood-parallel-3175-2f,Finish,false,C,Derived,amana_ball_nose_v7,"VendorLut { observation_id: ""amana-ball-softwood-parallel-3175-2f"" }",amana-ball-softwood-parallel-3175-2f,feeds.long_tool_derate;feeds.chipload_below_floor,Info;Caution,LongToolDerate;ChiploadBelowRubbingFloor,FinishEnvelopeAdvisory;CutGeometryFieldNotHeld;CutGeometryFieldNotHeld,Parallel,Finish,,
BallNose,3.1750,2,RadialFinish,hardwood,ok,,19000.0000,384.0000,278.0000,,,0.1905,0.0794,0.0180,1.0631,,0.0120,0.0240,VendorBacked,,amana-ball-hardwood-parallel-3175-2f,Finish,false,C,Derived,amana_ball_nose_v7,"VendorLut { observation_id: ""amana-ball-hardwood-parallel-3175-2f"" }",amana-ball-hardwood-parallel-3175-2f,feeds.long_tool_derate;feeds.chipload_below_floor,Info;Caution,LongToolDerate;ChiploadBelowRubbingFloor,FinishEnvelopeAdvisory;CutGeometryFieldNotHeld;CutGeometryFieldNotHeld,Parallel,Finish,,
BallNose,3.1750,2,RadialFinish,mdf,ok,,18500.0000,426.0000,280.0000,,,0.1905,0.0794,0.0205,0.9577,,0.0150,0.0260,VendorBacked,,amana-ball-mdf-parallel-3175-2f,Finish,false,C,Derived,amana_ball_nose_v7,"VendorLut { observation_id: ""amana-ball-mdf-parallel-3175-2f"" }",amana-ball-mdf-parallel-3175-2f,feeds.long_tool_derate;feeds.chipload_below_floor,Info;Caution,LongToolDerate;ChiploadBelowRubbingFloor,FinishEnvelopeAdvisory;CutGeometryFieldNotHeld;CutGeometryFieldNotHeld,Parallel,Finish,,
BallNose,3.1750,2,RadialFinish,plywood_hardwood,ok,,18500.0000,408.0000,270.0000,,,0.1905,0.0794,0.0196,0.3955,,0.0144,0.0249,VendorBacked,,amana-ball-mdf-parallel-3175-2f,Finish,false,C,Derived,amana_ball_nose_v7,"VendorLut { observation_id: ""amana-ball-mdf-parallel-3175-2f"" }",amana-ball-mdf-parallel-3175-2f,feeds.long_tool_derate;feeds.chipload_below_floor,Info;Caution,LongToolDerate;ChiploadBelowRubbingFloor,FinishEnvelopeAdvisory;CutGeometryFieldNotHeld;CutGeometryFieldNotHeld,Parallel,Finish,,
BallNose,3.1750,2,HorizontalFinish,softwood,ok,,21000.0000,567.0000,396.0000,0.0790,,0.1905,0.0794,0.0240,0.5405,,0.0180,0.0300,VendorBacked,,amana-ball-softwood-parallel-3175-2f,Finish,false,C,Derived,amana_ball_nose_v7,"VendorLut { observation_id: ""amana-ball-softwood-parallel-3175-2f"" }",amana-ball-softwood-parallel-3175-2f,efficiency.very_fine_stepover;feeds.long_tool_derate;feeds.chipload_below_floor,Info;Info;Caution,LongToolDerate;ChiploadBelowRubbingFloor,FinishEnvelopeAdvisory;CutGeometryFieldNotHeld,Parallel,Finish,,
BallNose,3.1750,2,HorizontalFinish,hardwood,ok,,19000.0000,384.0000,278.0000,0.0790,,0.1905,0.0794,0.0180,1.0631,,0.0120,0.0240,VendorBacked,,amana-ball-hardwood-parallel-3175-2f,Finish,false,C,Derived,amana_ball_nose_v7,"VendorLut { observation_id: ""amana-ball-hardwood-parallel-3175-2f"" }",amana-ball-hardwood-parallel-3175-2f,efficiency.very_fine_stepover;feeds.long_tool_derate;feeds.chipload_below_floor,Info;Info;Caution,LongToolDerate;ChiploadBelowRubbingFloor,FinishEnvelopeAdvisory;CutGeometryFieldNotHeld,Parallel,Finish,,
BallNose,3.1750,2,HorizontalFinish,mdf,ok,,18500.0000,426.0000,280.0000,0.0790,,0.1905,0.0794,0.0205,0.9577,,0.0150,0.0260,VendorBacked,,amana-ball-mdf-parallel-3175-2f,Finish,false,C,Derived,amana_ball_nose_v7,"VendorLut { observation_id: ""amana-ball-mdf-parallel-3175-2f"" }",amana-ball-mdf-parallel-3175-2f,efficiency.very_fine_stepover;feeds.long_tool_derate;feeds.chipload_below_floor,Info;Info;Caution,LongToolDerate;ChiploadBelowRubbingFloor,FinishEnvelopeAdvisory;CutGeometryFieldNotHeld,Parallel,Finish,,
BallNose,3.1750,2,HorizontalFinish,plywood_hardwood,ok,,18500.0000,408.0000,270.0000,0.0790,,0.1905,0.0794,0.0196,0.3955,,0.0144,0.0249,VendorBacked,,amana-ball-mdf-parallel-3175-2f,Finish,false,C,Derived,amana_ball_nose_v7,"VendorLut { observation_id: ""amana-ball-mdf-parallel-3175-2f"" }",amana-ball-mdf-parallel-3175-2f,efficiency.very_fine_stepover;feeds.long_tool_derate;feeds.chipload_below_floor,Info;Info;Caution,LongToolDerate;ChiploadBelowRubbingFloor,FinishEnvelopeAdvisory;CutGeometryFieldNotHeld,Parallel,Finish,,
BallNose,3.1750,2,ProjectCurve,softwood,ok,,21000.0000,567.0000,396.0000,,,0.1905,0.0635,0.0240,0.5368,,0.0180,0.0300,VendorBacked,,amana-ball-softwood-parallel-3175-2f,Finish,false,C,Derived,amana_ball_nose_v7,"VendorLut { observation_id: ""amana-ball-softwood-parallel-3175-2f"" }",amana-ball-softwood-parallel-3175-2f,feeds.long_tool_derate;feeds.chipload_below_floor,Info;Caution,LongToolDerate;ChiploadBelowRubbingFloor,ProjectCurveDepthInfeasible;CutGeometryFieldNotHeld;CutGeometryFieldNotHeld,Trace,Finish,,
BallNose,3.1750,2,ProjectCurve,hardwood,ok,,19000.0000,384.0000,278.0000,,,0.1905,0.0635,0.0180,1.0576,,0.0120,0.0240,VendorBacked,,amana-ball-hardwood-parallel-3175-2f,Finish,false,C,Derived,amana_ball_nose_v7,"VendorLut { observation_id: ""amana-ball-hardwood-parallel-3175-2f"" }",amana-ball-hardwood-parallel-3175-2f,feeds.long_tool_derate;feeds.chipload_below_floor,Info;Caution,LongToolDerate;ChiploadBelowRubbingFloor,ProjectCurveDepthInfeasible;CutGeometryFieldNotHeld;CutGeometryFieldNotHeld,Trace,Finish,,
BallNose,3.1750,2,ProjectCurve,mdf,ok,,18500.0000,426.0000,280.0000,,,0.1905,0.0635,0.0205,0.9521,,0.0150,0.0260,VendorBacked,,amana-ball-mdf-parallel-3175-2f,Finish,false,C,Derived,amana_ball_nose_v7,"VendorLut { observation_id: ""amana-ball-mdf-parallel-3175-2f"" }",amana-ball-mdf-parallel-3175-2f,feeds.long_tool_derate;feeds.chipload_below_floor,Info;Caution,LongToolDerate;ChiploadBelowRubbingFloor,ProjectCurveDepthInfeasible;CutGeometryFieldNotHeld;CutGeometryFieldNotHeld,Trace,Finish,,
BallNose,3.1750,2,ProjectCurve,plywood_hardwood,ok,,18500.0000,408.0000,270.0000,,,0.1905,0.0635,0.0196,0.3933,,0.0144,0.0249,VendorBacked,,amana-ball-mdf-parallel-3175-2f,Finish,false,C,Derived,amana_ball_nose_v7,"VendorLut { observation_id: ""amana-ball-mdf-parallel-3175-2f"" }",amana-ball-mdf-parallel-3175-2f,feeds.long_tool_derate;feeds.chipload_below_floor,Info;Caution,LongToolDerate;ChiploadBelowRubbingFloor,ProjectCurveDepthInfeasible;CutGeometryFieldNotHeld;CutGeometryFieldNotHeld,Trace,Finish,,
BallNose,3.1750,2,AlignmentPinDrill,softwood,refused,"Suggest has no basis for Pin Drill with a ball nose in softwood: No published wood figure exists for a plunge drill with a ball-nose cutter, and the drill multiplier 2.5 is unsourced.",,,,,,,,,,,,,Refused,,,,,,,,,,,,,,Drill,Roughing,,
BallNose,3.1750,2,AlignmentPinDrill,hardwood,refused,"Suggest has no basis for Pin Drill with a ball nose in hardwood: No published wood figure exists for a plunge drill with a ball-nose cutter, and the drill multiplier 2.5 is unsourced.",,,,,,,,,,,,,Refused,,,,,,,,,,,,,,Drill,Roughing,,
BallNose,3.1750,2,AlignmentPinDrill,mdf,refused,"Suggest has no basis for Pin Drill with a ball nose in MDF: No published wood figure exists for a plunge drill with a ball-nose cutter, and the drill multiplier 2.5 is unsourced.",,,,,,,,,,,,,Refused,,,,,,,,,,,,,,Drill,Roughing,,
BallNose,3.1750,2,AlignmentPinDrill,plywood_hardwood,refused,"Suggest has no basis for Pin Drill with a ball nose in hardwood plywood: No published wood figure exists for a plunge drill with a ball-nose cutter, and the drill multiplier 2.5 is unsourced.",,,,,,,,,,,,,Refused,,,,,,,,,,,,,,Drill,Roughing,,
BallNose,6.0000,2,Face,softwood,ok,,18000.0000,3000.0000,750.0000,2.1000,1.2000,4.2000,2.1000,0.1792,29.0604,0.0195,0.1568,0.2016,VendorBacked,,amana-ball-softwood-pocket-6350-2f-v7,Roughing,false,A,Exact,amana_ball_nose_v7,"VendorLut { observation_id: ""amana-ball-softwood-pocket-6350-2f-v7"" }",amana-ball-softwood-pocket-6350-2f-v7,compat.ball_nose_on_flat_clearing;feeds.long_tool_derate;feeds.feed_clamped,Hint;Info;Info,LongToolDerate;FeedRateClamped,RoughingDepthClampedToRigidity,Pocket,Roughing,0.2000,1.2000
BallNose,6.0000,2,Face,hardwood,ok,,18000.0000,3000.0000,526.0000,2.1000,1.2000,4.2000,2.1000,0.1389,50.0496,0.0391,0.1157,0.1620,VendorBacked,,amana-ball-hardwood-pocket-6350-2f-v7,Roughing,false,A,Exact,amana_ball_nose_v7,"VendorLut { observation_id: ""amana-ball-hardwood-pocket-6350-2f-v7"" }",amana-ball-hardwood-pocket-6350-2f-v7,compat.ball_nose_on_flat_clearing;feeds.long_tool_derate;feeds.feed_clamped,Hint;Info;Info,LongToolDerate;FeedRateClamped,RoughingDepthClampedToRigidity,Pocket,Roughing,0.2000,1.2000
BallNose,6.0000,2,Face,mdf,ok,,18000.0000,3000.0000,529.0000,2.1000,1.2000,4.2000,2.1000,0.1370,44.4432,0.0349,0.1174,0.1566,VendorBacked,,amana-ball-mdf-pocket-6350-2f-v7,Roughing,true,A,Exact,amana_ball_nose_v7,"VendorLut { observation_id: ""amana-ball-mdf-pocket-6350-2f-v7"" }",amana-ball-mdf-pocket-6350-2f-v7,compat.ball_nose_on_flat_clearing;feeds.long_tool_derate;feeds.feed_clamped,Hint;Info;Info,LongToolDerate;FeedRateClamped,RoughingDepthClampedToRigidity,Pocket,Roughing,0.2000,1.2000
BallNose,6.0000,2,Face,plywood_hardwood,ok,,18000.0000,3000.0000,511.0000,2.1000,1.2000,4.2000,2.1000,0.1526,19.5583,0.0145,0.1272,0.1781,VendorBacked,,amana-ball-hardwood-pocket-6350-2f-v7,Roughing,false,A,Exact,amana_ball_nose_v7,"VendorLut { observation_id: ""amana-ball-hardwood-pocket-6350-2f-v7"" }",amana-ball-hardwood-pocket-6350-2f-v7,compat.ball_nose_on_flat_clearing;feeds.long_tool_derate;feeds.feed_clamped,Hint;Info;Info,LongToolDerate;FeedRateClamped,RoughingDepthClampedToRigidity,Pocket,Roughing,0.2000,1.2000
BallNose,6.0000,2,Pocket,softwood,ok,,18000.0000,3000.0000,750.0000,2.1000,1.2000,4.2000,2.1000,0.1792,29.0604,0.0195,0.1568,0.2016,VendorBacked,,amana-ball-softwood-pocket-6350-2f-v7,Roughing,false,A,Exact,amana_ball_nose_v7,"VendorLut { observation_id: ""amana-ball-softwood-pocket-6350-2f-v7"" }",amana-ball-softwood-pocket-6350-2f-v7,compat.ball_nose_on_flat_clearing;feeds.long_tool_derate;feeds.feed_clamped,Hint;Info;Info,LongToolDerate;FeedRateClamped,RoughingDepthClampedToRigidity,Pocket,Roughing,0.2000,1.2000
BallNose,6.0000,2,Pocket,hardwood,ok,,18000.0000,3000.0000,526.0000,2.1000,1.2000,4.2000,2.1000,0.1389,50.0496,0.0391,0.1157,0.1620,VendorBacked,,amana-ball-hardwood-pocket-6350-2f-v7,Roughing,false,A,Exact,amana_ball_nose_v7,"VendorLut { observation_id: ""amana-ball-hardwood-pocket-6350-2f-v7"" }",amana-ball-hardwood-pocket-6350-2f-v7,compat.ball_nose_on_flat_clearing;feeds.long_tool_derate;feeds.feed_clamped,Hint;Info;Info,LongToolDerate;FeedRateClamped,RoughingDepthClampedToRigidity,Pocket,Roughing,0.2000,1.2000
BallNose,6.0000,2,Pocket,mdf,ok,,18000.0000,3000.0000,529.0000,2.1000,1.2000,4.2000,2.1000,0.1370,44.4432,0.0349,0.1174,0.1566,VendorBacked,,amana-ball-mdf-pocket-6350-2f-v7,Roughing,true,A,Exact,amana_ball_nose_v7,"VendorLut { observation_id: ""amana-ball-mdf-pocket-6350-2f-v7"" }",amana-ball-mdf-pocket-6350-2f-v7,compat.ball_nose_on_flat_clearing;feeds.long_tool_derate;feeds.feed_clamped,Hint;Info;Info,LongToolDerate;FeedRateClamped,RoughingDepthClampedToRigidity,Pocket,Roughing,0.2000,1.2000
BallNose,6.0000,2,Pocket,plywood_hardwood,ok,,18000.0000,3000.0000,511.0000,2.1000,1.2000,4.2000,2.1000,0.1526,19.5583,0.0145,0.1272,0.1781,VendorBacked,,amana-ball-hardwood-pocket-6350-2f-v7,Roughing,false,A,Exact,amana_ball_nose_v7,"VendorLut { observation_id: ""amana-ball-hardwood-pocket-6350-2f-v7"" }",amana-ball-hardwood-pocket-6350-2f-v7,compat.ball_nose_on_flat_clearing;feeds.long_tool_derate;feeds.feed_clamped,Hint;Info;Info,LongToolDerate;FeedRateClamped,RoughingDepthClampedToRigidity,Pocket,Roughing,0.2000,1.2000
BallNose,6.0000,2,Profile,softwood,ok,,10610.0000,1002.0000,750.0000,,1.2000,4.8000,1.0800,0.0716,19.3148,,,,FormulaOnly,"repo-derived chipload formula k0*D^p*(1/H)^q (machine::ChipLoadFormula, feeds::calculate step 2); exponents per CREDITS.md 'Chipload column convention and scaling laws'; k0 uncited (code comment 'Shapeoko empirical data' only)",,,,,,,FormulaFallback,,feeds.long_tool_derate,Info,LongToolDerate,RoughingDepthClampedToRigidity;CutGeometryFieldNotHeld,Contour,Roughing,0.2000,1.2000
BallNose,6.0000,2,Profile,hardwood,ok,,10610.0000,642.0000,526.0000,,1.2000,4.8000,1.0800,0.0459,33.8946,,,,FormulaOnly,"repo-derived chipload formula k0*D^p*(1/H)^q (machine::ChipLoadFormula, feeds::calculate step 2); exponents per CREDITS.md 'Chipload column convention and scaling laws'; k0 uncited (code comment 'Shapeoko empirical data' only)",,,,,,,FormulaFallback,,feeds.long_tool_derate,Info,LongToolDerate,RoughingDepthClampedToRigidity;CutGeometryFieldNotHeld,Contour,Roughing,0.2000,1.2000
BallNose,6.0000,2,Profile,mdf,refused,"Suggest has no basis for Profile with a ball nose in MDF: No published figure backs the formula for a ball-nose cutter on adaptive, pocket, contour or trace passes in MDF: the 1/4 in charts put it below half.",,,,,,,,,,,,,Refused,,,,,,,,,,,,,,Contour,Roughing,0.2000,1.2000
BallNose,6.0000,2,Profile,plywood_hardwood,refused,"Suggest has no basis for Profile with a ball nose in hardwood plywood: No published chipload exists for a ball-nose cutter on adaptive, pocket, contour or trace passes in plywood.",,,,,,,,,,,,,Refused,,,,,,,,,,,,,,Contour,Roughing,0.2000,1.2000
BallNose,6.0000,2,Adaptive,softwood,ok,,18000.0000,3000.0000,750.0000,0.6000,9.0000,9.0000,0.6000,0.1792,48.0164,0.0687,0.1372,0.1764,VendorBacked,,amana-ball-softwood-adaptive-6350-2f-v7,Roughing,false,A,Exact,amana_ball_nose_v7,"VendorLut { observation_id: ""amana-ball-softwood-adaptive-6350-2f-v7"" }",amana-ball-softwood-adaptive-6350-2f-v7,feeds.long_tool_derate;feeds.feed_clamped,Info;Info,LongToolDerate;FeedRateClamped,,Adaptive,Roughing,1.5000,9.0000
BallNose,6.0000,2,Adaptive,hardwood,ok,,18000.0000,2886.0000,526.0000,0.5400,9.0000,9.0000,0.5400,0.1389,83.4294,0.1280,0.1013,0.1418,VendorBacked,,amana-ball-hardwood-adaptive-6350-2f-v7,Roughing,false,A,Exact,amana_ball_nose_v7,"VendorLut { observation_id: ""amana-ball-hardwood-adaptive-6350-2f-v7"" }",amana-ball-hardwood-adaptive-6350-2f-v7,feeds.long_tool_derate,Info,LongToolDerate,,Adaptive,Roughing,1.5000,9.0000
BallNose,6.0000,2,Adaptive,mdf,ok,,18000.0000,2848.0000,529.0000,0.5700,9.0000,9.0000,0.5700,0.1370,74.9851,0.1180,0.1028,0.1370,VendorBacked,,amana-ball-mdf-adaptive-6350-2f-v7,Roughing,true,A,Exact,amana_ball_nose_v7,"VendorLut { observation_id: ""amana-ball-mdf-adaptive-6350-2f-v7"" }",amana-ball-mdf-adaptive-6350-2f-v7,feeds.long_tool_derate,Info,LongToolDerate,,Adaptive,Roughing,1.5000,9.0000
BallNose,6.0000,2,Adaptive,plywood_hardwood,ok,,18000.0000,3000.0000,511.0000,0.5700,9.0000,9.0000,0.5700,0.1526,32.5706,0.0493,0.1113,0.1558,VendorBacked,,amana-ball-hardwood-adaptive-6350-2f-v7,Roughing,false,A,Exact,amana_ball_nose_v7,"VendorLut { observation_id: ""amana-ball-hardwood-adaptive-6350-2f-v7"" }",amana-ball-hardwood-adaptive-6350-2f-v7,feeds.long_tool_derate;feeds.feed_clamped,Info;Info,LongToolDerate;FeedRateClamped,,Adaptive,Roughing,1.5000,9.0000
BallNose,6.0000,2,VCarve,softwood,refused,VCarve needs a V-bit tool; this tool is a ball nose.,,,,,,,,,,,,,Refused,,,,,,,,,,,,,,Trace,Finish,,
BallNose,6.0000,2,VCarve,hardwood,refused,VCarve needs a V-bit tool; this tool is a ball nose.,,,,,,,,,,,,,Refused,,,,,,,,,,,,,,Trace,Finish,,
BallNose,6.0000,2,VCarve,mdf,refused,VCarve needs a V-bit tool; this tool is a ball nose.,,,,,,,,,,,,,Refused,,,,,,,,,,,,,,Trace,Finish,,
BallNose,6.0000,2,VCarve,plywood_hardwood,refused,VCarve needs a V-bit tool; this tool is a ball nose.,,,,,,,,,,,,,Refused,,,,,,,,,,,,,,Trace,Finish,,
BallNose,6.0000,2,Rest,softwood,ok,,18000.0000,3000.0000,750.0000,2.1000,1.2000,4.2000,2.1000,0.1792,29.0604,0.0195,0.1568,0.2016,VendorBacked,,amana-ball-softwood-pocket-6350-2f-v7,Roughing,false,A,Exact,amana_ball_nose_v7,"VendorLut { observation_id: ""amana-ball-softwood-pocket-6350-2f-v7"" }",amana-ball-softwood-pocket-6350-2f-v7,feeds.long_tool_derate;feeds.feed_clamped,Info;Info,LongToolDerate;FeedRateClamped,RoughingDepthClampedToRigidity,Pocket,Roughing,0.2000,1.2000
BallNose,6.0000,2,Rest,hardwood,ok,,18000.0000,3000.0000,526.0000,2.1000,1.2000,4.2000,2.1000,0.1389,50.0496,0.0391,0.1157,0.1620,VendorBacked,,amana-ball-hardwood-pocket-6350-2f-v7,Roughing,false,A,Exact,amana_ball_nose_v7,"VendorLut { observation_id: ""amana-ball-hardwood-pocket-6350-2f-v7"" }",amana-ball-hardwood-pocket-6350-2f-v7,feeds.long_tool_derate;feeds.feed_clamped,Info;Info,LongToolDerate;FeedRateClamped,RoughingDepthClampedToRigidity,Pocket,Roughing,0.2000,1.2000
BallNose,6.0000,2,Rest,mdf,ok,,18000.0000,3000.0000,529.0000,2.1000,1.2000,4.2000,2.1000,0.1370,44.4432,0.0349,0.1174,0.1566,VendorBacked,,amana-ball-mdf-pocket-6350-2f-v7,Roughing,true,A,Exact,amana_ball_nose_v7,"VendorLut { observation_id: ""amana-ball-mdf-pocket-6350-2f-v7"" }",amana-ball-mdf-pocket-6350-2f-v7,feeds.long_tool_derate;feeds.feed_clamped,Info;Info,LongToolDerate;FeedRateClamped,RoughingDepthClampedToRigidity,Pocket,Roughing,0.2000,1.2000
BallNose,6.0000,2,Rest,plywood_hardwood,ok,,18000.0000,3000.0000,511.0000,2.1000,1.2000,4.2000,2.1000,0.1526,19.5583,0.0145,0.1272,0.1781,VendorBacked,,amana-ball-hardwood-pocket-6350-2f-v7,Roughing,false,A,Exact,amana_ball_nose_v7,"VendorLut { observation_id: ""amana-ball-hardwood-pocket-6350-2f-v7"" }",amana-ball-hardwood-pocket-6350-2f-v7,feeds.long_tool_derate;feeds.feed_clamped,Info;Info,LongToolDerate;FeedRateClamped,RoughingDepthClampedToRigidity,Pocket,Roughing,0.2000,1.2000
BallNose,6.0000,2,Inlay,softwood,refused,Inlay needs a V-bit tool; this tool is a ball nose.,,,,,,,,,,,,,Refused,,,,,,,,,,,,,,Trace,Finish,,
BallNose,6.0000,2,Inlay,hardwood,refused,Inlay needs a V-bit tool; this tool is a ball nose.,,,,,,,,,,,,,Refused,,,,,,,,,,,,,,Trace,Finish,,
BallNose,6.0000,2,Inlay,mdf,refused,Inlay needs a V-bit tool; this tool is a ball nose.,,,,,,,,,,,,,Refused,,,,,,,,,,,,,,Trace,Finish,,
BallNose,6.0000,2,Inlay,plywood_hardwood,refused,Inlay needs a V-bit tool; this tool is a ball nose.,,,,,,,,,,,,,Refused,,,,,,,,,,,,,,Trace,Finish,,
BallNose,6.0000,2,Zigzag,softwood,ok,,18000.0000,3000.0000,750.0000,2.1000,1.2000,4.2000,2.1000,0.1792,29.0604,0.0195,0.1568,0.2016,VendorBacked,,amana-ball-softwood-pocket-6350-2f-v7,Roughing,false,A,Exact,amana_ball_nose_v7,"VendorLut { observation_id: ""amana-ball-softwood-pocket-6350-2f-v7"" }",amana-ball-softwood-pocket-6350-2f-v7,compat.ball_nose_on_flat_clearing;feeds.long_tool_derate;feeds.feed_clamped,Hint;Info;Info,LongToolDerate;FeedRateClamped,RoughingDepthClampedToRigidity,Pocket,Roughing,0.2000,1.2000
BallNose,6.0000,2,Zigzag,hardwood,ok,,18000.0000,3000.0000,526.0000,2.1000,1.2000,4.2000,2.1000,0.1389,50.0496,0.0391,0.1157,0.1620,VendorBacked,,amana-ball-hardwood-pocket-6350-2f-v7,Roughing,false,A,Exact,amana_ball_nose_v7,"VendorLut { observation_id: ""amana-ball-hardwood-pocket-6350-2f-v7"" }",amana-ball-hardwood-pocket-6350-2f-v7,compat.ball_nose_on_flat_clearing;feeds.long_tool_derate;feeds.feed_clamped,Hint;Info;Info,LongToolDerate;FeedRateClamped,RoughingDepthClampedToRigidity,Pocket,Roughing,0.2000,1.2000
BallNose,6.0000,2,Zigzag,mdf,ok,,18000.0000,3000.0000,529.0000,2.1000,1.2000,4.2000,2.1000,0.1370,44.4432,0.0349,0.1174,0.1566,VendorBacked,,amana-ball-mdf-pocket-6350-2f-v7,Roughing,true,A,Exact,amana_ball_nose_v7,"VendorLut { observation_id: ""amana-ball-mdf-pocket-6350-2f-v7"" }",amana-ball-mdf-pocket-6350-2f-v7,compat.ball_nose_on_flat_clearing;feeds.long_tool_derate;feeds.feed_clamped,Hint;Info;Info,LongToolDerate;FeedRateClamped,RoughingDepthClampedToRigidity,Pocket,Roughing,0.2000,1.2000
BallNose,6.0000,2,Zigzag,plywood_hardwood,ok,,18000.0000,3000.0000,511.0000,2.1000,1.2000,4.2000,2.1000,0.1526,19.5583,0.0145,0.1272,0.1781,VendorBacked,,amana-ball-hardwood-pocket-6350-2f-v7,Roughing,false,A,Exact,amana_ball_nose_v7,"VendorLut { observation_id: ""amana-ball-hardwood-pocket-6350-2f-v7"" }",amana-ball-hardwood-pocket-6350-2f-v7,compat.ball_nose_on_flat_clearing;feeds.long_tool_derate;feeds.feed_clamped,Hint;Info;Info,LongToolDerate;FeedRateClamped,RoughingDepthClampedToRigidity,Pocket,Roughing,0.2000,1.2000
BallNose,6.0000,2,Trace,softwood,ok,,10610.0000,1002.0000,750.0000,,0.3333,0.3600,0.1200,0.0716,1.1342,,,,FormulaOnly,"repo-derived chipload formula k0*D^p*(1/H)^q (machine::ChipLoadFormula, feeds::calculate step 2); exponents per CREDITS.md 'Chipload column convention and scaling laws'; k0 uncited (code comment 'Shapeoko empirical data' only)",,,,,,,FormulaFallback,,feeds.long_tool_derate,Info,LongToolDerate,CutGeometryFieldNotHeld,Trace,Finish,,
BallNose,6.0000,2,Trace,hardwood,ok,,10610.0000,642.0000,526.0000,,0.3333,0.3600,0.1200,0.0459,2.1391,,,,FormulaOnly,"repo-derived chipload formula k0*D^p*(1/H)^q (machine::ChipLoadFormula, feeds::calculate step 2); exponents per CREDITS.md 'Chipload column convention and scaling laws'; k0 uncited (code comment 'Shapeoko empirical data' only)",,,,,,,FormulaFallback,,feeds.long_tool_derate,Info,LongToolDerate,CutGeometryFieldNotHeld,Trace,Finish,,
BallNose,6.0000,2,Trace,mdf,refused,"Suggest has no basis for Trace with a ball nose in MDF: No published figure backs the formula for a ball-nose cutter on adaptive, pocket, contour or trace passes in MDF: the 1/4 in charts put it below half.",,,,,,,,,,,,,Refused,,,,,,,,,,,,,,Trace,Finish,,
BallNose,6.0000,2,Trace,plywood_hardwood,refused,"Suggest has no basis for Trace with a ball nose in hardwood plywood: No published chipload exists for a ball-nose cutter on adaptive, pocket, contour or trace passes in plywood.",,,,,,,,,,,,,Refused,,,,,,,,,,,,,,Trace,Finish,,
BallNose,6.0000,2,Drill,softwood,refused,"Suggest has no basis for Drill with a ball nose in softwood: No published wood figure exists for a plunge drill with a ball-nose cutter, and the drill multiplier 2.5 is unsourced.",,,,,,,,,,,,,Refused,,,,,,,,,,,,,,Drill,Roughing,,
BallNose,6.0000,2,Drill,hardwood,refused,"Suggest has no basis for Drill with a ball nose in hardwood: No published wood figure exists for a plunge drill with a ball-nose cutter, and the drill multiplier 2.5 is unsourced.",,,,,,,,,,,,,Refused,,,,,,,,,,,,,,Drill,Roughing,,
BallNose,6.0000,2,Drill,mdf,refused,"Suggest has no basis for Drill with a ball nose in MDF: No published wood figure exists for a plunge drill with a ball-nose cutter, and the drill multiplier 2.5 is unsourced.",,,,,,,,,,,,,Refused,,,,,,,,,,,,,,Drill,Roughing,,
BallNose,6.0000,2,Drill,plywood_hardwood,refused,"Suggest has no basis for Drill with a ball nose in hardwood plywood: No published wood figure exists for a plunge drill with a ball-nose cutter, and the drill multiplier 2.5 is unsourced.",,,,,,,,,,,,,Refused,,,,,,,,,,,,,,Drill,Roughing,,
BallNose,6.0000,2,Chamfer,softwood,refused,Chamfer needs a V-bit tool; this tool is a ball nose.,,,,,,,,,,,,,Refused,,,,,,,,,,,,,,Trace,Finish,,
BallNose,6.0000,2,Chamfer,hardwood,refused,Chamfer needs a V-bit tool; this tool is a ball nose.,,,,,,,,,,,,,Refused,,,,,,,,,,,,,,Trace,Finish,,
BallNose,6.0000,2,Chamfer,mdf,refused,Chamfer needs a V-bit tool; this tool is a ball nose.,,,,,,,,,,,,,Refused,,,,,,,,,,,,,,Trace,Finish,,
BallNose,6.0000,2,Chamfer,plywood_hardwood,refused,Chamfer needs a V-bit tool; this tool is a ball nose.,,,,,,,,,,,,,Refused,,,,,,,,,,,,,,Trace,Finish,,
BallNose,6.0000,2,DropCutter,softwood,ok,,18000.0000,950.0000,750.0000,0.1500,,0.3600,0.1500,0.0400,1.0663,,0.0300,0.0500,VendorBacked,,amana-ball-softwood-parallel-6000-2f,Finish,false,C,Derived,amana_ball_nose_v7,"VendorLut { observation_id: ""amana-ball-softwood-parallel-6000-2f"" }",amana-ball-softwood-parallel-6000-2f,efficiency.very_fine_stepover;feeds.long_tool_derate,Info;Info,LongToolDerate,FinishEnvelopeAdvisory;CutGeometryFieldNotHeld,Parallel,Finish,,
BallNose,6.0000,2,DropCutter,hardwood,ok,,18000.0000,736.0000,526.0000,0.1500,,0.3600,0.1500,0.0310,2.0821,,0.0220,0.0400,VendorBacked,,amana-ball-hardwood-parallel-6000-2f,Finish,false,C,Derived,amana_ball_nose_v7,"VendorLut { observation_id: ""amana-ball-hardwood-parallel-6000-2f"" }",amana-ball-hardwood-parallel-6000-2f,efficiency.very_fine_stepover;feeds.long_tool_derate;feeds.chipload_below_floor,Info;Info;Caution,LongToolDerate;ChiploadBelowRubbingFloor,FinishEnvelopeAdvisory;CutGeometryFieldNotHeld,Parallel,Finish,,
BallNose,6.0000,2,DropCutter,mdf,ok,,17000.0000,751.0000,529.0000,0.1500,,0.3600,0.1500,0.0335,1.8751,,0.0250,0.0420,VendorBacked,,amana-ball-mdf-parallel-6000-2f,Finish,false,C,Derived,amana_ball_nose_v7,"VendorLut { observation_id: ""amana-ball-mdf-parallel-6000-2f"" }",amana-ball-mdf-parallel-6000-2f,efficiency.very_fine_stepover;feeds.long_tool_derate;feeds.chipload_below_floor,Info;Info;Caution,LongToolDerate;ChiploadBelowRubbingFloor,FinishEnvelopeAdvisory;CutGeometryFieldNotHeld,Parallel,Finish,,
BallNose,6.0000,2,DropCutter,plywood_hardwood,ok,,17000.0000,719.0000,511.0000,0.1500,,0.3600,0.1500,0.0321,0.7734,,0.0239,0.0402,VendorBacked,,amana-ball-mdf-parallel-6000-2f,Finish,false,C,Derived,amana_ball_nose_v7,"VendorLut { observation_id: ""amana-ball-mdf-parallel-6000-2f"" }",amana-ball-mdf-parallel-6000-2f,efficiency.very_fine_stepover;feeds.long_tool_derate;feeds.chipload_below_floor,Info;Info;Caution,LongToolDerate;ChiploadBelowRubbingFloor,FinishEnvelopeAdvisory;CutGeometryFieldNotHeld,Parallel,Finish,,
BallNose,6.0000,2,Adaptive3d,softwood,ok,,18000.0000,3000.0000,750.0000,0.6000,6.0000,9.0000,0.6000,0.1792,48.0164,0.0458,0.1372,0.1764,VendorBacked,,amana-ball-softwood-pocket-6350-2f-v7,Roughing,false,A,Exact,amana_ball_nose_v7,"VendorLut { observation_id: ""amana-ball-softwood-pocket-6350-2f-v7"" }",amana-ball-softwood-pocket-6350-2f-v7,feeds.long_tool_derate;feeds.feed_clamped,Info;Info,LongToolDerate;FeedRateClamped,AxialDocClampedByEnvelope;StrategyRewrote;FeedRescaledToFinalGeometry,Adaptive,Roughing,1.5000,9.0000
BallNose,6.0000,2,Adaptive3d,hardwood,ok,,18000.0000,3000.0000,526.0000,0.5400,6.0000,9.0000,0.5400,0.1389,83.4294,0.0859,0.1013,0.1418,VendorBacked,,amana-ball-hardwood-pocket-6350-2f-v7,Roughing,false,A,Exact,amana_ball_nose_v7,"VendorLut { observation_id: ""amana-ball-hardwood-pocket-6350-2f-v7"" }",amana-ball-hardwood-pocket-6350-2f-v7,feeds.long_tool_derate,Info,LongToolDerate,AxialDocClampedByEnvelope;StrategyRewrote;FeedRescaledToFinalGeometry,Adaptive,Roughing,1.5000,9.0000
BallNose,6.0000,2,Adaptive3d,mdf,ok,,18000.0000,3000.0000,529.0000,0.5700,6.0000,9.0000,0.5700,0.1370,74.9851,0.0795,0.1028,0.1370,VendorBacked,,amana-ball-mdf-pocket-6350-2f-v7,Roughing,true,A,Exact,amana_ball_nose_v7,"VendorLut { observation_id: ""amana-ball-mdf-pocket-6350-2f-v7"" }",amana-ball-mdf-pocket-6350-2f-v7,feeds.long_tool_derate,Info,LongToolDerate,AxialDocClampedByEnvelope;StrategyRewrote;FeedRescaledToFinalGeometry,Adaptive,Roughing,1.5000,9.0000
BallNose,6.0000,2,Adaptive3d,plywood_hardwood,ok,,18000.0000,3000.0000,511.0000,0.5700,6.0000,9.0000,0.5700,0.1526,32.5706,0.0329,0.1113,0.1558,VendorBacked,,amana-ball-hardwood-pocket-6350-2f-v7,Roughing,false,A,Exact,amana_ball_nose_v7,"VendorLut { observation_id: ""amana-ball-hardwood-pocket-6350-2f-v7"" }",amana-ball-hardwood-pocket-6350-2f-v7,feeds.long_tool_derate;feeds.feed_clamped,Info;Info,LongToolDerate;FeedRateClamped,AxialDocClampedByEnvelope;StrategyRewrote;FeedRescaledToFinalGeometry,Adaptive,Roughing,1.5000,9.0000
BallNose,6.0000,2,Waterline,softwood,ok,,10610.0000,1002.0000,750.0000,,1.0000,1.0000,0.6000,0.0716,3.7229,,,,FormulaOnly,"repo-derived chipload formula k0*D^p*(1/H)^q (machine::ChipLoadFormula, feeds::calculate step 2); exponents per CREDITS.md 'Chipload column convention and scaling laws'; k0 uncited (code comment 'Shapeoko empirical data' only)",,,,,,,FormulaFallback,,feeds.long_tool_derate,Info,LongToolDerate,FinishEnvelopeAdvisory;CutGeometryFieldNotHeld,Contour,SemiFinish,,
BallNose,6.0000,2,Waterline,hardwood,ok,,10610.0000,642.0000,526.0000,,1.0000,1.0000,0.6000,0.0459,6.6754,,,,FormulaOnly,"repo-derived chipload formula k0*D^p*(1/H)^q (machine::ChipLoadFormula, feeds::calculate step 2); exponents per CREDITS.md 'Chipload column convention and scaling laws'; k0 uncited (code comment 'Shapeoko empirical data' only)",,,,,,,FormulaFallback,,feeds.long_tool_derate,Info,LongToolDerate,FinishEnvelopeAdvisory;CutGeometryFieldNotHeld,Contour,SemiFinish,,
BallNose,6.0000,2,Waterline,mdf,refused,"Suggest has no basis for Waterline with a ball nose in MDF: No published figure backs the formula for a ball-nose cutter on adaptive, pocket, contour or trace passes in MDF: the 1/4 in charts put it below half.",,,,,,,,,,,,,Refused,,,,,,,,,,,,,,Contour,SemiFinish,,
BallNose,6.0000,2,Waterline,plywood_hardwood,refused,"Suggest has no basis for Waterline with a ball nose in hardwood plywood: No published chipload exists for a ball-nose cutter on adaptive, pocket, contour or trace passes in plywood.",,,,,,,,,,,,,Refused,,,,,,,,,,,,,,Contour,SemiFinish,,
BallNose,6.0000,2,Pencil,softwood,ok,,10610.0000,1002.0000,750.0000,,,0.3600,0.1200,0.0716,1.1342,,,,FormulaOnly,"repo-derived chipload formula k0*D^p*(1/H)^q (machine::ChipLoadFormula, feeds::calculate step 2); exponents per CREDITS.md 'Chipload column convention and scaling laws'; k0 uncited (code comment 'Shapeoko empirical data' only)",,,,,,,FormulaFallback,,feeds.long_tool_derate,Info,LongToolDerate,CutGeometryFieldNotHeld,Trace,Finish,,
BallNose,6.0000,2,Pencil,hardwood,ok,,10610.0000,642.0000,526.0000,,,0.3600,0.1200,0.0459,2.1391,,,,FormulaOnly,"repo-derived chipload formula k0*D^p*(1/H)^q (machine::ChipLoadFormula, feeds::calculate step 2); exponents per CREDITS.md 'Chipload column convention and scaling laws'; k0 uncited (code comment 'Shapeoko empirical data' only)",,,,,,,FormulaFallback,,feeds.long_tool_derate,Info,LongToolDerate,CutGeometryFieldNotHeld,Trace,Finish,,
BallNose,6.0000,2,Pencil,mdf,refused,"Suggest has no basis for Pencil Finish with a ball nose in MDF: No published figure backs the formula for a ball-nose cutter on adaptive, pocket, contour or trace passes in MDF: the 1/4 in charts put it below half.",,,,,,,,,,,,,Refused,,,,,,,,,,,,,,Trace,Finish,,
BallNose,6.0000,2,Pencil,plywood_hardwood,refused,"Suggest has no basis for Pencil Finish with a ball nose in hardwood plywood: No published chipload exists for a ball-nose cutter on adaptive, pocket, contour or trace passes in plywood.",,,,,,,,,,,,,Refused,,,,,,,,,,,,,,Trace,Finish,,
BallNose,6.0000,2,Scallop,softwood,ok,,17500.0000,1167.0000,750.0000,,,0.3600,1.5362,0.0505,1.3505,,0.0389,0.0622,VendorBacked,,amana-ball-hardwood-scallop-6000-2f,SemiFinish,true,C,Derived,amana_ball_nose_v7,"VendorLut { observation_id: ""amana-ball-hardwood-scallop-6000-2f"" }",amana-ball-hardwood-scallop-6000-2f,feeds.long_tool_derate,Info,LongToolDerate,FinishEnvelopeAdvisory;CutGeometryFieldNotHeld;CutGeometryFieldNotHeld,Scallop,Finish,,
BallNose,6.0000,2,Scallop,hardwood,ok,,17500.0000,750.0000,526.0000,,,0.3600,1.5362,0.0325,2.4181,,0.0250,0.0400,VendorBacked,,amana-ball-hardwood-scallop-6000-2f,SemiFinish,false,C,Derived,amana_ball_nose_v7,"VendorLut { observation_id: ""amana-ball-hardwood-scallop-6000-2f"" }",amana-ball-hardwood-scallop-6000-2f,feeds.long_tool_derate;feeds.chipload_below_floor,Info;Caution,LongToolDerate;ChiploadBelowRubbingFloor,FinishEnvelopeAdvisory;CutGeometryFieldNotHeld;CutGeometryFieldNotHeld,Scallop,Finish,,
BallNose,6.0000,2,Scallop,mdf,ok,,17500.0000,861.0000,529.0000,,,0.3600,1.5362,0.0373,2.2308,,0.0287,0.0459,VendorBacked,,amana-ball-hardwood-scallop-6000-2f,SemiFinish,false,C,Derived,amana_ball_nose_v7,"VendorLut { observation_id: ""amana-ball-hardwood-scallop-6000-2f"" }",amana-ball-hardwood-scallop-6000-2f,feeds.long_tool_derate;feeds.chipload_below_floor,Info;Caution,LongToolDerate;ChiploadBelowRubbingFloor,FinishEnvelopeAdvisory;CutGeometryFieldNotHeld;CutGeometryFieldNotHeld,Scallop,Finish,,
BallNose,6.0000,2,Scallop,plywood_hardwood,ok,,17500.0000,825.0000,511.0000,,,0.3600,1.5362,0.0357,0.9144,,0.0275,0.0440,VendorBacked,,amana-ball-hardwood-scallop-6000-2f,SemiFinish,false,C,Derived,amana_ball_nose_v7,"VendorLut { observation_id: ""amana-ball-hardwood-scallop-6000-2f"" }",amana-ball-hardwood-scallop-6000-2f,feeds.long_tool_derate;feeds.chipload_below_floor,Info;Caution,LongToolDerate;ChiploadBelowRubbingFloor,FinishEnvelopeAdvisory;CutGeometryFieldNotHeld;CutGeometryFieldNotHeld,Scallop,Finish,,
BallNose,6.0000,2,UnifiedFinish,softwood,ok,,17500.0000,1167.0000,750.0000,,,0.3600,1.5362,0.0505,1.3505,,0.0389,0.0622,VendorBacked,,amana-ball-hardwood-scallop-6000-2f,SemiFinish,true,C,Derived,amana_ball_nose_v7,"VendorLut { observation_id: ""amana-ball-hardwood-scallop-6000-2f"" }",amana-ball-hardwood-scallop-6000-2f,feeds.long_tool_derate,Info,LongToolDerate,FinishEnvelopeAdvisory;CutGeometryFieldNotHeld;CutGeometryFieldNotHeld,Scallop,Finish,,
BallNose,6.0000,2,UnifiedFinish,hardwood,ok,,17500.0000,750.0000,526.0000,,,0.3600,1.5362,0.0325,2.4181,,0.0250,0.0400,VendorBacked,,amana-ball-hardwood-scallop-6000-2f,SemiFinish,false,C,Derived,amana_ball_nose_v7,"VendorLut { observation_id: ""amana-ball-hardwood-scallop-6000-2f"" }",amana-ball-hardwood-scallop-6000-2f,feeds.long_tool_derate;feeds.chipload_below_floor,Info;Caution,LongToolDerate;ChiploadBelowRubbingFloor,FinishEnvelopeAdvisory;CutGeometryFieldNotHeld;CutGeometryFieldNotHeld,Scallop,Finish,,
BallNose,6.0000,2,UnifiedFinish,mdf,ok,,17500.0000,861.0000,529.0000,,,0.3600,1.5362,0.0373,2.2308,,0.0287,0.0459,VendorBacked,,amana-ball-hardwood-scallop-6000-2f,SemiFinish,false,C,Derived,amana_ball_nose_v7,"VendorLut { observation_id: ""amana-ball-hardwood-scallop-6000-2f"" }",amana-ball-hardwood-scallop-6000-2f,feeds.long_tool_derate;feeds.chipload_below_floor,Info;Caution,LongToolDerate;ChiploadBelowRubbingFloor,FinishEnvelopeAdvisory;CutGeometryFieldNotHeld;CutGeometryFieldNotHeld,Scallop,Finish,,
BallNose,6.0000,2,UnifiedFinish,plywood_hardwood,ok,,17500.0000,825.0000,511.0000,,,0.3600,1.5362,0.0357,0.9144,,0.0275,0.0440,VendorBacked,,amana-ball-hardwood-scallop-6000-2f,SemiFinish,false,C,Derived,amana_ball_nose_v7,"VendorLut { observation_id: ""amana-ball-hardwood-scallop-6000-2f"" }",amana-ball-hardwood-scallop-6000-2f,feeds.long_tool_derate;feeds.chipload_below_floor,Info;Caution,LongToolDerate;ChiploadBelowRubbingFloor,FinishEnvelopeAdvisory;CutGeometryFieldNotHeld;CutGeometryFieldNotHeld,Scallop,Finish,,
BallNose,6.0000,2,SteepShallow,softwood,ok,,10610.0000,1002.0000,750.0000,0.3000,,1.0000,0.3000,0.0716,3.4294,,,,FormulaOnly,"repo-derived chipload formula k0*D^p*(1/H)^q (machine::ChipLoadFormula, feeds::calculate step 2); exponents per CREDITS.md 'Chipload column convention and scaling laws'; k0 uncited (code comment 'Shapeoko empirical data' only)",,,,,,,FormulaFallback,,efficiency.very_fine_stepover;feeds.long_tool_derate,Info;Info,LongToolDerate,FinishEnvelopeAdvisory;CutGeometryFieldNotHeld,Contour,Finish,,
BallNose,6.0000,2,SteepShallow,hardwood,ok,,10610.0000,642.0000,526.0000,0.3000,,1.0000,0.3000,0.0459,6.2992,,,,FormulaOnly,"repo-derived chipload formula k0*D^p*(1/H)^q (machine::ChipLoadFormula, feeds::calculate step 2); exponents per CREDITS.md 'Chipload column convention and scaling laws'; k0 uncited (code comment 'Shapeoko empirical data' only)",,,,,,,FormulaFallback,,efficiency.very_fine_stepover;feeds.long_tool_derate,Info;Info,LongToolDerate,FinishEnvelopeAdvisory;CutGeometryFieldNotHeld,Contour,Finish,,
BallNose,6.0000,2,SteepShallow,mdf,refused,"Suggest has no basis for Steep/Shallow with a ball nose in MDF: No published figure backs the formula for a ball-nose cutter on adaptive, pocket, contour or trace passes in MDF: the 1/4 in charts put it below half.",,,,,,,,,,,,,Refused,,,,,,,,,,,,,,Contour,Finish,,
BallNose,6.0000,2,SteepShallow,plywood_hardwood,refused,"Suggest has no basis for Steep/Shallow with a ball nose in hardwood plywood: No published chipload exists for a ball-nose cutter on adaptive, pocket, contour or trace passes in plywood.",,,,,,,,,,,,,Refused,,,,,,,,,,,,,,Contour,Finish,,
BallNose,6.0000,2,RampFinish,softwood,ok,,18000.0000,950.0000,750.0000,,0.5000,0.5000,0.1500,0.0400,1.4810,,0.0300,0.0500,VendorBacked,,amana-ball-softwood-parallel-6000-2f,Finish,false,C,Derived,amana_ball_nose_v7,"VendorLut { observation_id: ""amana-ball-softwood-parallel-6000-2f"" }",amana-ball-softwood-parallel-6000-2f,feeds.long_tool_derate,Info,LongToolDerate,CutGeometryFieldNotHeld,Parallel,Finish,,
BallNose,6.0000,2,RampFinish,hardwood,ok,,18000.0000,736.0000,526.0000,,0.5000,0.5000,0.1500,0.0310,2.8918,,0.0220,0.0400,VendorBacked,,amana-ball-hardwood-parallel-6000-2f,Finish,false,C,Derived,amana_ball_nose_v7,"VendorLut { observation_id: ""amana-ball-hardwood-parallel-6000-2f"" }",amana-ball-hardwood-parallel-6000-2f,feeds.long_tool_derate;feeds.chipload_below_floor,Info;Caution,LongToolDerate;ChiploadBelowRubbingFloor,CutGeometryFieldNotHeld,Parallel,Finish,,
BallNose,6.0000,2,RampFinish,mdf,ok,,17000.0000,751.0000,529.0000,,0.5000,0.5000,0.1500,0.0335,2.6044,,0.0250,0.0420,VendorBacked,,amana-ball-mdf-parallel-6000-2f,Finish,false,C,Derived,amana_ball_nose_v7,"VendorLut { observation_id: ""amana-ball-mdf-parallel-6000-2f"" }",amana-ball-mdf-parallel-6000-2f,feeds.long_tool_derate;feeds.chipload_below_floor,Info;Caution,LongToolDerate;ChiploadBelowRubbingFloor,CutGeometryFieldNotHeld,Parallel,Finish,,
BallNose,6.0000,2,RampFinish,plywood_hardwood,ok,,17000.0000,719.0000,511.0000,,0.5000,0.5000,0.1500,0.0321,1.0741,,0.0239,0.0402,VendorBacked,,amana-ball-mdf-parallel-6000-2f,Finish,false,C,Derived,amana_ball_nose_v7,"VendorLut { observation_id: ""amana-ball-mdf-parallel-6000-2f"" }",amana-ball-mdf-parallel-6000-2f,feeds.long_tool_derate;feeds.chipload_below_floor,Info;Caution,LongToolDerate;ChiploadBelowRubbingFloor,CutGeometryFieldNotHeld,Parallel,Finish,,
BallNose,6.0000,2,SpiralFinish,softwood,ok,,17500.0000,1167.0000,750.0000,0.1500,,0.3600,0.1500,0.0505,1.0958,,0.0389,0.0622,VendorBacked,,amana-ball-hardwood-scallop-6000-2f,SemiFinish,true,C,Derived,amana_ball_nose_v7,"VendorLut { observation_id: ""amana-ball-hardwood-scallop-6000-2f"" }",amana-ball-hardwood-scallop-6000-2f,efficiency.very_fine_stepover;feeds.long_tool_derate,Info;Info,LongToolDerate,FinishEnvelopeAdvisory;CutGeometryFieldNotHeld,Scallop,Finish,,
BallNose,6.0000,2,SpiralFinish,hardwood,ok,,17500.0000,750.0000,526.0000,0.1500,,0.3600,0.1500,0.0325,2.0905,,0.0250,0.0400,VendorBacked,,amana-ball-hardwood-scallop-6000-2f,SemiFinish,false,C,Derived,amana_ball_nose_v7,"VendorLut { observation_id: ""amana-ball-hardwood-scallop-6000-2f"" }",amana-ball-hardwood-scallop-6000-2f,efficiency.very_fine_stepover;feeds.long_tool_derate;feeds.chipload_below_floor,Info;Info;Caution,LongToolDerate;ChiploadBelowRubbingFloor,FinishEnvelopeAdvisory;CutGeometryFieldNotHeld,Scallop,Finish,,
BallNose,6.0000,2,SpiralFinish,mdf,ok,,17500.0000,861.0000,529.0000,0.1500,,0.3600,0.1500,0.0373,1.8943,,0.0287,0.0459,VendorBacked,,amana-ball-hardwood-scallop-6000-2f,SemiFinish,false,C,Derived,amana_ball_nose_v7,"VendorLut { observation_id: ""amana-ball-hardwood-scallop-6000-2f"" }",amana-ball-hardwood-scallop-6000-2f,efficiency.very_fine_stepover;feeds.long_tool_derate;feeds.chipload_below_floor,Info;Info;Caution,LongToolDerate;ChiploadBelowRubbingFloor,FinishEnvelopeAdvisory;CutGeometryFieldNotHeld,Scallop,Finish,,
BallNose,6.0000,2,SpiralFinish,plywood_hardwood,ok,,17500.0000,825.0000,511.0000,0.1500,,0.3600,0.1500,0.0357,0.7810,,0.0275,0.0440,VendorBacked,,amana-ball-hardwood-scallop-6000-2f,SemiFinish,false,C,Derived,amana_ball_nose_v7,"VendorLut { observation_id: ""amana-ball-hardwood-scallop-6000-2f"" }",amana-ball-hardwood-scallop-6000-2f,efficiency.very_fine_stepover;feeds.long_tool_derate;feeds.chipload_below_floor,Info;Info;Caution,LongToolDerate;ChiploadBelowRubbingFloor,FinishEnvelopeAdvisory;CutGeometryFieldNotHeld,Scallop,Finish,,
BallNose,6.0000,2,RadialFinish,softwood,ok,,18000.0000,950.0000,750.0000,,,0.3600,0.1500,0.0400,1.0663,,0.0300,0.0500,VendorBacked,,amana-ball-softwood-parallel-6000-2f,Finish,false,C,Derived,amana_ball_nose_v7,"VendorLut { observation_id: ""amana-ball-softwood-parallel-6000-2f"" }",amana-ball-softwood-parallel-6000-2f,feeds.long_tool_derate,Info,LongToolDerate,FinishEnvelopeAdvisory;CutGeometryFieldNotHeld;CutGeometryFieldNotHeld,Parallel,Finish,,
BallNose,6.0000,2,RadialFinish,hardwood,ok,,18000.0000,736.0000,526.0000,,,0.3600,0.1500,0.0310,2.0821,,0.0220,0.0400,VendorBacked,,amana-ball-hardwood-parallel-6000-2f,Finish,false,C,Derived,amana_ball_nose_v7,"VendorLut { observation_id: ""amana-ball-hardwood-parallel-6000-2f"" }",amana-ball-hardwood-parallel-6000-2f,feeds.long_tool_derate;feeds.chipload_below_floor,Info;Caution,LongToolDerate;ChiploadBelowRubbingFloor,FinishEnvelopeAdvisory;CutGeometryFieldNotHeld;CutGeometryFieldNotHeld,Parallel,Finish,,
BallNose,6.0000,2,RadialFinish,mdf,ok,,17000.0000,751.0000,529.0000,,,0.3600,0.1500,0.0335,1.8751,,0.0250,0.0420,VendorBacked,,amana-ball-mdf-parallel-6000-2f,Finish,false,C,Derived,amana_ball_nose_v7,"VendorLut { observation_id: ""amana-ball-mdf-parallel-6000-2f"" }",amana-ball-mdf-parallel-6000-2f,feeds.long_tool_derate;feeds.chipload_below_floor,Info;Caution,LongToolDerate;ChiploadBelowRubbingFloor,FinishEnvelopeAdvisory;CutGeometryFieldNotHeld;CutGeometryFieldNotHeld,Parallel,Finish,,
BallNose,6.0000,2,RadialFinish,plywood_hardwood,ok,,17000.0000,719.0000,511.0000,,,0.3600,0.1500,0.0321,0.7734,,0.0239,0.0402,VendorBacked,,amana-ball-mdf-parallel-6000-2f,Finish,false,C,Derived,amana_ball_nose_v7,"VendorLut { observation_id: ""amana-ball-mdf-parallel-6000-2f"" }",amana-ball-mdf-parallel-6000-2f,feeds.long_tool_derate;feeds.chipload_below_floor,Info;Caution,LongToolDerate;ChiploadBelowRubbingFloor,FinishEnvelopeAdvisory;CutGeometryFieldNotHeld;CutGeometryFieldNotHeld,Parallel,Finish,,
BallNose,6.0000,2,HorizontalFinish,softwood,ok,,18000.0000,950.0000,750.0000,0.1500,,0.3600,0.1500,0.0400,1.0663,,0.0300,0.0500,VendorBacked,,amana-ball-softwood-parallel-6000-2f,Finish,false,C,Derived,amana_ball_nose_v7,"VendorLut { observation_id: ""amana-ball-softwood-parallel-6000-2f"" }",amana-ball-softwood-parallel-6000-2f,efficiency.very_fine_stepover;feeds.long_tool_derate,Info;Info,LongToolDerate,FinishEnvelopeAdvisory;CutGeometryFieldNotHeld,Parallel,Finish,,
BallNose,6.0000,2,HorizontalFinish,hardwood,ok,,18000.0000,736.0000,526.0000,0.1500,,0.3600,0.1500,0.0310,2.0821,,0.0220,0.0400,VendorBacked,,amana-ball-hardwood-parallel-6000-2f,Finish,false,C,Derived,amana_ball_nose_v7,"VendorLut { observation_id: ""amana-ball-hardwood-parallel-6000-2f"" }",amana-ball-hardwood-parallel-6000-2f,efficiency.very_fine_stepover;feeds.long_tool_derate;feeds.chipload_below_floor,Info;Info;Caution,LongToolDerate;ChiploadBelowRubbingFloor,FinishEnvelopeAdvisory;CutGeometryFieldNotHeld,Parallel,Finish,,
BallNose,6.0000,2,HorizontalFinish,mdf,ok,,17000.0000,751.0000,529.0000,0.1500,,0.3600,0.1500,0.0335,1.8751,,0.0250,0.0420,VendorBacked,,amana-ball-mdf-parallel-6000-2f,Finish,false,C,Derived,amana_ball_nose_v7,"VendorLut { observation_id: ""amana-ball-mdf-parallel-6000-2f"" }",amana-ball-mdf-parallel-6000-2f,efficiency.very_fine_stepover;feeds.long_tool_derate;feeds.chipload_below_floor,Info;Info;Caution,LongToolDerate;ChiploadBelowRubbingFloor,FinishEnvelopeAdvisory;CutGeometryFieldNotHeld,Parallel,Finish,,
BallNose,6.0000,2,HorizontalFinish,plywood_hardwood,ok,,17000.0000,719.0000,511.0000,0.1500,,0.3600,0.1500,0.0321,0.7734,,0.0239,0.0402,VendorBacked,,amana-ball-mdf-parallel-6000-2f,Finish,false,C,Derived,amana_ball_nose_v7,"VendorLut { observation_id: ""amana-ball-mdf-parallel-6000-2f"" }",amana-ball-mdf-parallel-6000-2f,efficiency.very_fine_stepover;feeds.long_tool_derate;feeds.chipload_below_floor,Info;Info;Caution,LongToolDerate;ChiploadBelowRubbingFloor,FinishEnvelopeAdvisory;CutGeometryFieldNotHeld,Parallel,Finish,,
BallNose,6.0000,2,ProjectCurve,softwood,ok,,18000.0000,950.0000,750.0000,,,0.3600,0.1200,0.0400,1.0547,,0.0300,0.0500,VendorBacked,,amana-ball-softwood-parallel-6000-2f,Finish,false,C,Derived,amana_ball_nose_v7,"VendorLut { observation_id: ""amana-ball-softwood-parallel-6000-2f"" }",amana-ball-softwood-parallel-6000-2f,feeds.long_tool_derate,Info,LongToolDerate,ProjectCurveDepthInfeasible;CutGeometryFieldNotHeld;CutGeometryFieldNotHeld,Trace,Finish,,
BallNose,6.0000,2,ProjectCurve,hardwood,ok,,18000.0000,736.0000,526.0000,,,0.3600,0.1200,0.0310,2.0641,,0.0220,0.0400,VendorBacked,,amana-ball-hardwood-parallel-6000-2f,Finish,false,C,Derived,amana_ball_nose_v7,"VendorLut { observation_id: ""amana-ball-hardwood-parallel-6000-2f"" }",amana-ball-hardwood-parallel-6000-2f,feeds.long_tool_derate;feeds.chipload_below_floor,Info;Caution,LongToolDerate;ChiploadBelowRubbingFloor,ProjectCurveDepthInfeasible;CutGeometryFieldNotHeld;CutGeometryFieldNotHeld,Trace,Finish,,
BallNose,6.0000,2,ProjectCurve,mdf,ok,,17000.0000,751.0000,529.0000,,,0.3600,0.1200,0.0335,1.8578,,0.0250,0.0420,VendorBacked,,amana-ball-mdf-parallel-6000-2f,Finish,false,C,Derived,amana_ball_nose_v7,"VendorLut { observation_id: ""amana-ball-mdf-parallel-6000-2f"" }",amana-ball-mdf-parallel-6000-2f,feeds.long_tool_derate;feeds.chipload_below_floor,Info;Caution,LongToolDerate;ChiploadBelowRubbingFloor,ProjectCurveDepthInfeasible;CutGeometryFieldNotHeld;CutGeometryFieldNotHeld,Trace,Finish,,
BallNose,6.0000,2,ProjectCurve,plywood_hardwood,ok,,17000.0000,719.0000,511.0000,,,0.3600,0.1200,0.0321,0.7665,,0.0239,0.0402,VendorBacked,,amana-ball-mdf-parallel-6000-2f,Finish,false,C,Derived,amana_ball_nose_v7,"VendorLut { observation_id: ""amana-ball-mdf-parallel-6000-2f"" }",amana-ball-mdf-parallel-6000-2f,feeds.long_tool_derate;feeds.chipload_below_floor,Info;Caution,LongToolDerate;ChiploadBelowRubbingFloor,ProjectCurveDepthInfeasible;CutGeometryFieldNotHeld;CutGeometryFieldNotHeld,Trace,Finish,,
BallNose,6.0000,2,AlignmentPinDrill,softwood,refused,"Suggest has no basis for Pin Drill with a ball nose in softwood: No published wood figure exists for a plunge drill with a ball-nose cutter, and the drill multiplier 2.5 is unsourced.",,,,,,,,,,,,,Refused,,,,,,,,,,,,,,Drill,Roughing,,
BallNose,6.0000,2,AlignmentPinDrill,hardwood,refused,"Suggest has no basis for Pin Drill with a ball nose in hardwood: No published wood figure exists for a plunge drill with a ball-nose cutter, and the drill multiplier 2.5 is unsourced.",,,,,,,,,,,,,Refused,,,,,,,,,,,,,,Drill,Roughing,,
BallNose,6.0000,2,AlignmentPinDrill,mdf,refused,"Suggest has no basis for Pin Drill with a ball nose in MDF: No published wood figure exists for a plunge drill with a ball-nose cutter, and the drill multiplier 2.5 is unsourced.",,,,,,,,,,,,,Refused,,,,,,,,,,,,,,Drill,Roughing,,
BallNose,6.0000,2,AlignmentPinDrill,plywood_hardwood,refused,"Suggest has no basis for Pin Drill with a ball nose in hardwood plywood: No published wood figure exists for a plunge drill with a ball-nose cutter, and the drill multiplier 2.5 is unsourced.",,,,,,,,,,,,,Refused,,,,,,,,,,,,,,Drill,Roughing,,
BullNose,3.1750,2,Face,softwood,ok,,18000.0000,2057.0000,396.0000,1.1110,0.6350,2.2225,1.1112,0.1016,11.2694,0.0053,0.0762,0.1270,VendorBacked,,amana-zrn-flat-softwood-pocket-3175-2f,Roughing,false,A,Exact,amana_zrn_3d_profiling_v8,"VendorLut { observation_id: ""amana-zrn-flat-softwood-pocket-3175-2f"" }",amana-zrn-flat-softwood-pocket-3175-2f,feeds.long_tool_derate,Info,LongToolDerate,RoughingDepthClampedToRigidity,Pocket,Roughing,0.2000,0.6350
BullNose,3.1750,2,Face,hardwood,ok,,18000.0000,2057.0000,278.0000,1.1110,0.6350,2.2225,1.1112,0.1016,22.5387,0.0105,,,VendorBacked,,amana-flat-hardwood-pocket-3175-2f-spektra,Roughing,false,B,Derived,amana_spektra_spiral_plunge_v24,"VendorLut { observation_id: ""amana-flat-hardwood-pocket-3175-2f-spektra"" }",amana-flat-hardwood-pocket-3175-2f-spektra,feeds.long_tool_derate,Info,LongToolDerate,RoughingDepthClampedToRigidity,Pocket,Roughing,0.2000,0.6350
BullNose,3.1750,2,Face,mdf,ok,,18000.0000,2571.0000,280.0000,1.1110,0.6350,2.2225,1.1112,0.1270,22.5692,0.0100,,,VendorBacked,,amana-flat-mdf-pocket-3175-2f-spektra,Roughing,false,A,Exact,amana_spektra_spiral_plunge_v24,"VendorLut { observation_id: ""amana-flat-mdf-pocket-3175-2f-spektra"" }",amana-flat-mdf-pocket-3175-2f-spektra,feeds.long_tool_derate,Info,LongToolDerate,RoughingDepthClampedToRigidity,Pocket,Roughing,0.2000,0.6350
BullNose,3.1750,2,Face,plywood_hardwood,ok,,18000.0000,1878.0000,270.0000,1.1110,0.6350,2.2225,1.1112,0.0927,8.0005,0.0038,,,VendorBacked,,amana-flat-plywood-hardwood-pocket-3175-2f-spektra,Roughing,false,B,Derived,amana_spektra_spiral_plunge_v24,"VendorLut { observation_id: ""amana-flat-plywood-hardwood-pocket-3175-2f-spektra"" }",amana-flat-plywood-hardwood-pocket-3175-2f-spektra,feeds.long_tool_derate,Info,LongToolDerate,RoughingDepthClampedToRigidity,Pocket,Roughing,0.2000,0.6350
BullNose,3.1750,2,Pocket,softwood,ok,,18000.0000,2057.0000,396.0000,1.1110,0.6350,2.2225,1.1112,0.1016,11.2694,0.0053,0.0762,0.1270,VendorBacked,,amana-zrn-flat-softwood-pocket-3175-2f,Roughing,false,A,Exact,amana_zrn_3d_profiling_v8,"VendorLut { observation_id: ""amana-zrn-flat-softwood-pocket-3175-2f"" }",amana-zrn-flat-softwood-pocket-3175-2f,feeds.long_tool_derate,Info,LongToolDerate,RoughingDepthClampedToRigidity,Pocket,Roughing,0.2000,0.6350
BullNose,3.1750,2,Pocket,hardwood,ok,,18000.0000,2057.0000,278.0000,1.1110,0.6350,2.2225,1.1112,0.1016,22.5387,0.0105,,,VendorBacked,,amana-flat-hardwood-pocket-3175-2f-spektra,Roughing,false,B,Derived,amana_spektra_spiral_plunge_v24,"VendorLut { observation_id: ""amana-flat-hardwood-pocket-3175-2f-spektra"" }",amana-flat-hardwood-pocket-3175-2f-spektra,feeds.long_tool_derate,Info,LongToolDerate,RoughingDepthClampedToRigidity,Pocket,Roughing,0.2000,0.6350
BullNose,3.1750,2,Pocket,mdf,ok,,18000.0000,2571.0000,280.0000,1.1110,0.6350,2.2225,1.1112,0.1270,22.5692,0.0100,,,VendorBacked,,amana-flat-mdf-pocket-3175-2f-spektra,Roughing,false,A,Exact,amana_spektra_spiral_plunge_v24,"VendorLut { observation_id: ""amana-flat-mdf-pocket-3175-2f-spektra"" }",amana-flat-mdf-pocket-3175-2f-spektra,feeds.long_tool_derate,Info,LongToolDerate,RoughingDepthClampedToRigidity,Pocket,Roughing,0.2000,0.6350
BullNose,3.1750,2,Pocket,plywood_hardwood,ok,,18000.0000,1878.0000,270.0000,1.1110,0.6350,2.2225,1.1112,0.0927,8.0005,0.0038,,,VendorBacked,,amana-flat-plywood-hardwood-pocket-3175-2f-spektra,Roughing,false,B,Derived,amana_spektra_spiral_plunge_v24,"VendorLut { observation_id: ""amana-flat-plywood-hardwood-pocket-3175-2f-spektra"" }",amana-flat-plywood-hardwood-pocket-3175-2f-spektra,feeds.long_tool_derate,Info,LongToolDerate,RoughingDepthClampedToRigidity,Pocket,Roughing,0.2000,0.6350
BullNose,3.1750,2,Profile,softwood,ok,,20051.0000,3000.0000,396.0000,,0.6350,2.5400,0.5715,0.2782,20.2934,,0.2551,0.3014,VendorBacked,,onsrud-softwood-60-100mw-1_8-finish,Finish,false,B,Exact,onsrud_soft_wood_cutting_data,"VendorLut { observation_id: ""onsrud-softwood-60-100mw-1_8-finish"" }",onsrud-softwood-60-100mw-1_8-finish,feeds.long_tool_derate;feeds.feed_clamped,Info;Info,LongToolDerate;FeedRateClamped,RoughingDepthClampedToRigidity;CutGeometryFieldNotHeld,Contour,Roughing,0.2000,0.6350
BullNose,3.1750,2,Profile,hardwood,ok,,21000.0000,536.0000,278.0000,,0.6350,2.5400,0.5715,0.0227,15.6773,,0.0170,0.0284,VendorBacked,,amana-flat-hardwood-contour-3175-2f,Finish,false,C,Derived,amana_spektra_spiral_plunge_v24,"VendorLut { observation_id: ""amana-flat-hardwood-contour-3175-2f"" }",amana-flat-hardwood-contour-3175-2f,feeds.long_tool_derate;feeds.chipload_below_floor,Info;Caution,LongToolDerate;ChiploadBelowRubbingFloor,RoughingDepthClampedToRigidity;CutGeometryFieldNotHeld,Contour,Roughing,0.2000,0.6350
BullNose,3.1750,2,Profile,mdf,ok,,17043.0000,3000.0000,280.0000,,0.6350,2.5400,0.5715,0.2229,31.4806,,0.2026,0.2431,VendorBacked,,onsrud-mdf-60-100mw-1_8-finish,Finish,true,B,Exact,onsrud_mdf_cutting_data,"VendorLut { observation_id: ""onsrud-mdf-60-100mw-1_8-finish"" }",onsrud-mdf-60-100mw-1_8-finish,feeds.long_tool_derate;feeds.feed_clamped,Info;Info,LongToolDerate;FeedRateClamped,RoughingDepthClampedToRigidity;CutGeometryFieldNotHeld,Contour,Roughing,0.2000,0.6350
BullNose,3.1750,2,Profile,plywood_hardwood,ok,,18046.0000,3000.0000,270.0000,,0.6350,2.5400,0.5715,0.3161,16.4005,,0.2918,0.3405,VendorBacked,,onsrud-plywood-hardwood-60-100mw-1_8-finish,Finish,false,A,Exact,onsrud_hard_plywood_cutting_data,"VendorLut { observation_id: ""onsrud-plywood-hardwood-60-100mw-1_8-finish"" }",onsrud-plywood-hardwood-60-100mw-1_8-finish,feeds.long_tool_derate;feeds.feed_clamped,Info;Info,LongToolDerate;FeedRateClamped,RoughingDepthClampedToRigidity;CutGeometryFieldNotHeld,Contour,Roughing,0.2000,0.6350
BullNose,3.1750,2,Adaptive,softwood,ok,,18000.0000,1800.0000,396.0000,0.6350,4.5000,4.7625,0.6350,0.1016,22.2883,0.0253,,,VendorBacked,,amana-flat-softwood-adaptive-3175-2f-spektra,Roughing,false,B,Derived,amana_spektra_spiral_plunge_v24,"VendorLut { observation_id: ""amana-flat-softwood-adaptive-3175-2f-spektra"" }",amana-flat-softwood-adaptive-3175-2f-spektra,feeds.long_tool_derate,Info,LongToolDerate,,Adaptive,Roughing,1.5000,4.7625
BullNose,3.1750,2,Adaptive,hardwood,ok,,18000.0000,1800.0000,278.0000,0.6350,4.5000,4.7625,0.6350,0.1016,44.5767,0.0507,,,VendorBacked,,amana-flat-hardwood-adaptive-3175-2f-spektra,Roughing,false,B,Derived,amana_spektra_spiral_plunge_v24,"VendorLut { observation_id: ""amana-flat-hardwood-adaptive-3175-2f-spektra"" }",amana-flat-hardwood-adaptive-3175-2f-spektra,feeds.long_tool_derate,Info,LongToolDerate,,Adaptive,Roughing,1.5000,4.7625
BullNose,3.1750,2,Adaptive,mdf,ok,,18000.0000,2250.0000,280.0000,0.6350,4.5000,4.7625,0.6350,0.1270,44.2020,0.0473,,,VendorBacked,,amana-flat-mdf-adaptive-3175-2f-spektra,Roughing,false,A,Exact,amana_spektra_spiral_plunge_v24,"VendorLut { observation_id: ""amana-flat-mdf-adaptive-3175-2f-spektra"" }",amana-flat-mdf-adaptive-3175-2f-spektra,feeds.long_tool_derate,Info,LongToolDerate,,Adaptive,Roughing,1.5000,4.7625
BullNose,3.1750,2,Adaptive,plywood_hardwood,ok,,18000.0000,1643.0000,270.0000,0.6350,4.5000,4.7625,0.6350,0.0927,15.8859,0.0185,,,VendorBacked,,amana-flat-plywood-hardwood-adaptive-3175-2f-spektra,Roughing,false,B,Derived,amana_spektra_spiral_plunge_v24,"VendorLut { observation_id: ""amana-flat-plywood-hardwood-adaptive-3175-2f-spektra"" }",amana-flat-plywood-hardwood-adaptive-3175-2f-spektra,feeds.long_tool_derate,Info,LongToolDerate,,Adaptive,Roughing,1.5000,4.7625
BullNose,3.1750,2,VCarve,softwood,refused,VCarve needs a V-bit tool; this tool is a bull nose.,,,,,,,,,,,,,Refused,,,,,,,,,,,,,,Trace,Finish,,
BullNose,3.1750,2,VCarve,hardwood,refused,VCarve needs a V-bit tool; this tool is a bull nose.,,,,,,,,,,,,,Refused,,,,,,,,,,,,,,Trace,Finish,,
BullNose,3.1750,2,VCarve,mdf,refused,VCarve needs a V-bit tool; this tool is a bull nose.,,,,,,,,,,,,,Refused,,,,,,,,,,,,,,Trace,Finish,,
BullNose,3.1750,2,VCarve,plywood_hardwood,refused,VCarve needs a V-bit tool; this tool is a bull nose.,,,,,,,,,,,,,Refused,,,,,,,,,,,,,,Trace,Finish,,
BullNose,3.1750,2,Rest,softwood,ok,,18000.0000,2057.0000,396.0000,1.1110,0.6350,2.2225,1.1112,0.1016,11.2694,0.0053,0.0762,0.1270,VendorBacked,,amana-zrn-flat-softwood-pocket-3175-2f,Roughing,false,A,Exact,amana_zrn_3d_profiling_v8,"VendorLut { observation_id: ""amana-zrn-flat-softwood-pocket-3175-2f"" }",amana-zrn-flat-softwood-pocket-3175-2f,feeds.long_tool_derate,Info,LongToolDerate,RoughingDepthClampedToRigidity,Pocket,Roughing,0.2000,0.6350
BullNose,3.1750,2,Rest,hardwood,ok,,18000.0000,2057.0000,278.0000,1.1110,0.6350,2.2225,1.1112,0.1016,22.5387,0.0105,,,VendorBacked,,amana-flat-hardwood-pocket-3175-2f-spektra,Roughing,false,B,Derived,amana_spektra_spiral_plunge_v24,"VendorLut { observation_id: ""amana-flat-hardwood-pocket-3175-2f-spektra"" }",amana-flat-hardwood-pocket-3175-2f-spektra,feeds.long_tool_derate,Info,LongToolDerate,RoughingDepthClampedToRigidity,Pocket,Roughing,0.2000,0.6350
BullNose,3.1750,2,Rest,mdf,ok,,18000.0000,2571.0000,280.0000,1.1110,0.6350,2.2225,1.1112,0.1270,22.5692,0.0100,,,VendorBacked,,amana-flat-mdf-pocket-3175-2f-spektra,Roughing,false,A,Exact,amana_spektra_spiral_plunge_v24,"VendorLut { observation_id: ""amana-flat-mdf-pocket-3175-2f-spektra"" }",amana-flat-mdf-pocket-3175-2f-spektra,feeds.long_tool_derate,Info,LongToolDerate,RoughingDepthClampedToRigidity,Pocket,Roughing,0.2000,0.6350
BullNose,3.1750,2,Rest,plywood_hardwood,ok,,18000.0000,1878.0000,270.0000,1.1110,0.6350,2.2225,1.1112,0.0927,8.0005,0.0038,,,VendorBacked,,amana-flat-plywood-hardwood-pocket-3175-2f-spektra,Roughing,false,B,Derived,amana_spektra_spiral_plunge_v24,"VendorLut { observation_id: ""amana-flat-plywood-hardwood-pocket-3175-2f-spektra"" }",amana-flat-plywood-hardwood-pocket-3175-2f-spektra,feeds.long_tool_derate,Info,LongToolDerate,RoughingDepthClampedToRigidity,Pocket,Roughing,0.2000,0.6350
BullNose,3.1750,2,Inlay,softwood,refused,Inlay needs a V-bit tool; this tool is a bull nose.,,,,,,,,,,,,,Refused,,,,,,,,,,,,,,Trace,Finish,,
BullNose,3.1750,2,Inlay,hardwood,refused,Inlay needs a V-bit tool; this tool is a bull nose.,,,,,,,,,,,,,Refused,,,,,,,,,,,,,,Trace,Finish,,
BullNose,3.1750,2,Inlay,mdf,refused,Inlay needs a V-bit tool; this tool is a bull nose.,,,,,,,,,,,,,Refused,,,,,,,,,,,,,,Trace,Finish,,
BullNose,3.1750,2,Inlay,plywood_hardwood,refused,Inlay needs a V-bit tool; this tool is a bull nose.,,,,,,,,,,,,,Refused,,,,,,,,,,,,,,Trace,Finish,,
BullNose,3.1750,2,Zigzag,softwood,ok,,18000.0000,2057.0000,396.0000,1.1110,0.6350,2.2225,1.1112,0.1016,11.2694,0.0053,0.0762,0.1270,VendorBacked,,amana-zrn-flat-softwood-pocket-3175-2f,Roughing,false,A,Exact,amana_zrn_3d_profiling_v8,"VendorLut { observation_id: ""amana-zrn-flat-softwood-pocket-3175-2f"" }",amana-zrn-flat-softwood-pocket-3175-2f,feeds.long_tool_derate,Info,LongToolDerate,RoughingDepthClampedToRigidity,Pocket,Roughing,0.2000,0.6350
BullNose,3.1750,2,Zigzag,hardwood,ok,,18000.0000,2057.0000,278.0000,1.1110,0.6350,2.2225,1.1112,0.1016,22.5387,0.0105,,,VendorBacked,,amana-flat-hardwood-pocket-3175-2f-spektra,Roughing,false,B,Derived,amana_spektra_spiral_plunge_v24,"VendorLut { observation_id: ""amana-flat-hardwood-pocket-3175-2f-spektra"" }",amana-flat-hardwood-pocket-3175-2f-spektra,feeds.long_tool_derate,Info,LongToolDerate,RoughingDepthClampedToRigidity,Pocket,Roughing,0.2000,0.6350
BullNose,3.1750,2,Zigzag,mdf,ok,,18000.0000,2571.0000,280.0000,1.1110,0.6350,2.2225,1.1112,0.1270,22.5692,0.0100,,,VendorBacked,,amana-flat-mdf-pocket-3175-2f-spektra,Roughing,false,A,Exact,amana_spektra_spiral_plunge_v24,"VendorLut { observation_id: ""amana-flat-mdf-pocket-3175-2f-spektra"" }",amana-flat-mdf-pocket-3175-2f-spektra,feeds.long_tool_derate,Info,LongToolDerate,RoughingDepthClampedToRigidity,Pocket,Roughing,0.2000,0.6350
BullNose,3.1750,2,Zigzag,plywood_hardwood,ok,,18000.0000,1878.0000,270.0000,1.1110,0.6350,2.2225,1.1112,0.0927,8.0005,0.0038,,,VendorBacked,,amana-flat-plywood-hardwood-pocket-3175-2f-spektra,Roughing,false,B,Derived,amana_spektra_spiral_plunge_v24,"VendorLut { observation_id: ""amana-flat-plywood-hardwood-pocket-3175-2f-spektra"" }",amana-flat-plywood-hardwood-pocket-3175-2f-spektra,feeds.long_tool_derate,Info,LongToolDerate,RoughingDepthClampedToRigidity,Pocket,Roughing,0.2000,0.6350
BullNose,3.1750,2,Trace,softwood,refused,"Suggest has no basis for Trace with a bull nose in softwood: No published wood chipload exists for a bull-nose cutter on a trace, pencil or projected-curve pass.",,,,,,,,,,,,,Refused,,,,,,,,,,,,,,Trace,Finish,,
BullNose,3.1750,2,Trace,hardwood,refused,"Suggest has no basis for Trace with a bull nose in hardwood: No published wood chipload exists for a bull-nose cutter on a trace, pencil or projected-curve pass.",,,,,,,,,,,,,Refused,,,,,,,,,,,,,,Trace,Finish,,
BullNose,3.1750,2,Trace,mdf,refused,"Suggest has no basis for Trace with a bull nose in MDF: No published wood chipload exists for a bull-nose cutter on a trace, pencil or projected-curve pass.",,,,,,,,,,,,,Refused,,,,,,,,,,,,,,Trace,Finish,,
BullNose,3.1750,2,Trace,plywood_hardwood,refused,"Suggest has no basis for Trace with a bull nose in hardwood plywood: No published wood chipload exists for a bull-nose cutter on a trace, pencil or projected-curve pass.",,,,,,,,,,,,,Refused,,,,,,,,,,,,,,Trace,Finish,,
BullNose,3.1750,2,Drill,softwood,refused,"Suggest has no basis for Drill with a bull nose in softwood: No published wood figure exists for a plunge drill with a bull-nose cutter, and the drill multiplier 2.5 is unsourced.",,,,,,,,,,,,,Refused,,,,,,,,,,,,,,Drill,Roughing,,
BullNose,3.1750,2,Drill,hardwood,refused,"Suggest has no basis for Drill with a bull nose in hardwood: No published wood figure exists for a plunge drill with a bull-nose cutter, and the drill multiplier 2.5 is unsourced.",,,,,,,,,,,,,Refused,,,,,,,,,,,,,,Drill,Roughing,,
BullNose,3.1750,2,Drill,mdf,refused,"Suggest has no basis for Drill with a bull nose in MDF: No published wood figure exists for a plunge drill with a bull-nose cutter, and the drill multiplier 2.5 is unsourced.",,,,,,,,,,,,,Refused,,,,,,,,,,,,,,Drill,Roughing,,
BullNose,3.1750,2,Drill,plywood_hardwood,refused,"Suggest has no basis for Drill with a bull nose in hardwood plywood: No published wood figure exists for a plunge drill with a bull-nose cutter, and the drill multiplier 2.5 is unsourced.",,,,,,,,,,,,,Refused,,,,,,,,,,,,,,Drill,Roughing,,
BullNose,3.1750,2,Chamfer,softwood,refused,Chamfer needs a V-bit tool; this tool is a bull nose.,,,,,,,,,,,,,Refused,,,,,,,,,,,,,,Trace,Finish,,
BullNose,3.1750,2,Chamfer,hardwood,refused,Chamfer needs a V-bit tool; this tool is a bull nose.,,,,,,,,,,,,,Refused,,,,,,,,,,,,,,Trace,Finish,,
BullNose,3.1750,2,Chamfer,mdf,refused,Chamfer needs a V-bit tool; this tool is a bull nose.,,,,,,,,,,,,,Refused,,,,,,,,,,,,,,Trace,Finish,,
BullNose,3.1750,2,Chamfer,plywood_hardwood,refused,Chamfer needs a V-bit tool; this tool is a bull nose.,,,,,,,,,,,,,Refused,,,,,,,,,,,,,,Trace,Finish,,
BullNose,3.1750,2,DropCutter,softwood,refused,Suggest has no basis for 3D Finish with a bull nose in softwood: No published wood chipload exists for a bull-nose cutter on a parallel finish pass.,,,,,,,,,,,,,Refused,,,,,,,,,,,,,,Parallel,Finish,,
BullNose,3.1750,2,DropCutter,hardwood,refused,Suggest has no basis for 3D Finish with a bull nose in hardwood: No published wood chipload exists for a bull-nose cutter on a parallel finish pass.,,,,,,,,,,,,,Refused,,,,,,,,,,,,,,Parallel,Finish,,
BullNose,3.1750,2,DropCutter,mdf,refused,Suggest has no basis for 3D Finish with a bull nose in MDF: No published wood chipload exists for a bull-nose cutter on a parallel finish pass.,,,,,,,,,,,,,Refused,,,,,,,,,,,,,,Parallel,Finish,,
BullNose,3.1750,2,DropCutter,plywood_hardwood,refused,Suggest has no basis for 3D Finish with a bull nose in hardwood plywood: No published wood chipload exists for a bull-nose cutter on a parallel finish pass.,,,,,,,,,,,,,Refused,,,,,,,,,,,,,,Parallel,Finish,,
BullNose,3.1750,2,Adaptive3d,softwood,ok,,18000.0000,2057.4000,396.0000,0.6350,3.1750,4.7625,0.6350,0.1016,22.2883,0.0183,0.0667,0.1111,VendorBacked,,amana-zrn-flat-softwood-pocket-3175-2f,Roughing,false,A,Exact,amana_zrn_3d_profiling_v8,"VendorLut { observation_id: ""amana-zrn-flat-softwood-pocket-3175-2f"" }",amana-zrn-flat-softwood-pocket-3175-2f,feeds.long_tool_derate,Info,LongToolDerate,AxialDocClampedByEnvelope;StrategyRewrote;FeedRescaledToFinalGeometry,Adaptive,Roughing,1.5000,4.7625
BullNose,3.1750,2,Adaptive3d,hardwood,ok,,18000.0000,2057.4000,278.0000,0.6350,3.1750,4.7625,0.6350,0.1016,44.5767,0.0366,,,VendorBacked,,amana-flat-hardwood-pocket-3175-2f-spektra,Roughing,false,B,Derived,amana_spektra_spiral_plunge_v24,"VendorLut { observation_id: ""amana-flat-hardwood-pocket-3175-2f-spektra"" }",amana-flat-hardwood-pocket-3175-2f-spektra,feeds.long_tool_derate,Info,LongToolDerate,AxialDocClampedByEnvelope;StrategyRewrote;FeedRescaledToFinalGeometry,Adaptive,Roughing,1.5000,4.7625
BullNose,3.1750,2,Adaptive3d,mdf,ok,,18000.0000,2571.7500,280.0000,0.6350,3.1750,4.7625,0.6350,0.1270,44.2020,0.0343,,,VendorBacked,,amana-flat-mdf-pocket-3175-2f-spektra,Roughing,false,A,Exact,amana_spektra_spiral_plunge_v24,"VendorLut { observation_id: ""amana-flat-mdf-pocket-3175-2f-spektra"" }",amana-flat-mdf-pocket-3175-2f-spektra,feeds.long_tool_derate,Info,LongToolDerate,AxialDocClampedByEnvelope;StrategyRewrote;FeedRescaledToFinalGeometry,Adaptive,Roughing,1.5000,4.7625
BullNose,3.1750,2,Adaptive3d,plywood_hardwood,ok,,18000.0000,1878.1406,270.0000,0.6350,3.1750,4.7625,0.6350,0.0927,15.8859,0.0133,,,VendorBacked,,amana-flat-plywood-hardwood-pocket-3175-2f-spektra,Roughing,false,B,Derived,amana_spektra_spiral_plunge_v24,"VendorLut { observation_id: ""amana-flat-plywood-hardwood-pocket-3175-2f-spektra"" }",amana-flat-plywood-hardwood-pocket-3175-2f-spektra,feeds.long_tool_derate,Info,LongToolDerate,AxialDocClampedByEnvelope;StrategyRewrote;FeedRescaledToFinalGeometry,Adaptive,Roughing,1.5000,4.7625
BullNose,3.1750,2,Waterline,softwood,ok,,20051.0000,3000.0000,396.0000,,1.0000,1.0000,0.3175,0.2782,6.8195,,0.2551,0.3014,VendorBacked,,onsrud-softwood-60-100mw-1_8-finish,Finish,false,B,Exact,onsrud_soft_wood_cutting_data,"VendorLut { observation_id: ""onsrud-softwood-60-100mw-1_8-finish"" }",onsrud-softwood-60-100mw-1_8-finish,feeds.long_tool_derate;feeds.feed_clamped,Info;Info,LongToolDerate;FeedRateClamped,FinishEnvelopeAdvisory;CutGeometryFieldNotHeld,Contour,SemiFinish,,
BullNose,3.1750,2,Waterline,hardwood,ok,,21000.0000,536.0000,278.0000,,1.0000,1.0000,0.3175,0.0227,5.9811,,0.0170,0.0284,VendorBacked,,amana-flat-hardwood-contour-3175-2f,Finish,false,C,Derived,amana_spektra_spiral_plunge_v24,"VendorLut { observation_id: ""amana-flat-hardwood-contour-3175-2f"" }",amana-flat-hardwood-contour-3175-2f,feeds.long_tool_derate;feeds.chipload_below_floor,Info;Caution,LongToolDerate;ChiploadBelowRubbingFloor,FinishEnvelopeAdvisory;CutGeometryFieldNotHeld,Contour,SemiFinish,,
BullNose,3.1750,2,Waterline,mdf,ok,,17043.0000,3000.0000,280.0000,,1.0000,1.0000,0.3175,0.2229,10.7170,,0.2026,0.2431,VendorBacked,,onsrud-mdf-60-100mw-1_8-finish,Finish,true,B,Exact,onsrud_mdf_cutting_data,"VendorLut { observation_id: ""onsrud-mdf-60-100mw-1_8-finish"" }",onsrud-mdf-60-100mw-1_8-finish,feeds.long_tool_derate;feeds.feed_clamped,Info;Info,LongToolDerate;FeedRateClamped,FinishEnvelopeAdvisory;CutGeometryFieldNotHeld,Contour,SemiFinish,,
BullNose,3.1750,2,Waterline,plywood_hardwood,ok,,18046.0000,3000.0000,270.0000,,1.0000,1.0000,0.3175,0.3161,5.4721,,0.2918,0.3405,VendorBacked,,onsrud-plywood-hardwood-60-100mw-1_8-finish,Finish,false,A,Exact,onsrud_hard_plywood_cutting_data,"VendorLut { observation_id: ""onsrud-plywood-hardwood-60-100mw-1_8-finish"" }",onsrud-plywood-hardwood-60-100mw-1_8-finish,feeds.long_tool_derate;feeds.feed_clamped,Info;Info,LongToolDerate;FeedRateClamped,FinishEnvelopeAdvisory;CutGeometryFieldNotHeld,Contour,SemiFinish,,
BullNose,3.1750,2,Pencil,softwood,refused,Pencil Finish needs a ball nose or tapered ball nose tool; this tool is a bull nose.,,,,,,,,,,,,,Refused,,,,,,,,,,,,,,Trace,Finish,,
BullNose,3.1750,2,Pencil,hardwood,refused,Pencil Finish needs a ball nose or tapered ball nose tool; this tool is a bull nose.,,,,,,,,,,,,,Refused,,,,,,,,,,,,,,Trace,Finish,,
BullNose,3.1750,2,Pencil,mdf,refused,Pencil Finish needs a ball nose or tapered ball nose tool; this tool is a bull nose.,,,,,,,,,,,,,Refused,,,,,,,,,,,,,,Trace,Finish,,
BullNose,3.1750,2,Pencil,plywood_hardwood,refused,Pencil Finish needs a ball nose or tapered ball nose tool; this tool is a bull nose.,,,,,,,,,,,,,Refused,,,,,,,,,,,,,,Trace,Finish,,
BullNose,3.1750,2,Scallop,softwood,refused,Scallop Finish needs a ball nose or tapered ball nose tool; this tool is a bull nose.,,,,,,,,,,,,,Refused,,,,,,,,,,,,,,Scallop,Finish,,
BullNose,3.1750,2,Scallop,hardwood,refused,Scallop Finish needs a ball nose or tapered ball nose tool; this tool is a bull nose.,,,,,,,,,,,,,Refused,,,,,,,,,,,,,,Scallop,Finish,,
BullNose,3.1750,2,Scallop,mdf,refused,Scallop Finish needs a ball nose or tapered ball nose tool; this tool is a bull nose.,,,,,,,,,,,,,Refused,,,,,,,,,,,,,,Scallop,Finish,,
BullNose,3.1750,2,Scallop,plywood_hardwood,refused,Scallop Finish needs a ball nose or tapered ball nose tool; this tool is a bull nose.,,,,,,,,,,,,,Refused,,,,,,,,,,,,,,Scallop,Finish,,
BullNose,3.1750,2,UnifiedFinish,softwood,refused,Unified Finish needs a ball nose or tapered ball nose tool; this tool is a bull nose.,,,,,,,,,,,,,Refused,,,,,,,,,,,,,,Scallop,Finish,,
BullNose,3.1750,2,UnifiedFinish,hardwood,refused,Unified Finish needs a ball nose or tapered ball nose tool; this tool is a bull nose.,,,,,,,,,,,,,Refused,,,,,,,,,,,,,,Scallop,Finish,,
BullNose,3.1750,2,UnifiedFinish,mdf,refused,Unified Finish needs a ball nose or tapered ball nose tool; this tool is a bull nose.,,,,,,,,,,,,,Refused,,,,,,,,,,,,,,Scallop,Finish,,
BullNose,3.1750,2,UnifiedFinish,plywood_hardwood,refused,Unified Finish needs a ball nose or tapered ball nose tool; this tool is a bull nose.,,,,,,,,,,,,,Refused,,,,,,,,,,,,,,Scallop,Finish,,
BullNose,3.1750,2,SteepShallow,softwood,ok,,20051.0000,3000.0000,396.0000,0.1590,,1.0000,0.1588,0.2782,5.6791,,0.2551,0.3014,VendorBacked,,onsrud-softwood-60-100mw-1_8-finish,Finish,false,B,Exact,onsrud_soft_wood_cutting_data,"VendorLut { observation_id: ""onsrud-softwood-60-100mw-1_8-finish"" }",onsrud-softwood-60-100mw-1_8-finish,feeds.long_tool_derate;feeds.feed_clamped,Info;Info,LongToolDerate;FeedRateClamped,FinishEnvelopeAdvisory;CutGeometryFieldNotHeld,Contour,Finish,,
BullNose,3.1750,2,SteepShallow,hardwood,ok,,21000.0000,536.0000,278.0000,0.1590,,1.0000,0.1588,0.0227,5.7948,,0.0170,0.0284,VendorBacked,,amana-flat-hardwood-contour-3175-2f,Finish,false,C,Derived,amana_spektra_spiral_plunge_v24,"VendorLut { observation_id: ""amana-flat-hardwood-contour-3175-2f"" }",amana-flat-hardwood-contour-3175-2f,feeds.long_tool_derate;feeds.chipload_below_floor,Info;Caution,LongToolDerate;ChiploadBelowRubbingFloor,FinishEnvelopeAdvisory;CutGeometryFieldNotHeld,Contour,Finish,,
BullNose,3.1750,2,SteepShallow,mdf,ok,,17043.0000,3000.0000,280.0000,0.1590,,1.0000,0.1588,0.2229,9.0826,,0.2026,0.2431,VendorBacked,,onsrud-mdf-60-100mw-1_8-finish,Finish,true,B,Exact,onsrud_mdf_cutting_data,"VendorLut { observation_id: ""onsrud-mdf-60-100mw-1_8-finish"" }",onsrud-mdf-60-100mw-1_8-finish,feeds.long_tool_derate;feeds.feed_clamped,Info;Info,LongToolDerate;FeedRateClamped,FinishEnvelopeAdvisory;CutGeometryFieldNotHeld,Contour,Finish,,
BullNose,3.1750,2,SteepShallow,plywood_hardwood,ok,,18046.0000,3000.0000,270.0000,0.1590,,1.0000,0.1588,0.3161,4.5123,,0.2918,0.3405,VendorBacked,,onsrud-plywood-hardwood-60-100mw-1_8-finish,Finish,false,A,Exact,onsrud_hard_plywood_cutting_data,"VendorLut { observation_id: ""onsrud-plywood-hardwood-60-100mw-1_8-finish"" }",onsrud-plywood-hardwood-60-100mw-1_8-finish,feeds.long_tool_derate;feeds.feed_clamped,Info;Info,LongToolDerate;FeedRateClamped,FinishEnvelopeAdvisory;CutGeometryFieldNotHeld,Contour,Finish,,
BullNose,3.1750,2,RampFinish,softwood,refused,Suggest has no basis for Ramp Finish with a bull nose in softwood: No published wood chipload exists for a bull-nose cutter on a parallel finish pass.,,,,,,,,,,,,,Refused,,,,,,,,,,,,,,Parallel,Finish,,
BullNose,3.1750,2,RampFinish,hardwood,refused,Suggest has no basis for Ramp Finish with a bull nose in hardwood: No published wood chipload exists for a bull-nose cutter on a parallel finish pass.,,,,,,,,,,,,,Refused,,,,,,,,,,,,,,Parallel,Finish,,
BullNose,3.1750,2,RampFinish,mdf,refused,Suggest has no basis for Ramp Finish with a bull nose in MDF: No published wood chipload exists for a bull-nose cutter on a parallel finish pass.,,,,,,,,,,,,,Refused,,,,,,,,,,,,,,Parallel,Finish,,
BullNose,3.1750,2,RampFinish,plywood_hardwood,refused,Suggest has no basis for Ramp Finish with a bull nose in hardwood plywood: No published wood chipload exists for a bull-nose cutter on a parallel finish pass.,,,,,,,,,,,,,Refused,,,,,,,,,,,,,,Parallel,Finish,,
BullNose,3.1750,2,SpiralFinish,softwood,refused,Spiral Finish needs a ball nose or tapered ball nose tool; this tool is a bull nose.,,,,,,,,,,,,,Refused,,,,,,,,,,,,,,Scallop,Finish,,
BullNose,3.1750,2,SpiralFinish,hardwood,refused,Spiral Finish needs a ball nose or tapered ball nose tool; this tool is a bull nose.,,,,,,,,,,,,,Refused,,,,,,,,,,,,,,Scallop,Finish,,
BullNose,3.1750,2,SpiralFinish,mdf,refused,Spiral Finish needs a ball nose or tapered ball nose tool; this tool is a bull nose.,,,,,,,,,,,,,Refused,,,,,,,,,,,,,,Scallop,Finish,,
BullNose,3.1750,2,SpiralFinish,plywood_hardwood,refused,Spiral Finish needs a ball nose or tapered ball nose tool; this tool is a bull nose.,,,,,,,,,,,,,Refused,,,,,,,,,,,,,,Scallop,Finish,,
BullNose,3.1750,2,RadialFinish,softwood,refused,Suggest has no basis for Radial Finish with a bull nose in softwood: No published wood chipload exists for a bull-nose cutter on a parallel finish pass.,,,,,,,,,,,,,Refused,,,,,,,,,,,,,,Parallel,Finish,,
BullNose,3.1750,2,RadialFinish,hardwood,refused,Suggest has no basis for Radial Finish with a bull nose in hardwood: No published wood chipload exists for a bull-nose cutter on a parallel finish pass.,,,,,,,,,,,,,Refused,,,,,,,,,,,,,,Parallel,Finish,,
BullNose,3.1750,2,RadialFinish,mdf,refused,Suggest has no basis for Radial Finish with a bull nose in MDF: No published wood chipload exists for a bull-nose cutter on a parallel finish pass.,,,,,,,,,,,,,Refused,,,,,,,,,,,,,,Parallel,Finish,,
BullNose,3.1750,2,RadialFinish,plywood_hardwood,refused,Suggest has no basis for Radial Finish with a bull nose in hardwood plywood: No published wood chipload exists for a bull-nose cutter on a parallel finish pass.,,,,,,,,,,,,,Refused,,,,,,,,,,,,,,Parallel,Finish,,
BullNose,3.1750,2,HorizontalFinish,softwood,refused,Suggest has no basis for Horizontal Finish with a bull nose in softwood: No published wood chipload exists for a bull-nose cutter on a parallel finish pass.,,,,,,,,,,,,,Refused,,,,,,,,,,,,,,Parallel,Finish,,
BullNose,3.1750,2,HorizontalFinish,hardwood,refused,Suggest has no basis for Horizontal Finish with a bull nose in hardwood: No published wood chipload exists for a bull-nose cutter on a parallel finish pass.,,,,,,,,,,,,,Refused,,,,,,,,,,,,,,Parallel,Finish,,
BullNose,3.1750,2,HorizontalFinish,mdf,refused,Suggest has no basis for Horizontal Finish with a bull nose in MDF: No published wood chipload exists for a bull-nose cutter on a parallel finish pass.,,,,,,,,,,,,,Refused,,,,,,,,,,,,,,Parallel,Finish,,
BullNose,3.1750,2,HorizontalFinish,plywood_hardwood,refused,Suggest has no basis for Horizontal Finish with a bull nose in hardwood plywood: No published wood chipload exists for a bull-nose cutter on a parallel finish pass.,,,,,,,,,,,,,Refused,,,,,,,,,,,,,,Parallel,Finish,,
BullNose,3.1750,2,ProjectCurve,softwood,refused,"Suggest has no basis for Project Curve with a bull nose in softwood: No published wood chipload exists for a bull-nose cutter on a trace, pencil or projected-curve pass.",,,,,,,,,,,,,Refused,,,,,,,,,,,,,,Trace,Finish,,
BullNose,3.1750,2,ProjectCurve,hardwood,refused,"Suggest has no basis for Project Curve with a bull nose in hardwood: No published wood chipload exists for a bull-nose cutter on a trace, pencil or projected-curve pass.",,,,,,,,,,,,,Refused,,,,,,,,,,,,,,Trace,Finish,,
BullNose,3.1750,2,ProjectCurve,mdf,refused,"Suggest has no basis for Project Curve with a bull nose in MDF: No published wood chipload exists for a bull-nose cutter on a trace, pencil or projected-curve pass.",,,,,,,,,,,,,Refused,,,,,,,,,,,,,,Trace,Finish,,
BullNose,3.1750,2,ProjectCurve,plywood_hardwood,refused,"Suggest has no basis for Project Curve with a bull nose in hardwood plywood: No published wood chipload exists for a bull-nose cutter on a trace, pencil or projected-curve pass.",,,,,,,,,,,,,Refused,,,,,,,,,,,,,,Trace,Finish,,
BullNose,3.1750,2,AlignmentPinDrill,softwood,refused,"Suggest has no basis for Pin Drill with a bull nose in softwood: No published wood figure exists for a plunge drill with a bull-nose cutter, and the drill multiplier 2.5 is unsourced.",,,,,,,,,,,,,Refused,,,,,,,,,,,,,,Drill,Roughing,,
BullNose,3.1750,2,AlignmentPinDrill,hardwood,refused,"Suggest has no basis for Pin Drill with a bull nose in hardwood: No published wood figure exists for a plunge drill with a bull-nose cutter, and the drill multiplier 2.5 is unsourced.",,,,,,,,,,,,,Refused,,,,,,,,,,,,,,Drill,Roughing,,
BullNose,3.1750,2,AlignmentPinDrill,mdf,refused,"Suggest has no basis for Pin Drill with a bull nose in MDF: No published wood figure exists for a plunge drill with a bull-nose cutter, and the drill multiplier 2.5 is unsourced.",,,,,,,,,,,,,Refused,,,,,,,,,,,,,,Drill,Roughing,,
BullNose,3.1750,2,AlignmentPinDrill,plywood_hardwood,refused,"Suggest has no basis for Pin Drill with a bull nose in hardwood plywood: No published wood figure exists for a plunge drill with a bull-nose cutter, and the drill multiplier 2.5 is unsourced.",,,,,,,,,,,,,Refused,,,,,,,,,,,,,,Drill,Roughing,,
BullNose,6.0000,2,Face,softwood,ok,,18000.0000,3000.0000,750.0000,2.1000,1.2000,4.2000,2.1000,0.2032,31.4629,0.0208,0.1778,0.2286,VendorBacked,,amana-zrn-flat-softwood-pocket-6000-2f,Roughing,false,A,Exact,amana_zrn_3d_profiling_v8,"VendorLut { observation_id: ""amana-zrn-flat-softwood-pocket-6000-2f"" }",amana-zrn-flat-softwood-pocket-6000-2f,feeds.long_tool_derate;feeds.feed_clamped,Info;Info,LongToolDerate;FeedRateClamped,RoughingDepthClampedToRigidity,Pocket,Roughing,0.2000,1.2000
BullNose,6.0000,2,Face,hardwood,ok,,18000.0000,3000.0000,526.0000,2.1000,1.2000,4.2000,2.1000,0.1270,47.6761,0.0416,,,VendorBacked,,amana-flat-hardwood-pocket-6000-2f-spektra,Roughing,false,B,Derived,amana_spektra_spiral_plunge_v24,"VendorLut { observation_id: ""amana-flat-hardwood-pocket-6000-2f-spektra"" }",amana-flat-hardwood-pocket-6000-2f-spektra,feeds.long_tool_derate;feeds.feed_clamped,Info;Info,LongToolDerate;FeedRateClamped,RoughingDepthClampedToRigidity,Pocket,Roughing,0.2000,1.2000
BullNose,6.0000,2,Face,mdf,ok,,18000.0000,3000.0000,529.0000,2.1000,1.2000,4.2000,2.1000,0.1524,47.1978,0.0372,,,VendorBacked,,amana-flat-mdf-pocket-6000-2f-spektra,Roughing,false,A,Exact,amana_spektra_spiral_plunge_v24,"VendorLut { observation_id: ""amana-flat-mdf-pocket-6000-2f-spektra"" }",amana-flat-mdf-pocket-6000-2f-spektra,feeds.long_tool_derate;feeds.feed_clamped,Info;Info,LongToolDerate;FeedRateClamped,RoughingDepthClampedToRigidity,Pocket,Roughing,0.2000,1.2000
BullNose,6.0000,2,Face,plywood_hardwood,ok,,16000.0000,963.0000,511.0000,2.1000,1.2000,4.2000,2.1000,0.0456,11.6276,0.0110,0.0320,0.0593,VendorBacked,,onsrud-bull-plywood-hardwood-pocket-6000-2f,Roughing,false,C,Derived,onsrud_cutting_data_recommendations,"VendorLut { observation_id: ""onsrud-bull-plywood-hardwood-pocket-6000-2f"" }",onsrud-bull-plywood-hardwood-pocket-6000-2f,feeds.long_tool_derate,Info,LongToolDerate,RoughingDepthClampedToRigidity,Pocket,Roughing,0.2000,1.2000
BullNose,6.0000,2,Pocket,softwood,ok,,18000.0000,3000.0000,750.0000,2.1000,1.2000,4.2000,2.1000,0.2032,31.4629,0.0208,0.1778,0.2286,VendorBacked,,amana-zrn-flat-softwood-pocket-6000-2f,Roughing,false,A,Exact,amana_zrn_3d_profiling_v8,"VendorLut { observation_id: ""amana-zrn-flat-softwood-pocket-6000-2f"" }",amana-zrn-flat-softwood-pocket-6000-2f,feeds.long_tool_derate;feeds.feed_clamped,Info;Info,LongToolDerate;FeedRateClamped,RoughingDepthClampedToRigidity,Pocket,Roughing,0.2000,1.2000
BullNose,6.0000,2,Pocket,hardwood,ok,,18000.0000,3000.0000,526.0000,2.1000,1.2000,4.2000,2.1000,0.1270,47.6761,0.0416,,,VendorBacked,,amana-flat-hardwood-pocket-6000-2f-spektra,Roughing,false,B,Derived,amana_spektra_spiral_plunge_v24,"VendorLut { observation_id: ""amana-flat-hardwood-pocket-6000-2f-spektra"" }",amana-flat-hardwood-pocket-6000-2f-spektra,feeds.long_tool_derate;feeds.feed_clamped,Info;Info,LongToolDerate;FeedRateClamped,RoughingDepthClampedToRigidity,Pocket,Roughing,0.2000,1.2000
BullNose,6.0000,2,Pocket,mdf,ok,,18000.0000,3000.0000,529.0000,2.1000,1.2000,4.2000,2.1000,0.1524,47.1978,0.0372,,,VendorBacked,,amana-flat-mdf-pocket-6000-2f-spektra,Roughing,false,A,Exact,amana_spektra_spiral_plunge_v24,"VendorLut { observation_id: ""amana-flat-mdf-pocket-6000-2f-spektra"" }",amana-flat-mdf-pocket-6000-2f-spektra,feeds.long_tool_derate;feeds.feed_clamped,Info;Info,LongToolDerate;FeedRateClamped,RoughingDepthClampedToRigidity,Pocket,Roughing,0.2000,1.2000
BullNose,6.0000,2,Pocket,plywood_hardwood,ok,,16000.0000,963.0000,511.0000,2.1000,1.2000,4.2000,2.1000,0.0456,11.6276,0.0110,0.0320,0.0593,VendorBacked,,onsrud-bull-plywood-hardwood-pocket-6000-2f,Roughing,false,C,Derived,onsrud_cutting_data_recommendations,"VendorLut { observation_id: ""onsrud-bull-plywood-hardwood-pocket-6000-2f"" }",onsrud-bull-plywood-hardwood-pocket-6000-2f,feeds.long_tool_derate,Info,LongToolDerate,RoughingDepthClampedToRigidity,Pocket,Roughing,0.2000,1.2000
BullNose,6.0000,2,Profile,softwood,ok,,10610.0000,1882.0000,750.0000,,1.2000,4.8000,1.0800,0.1344,25.0993,,0.1120,0.1568,VendorBacked,,onsrud-softwood-60-200-1_4-finish,Finish,false,B,Exact,onsrud_soft_wood_cutting_data,"VendorLut { observation_id: ""onsrud-softwood-60-200-1_4-finish"" }",onsrud-softwood-60-200-1_4-finish,feeds.long_tool_derate,Info,LongToolDerate,RoughingDepthClampedToRigidity;CutGeometryFieldNotHeld,Contour,Roughing,0.2000,1.2000
BullNose,6.0000,2,Profile,hardwood,ok,,10610.0000,3000.0000,526.0000,,1.2000,4.8000,1.0800,0.3471,89.3938,,0.3240,0.3703,VendorBacked,,onsrud-hardwood-60-100mw-1_4-finish,Finish,false,B,Exact,onsrud_hard_wood_cutting_data,"VendorLut { observation_id: ""onsrud-hardwood-60-100mw-1_4-finish"" }",onsrud-hardwood-60-100mw-1_4-finish,feeds.long_tool_derate;feeds.feed_clamped,Info;Info,LongToolDerate;FeedRateClamped,RoughingDepthClampedToRigidity;CutGeometryFieldNotHeld,Contour,Roughing,0.2000,1.2000
BullNose,6.0000,2,Profile,mdf,ok,,9019.0000,3000.0000,529.0000,,1.2000,4.8000,1.0800,0.2740,67.9197,,0.2545,0.2936,VendorBacked,,onsrud-mdf-60-100mw-1_4-finish,Finish,true,B,Exact,onsrud_mdf_cutting_data,"VendorLut { observation_id: ""onsrud-mdf-60-100mw-1_4-finish"" }",onsrud-mdf-60-100mw-1_4-finish,feeds.long_tool_derate;feeds.feed_clamped,Info;Info,LongToolDerate;FeedRateClamped,RoughingDepthClampedToRigidity;CutGeometryFieldNotHeld,Contour,Roughing,0.2000,1.2000
BullNose,6.0000,2,Profile,plywood_hardwood,ok,,9549.0000,3000.0000,511.0000,,1.2000,4.8000,1.0800,0.3524,33.4657,,0.3289,0.3759,VendorBacked,,onsrud-plywood-hardwood-60-100mw-1_4-finish,Finish,false,A,Exact,onsrud_hard_plywood_cutting_data,"VendorLut { observation_id: ""onsrud-plywood-hardwood-60-100mw-1_4-finish"" }",onsrud-plywood-hardwood-60-100mw-1_4-finish,feeds.long_tool_derate;feeds.feed_clamped,Info;Info,LongToolDerate;FeedRateClamped,RoughingDepthClampedToRigidity;CutGeometryFieldNotHeld,Contour,Roughing,0.2000,1.2000
BullNose,6.0000,2,Adaptive,softwood,ok,,18000.0000,1559.0000,750.0000,1.2000,9.0000,9.0000,1.2000,0.0750,37.3365,0.0936,0.0481,0.0831,VendorBacked,,onsrud-bull-softwood-adaptive-6000-2f,Roughing,false,C,Derived,onsrud_cutting_data_recommendations,"VendorLut { observation_id: ""onsrud-bull-softwood-adaptive-6000-2f"" }",onsrud-bull-softwood-adaptive-6000-2f,feeds.long_tool_derate,Info,LongToolDerate,,Adaptive,Roughing,1.5000,9.0000
BullNose,6.0000,2,Adaptive,hardwood,ok,,16000.0000,850.0000,526.0000,1.2000,9.0000,9.0000,1.2000,0.0460,64.2434,0.1568,0.0280,0.0525,VendorBacked,,onsrud-bull-hardwood-adaptive-6000-2f,Roughing,false,C,Derived,onsrud_cutting_data_recommendations,"VendorLut { observation_id: ""onsrud-bull-hardwood-adaptive-6000-2f"" }",onsrud-bull-hardwood-adaptive-6000-2f,feeds.long_tool_derate,Info,LongToolDerate,,Adaptive,Roughing,1.5000,9.0000
BullNose,6.0000,2,Adaptive,mdf,ok,,18000.0000,3000.0000,529.0000,1.2000,9.0000,9.0000,1.2000,0.1524,91.7033,0.1907,,,VendorBacked,,amana-flat-mdf-adaptive-6000-2f-spektra,Roughing,false,A,Exact,amana_spektra_spiral_plunge_v24,"VendorLut { observation_id: ""amana-flat-mdf-adaptive-6000-2f-spektra"" }",amana-flat-mdf-adaptive-6000-2f-spektra,feeds.long_tool_derate;feeds.feed_clamped,Info;Info,LongToolDerate;FeedRateClamped,,Adaptive,Roughing,1.5000,9.0000
BullNose,6.0000,2,Adaptive,plywood_hardwood,ok,,18000.0000,2410.0000,511.0000,1.2000,9.0000,9.0000,1.2000,0.1159,33.1092,0.0750,,,VendorBacked,,amana-flat-plywood-hardwood-adaptive-6000-2f-spektra,Roughing,false,B,Derived,amana_spektra_spiral_plunge_v24,"VendorLut { observation_id: ""amana-flat-plywood-hardwood-adaptive-6000-2f-spektra"" }",amana-flat-plywood-hardwood-adaptive-6000-2f-spektra,feeds.long_tool_derate,Info,LongToolDerate,,Adaptive,Roughing,1.5000,9.0000
BullNose,6.0000,2,VCarve,softwood,refused,VCarve needs a V-bit tool; this tool is a bull nose.,,,,,,,,,,,,,Refused,,,,,,,,,,,,,,Trace,Finish,,
BullNose,6.0000,2,VCarve,hardwood,refused,VCarve needs a V-bit tool; this tool is a bull nose.,,,,,,,,,,,,,Refused,,,,,,,,,,,,,,Trace,Finish,,
BullNose,6.0000,2,VCarve,mdf,refused,VCarve needs a V-bit tool; this tool is a bull nose.,,,,,,,,,,,,,Refused,,,,,,,,,,,,,,Trace,Finish,,
BullNose,6.0000,2,VCarve,plywood_hardwood,refused,VCarve needs a V-bit tool; this tool is a bull nose.,,,,,,,,,,,,,Refused,,,,,,,,,,,,,,Trace,Finish,,
BullNose,6.0000,2,Rest,softwood,ok,,18000.0000,3000.0000,750.0000,2.1000,1.2000,4.2000,2.1000,0.2032,31.4629,0.0208,0.1778,0.2286,VendorBacked,,amana-zrn-flat-softwood-pocket-6000-2f,Roughing,false,A,Exact,amana_zrn_3d_profiling_v8,"VendorLut { observation_id: ""amana-zrn-flat-softwood-pocket-6000-2f"" }",amana-zrn-flat-softwood-pocket-6000-2f,feeds.long_tool_derate;feeds.feed_clamped,Info;Info,LongToolDerate;FeedRateClamped,RoughingDepthClampedToRigidity,Pocket,Roughing,0.2000,1.2000
BullNose,6.0000,2,Rest,hardwood,ok,,18000.0000,3000.0000,526.0000,2.1000,1.2000,4.2000,2.1000,0.1270,47.6761,0.0416,,,VendorBacked,,amana-flat-hardwood-pocket-6000-2f-spektra,Roughing,false,B,Derived,amana_spektra_spiral_plunge_v24,"VendorLut { observation_id: ""amana-flat-hardwood-pocket-6000-2f-spektra"" }",amana-flat-hardwood-pocket-6000-2f-spektra,feeds.long_tool_derate;feeds.feed_clamped,Info;Info,LongToolDerate;FeedRateClamped,RoughingDepthClampedToRigidity,Pocket,Roughing,0.2000,1.2000
BullNose,6.0000,2,Rest,mdf,ok,,18000.0000,3000.0000,529.0000,2.1000,1.2000,4.2000,2.1000,0.1524,47.1978,0.0372,,,VendorBacked,,amana-flat-mdf-pocket-6000-2f-spektra,Roughing,false,A,Exact,amana_spektra_spiral_plunge_v24,"VendorLut { observation_id: ""amana-flat-mdf-pocket-6000-2f-spektra"" }",amana-flat-mdf-pocket-6000-2f-spektra,feeds.long_tool_derate;feeds.feed_clamped,Info;Info,LongToolDerate;FeedRateClamped,RoughingDepthClampedToRigidity,Pocket,Roughing,0.2000,1.2000
BullNose,6.0000,2,Rest,plywood_hardwood,ok,,16000.0000,963.0000,511.0000,2.1000,1.2000,4.2000,2.1000,0.0456,11.6276,0.0110,0.0320,0.0593,VendorBacked,,onsrud-bull-plywood-hardwood-pocket-6000-2f,Roughing,false,C,Derived,onsrud_cutting_data_recommendations,"VendorLut { observation_id: ""onsrud-bull-plywood-hardwood-pocket-6000-2f"" }",onsrud-bull-plywood-hardwood-pocket-6000-2f,feeds.long_tool_derate,Info,LongToolDerate,RoughingDepthClampedToRigidity,Pocket,Roughing,0.2000,1.2000
BullNose,6.0000,2,Inlay,softwood,refused,Inlay needs a V-bit tool; this tool is a bull nose.,,,,,,,,,,,,,Refused,,,,,,,,,,,,,,Trace,Finish,,
BullNose,6.0000,2,Inlay,hardwood,refused,Inlay needs a V-bit tool; this tool is a bull nose.,,,,,,,,,,,,,Refused,,,,,,,,,,,,,,Trace,Finish,,
BullNose,6.0000,2,Inlay,mdf,refused,Inlay needs a V-bit tool; this tool is a bull nose.,,,,,,,,,,,,,Refused,,,,,,,,,,,,,,Trace,Finish,,
BullNose,6.0000,2,Inlay,plywood_hardwood,refused,Inlay needs a V-bit tool; this tool is a bull nose.,,,,,,,,,,,,,Refused,,,,,,,,,,,,,,Trace,Finish,,
BullNose,6.0000,2,Zigzag,softwood,ok,,18000.0000,3000.0000,750.0000,2.1000,1.2000,4.2000,2.1000,0.2032,31.4629,0.0208,0.1778,0.2286,VendorBacked,,amana-zrn-flat-softwood-pocket-6000-2f,Roughing,false,A,Exact,amana_zrn_3d_profiling_v8,"VendorLut { observation_id: ""amana-zrn-flat-softwood-pocket-6000-2f"" }",amana-zrn-flat-softwood-pocket-6000-2f,feeds.long_tool_derate;feeds.feed_clamped,Info;Info,LongToolDerate;FeedRateClamped,RoughingDepthClampedToRigidity,Pocket,Roughing,0.2000,1.2000
BullNose,6.0000,2,Zigzag,hardwood,ok,,18000.0000,3000.0000,526.0000,2.1000,1.2000,4.2000,2.1000,0.1270,47.6761,0.0416,,,VendorBacked,,amana-flat-hardwood-pocket-6000-2f-spektra,Roughing,false,B,Derived,amana_spektra_spiral_plunge_v24,"VendorLut { observation_id: ""amana-flat-hardwood-pocket-6000-2f-spektra"" }",amana-flat-hardwood-pocket-6000-2f-spektra,feeds.long_tool_derate;feeds.feed_clamped,Info;Info,LongToolDerate;FeedRateClamped,RoughingDepthClampedToRigidity,Pocket,Roughing,0.2000,1.2000
BullNose,6.0000,2,Zigzag,mdf,ok,,18000.0000,3000.0000,529.0000,2.1000,1.2000,4.2000,2.1000,0.1524,47.1978,0.0372,,,VendorBacked,,amana-flat-mdf-pocket-6000-2f-spektra,Roughing,false,A,Exact,amana_spektra_spiral_plunge_v24,"VendorLut { observation_id: ""amana-flat-mdf-pocket-6000-2f-spektra"" }",amana-flat-mdf-pocket-6000-2f-spektra,feeds.long_tool_derate;feeds.feed_clamped,Info;Info,LongToolDerate;FeedRateClamped,RoughingDepthClampedToRigidity,Pocket,Roughing,0.2000,1.2000
BullNose,6.0000,2,Zigzag,plywood_hardwood,ok,,16000.0000,963.0000,511.0000,2.1000,1.2000,4.2000,2.1000,0.0456,11.6276,0.0110,0.0320,0.0593,VendorBacked,,onsrud-bull-plywood-hardwood-pocket-6000-2f,Roughing,false,C,Derived,onsrud_cutting_data_recommendations,"VendorLut { observation_id: ""onsrud-bull-plywood-hardwood-pocket-6000-2f"" }",onsrud-bull-plywood-hardwood-pocket-6000-2f,feeds.long_tool_derate,Info,LongToolDerate,RoughingDepthClampedToRigidity,Pocket,Roughing,0.2000,1.2000
BullNose,6.0000,2,Trace,softwood,refused,"Suggest has no basis for Trace with a bull nose in softwood: No published wood chipload exists for a bull-nose cutter on a trace, pencil or projected-curve pass.",,,,,,,,,,,,,Refused,,,,,,,,,,,,,,Trace,Finish,,
BullNose,6.0000,2,Trace,hardwood,refused,"Suggest has no basis for Trace with a bull nose in hardwood: No published wood chipload exists for a bull-nose cutter on a trace, pencil or projected-curve pass.",,,,,,,,,,,,,Refused,,,,,,,,,,,,,,Trace,Finish,,
BullNose,6.0000,2,Trace,mdf,refused,"Suggest has no basis for Trace with a bull nose in MDF: No published wood chipload exists for a bull-nose cutter on a trace, pencil or projected-curve pass.",,,,,,,,,,,,,Refused,,,,,,,,,,,,,,Trace,Finish,,
BullNose,6.0000,2,Trace,plywood_hardwood,refused,"Suggest has no basis for Trace with a bull nose in hardwood plywood: No published wood chipload exists for a bull-nose cutter on a trace, pencil or projected-curve pass.",,,,,,,,,,,,,Refused,,,,,,,,,,,,,,Trace,Finish,,
BullNose,6.0000,2,Drill,softwood,refused,"Suggest has no basis for Drill with a bull nose in softwood: No published wood figure exists for a plunge drill with a bull-nose cutter, and the drill multiplier 2.5 is unsourced.",,,,,,,,,,,,,Refused,,,,,,,,,,,,,,Drill,Roughing,,
BullNose,6.0000,2,Drill,hardwood,refused,"Suggest has no basis for Drill with a bull nose in hardwood: No published wood figure exists for a plunge drill with a bull-nose cutter, and the drill multiplier 2.5 is unsourced.",,,,,,,,,,,,,Refused,,,,,,,,,,,,,,Drill,Roughing,,
BullNose,6.0000,2,Drill,mdf,refused,"Suggest has no basis for Drill with a bull nose in MDF: No published wood figure exists for a plunge drill with a bull-nose cutter, and the drill multiplier 2.5 is unsourced.",,,,,,,,,,,,,Refused,,,,,,,,,,,,,,Drill,Roughing,,
BullNose,6.0000,2,Drill,plywood_hardwood,refused,"Suggest has no basis for Drill with a bull nose in hardwood plywood: No published wood figure exists for a plunge drill with a bull-nose cutter, and the drill multiplier 2.5 is unsourced.",,,,,,,,,,,,,Refused,,,,,,,,,,,,,,Drill,Roughing,,
BullNose,6.0000,2,Chamfer,softwood,refused,Chamfer needs a V-bit tool; this tool is a bull nose.,,,,,,,,,,,,,Refused,,,,,,,,,,,,,,Trace,Finish,,
BullNose,6.0000,2,Chamfer,hardwood,refused,Chamfer needs a V-bit tool; this tool is a bull nose.,,,,,,,,,,,,,Refused,,,,,,,,,,,,,,Trace,Finish,,
BullNose,6.0000,2,Chamfer,mdf,refused,Chamfer needs a V-bit tool; this tool is a bull nose.,,,,,,,,,,,,,Refused,,,,,,,,,,,,,,Trace,Finish,,
BullNose,6.0000,2,Chamfer,plywood_hardwood,refused,Chamfer needs a V-bit tool; this tool is a bull nose.,,,,,,,,,,,,,Refused,,,,,,,,,,,,,,Trace,Finish,,
BullNose,6.0000,2,DropCutter,softwood,refused,Suggest has no basis for 3D Finish with a bull nose in softwood: No published wood chipload exists for a bull-nose cutter on a parallel finish pass.,,,,,,,,,,,,,Refused,,,,,,,,,,,,,,Parallel,Finish,,
BullNose,6.0000,2,DropCutter,hardwood,refused,Suggest has no basis for 3D Finish with a bull nose in hardwood: No published wood chipload exists for a bull-nose cutter on a parallel finish pass.,,,,,,,,,,,,,Refused,,,,,,,,,,,,,,Parallel,Finish,,
BullNose,6.0000,2,DropCutter,mdf,refused,Suggest has no basis for 3D Finish with a bull nose in MDF: No published wood chipload exists for a bull-nose cutter on a parallel finish pass.,,,,,,,,,,,,,Refused,,,,,,,,,,,,,,Parallel,Finish,,
BullNose,6.0000,2,DropCutter,plywood_hardwood,refused,Suggest has no basis for 3D Finish with a bull nose in hardwood plywood: No published wood chipload exists for a bull-nose cutter on a parallel finish pass.,,,,,,,,,,,,,Refused,,,,,,,,,,,,,,Parallel,Finish,,
BullNose,6.0000,2,Adaptive3d,softwood,ok,,18000.0000,3000.0000,750.0000,1.2000,6.0000,9.0000,1.2000,0.2032,60.3894,0.0711,0.1556,0.2000,VendorBacked,,amana-zrn-flat-softwood-pocket-6000-2f,Roughing,false,A,Exact,amana_zrn_3d_profiling_v8,"VendorLut { observation_id: ""amana-zrn-flat-softwood-pocket-6000-2f"" }",amana-zrn-flat-softwood-pocket-6000-2f,feeds.long_tool_derate;feeds.feed_clamped,Info;Info,LongToolDerate;FeedRateClamped,AxialDocClampedByEnvelope;StrategyRewrote;FeedRescaledToFinalGeometry,Adaptive,Roughing,1.5000,9.0000
BullNose,6.0000,2,Adaptive3d,hardwood,ok,,18000.0000,3000.0000,526.0000,1.2000,6.0000,9.0000,1.2000,0.1270,93.3743,0.1421,,,VendorBacked,,amana-flat-hardwood-pocket-6000-2f-spektra,Roughing,false,B,Derived,amana_spektra_spiral_plunge_v24,"VendorLut { observation_id: ""amana-flat-hardwood-pocket-6000-2f-spektra"" }",amana-flat-hardwood-pocket-6000-2f-spektra,feeds.long_tool_derate,Info,LongToolDerate,AxialDocClampedByEnvelope;StrategyRewrote;FeedRescaledToFinalGeometry,Adaptive,Roughing,1.5000,9.0000
BullNose,6.0000,2,Adaptive3d,mdf,ok,,18000.0000,3000.0000,529.0000,1.2000,6.0000,9.0000,1.2000,0.1524,91.7033,0.1271,,,VendorBacked,,amana-flat-mdf-pocket-6000-2f-spektra,Roughing,false,A,Exact,amana_spektra_spiral_plunge_v24,"VendorLut { observation_id: ""amana-flat-mdf-pocket-6000-2f-spektra"" }",amana-flat-mdf-pocket-6000-2f-spektra,feeds.long_tool_derate;feeds.feed_clamped,Info;Info,LongToolDerate;FeedRateClamped,AxialDocClampedByEnvelope;StrategyRewrote;FeedRescaledToFinalGeometry,Adaptive,Roughing,1.5000,9.0000
BullNose,6.0000,2,Adaptive3d,plywood_hardwood,ok,,16000.0000,963.9917,511.0000,1.2000,4.5000,9.0000,1.2000,0.0456,23.7464,0.0294,0.0280,0.0519,VendorBacked,,onsrud-bull-plywood-hardwood-pocket-6000-2f,Roughing,false,C,Derived,onsrud_cutting_data_recommendations,"VendorLut { observation_id: ""onsrud-bull-plywood-hardwood-pocket-6000-2f"" }",onsrud-bull-plywood-hardwood-pocket-6000-2f,feeds.long_tool_derate,Info,LongToolDerate,AxialDocClampedByEnvelope;StrategyRewrote;FeedRescaledToFinalGeometry,Adaptive,Roughing,1.5000,9.0000
BullNose,6.0000,2,Waterline,softwood,ok,,10610.0000,1882.0000,750.0000,,1.0000,1.0000,0.6000,0.1344,4.6639,,0.1120,0.1568,VendorBacked,,onsrud-softwood-60-200-1_4-finish,Finish,false,B,Exact,onsrud_soft_wood_cutting_data,"VendorLut { observation_id: ""onsrud-softwood-60-200-1_4-finish"" }",onsrud-softwood-60-200-1_4-finish,feeds.long_tool_derate,Info,LongToolDerate,FinishEnvelopeAdvisory;CutGeometryFieldNotHeld,Contour,SemiFinish,,
BullNose,6.0000,2,Waterline,hardwood,ok,,10610.0000,3000.0000,526.0000,,1.0000,1.0000,0.6000,0.3471,15.7041,,0.3240,0.3703,VendorBacked,,onsrud-hardwood-60-100mw-1_4-finish,Finish,false,B,Exact,onsrud_hard_wood_cutting_data,"VendorLut { observation_id: ""onsrud-hardwood-60-100mw-1_4-finish"" }",onsrud-hardwood-60-100mw-1_4-finish,feeds.long_tool_derate;feeds.feed_clamped,Info;Info,LongToolDerate;FeedRateClamped,FinishEnvelopeAdvisory;CutGeometryFieldNotHeld,Contour,SemiFinish,,
BullNose,6.0000,2,Waterline,mdf,ok,,9019.0000,3000.0000,529.0000,,1.0000,1.0000,0.6000,0.2740,12.0882,,0.2545,0.2936,VendorBacked,,onsrud-mdf-60-100mw-1_4-finish,Finish,true,B,Exact,onsrud_mdf_cutting_data,"VendorLut { observation_id: ""onsrud-mdf-60-100mw-1_4-finish"" }",onsrud-mdf-60-100mw-1_4-finish,feeds.long_tool_derate;feeds.feed_clamped,Info;Info,LongToolDerate;FeedRateClamped,FinishEnvelopeAdvisory;CutGeometryFieldNotHeld,Contour,SemiFinish,,
BullNose,6.0000,2,Waterline,plywood_hardwood,ok,,9549.0000,3000.0000,511.0000,,1.0000,1.0000,0.6000,0.3524,5.8744,,0.3289,0.3759,VendorBacked,,onsrud-plywood-hardwood-60-100mw-1_4-finish,Finish,false,A,Exact,onsrud_hard_plywood_cutting_data,"VendorLut { observation_id: ""onsrud-plywood-hardwood-60-100mw-1_4-finish"" }",onsrud-plywood-hardwood-60-100mw-1_4-finish,feeds.long_tool_derate;feeds.feed_clamped,Info;Info,LongToolDerate;FeedRateClamped,FinishEnvelopeAdvisory;CutGeometryFieldNotHeld,Contour,SemiFinish,,
BullNose,6.0000,2,Pencil,softwood,refused,Pencil Finish needs a ball nose or tapered ball nose tool; this tool is a bull nose.,,,,,,,,,,,,,Refused,,,,,,,,,,,,,,Trace,Finish,,
BullNose,6.0000,2,Pencil,hardwood,refused,Pencil Finish needs a ball nose or tapered ball nose tool; this tool is a bull nose.,,,,,,,,,,,,,Refused,,,,,,,,,,,,,,Trace,Finish,,
BullNose,6.0000,2,Pencil,mdf,refused,Pencil Finish needs a ball nose or tapered ball nose tool; this tool is a bull nose.,,,,,,,,,,,,,Refused,,,,,,,,,,,,,,Trace,Finish,,
BullNose,6.0000,2,Pencil,plywood_hardwood,refused,Pencil Finish needs a ball nose or tapered ball nose tool; this tool is a bull nose.,,,,,,,,,,,,,Refused,,,,,,,,,,,,,,Trace,Finish,,
BullNose,6.0000,2,Scallop,softwood,refused,Scallop Finish needs a ball nose or tapered ball nose tool; this tool is a bull nose.,,,,,,,,,,,,,Refused,,,,,,,,,,,,,,Scallop,Finish,,
BullNose,6.0000,2,Scallop,hardwood,refused,Scallop Finish needs a ball nose or tapered ball nose tool; this tool is a bull nose.,,,,,,,,,,,,,Refused,,,,,,,,,,,,,,Scallop,Finish,,
BullNose,6.0000,2,Scallop,mdf,refused,Scallop Finish needs a ball nose or tapered ball nose tool; this tool is a bull nose.,,,,,,,,,,,,,Refused,,,,,,,,,,,,,,Scallop,Finish,,
BullNose,6.0000,2,Scallop,plywood_hardwood,refused,Scallop Finish needs a ball nose or tapered ball nose tool; this tool is a bull nose.,,,,,,,,,,,,,Refused,,,,,,,,,,,,,,Scallop,Finish,,
BullNose,6.0000,2,UnifiedFinish,softwood,refused,Unified Finish needs a ball nose or tapered ball nose tool; this tool is a bull nose.,,,,,,,,,,,,,Refused,,,,,,,,,,,,,,Scallop,Finish,,
BullNose,6.0000,2,UnifiedFinish,hardwood,refused,Unified Finish needs a ball nose or tapered ball nose tool; this tool is a bull nose.,,,,,,,,,,,,,Refused,,,,,,,,,,,,,,Scallop,Finish,,
BullNose,6.0000,2,UnifiedFinish,mdf,refused,Unified Finish needs a ball nose or tapered ball nose tool; this tool is a bull nose.,,,,,,,,,,,,,Refused,,,,,,,,,,,,,,Scallop,Finish,,
BullNose,6.0000,2,UnifiedFinish,plywood_hardwood,refused,Unified Finish needs a ball nose or tapered ball nose tool; this tool is a bull nose.,,,,,,,,,,,,,Refused,,,,,,,,,,,,,,Scallop,Finish,,
BullNose,6.0000,2,SteepShallow,softwood,ok,,10610.0000,1882.0000,750.0000,0.3000,,1.0000,0.3000,0.1344,4.1130,,0.1120,0.1568,VendorBacked,,onsrud-softwood-60-200-1_4-finish,Finish,false,B,Exact,onsrud_soft_wood_cutting_data,"VendorLut { observation_id: ""onsrud-softwood-60-200-1_4-finish"" }",onsrud-softwood-60-200-1_4-finish,efficiency.very_fine_stepover;feeds.long_tool_derate,Info;Info,LongToolDerate,FinishEnvelopeAdvisory;CutGeometryFieldNotHeld,Contour,Finish,,
BullNose,6.0000,2,SteepShallow,hardwood,ok,,10610.0000,3000.0000,526.0000,0.3000,,1.0000,0.3000,0.3471,12.8584,,0.3240,0.3703,VendorBacked,,onsrud-hardwood-60-100mw-1_4-finish,Finish,false,B,Exact,onsrud_hard_wood_cutting_data,"VendorLut { observation_id: ""onsrud-hardwood-60-100mw-1_4-finish"" }",onsrud-hardwood-60-100mw-1_4-finish,efficiency.very_fine_stepover;feeds.long_tool_derate;feeds.feed_clamped,Info;Info;Info,LongToolDerate;FeedRateClamped,FinishEnvelopeAdvisory;CutGeometryFieldNotHeld,Contour,Finish,,
BullNose,6.0000,2,SteepShallow,mdf,ok,,9019.0000,3000.0000,529.0000,0.3000,,1.0000,0.3000,0.2740,10.0787,,0.2545,0.2936,VendorBacked,,onsrud-mdf-60-100mw-1_4-finish,Finish,true,B,Exact,onsrud_mdf_cutting_data,"VendorLut { observation_id: ""onsrud-mdf-60-100mw-1_4-finish"" }",onsrud-mdf-60-100mw-1_4-finish,efficiency.very_fine_stepover;feeds.long_tool_derate;feeds.feed_clamped,Info;Info;Info,LongToolDerate;FeedRateClamped,FinishEnvelopeAdvisory;CutGeometryFieldNotHeld,Contour,Finish,,
BullNose,6.0000,2,SteepShallow,plywood_hardwood,ok,,9549.0000,3000.0000,511.0000,0.3000,,1.0000,0.3000,0.3524,4.8045,,0.3289,0.3759,VendorBacked,,onsrud-plywood-hardwood-60-100mw-1_4-finish,Finish,false,A,Exact,onsrud_hard_plywood_cutting_data,"VendorLut { observation_id: ""onsrud-plywood-hardwood-60-100mw-1_4-finish"" }",onsrud-plywood-hardwood-60-100mw-1_4-finish,efficiency.very_fine_stepover;feeds.long_tool_derate;feeds.feed_clamped,Info;Info;Info,LongToolDerate;FeedRateClamped,FinishEnvelopeAdvisory;CutGeometryFieldNotHeld,Contour,Finish,,
BullNose,6.0000,2,RampFinish,softwood,refused,Suggest has no basis for Ramp Finish with a bull nose in softwood: No published wood chipload exists for a bull-nose cutter on a parallel finish pass.,,,,,,,,,,,,,Refused,,,,,,,,,,,,,,Parallel,Finish,,
BullNose,6.0000,2,RampFinish,hardwood,refused,Suggest has no basis for Ramp Finish with a bull nose in hardwood: No published wood chipload exists for a bull-nose cutter on a parallel finish pass.,,,,,,,,,,,,,Refused,,,,,,,,,,,,,,Parallel,Finish,,
BullNose,6.0000,2,RampFinish,mdf,refused,Suggest has no basis for Ramp Finish with a bull nose in MDF: No published wood chipload exists for a bull-nose cutter on a parallel finish pass.,,,,,,,,,,,,,Refused,,,,,,,,,,,,,,Parallel,Finish,,
BullNose,6.0000,2,RampFinish,plywood_hardwood,refused,Suggest has no basis for Ramp Finish with a bull nose in hardwood plywood: No published wood chipload exists for a bull-nose cutter on a parallel finish pass.,,,,,,,,,,,,,Refused,,,,,,,,,,,,,,Parallel,Finish,,
BullNose,6.0000,2,SpiralFinish,softwood,refused,Spiral Finish needs a ball nose or tapered ball nose tool; this tool is a bull nose.,,,,,,,,,,,,,Refused,,,,,,,,,,,,,,Scallop,Finish,,
BullNose,6.0000,2,SpiralFinish,hardwood,refused,Spiral Finish needs a ball nose or tapered ball nose tool; this tool is a bull nose.,,,,,,,,,,,,,Refused,,,,,,,,,,,,,,Scallop,Finish,,
BullNose,6.0000,2,SpiralFinish,mdf,refused,Spiral Finish needs a ball nose or tapered ball nose tool; this tool is a bull nose.,,,,,,,,,,,,,Refused,,,,,,,,,,,,,,Scallop,Finish,,
BullNose,6.0000,2,SpiralFinish,plywood_hardwood,refused,Spiral Finish needs a ball nose or tapered ball nose tool; this tool is a bull nose.,,,,,,,,,,,,,Refused,,,,,,,,,,,,,,Scallop,Finish,,
BullNose,6.0000,2,RadialFinish,softwood,refused,Suggest has no basis for Radial Finish with a bull nose in softwood: No published wood chipload exists for a bull-nose cutter on a parallel finish pass.,,,,,,,,,,,,,Refused,,,,,,,,,,,,,,Parallel,Finish,,
BullNose,6.0000,2,RadialFinish,hardwood,refused,Suggest has no basis for Radial Finish with a bull nose in hardwood: No published wood chipload exists for a bull-nose cutter on a parallel finish pass.,,,,,,,,,,,,,Refused,,,,,,,,,,,,,,Parallel,Finish,,
BullNose,6.0000,2,RadialFinish,mdf,refused,Suggest has no basis for Radial Finish with a bull nose in MDF: No published wood chipload exists for a bull-nose cutter on a parallel finish pass.,,,,,,,,,,,,,Refused,,,,,,,,,,,,,,Parallel,Finish,,
BullNose,6.0000,2,RadialFinish,plywood_hardwood,refused,Suggest has no basis for Radial Finish with a bull nose in hardwood plywood: No published wood chipload exists for a bull-nose cutter on a parallel finish pass.,,,,,,,,,,,,,Refused,,,,,,,,,,,,,,Parallel,Finish,,
BullNose,6.0000,2,HorizontalFinish,softwood,refused,Suggest has no basis for Horizontal Finish with a bull nose in softwood: No published wood chipload exists for a bull-nose cutter on a parallel finish pass.,,,,,,,,,,,,,Refused,,,,,,,,,,,,,,Parallel,Finish,,
BullNose,6.0000,2,HorizontalFinish,hardwood,refused,Suggest has no basis for Horizontal Finish with a bull nose in hardwood: No published wood chipload exists for a bull-nose cutter on a parallel finish pass.,,,,,,,,,,,,,Refused,,,,,,,,,,,,,,Parallel,Finish,,
BullNose,6.0000,2,HorizontalFinish,mdf,refused,Suggest has no basis for Horizontal Finish with a bull nose in MDF: No published wood chipload exists for a bull-nose cutter on a parallel finish pass.,,,,,,,,,,,,,Refused,,,,,,,,,,,,,,Parallel,Finish,,
BullNose,6.0000,2,HorizontalFinish,plywood_hardwood,refused,Suggest has no basis for Horizontal Finish with a bull nose in hardwood plywood: No published wood chipload exists for a bull-nose cutter on a parallel finish pass.,,,,,,,,,,,,,Refused,,,,,,,,,,,,,,Parallel,Finish,,
BullNose,6.0000,2,ProjectCurve,softwood,refused,"Suggest has no basis for Project Curve with a bull nose in softwood: No published wood chipload exists for a bull-nose cutter on a trace, pencil or projected-curve pass.",,,,,,,,,,,,,Refused,,,,,,,,,,,,,,Trace,Finish,,
BullNose,6.0000,2,ProjectCurve,hardwood,refused,"Suggest has no basis for Project Curve with a bull nose in hardwood: No published wood chipload exists for a bull-nose cutter on a trace, pencil or projected-curve pass.",,,,,,,,,,,,,Refused,,,,,,,,,,,,,,Trace,Finish,,
BullNose,6.0000,2,ProjectCurve,mdf,refused,"Suggest has no basis for Project Curve with a bull nose in MDF: No published wood chipload exists for a bull-nose cutter on a trace, pencil or projected-curve pass.",,,,,,,,,,,,,Refused,,,,,,,,,,,,,,Trace,Finish,,
BullNose,6.0000,2,ProjectCurve,plywood_hardwood,refused,"Suggest has no basis for Project Curve with a bull nose in hardwood plywood: No published wood chipload exists for a bull-nose cutter on a trace, pencil or projected-curve pass.",,,,,,,,,,,,,Refused,,,,,,,,,,,,,,Trace,Finish,,
BullNose,6.0000,2,AlignmentPinDrill,softwood,refused,"Suggest has no basis for Pin Drill with a bull nose in softwood: No published wood figure exists for a plunge drill with a bull-nose cutter, and the drill multiplier 2.5 is unsourced.",,,,,,,,,,,,,Refused,,,,,,,,,,,,,,Drill,Roughing,,
BullNose,6.0000,2,AlignmentPinDrill,hardwood,refused,"Suggest has no basis for Pin Drill with a bull nose in hardwood: No published wood figure exists for a plunge drill with a bull-nose cutter, and the drill multiplier 2.5 is unsourced.",,,,,,,,,,,,,Refused,,,,,,,,,,,,,,Drill,Roughing,,
BullNose,6.0000,2,AlignmentPinDrill,mdf,refused,"Suggest has no basis for Pin Drill with a bull nose in MDF: No published wood figure exists for a plunge drill with a bull-nose cutter, and the drill multiplier 2.5 is unsourced.",,,,,,,,,,,,,Refused,,,,,,,,,,,,,,Drill,Roughing,,
BullNose,6.0000,2,AlignmentPinDrill,plywood_hardwood,refused,"Suggest has no basis for Pin Drill with a bull nose in hardwood plywood: No published wood figure exists for a plunge drill with a bull-nose cutter, and the drill multiplier 2.5 is unsourced.",,,,,,,,,,,,,Refused,,,,,,,,,,,,,,Drill,Roughing,,
VBit,6.3500,2,Face,softwood,ok,,10026.0000,980.0000,793.0000,2.2220,1.2700,4.4450,2.2225,0.0741,19.6280,0.0063,,,FormulaOnly,"repo-derived chipload formula k0*D^p*(1/H)^q (machine::ChipLoadFormula, feeds::calculate step 2); exponents per CREDITS.md 'Chipload column convention and scaling laws'; k0 uncited (code comment 'Shapeoko empirical data' only)",,,,,,,FormulaFallback,,feeds.long_tool_derate,Info,LongToolDerate,RoughingDepthClampedToRigidity;DeflectionBackoffFigureIsAFloor,Pocket,Roughing,0.2000,1.2700
VBit,6.3500,2,Face,hardwood,ok,,10026.0000,628.0000,557.0000,2.2220,1.2700,4.4450,2.2225,0.0475,33.6206,0.0118,,,FormulaOnly,"repo-derived chipload formula k0*D^p*(1/H)^q (machine::ChipLoadFormula, feeds::calculate step 2); exponents per CREDITS.md 'Chipload column convention and scaling laws'; k0 uncited (code comment 'Shapeoko empirical data' only)",,,,,,,FormulaFallback,,feeds.long_tool_derate,Info,LongToolDerate,RoughingDepthClampedToRigidity;DeflectionBackoffFigureIsAFloor,Pocket,Roughing,0.2000,1.2700
VBit,6.3500,2,Face,mdf,refused,"Suggest has no basis for Face with a V-bit in MDF: No published V-bit chipload exists for MDF or plywood on pocket, contour, parallel or trace passes.",,,,,,,,,,,,,Refused,,,,,,,,,,,,,,Pocket,Roughing,0.2000,1.2700
VBit,6.3500,2,Face,plywood_hardwood,refused,"Suggest has no basis for Face with a V-bit in hardwood plywood: No published V-bit chipload exists for MDF or plywood on pocket, contour, parallel or trace passes.",,,,,,,,,,,,,Refused,,,,,,,,,,,,,,Pocket,Roughing,0.2000,1.2700
VBit,6.3500,2,Pocket,softwood,ok,,10026.0000,980.0000,793.0000,2.2220,1.2700,4.4450,2.2225,0.0741,19.6280,0.0063,,,FormulaOnly,"repo-derived chipload formula k0*D^p*(1/H)^q (machine::ChipLoadFormula, feeds::calculate step 2); exponents per CREDITS.md 'Chipload column convention and scaling laws'; k0 uncited (code comment 'Shapeoko empirical data' only)",,,,,,,FormulaFallback,,feeds.long_tool_derate,Info,LongToolDerate,RoughingDepthClampedToRigidity;DeflectionBackoffFigureIsAFloor,Pocket,Roughing,0.2000,1.2700
VBit,6.3500,2,Pocket,hardwood,ok,,10026.0000,628.0000,557.0000,2.2220,1.2700,4.4450,2.2225,0.0475,33.6206,0.0118,,,FormulaOnly,"repo-derived chipload formula k0*D^p*(1/H)^q (machine::ChipLoadFormula, feeds::calculate step 2); exponents per CREDITS.md 'Chipload column convention and scaling laws'; k0 uncited (code comment 'Shapeoko empirical data' only)",,,,,,,FormulaFallback,,feeds.long_tool_derate,Info,LongToolDerate,RoughingDepthClampedToRigidity;DeflectionBackoffFigureIsAFloor,Pocket,Roughing,0.2000,1.2700
VBit,6.3500,2,Pocket,mdf,refused,"Suggest has no basis for Pocket with a V-bit in MDF: No published V-bit chipload exists for MDF or plywood on pocket, contour, parallel or trace passes.",,,,,,,,,,,,,Refused,,,,,,,,,,,,,,Pocket,Roughing,0.2000,1.2700
VBit,6.3500,2,Pocket,plywood_hardwood,refused,"Suggest has no basis for Pocket with a V-bit in hardwood plywood: No published V-bit chipload exists for MDF or plywood on pocket, contour, parallel or trace passes.",,,,,,,,,,,,,Refused,,,,,,,,,,,,,,Pocket,Roughing,0.2000,1.2700
VBit,6.3500,2,Profile,softwood,ok,,10026.0000,980.0000,793.0000,,1.2700,5.0800,1.1430,0.0741,20.6871,,,,FormulaOnly,"repo-derived chipload formula k0*D^p*(1/H)^q (machine::ChipLoadFormula, feeds::calculate step 2); exponents per CREDITS.md 'Chipload column convention and scaling laws'; k0 uncited (code comment 'Shapeoko empirical data' only)",,,,,,,FormulaFallback,,feeds.long_tool_derate,Info,LongToolDerate,RoughingDepthClampedToRigidity;DeflectionBackoffFigureIsAFloor;CutGeometryFieldNotHeld,Contour,Roughing,0.2000,1.2700
VBit,6.3500,2,Profile,hardwood,ok,,10026.0000,628.0000,557.0000,,1.2700,5.0800,1.1430,0.0475,36.1866,,,,FormulaOnly,"repo-derived chipload formula k0*D^p*(1/H)^q (machine::ChipLoadFormula, feeds::calculate step 2); exponents per CREDITS.md 'Chipload column convention and scaling laws'; k0 uncited (code comment 'Shapeoko empirical data' only)",,,,,,,FormulaFallback,,feeds.long_tool_derate,Info,LongToolDerate,RoughingDepthClampedToRigidity;DeflectionBackoffFigureIsAFloor;CutGeometryFieldNotHeld,Contour,Roughing,0.2000,1.2700
VBit,6.3500,2,Profile,mdf,refused,"Suggest has no basis for Profile with a V-bit in MDF: No published V-bit chipload exists for MDF or plywood on pocket, contour, parallel or trace passes.",,,,,,,,,,,,,Refused,,,,,,,,,,,,,,Contour,Roughing,0.2000,1.2700
VBit,6.3500,2,Profile,plywood_hardwood,refused,"Suggest has no basis for Profile with a V-bit in hardwood plywood: No published V-bit chipload exists for MDF or plywood on pocket, contour, parallel or trace passes.",,,,,,,,,,,,,Refused,,,,,,,,,,,,,,Contour,Roughing,0.2000,1.2700
VBit,6.3500,2,Adaptive,softwood,refused,"Suggest has no basis for Adaptive with a V-bit in softwood: No published figure exists for a V-bit on adaptive clearing, and the recipe depth passes the end of the cone.",,,,,,,,,,,,,Refused,,,,,,,,,,,,,,Adaptive,Roughing,1.5000,9.5250
VBit,6.3500,2,Adaptive,hardwood,refused,"Suggest has no basis for Adaptive with a V-bit in hardwood: No published figure exists for a V-bit on adaptive clearing, and the recipe depth passes the end of the cone.",,,,,,,,,,,,,Refused,,,,,,,,,,,,,,Adaptive,Roughing,1.5000,9.5250
VBit,6.3500,2,Adaptive,mdf,refused,"Suggest has no basis for Adaptive with a V-bit in MDF: No published figure exists for a V-bit on adaptive clearing, and the recipe depth passes the end of the cone.",,,,,,,,,,,,,Refused,,,,,,,,,,,,,,Adaptive,Roughing,1.5000,9.5250
VBit,6.3500,2,Adaptive,plywood_hardwood,refused,"Suggest has no basis for Adaptive with a V-bit in hardwood plywood: No published figure exists for a V-bit on adaptive clearing, and the recipe depth passes the end of the cone.",,,,,,,,,,,,,Refused,,,,,,,,,,,,,,Adaptive,Roughing,1.5000,9.5250
VBit,6.3500,2,VCarve,softwood,ok,,11027.0000,625.0000,625.0000,0.1270,,5.0000,0.1270,0.0430,14.7537,,0.0430,0.0430,VendorBacked,,amana-vgroove-softwood-trace-60deg-2f,Finish,true,A,Exact,amana_ams159_vgroove_v2,"VendorLut { observation_id: ""amana-vgroove-softwood-trace-60deg-2f"" }",amana-vgroove-softwood-trace-60deg-2f,efficiency.very_fine_stepover;feeds.long_tool_derate,Info;Info,LongToolDerate,PlungeClampedToFeed;CutGeometryFieldNotHeld,Trace,Finish,,
VBit,6.3500,2,VCarve,hardwood,ok,,22000.0000,1301.0000,557.0000,0.1270,,5.0000,0.1270,0.0448,29.6348,,,,VendorBacked,,whiteside-1540-vgroove-60deg-quarter-rpm,Finish,false,B,Derived,whiteside_1540_vgroove,FormulaFallback,whiteside-1540-vgroove-60deg-quarter-rpm,efficiency.very_fine_stepover;feeds.vendor_row_publishes_no_chipload;feeds.long_tool_derate,Info;Info;Info,VendorRowPublishesNoChipload;LongToolDerate,CutGeometryFieldNotHeld,Trace,Finish,,
VBit,6.3500,2,VCarve,mdf,ok,,22000.0000,1496.0000,560.0000,0.1270,,5.0000,0.1270,0.0515,26.9299,,,,VendorBacked,,whiteside-1540-vgroove-60deg-quarter-rpm,Finish,false,B,Derived,whiteside_1540_vgroove,FormulaFallback,whiteside-1540-vgroove-60deg-quarter-rpm,efficiency.very_fine_stepover;feeds.vendor_row_publishes_no_chipload;feeds.long_tool_derate,Info;Info;Info,VendorRowPublishesNoChipload;LongToolDerate,CutGeometryFieldNotHeld,Trace,Finish,,
VBit,6.3500,2,VCarve,plywood_hardwood,ok,,22000.0000,1432.0000,541.0000,0.1270,,5.0000,0.1270,0.0493,11.0920,,,,VendorBacked,,whiteside-1540-vgroove-60deg-quarter-rpm,Finish,false,B,Derived,whiteside_1540_vgroove,FormulaFallback,whiteside-1540-vgroove-60deg-quarter-rpm,efficiency.very_fine_stepover;feeds.vendor_row_publishes_no_chipload;feeds.long_tool_derate,Info;Info;Info,VendorRowPublishesNoChipload;LongToolDerate,CutGeometryFieldNotHeld,Trace,Finish,,
VBit,6.3500,2,Rest,softwood,ok,,10026.0000,980.0000,793.0000,2.2220,1.2700,4.4450,2.2225,0.0741,19.6280,0.0063,,,FormulaOnly,"repo-derived chipload formula k0*D^p*(1/H)^q (machine::ChipLoadFormula, feeds::calculate step 2); exponents per CREDITS.md 'Chipload column convention and scaling laws'; k0 uncited (code comment 'Shapeoko empirical data' only)",,,,,,,FormulaFallback,,feeds.long_tool_derate,Info,LongToolDerate,RoughingDepthClampedToRigidity;DeflectionBackoffFigureIsAFloor,Pocket,Roughing,0.2000,1.2700
VBit,6.3500,2,Rest,hardwood,ok,,10026.0000,628.0000,557.0000,2.2220,1.2700,4.4450,2.2225,0.0475,33.6206,0.0118,,,FormulaOnly,"repo-derived chipload formula k0*D^p*(1/H)^q (machine::ChipLoadFormula, feeds::calculate step 2); exponents per CREDITS.md 'Chipload column convention and scaling laws'; k0 uncited (code comment 'Shapeoko empirical data' only)",,,,,,,FormulaFallback,,feeds.long_tool_derate,Info,LongToolDerate,RoughingDepthClampedToRigidity;DeflectionBackoffFigureIsAFloor,Pocket,Roughing,0.2000,1.2700
VBit,6.3500,2,Rest,mdf,refused,"Suggest has no basis for Rest Machining with a V-bit in MDF: No published V-bit chipload exists for MDF or plywood on pocket, contour, parallel or trace passes.",,,,,,,,,,,,,Refused,,,,,,,,,,,,,,Pocket,Roughing,0.2000,1.2700
VBit,6.3500,2,Rest,plywood_hardwood,refused,"Suggest has no basis for Rest Machining with a V-bit in hardwood plywood: No published V-bit chipload exists for MDF or plywood on pocket, contour, parallel or trace passes.",,,,,,,,,,,,,Refused,,,,,,,,,,,,,,Pocket,Roughing,0.2000,1.2700
VBit,6.3500,2,Inlay,softwood,ok,,22000.0000,2152.0000,793.0000,0.1270,,0.3810,0.1270,0.0741,1.2071,,,,VendorBacked,,whiteside-1540-vgroove-60deg-quarter-rpm,Finish,true,B,Derived,whiteside_1540_vgroove,FormulaFallback,whiteside-1540-vgroove-60deg-quarter-rpm,efficiency.very_fine_stepover;feeds.vendor_row_publishes_no_chipload;feeds.long_tool_derate,Info;Info;Info,VendorRowPublishesNoChipload;LongToolDerate,CutGeometryFieldNotHeld,Trace,Finish,,
VBit,6.3500,2,Inlay,hardwood,ok,,22000.0000,1379.0000,557.0000,0.1270,,0.3810,0.1270,0.0475,2.2725,,,,VendorBacked,,whiteside-1540-vgroove-60deg-quarter-rpm,Finish,false,B,Derived,whiteside_1540_vgroove,FormulaFallback,whiteside-1540-vgroove-60deg-quarter-rpm,efficiency.very_fine_stepover;feeds.vendor_row_publishes_no_chipload;feeds.long_tool_derate,Info;Info;Info,VendorRowPublishesNoChipload;LongToolDerate,CutGeometryFieldNotHeld,Trace,Finish,,
VBit,6.3500,2,Inlay,mdf,ok,,22000.0000,1585.0000,560.0000,0.1270,,0.3810,0.1270,0.0546,2.0667,,,,VendorBacked,,whiteside-1540-vgroove-60deg-quarter-rpm,Finish,false,B,Derived,whiteside_1540_vgroove,FormulaFallback,whiteside-1540-vgroove-60deg-quarter-rpm,efficiency.very_fine_stepover;feeds.vendor_row_publishes_no_chipload;feeds.long_tool_derate,Info;Info;Info,VendorRowPublishesNoChipload;LongToolDerate,CutGeometryFieldNotHeld,Trace,Finish,,
VBit,6.3500,2,Inlay,plywood_hardwood,ok,,22000.0000,1517.0000,541.0000,0.1270,,0.3810,0.1270,0.0523,0.8510,,,,VendorBacked,,whiteside-1540-vgroove-60deg-quarter-rpm,Finish,false,B,Derived,whiteside_1540_vgroove,FormulaFallback,whiteside-1540-vgroove-60deg-quarter-rpm,efficiency.very_fine_stepover;feeds.vendor_row_publishes_no_chipload;feeds.long_tool_derate,Info;Info;Info,VendorRowPublishesNoChipload;LongToolDerate,CutGeometryFieldNotHeld,Trace,Finish,,
VBit,6.3500,2,Zigzag,softwood,ok,,10026.0000,980.0000,793.0000,2.2220,1.2700,4.4450,2.2225,0.0741,19.6280,0.0063,,,FormulaOnly,"repo-derived chipload formula k0*D^p*(1/H)^q (machine::ChipLoadFormula, feeds::calculate step 2); exponents per CREDITS.md 'Chipload column convention and scaling laws'; k0 uncited (code comment 'Shapeoko empirical data' only)",,,,,,,FormulaFallback,,feeds.long_tool_derate,Info,LongToolDerate,RoughingDepthClampedToRigidity;DeflectionBackoffFigureIsAFloor,Pocket,Roughing,0.2000,1.2700
VBit,6.3500,2,Zigzag,hardwood,ok,,10026.0000,628.0000,557.0000,2.2220,1.2700,4.4450,2.2225,0.0475,33.6206,0.0118,,,FormulaOnly,"repo-derived chipload formula k0*D^p*(1/H)^q (machine::ChipLoadFormula, feeds::calculate step 2); exponents per CREDITS.md 'Chipload column convention and scaling laws'; k0 uncited (code comment 'Shapeoko empirical data' only)",,,,,,,FormulaFallback,,feeds.long_tool_derate,Info,LongToolDerate,RoughingDepthClampedToRigidity;DeflectionBackoffFigureIsAFloor,Pocket,Roughing,0.2000,1.2700
VBit,6.3500,2,Zigzag,mdf,refused,"Suggest has no basis for Zigzag with a V-bit in MDF: No published V-bit chipload exists for MDF or plywood on pocket, contour, parallel or trace passes.",,,,,,,,,,,,,Refused,,,,,,,,,,,,,,Pocket,Roughing,0.2000,1.2700
VBit,6.3500,2,Zigzag,plywood_hardwood,refused,"Suggest has no basis for Zigzag with a V-bit in hardwood plywood: No published V-bit chipload exists for MDF or plywood on pocket, contour, parallel or trace passes.",,,,,,,,,,,,,Refused,,,,,,,,,,,,,,Pocket,Roughing,0.2000,1.2700
VBit,6.3500,2,Trace,softwood,ok,,22000.0000,2152.0000,793.0000,,0.3333,0.3810,0.1270,0.0741,1.2071,,,,VendorBacked,,whiteside-1540-vgroove-60deg-quarter-rpm,Finish,true,B,Derived,whiteside_1540_vgroove,FormulaFallback,whiteside-1540-vgroove-60deg-quarter-rpm,feeds.vendor_row_publishes_no_chipload;feeds.long_tool_derate,Info;Info,VendorRowPublishesNoChipload;LongToolDerate,CutGeometryFieldNotHeld,Trace,Finish,,
VBit,6.3500,2,Trace,hardwood,ok,,22000.0000,1379.0000,557.0000,,0.3333,0.3810,0.1270,0.0475,2.2725,,,,VendorBacked,,whiteside-1540-vgroove-60deg-quarter-rpm,Finish,false,B,Derived,whiteside_1540_vgroove,FormulaFallback,whiteside-1540-vgroove-60deg-quarter-rpm,feeds.vendor_row_publishes_no_chipload;feeds.long_tool_derate,Info;Info,VendorRowPublishesNoChipload;LongToolDerate,CutGeometryFieldNotHeld,Trace,Finish,,
VBit,6.3500,2,Trace,mdf,ok,,22000.0000,1585.0000,560.0000,,0.3333,0.3810,0.1270,0.0546,2.0667,,,,VendorBacked,,whiteside-1540-vgroove-60deg-quarter-rpm,Finish,false,B,Derived,whiteside_1540_vgroove,FormulaFallback,whiteside-1540-vgroove-60deg-quarter-rpm,feeds.vendor_row_publishes_no_chipload;feeds.long_tool_derate,Info;Info,VendorRowPublishesNoChipload;LongToolDerate,CutGeometryFieldNotHeld,Trace,Finish,,
VBit,6.3500,2,Trace,plywood_hardwood,ok,,22000.0000,1517.0000,541.0000,,0.3333,0.3810,0.1270,0.0523,0.8510,,,,VendorBacked,,whiteside-1540-vgroove-60deg-quarter-rpm,Finish,false,B,Derived,whiteside_1540_vgroove,FormulaFallback,whiteside-1540-vgroove-60deg-quarter-rpm,feeds.vendor_row_publishes_no_chipload;feeds.long_tool_derate,Info;Info,VendorRowPublishesNoChipload;LongToolDerate,CutGeometryFieldNotHeld,Trace,Finish,,
VBit,6.3500,2,Drill,softwood,refused,"Suggest has no basis for Drill with a V-bit in softwood: No published wood figure exists for a plunge drill with a V-bit, and a V-bit cuts a cone, not a bore.",,,,,,,,,,,,,Refused,,,,,,,,,,,,,,Drill,Roughing,,
VBit,6.3500,2,Drill,hardwood,refused,"Suggest has no basis for Drill with a V-bit in hardwood: No published wood figure exists for a plunge drill with a V-bit, and a V-bit cuts a cone, not a bore.",,,,,,,,,,,,,Refused,,,,,,,,,,,,,,Drill,Roughing,,
VBit,6.3500,2,Drill,mdf,refused,"Suggest has no basis for Drill with a V-bit in MDF: No published wood figure exists for a plunge drill with a V-bit, and a V-bit cuts a cone, not a bore.",,,,,,,,,,,,,Refused,,,,,,,,,,,,,,Drill,Roughing,,
VBit,6.3500,2,Drill,plywood_hardwood,refused,"Suggest has no basis for Drill with a V-bit in hardwood plywood: No published wood figure exists for a plunge drill with a V-bit, and a V-bit cuts a cone, not a bore.",,,,,,,,,,,,,Refused,,,,,,,,,,,,,,Drill,Roughing,,
VBit,6.3500,2,Chamfer,softwood,ok,,22000.0000,2152.0000,793.0000,,,0.3810,0.1270,0.0741,1.2071,,,,VendorBacked,,whiteside-1540-vgroove-60deg-quarter-rpm,Finish,true,B,Derived,whiteside_1540_vgroove,FormulaFallback,whiteside-1540-vgroove-60deg-quarter-rpm,feeds.vendor_row_publishes_no_chipload;feeds.long_tool_derate,Info;Info,VendorRowPublishesNoChipload;LongToolDerate,CutGeometryFieldNotHeld;CutGeometryFieldNotHeld,Trace,Finish,,
VBit,6.3500,2,Chamfer,hardwood,ok,,22000.0000,1379.0000,557.0000,,,0.3810,0.1270,0.0475,2.2725,,,,VendorBacked,,whiteside-1540-vgroove-60deg-quarter-rpm,Finish,false,B,Derived,whiteside_1540_vgroove,FormulaFallback,whiteside-1540-vgroove-60deg-quarter-rpm,feeds.vendor_row_publishes_no_chipload;feeds.long_tool_derate,Info;Info,VendorRowPublishesNoChipload;LongToolDerate,CutGeometryFieldNotHeld;CutGeometryFieldNotHeld,Trace,Finish,,
VBit,6.3500,2,Chamfer,mdf,ok,,22000.0000,1585.0000,560.0000,,,0.3810,0.1270,0.0546,2.0667,,,,VendorBacked,,whiteside-1540-vgroove-60deg-quarter-rpm,Finish,false,B,Derived,whiteside_1540_vgroove,FormulaFallback,whiteside-1540-vgroove-60deg-quarter-rpm,feeds.vendor_row_publishes_no_chipload;feeds.long_tool_derate,Info;Info,VendorRowPublishesNoChipload;LongToolDerate,CutGeometryFieldNotHeld;CutGeometryFieldNotHeld,Trace,Finish,,
VBit,6.3500,2,Chamfer,plywood_hardwood,ok,,22000.0000,1517.0000,541.0000,,,0.3810,0.1270,0.0523,0.8510,,,,VendorBacked,,whiteside-1540-vgroove-60deg-quarter-rpm,Finish,false,B,Derived,whiteside_1540_vgroove,FormulaFallback,whiteside-1540-vgroove-60deg-quarter-rpm,feeds.vendor_row_publishes_no_chipload;feeds.long_tool_derate,Info;Info,VendorRowPublishesNoChipload;LongToolDerate,CutGeometryFieldNotHeld;CutGeometryFieldNotHeld,Trace,Finish,,
VBit,6.3500,2,DropCutter,softwood,refused,Suggest has no basis for 3D Finish with a V-bit in softwood: No published figure backs the formula for a V-bit on parallel finish passes: at the engaged width the chip is below half of every V-bit figure.,,,,,,,,,,,,,Refused,,,,,,,,,,,,,,Parallel,Finish,,
VBit,6.3500,2,DropCutter,hardwood,refused,Suggest has no basis for 3D Finish with a V-bit in hardwood: No published figure backs the formula for a V-bit on parallel finish passes: at the engaged width the chip is below half of every V-bit figure.,,,,,,,,,,,,,Refused,,,,,,,,,,,,,,Parallel,Finish,,
VBit,6.3500,2,DropCutter,mdf,refused,"Suggest has no basis for 3D Finish with a V-bit in MDF: No published V-bit chipload exists for MDF or plywood on pocket, contour, parallel or trace passes.",,,,,,,,,,,,,Refused,,,,,,,,,,,,,,Parallel,Finish,,
VBit,6.3500,2,DropCutter,plywood_hardwood,refused,"Suggest has no basis for 3D Finish with a V-bit in hardwood plywood: No published V-bit chipload exists for MDF or plywood on pocket, contour, parallel or trace passes.",,,,,,,,,,,,,Refused,,,,,,,,,,,,,,Parallel,Finish,,
VBit,6.3500,2,Adaptive3d,softwood,refused,"Suggest has no basis for 3D Rough with a V-bit in softwood: No published figure exists for a V-bit on adaptive clearing, and the recipe depth passes the end of the cone.",,,,,,,,,,,,,Refused,,,,,,,,,,,,,,Adaptive,Roughing,1.5000,9.5250
VBit,6.3500,2,Adaptive3d,hardwood,refused,"Suggest has no basis for 3D Rough with a V-bit in hardwood: No published figure exists for a V-bit on adaptive clearing, and the recipe depth passes the end of the cone.",,,,,,,,,,,,,Refused,,,,,,,,,,,,,,Adaptive,Roughing,1.5000,9.5250
VBit,6.3500,2,Adaptive3d,mdf,refused,"Suggest has no basis for 3D Rough with a V-bit in MDF: No published figure exists for a V-bit on adaptive clearing, and the recipe depth passes the end of the cone.",,,,,,,,,,,,,Refused,,,,,,,,,,,,,,Adaptive,Roughing,1.5000,9.5250
VBit,6.3500,2,Adaptive3d,plywood_hardwood,refused,"Suggest has no basis for 3D Rough with a V-bit in hardwood plywood: No published figure exists for a V-bit on adaptive clearing, and the recipe depth passes the end of the cone.",,,,,,,,,,,,,Refused,,,,,,,,,,,,,,Adaptive,Roughing,1.5000,9.5250
VBit,6.3500,2,Waterline,softwood,refused,Suggest has no basis for Waterline with a V-bit in softwood: No published figure backs the formula for a V-bit on waterline or steep-shallow passes: no vendor prints a V-bit 3D finish chart.,,,,,,,,,,,,,Refused,,,,,,,,,,,,,,Contour,SemiFinish,,
VBit,6.3500,2,Waterline,hardwood,refused,Suggest has no basis for Waterline with a V-bit in hardwood: No published figure backs the formula for a V-bit on waterline or steep-shallow passes: no vendor prints a V-bit 3D finish chart.,,,,,,,,,,,,,Refused,,,,,,,,,,,,,,Contour,SemiFinish,,
VBit,6.3500,2,Waterline,mdf,refused,"Suggest has no basis for Waterline with a V-bit in MDF: No published V-bit chipload exists for MDF or plywood on pocket, contour, parallel or trace passes.",,,,,,,,,,,,,Refused,,,,,,,,,,,,,,Contour,SemiFinish,,
VBit,6.3500,2,Waterline,plywood_hardwood,refused,"Suggest has no basis for Waterline with a V-bit in hardwood plywood: No published V-bit chipload exists for MDF or plywood on pocket, contour, parallel or trace passes.",,,,,,,,,,,,,Refused,,,,,,,,,,,,,,Contour,SemiFinish,,
VBit,6.3500,2,Pencil,softwood,refused,Pencil Finish needs a ball nose or tapered ball nose tool; this tool is a V-bit.,,,,,,,,,,,,,Refused,,,,,,,,,,,,,,Trace,Finish,,
VBit,6.3500,2,Pencil,hardwood,refused,Pencil Finish needs a ball nose or tapered ball nose tool; this tool is a V-bit.,,,,,,,,,,,,,Refused,,,,,,,,,,,,,,Trace,Finish,,
VBit,6.3500,2,Pencil,mdf,refused,Pencil Finish needs a ball nose or tapered ball nose tool; this tool is a V-bit.,,,,,,,,,,,,,Refused,,,,,,,,,,,,,,Trace,Finish,,
VBit,6.3500,2,Pencil,plywood_hardwood,refused,Pencil Finish needs a ball nose or tapered ball nose tool; this tool is a V-bit.,,,,,,,,,,,,,Refused,,,,,,,,,,,,,,Trace,Finish,,
VBit,6.3500,2,Scallop,softwood,refused,Scallop Finish needs a ball nose or tapered ball nose tool; this tool is a V-bit.,,,,,,,,,,,,,Refused,,,,,,,,,,,,,,Scallop,Finish,,
VBit,6.3500,2,Scallop,hardwood,refused,Scallop Finish needs a ball nose or tapered ball nose tool; this tool is a V-bit.,,,,,,,,,,,,,Refused,,,,,,,,,,,,,,Scallop,Finish,,
VBit,6.3500,2,Scallop,mdf,refused,Scallop Finish needs a ball nose or tapered ball nose tool; this tool is a V-bit.,,,,,,,,,,,,,Refused,,,,,,,,,,,,,,Scallop,Finish,,
VBit,6.3500,2,Scallop,plywood_hardwood,refused,Scallop Finish needs a ball nose or tapered ball nose tool; this tool is a V-bit.,,,,,,,,,,,,,Refused,,,,,,,,,,,,,,Scallop,Finish,,
VBit,6.3500,2,UnifiedFinish,softwood,refused,Unified Finish needs a ball nose or tapered ball nose tool; this tool is a V-bit.,,,,,,,,,,,,,Refused,,,,,,,,,,,,,,Scallop,Finish,,
VBit,6.3500,2,UnifiedFinish,hardwood,refused,Unified Finish needs a ball nose or tapered ball nose tool; this tool is a V-bit.,,,,,,,,,,,,,Refused,,,,,,,,,,,,,,Scallop,Finish,,
VBit,6.3500,2,UnifiedFinish,mdf,refused,Unified Finish needs a ball nose or tapered ball nose tool; this tool is a V-bit.,,,,,,,,,,,,,Refused,,,,,,,,,,,,,,Scallop,Finish,,
VBit,6.3500,2,UnifiedFinish,plywood_hardwood,refused,Unified Finish needs a ball nose or tapered ball nose tool; this tool is a V-bit.,,,,,,,,,,,,,Refused,,,,,,,,,,,,,,Scallop,Finish,,
VBit,6.3500,2,SteepShallow,softwood,refused,Suggest has no basis for Steep/Shallow with a V-bit in softwood: No published figure backs the formula for a V-bit on waterline or steep-shallow passes: no vendor prints a V-bit 3D finish chart.,,,,,,,,,,,,,Refused,,,,,,,,,,,,,,Contour,Finish,,
VBit,6.3500,2,SteepShallow,hardwood,refused,Suggest has no basis for Steep/Shallow with a V-bit in hardwood: No published figure backs the formula for a V-bit on waterline or steep-shallow passes: no vendor prints a V-bit 3D finish chart.,,,,,,,,,,,,,Refused,,,,,,,,,,,,,,Contour,Finish,,
VBit,6.3500,2,SteepShallow,mdf,refused,"Suggest has no basis for Steep/Shallow with a V-bit in MDF: No published V-bit chipload exists for MDF or plywood on pocket, contour, parallel or trace passes.",,,,,,,,,,,,,Refused,,,,,,,,,,,,,,Contour,Finish,,
VBit,6.3500,2,SteepShallow,plywood_hardwood,refused,"Suggest has no basis for Steep/Shallow with a V-bit in hardwood plywood: No published V-bit chipload exists for MDF or plywood on pocket, contour, parallel or trace passes.",,,,,,,,,,,,,Refused,,,,,,,,,,,,,,Contour,Finish,,
VBit,6.3500,2,RampFinish,softwood,refused,Suggest has no basis for Ramp Finish with a V-bit in softwood: No published figure backs the formula for a V-bit on parallel finish passes: at the engaged width the chip is below half of every V-bit figure.,,,,,,,,,,,,,Refused,,,,,,,,,,,,,,Parallel,Finish,,
VBit,6.3500,2,RampFinish,hardwood,refused,Suggest has no basis for Ramp Finish with a V-bit in hardwood: No published figure backs the formula for a V-bit on parallel finish passes: at the engaged width the chip is below half of every V-bit figure.,,,,,,,,,,,,,Refused,,,,,,,,,,,,,,Parallel,Finish,,
VBit,6.3500,2,RampFinish,mdf,refused,"Suggest has no basis for Ramp Finish with a V-bit in MDF: No published V-bit chipload exists for MDF or plywood on pocket, contour, parallel or trace passes.",,,,,,,,,,,,,Refused,,,,,,,,,,,,,,Parallel,Finish,,
VBit,6.3500,2,RampFinish,plywood_hardwood,refused,"Suggest has no basis for Ramp Finish with a V-bit in hardwood plywood: No published V-bit chipload exists for MDF or plywood on pocket, contour, parallel or trace passes.",,,,,,,,,,,,,Refused,,,,,,,,,,,,,,Parallel,Finish,,
VBit,6.3500,2,SpiralFinish,softwood,refused,Spiral Finish needs a ball nose or tapered ball nose tool; this tool is a V-bit.,,,,,,,,,,,,,Refused,,,,,,,,,,,,,,Scallop,Finish,,
VBit,6.3500,2,SpiralFinish,hardwood,refused,Spiral Finish needs a ball nose or tapered ball nose tool; this tool is a V-bit.,,,,,,,,,,,,,Refused,,,,,,,,,,,,,,Scallop,Finish,,
VBit,6.3500,2,SpiralFinish,mdf,refused,Spiral Finish needs a ball nose or tapered ball nose tool; this tool is a V-bit.,,,,,,,,,,,,,Refused,,,,,,,,,,,,,,Scallop,Finish,,
VBit,6.3500,2,SpiralFinish,plywood_hardwood,refused,Spiral Finish needs a ball nose or tapered ball nose tool; this tool is a V-bit.,,,,,,,,,,,,,Refused,,,,,,,,,,,,,,Scallop,Finish,,
VBit,6.3500,2,RadialFinish,softwood,refused,Suggest has no basis for Radial Finish with a V-bit in softwood: No published figure backs the formula for a V-bit on parallel finish passes: at the engaged width the chip is below half of every V-bit figure.,,,,,,,,,,,,,Refused,,,,,,,,,,,,,,Parallel,Finish,,
VBit,6.3500,2,RadialFinish,hardwood,refused,Suggest has no basis for Radial Finish with a V-bit in hardwood: No published figure backs the formula for a V-bit on parallel finish passes: at the engaged width the chip is below half of every V-bit figure.,,,,,,,,,,,,,Refused,,,,,,,,,,,,,,Parallel,Finish,,
VBit,6.3500,2,RadialFinish,mdf,refused,"Suggest has no basis for Radial Finish with a V-bit in MDF: No published V-bit chipload exists for MDF or plywood on pocket, contour, parallel or trace passes.",,,,,,,,,,,,,Refused,,,,,,,,,,,,,,Parallel,Finish,,
VBit,6.3500,2,RadialFinish,plywood_hardwood,refused,"Suggest has no basis for Radial Finish with a V-bit in hardwood plywood: No published V-bit chipload exists for MDF or plywood on pocket, contour, parallel or trace passes.",,,,,,,,,,,,,Refused,,,,,,,,,,,,,,Parallel,Finish,,
VBit,6.3500,2,HorizontalFinish,softwood,refused,Suggest has no basis for Horizontal Finish with a V-bit in softwood: No published figure backs the formula for a V-bit on parallel finish passes: at the engaged width the chip is below half of every V-bit figure.,,,,,,,,,,,,,Refused,,,,,,,,,,,,,,Parallel,Finish,,
VBit,6.3500,2,HorizontalFinish,hardwood,refused,Suggest has no basis for Horizontal Finish with a V-bit in hardwood: No published figure backs the formula for a V-bit on parallel finish passes: at the engaged width the chip is below half of every V-bit figure.,,,,,,,,,,,,,Refused,,,,,,,,,,,,,,Parallel,Finish,,
VBit,6.3500,2,HorizontalFinish,mdf,refused,"Suggest has no basis for Horizontal Finish with a V-bit in MDF: No published V-bit chipload exists for MDF or plywood on pocket, contour, parallel or trace passes.",,,,,,,,,,,,,Refused,,,,,,,,,,,,,,Parallel,Finish,,
VBit,6.3500,2,HorizontalFinish,plywood_hardwood,refused,"Suggest has no basis for Horizontal Finish with a V-bit in hardwood plywood: No published V-bit chipload exists for MDF or plywood on pocket, contour, parallel or trace passes.",,,,,,,,,,,,,Refused,,,,,,,,,,,,,,Parallel,Finish,,
VBit,6.3500,2,ProjectCurve,softwood,ok,,10026.0000,980.0000,793.0000,,,0.3810,0.1270,0.0741,1.2071,,,,FormulaOnly,"repo-derived chipload formula k0*D^p*(1/H)^q (machine::ChipLoadFormula, feeds::calculate step 2); exponents per CREDITS.md 'Chipload column convention and scaling laws'; k0 uncited (code comment 'Shapeoko empirical data' only)",,,,,,,FormulaFallback,,feeds.no_vendor_rows_for_routed_operation;feeds.long_tool_derate,Caution;Info,NoVendorRowsForRoutedOperation;LongToolDerate,CutGeometryFieldNotHeld;CutGeometryFieldNotHeld,Trace,Finish,,
VBit,6.3500,2,ProjectCurve,hardwood,ok,,10026.0000,628.0000,557.0000,,,0.3810,0.1270,0.0475,2.2725,,,,FormulaOnly,"repo-derived chipload formula k0*D^p*(1/H)^q (machine::ChipLoadFormula, feeds::calculate step 2); exponents per CREDITS.md 'Chipload column convention and scaling laws'; k0 uncited (code comment 'Shapeoko empirical data' only)",,,,,,,FormulaFallback,,feeds.no_vendor_rows_for_routed_operation;feeds.long_tool_derate,Caution;Info,NoVendorRowsForRoutedOperation;LongToolDerate,CutGeometryFieldNotHeld;CutGeometryFieldNotHeld,Trace,Finish,,
VBit,6.3500,2,ProjectCurve,mdf,refused,"Suggest has no basis for Project Curve with a V-bit in MDF: No published V-bit chipload exists for MDF or plywood on pocket, contour, parallel or trace passes.",,,,,,,,,,,,,Refused,,,,,,,,,,,,,,Trace,Finish,,
VBit,6.3500,2,ProjectCurve,plywood_hardwood,refused,"Suggest has no basis for Project Curve with a V-bit in hardwood plywood: No published V-bit chipload exists for MDF or plywood on pocket, contour, parallel or trace passes.",,,,,,,,,,,,,Refused,,,,,,,,,,,,,,Trace,Finish,,
VBit,6.3500,2,AlignmentPinDrill,softwood,refused,"Suggest has no basis for Pin Drill with a V-bit in softwood: No published wood figure exists for a plunge drill with a V-bit, and a V-bit cuts a cone, not a bore.",,,,,,,,,,,,,Refused,,,,,,,,,,,,,,Drill,Roughing,,
VBit,6.3500,2,AlignmentPinDrill,hardwood,refused,"Suggest has no basis for Pin Drill with a V-bit in hardwood: No published wood figure exists for a plunge drill with a V-bit, and a V-bit cuts a cone, not a bore.",,,,,,,,,,,,,Refused,,,,,,,,,,,,,,Drill,Roughing,,
VBit,6.3500,2,AlignmentPinDrill,mdf,refused,"Suggest has no basis for Pin Drill with a V-bit in MDF: No published wood figure exists for a plunge drill with a V-bit, and a V-bit cuts a cone, not a bore.",,,,,,,,,,,,,Refused,,,,,,,,,,,,,,Drill,Roughing,,
VBit,6.3500,2,AlignmentPinDrill,plywood_hardwood,refused,"Suggest has no basis for Pin Drill with a V-bit in hardwood plywood: No published wood figure exists for a plunge drill with a V-bit, and a V-bit cuts a cone, not a bore.",,,,,,,,,,,,,Refused,,,,,,,,,,,,,,Drill,Roughing,,
VBit,12.7000,2,Face,softwood,ok,,8000.0000,1357.0000,1357.0000,4.4450,2.0000,8.8900,4.4450,0.1131,47.5170,0.0153,,,FormulaOnly,"repo-derived chipload formula k0*D^p*(1/H)^q (machine::ChipLoadFormula, feeds::calculate step 2); exponents per CREDITS.md 'Chipload column convention and scaling laws'; k0 uncited (code comment 'Shapeoko empirical data' only)",,,,,,,FormulaFallback,,feeds.shank_too_large,Critical,ShankTooLarge,PlungeClampedToFeed;DeflectionBackoffFigureIsAFloor,Pocket,Roughing,0.2000,2.5400
VBit,12.7000,2,Face,hardwood,ok,,8000.0000,870.0000,870.0000,4.4450,2.0000,8.8900,4.4450,0.0725,77.8318,0.0269,,,FormulaOnly,"repo-derived chipload formula k0*D^p*(1/H)^q (machine::ChipLoadFormula, feeds::calculate step 2); exponents per CREDITS.md 'Chipload column convention and scaling laws'; k0 uncited (code comment 'Shapeoko empirical data' only)",,,,,,,FormulaFallback,,feeds.shank_too_large,Critical,ShankTooLarge,PlungeClampedToFeed;DeflectionBackoffFigureIsAFloor,Pocket,Roughing,0.2000,2.5400
VBit,12.7000,2,Face,mdf,refused,"Suggest has no basis for Face with a V-bit in MDF: No published V-bit chipload exists for MDF or plywood on pocket, contour, parallel or trace passes.",,,,,,,,,,,,,Refused,,,,,,,,,,,,,,Pocket,Roughing,0.2000,2.5400
VBit,12.7000,2,Face,plywood_hardwood,refused,"Suggest has no basis for Face with a V-bit in hardwood plywood: No published V-bit chipload exists for MDF or plywood on pocket, contour, parallel or trace passes.",,,,,,,,,,,,,Refused,,,,,,,,,,,,,,Pocket,Roughing,0.2000,2.5400
VBit,12.7000,2,Pocket,softwood,ok,,8000.0000,1357.0000,1357.0000,4.4450,2.5400,8.8900,4.4450,0.1131,47.5170,0.0229,,,FormulaOnly,"repo-derived chipload formula k0*D^p*(1/H)^q (machine::ChipLoadFormula, feeds::calculate step 2); exponents per CREDITS.md 'Chipload column convention and scaling laws'; k0 uncited (code comment 'Shapeoko empirical data' only)",,,,,,,FormulaFallback,,feeds.shank_too_large,Critical,ShankTooLarge,PlungeClampedToFeed;RoughingDepthClampedToRigidity;DeflectionBackoffFigureIsAFloor,Pocket,Roughing,0.2000,2.5400
VBit,12.7000,2,Pocket,hardwood,ok,,8000.0000,870.0000,870.0000,4.4450,2.5400,8.8900,4.4450,0.0725,77.8318,0.0413,,,FormulaOnly,"repo-derived chipload formula k0*D^p*(1/H)^q (machine::ChipLoadFormula, feeds::calculate step 2); exponents per CREDITS.md 'Chipload column convention and scaling laws'; k0 uncited (code comment 'Shapeoko empirical data' only)",,,,,,,FormulaFallback,,feeds.shank_too_large,Critical,ShankTooLarge,PlungeClampedToFeed;RoughingDepthClampedToRigidity;DeflectionBackoffFigureIsAFloor,Pocket,Roughing,0.2000,2.5400
VBit,12.7000,2,Pocket,mdf,refused,"Suggest has no basis for Pocket with a V-bit in MDF: No published V-bit chipload exists for MDF or plywood on pocket, contour, parallel or trace passes.",,,,,,,,,,,,,Refused,,,,,,,,,,,,,,Pocket,Roughing,0.2000,2.5400
VBit,12.7000,2,Pocket,plywood_hardwood,refused,"Suggest has no basis for Pocket with a V-bit in hardwood plywood: No published V-bit chipload exists for MDF or plywood on pocket, contour, parallel or trace passes.",,,,,,,,,,,,,Refused,,,,,,,,,,,,,,Pocket,Roughing,0.2000,2.5400
VBit,12.7000,2,Profile,softwood,ok,,8000.0000,1357.0000,1357.0000,,2.5400,10.1600,2.2860,0.1131,48.9788,,,,FormulaOnly,"repo-derived chipload formula k0*D^p*(1/H)^q (machine::ChipLoadFormula, feeds::calculate step 2); exponents per CREDITS.md 'Chipload column convention and scaling laws'; k0 uncited (code comment 'Shapeoko empirical data' only)",,,,,,,FormulaFallback,,feeds.shank_too_large,Critical,ShankTooLarge,PlungeClampedToFeed;RoughingDepthClampedToRigidity;DeflectionBackoffFigureIsAFloor;CutGeometryFieldNotHeld,Contour,Roughing,0.2000,2.5400
VBit,12.7000,2,Profile,hardwood,ok,,8000.0000,870.0000,870.0000,,2.5400,10.1600,2.2860,0.0725,82.1224,,,,FormulaOnly,"repo-derived chipload formula k0*D^p*(1/H)^q (machine::ChipLoadFormula, feeds::calculate step 2); exponents per CREDITS.md 'Chipload column convention and scaling laws'; k0 uncited (code comment 'Shapeoko empirical data' only)",,,,,,,FormulaFallback,,feeds.shank_too_large,Critical,ShankTooLarge,PlungeClampedToFeed;RoughingDepthClampedToRigidity;DeflectionBackoffFigureIsAFloor;CutGeometryFieldNotHeld,Contour,Roughing,0.2000,2.5400
VBit,12.7000,2,Profile,mdf,refused,"Suggest has no basis for Profile with a V-bit in MDF: No published V-bit chipload exists for MDF or plywood on pocket, contour, parallel or trace passes.",,,,,,,,,,,,,Refused,,,,,,,,,,,,,,Contour,Roughing,0.2000,2.5400
VBit,12.7000,2,Profile,plywood_hardwood,refused,"Suggest has no basis for Profile with a V-bit in hardwood plywood: No published V-bit chipload exists for MDF or plywood on pocket, contour, parallel or trace passes.",,,,,,,,,,,,,Refused,,,,,,,,,,,,,,Contour,Roughing,0.2000,2.5400
VBit,12.7000,2,Adaptive,softwood,refused,"Suggest has no basis for Adaptive with a V-bit in softwood: No published figure exists for a V-bit on adaptive clearing, and the recipe depth passes the end of the cone.",,,,,,,,,,,,,Refused,,,,,,,,,,,,,,Adaptive,Roughing,1.5000,19.0500
VBit,12.7000,2,Adaptive,hardwood,refused,"Suggest has no basis for Adaptive with a V-bit in hardwood: No published figure exists for a V-bit on adaptive clearing, and the recipe depth passes the end of the cone.",,,,,,,,,,,,,Refused,,,,,,,,,,,,,,Adaptive,Roughing,1.5000,19.0500
VBit,12.7000,2,Adaptive,mdf,refused,"Suggest has no basis for Adaptive with a V-bit in MDF: No published figure exists for a V-bit on adaptive clearing, and the recipe depth passes the end of the cone.",,,,,,,,,,,,,Refused,,,,,,,,,,,,,,Adaptive,Roughing,1.5000,19.0500
VBit,12.7000,2,Adaptive,plywood_hardwood,refused,"Suggest has no basis for Adaptive with a V-bit in hardwood plywood: No published figure exists for a V-bit on adaptive clearing, and the recipe depth passes the end of the cone.",,,,,,,,,,,,,Refused,,,,,,,,,,,,,,Adaptive,Roughing,1.5000,19.0500
VBit,12.7000,2,VCarve,softwood,ok,,11027.0000,711.0000,711.0000,0.2540,,5.0000,0.2540,0.0430,14.7537,,0.0430,0.0430,VendorBacked,,amana-vgroove-softwood-trace-60deg-2f,Finish,true,A,Exact,amana_ams159_vgroove_v2,"VendorLut { observation_id: ""amana-vgroove-softwood-trace-60deg-2f"" }",amana-vgroove-softwood-trace-60deg-2f,efficiency.very_fine_stepover;feeds.shank_too_large,Info;Critical,ShankTooLarge,PlungeClampedToFeed;CutGeometryFieldNotHeld,Trace,Finish,,
VBit,12.7000,2,VCarve,hardwood,ok,,22000.0000,1479.0000,1115.0000,0.2540,,5.0000,0.2540,0.0448,29.6348,,,,VendorBacked,,whiteside-1540-vgroove-60deg-quarter-rpm,Finish,false,B,Derived,whiteside_1540_vgroove,FormulaFallback,whiteside-1540-vgroove-60deg-quarter-rpm,efficiency.very_fine_stepover;feeds.vendor_row_publishes_no_chipload;feeds.shank_too_large,Info;Info;Critical,VendorRowPublishesNoChipload;ShankTooLarge,CutGeometryFieldNotHeld,Trace,Finish,,
VBit,12.7000,2,VCarve,mdf,ok,,22000.0000,1700.0000,1121.0000,0.2540,,5.0000,0.2540,0.0515,26.9299,,,,VendorBacked,,whiteside-1540-vgroove-60deg-quarter-rpm,Finish,false,B,Derived,whiteside_1540_vgroove,FormulaFallback,whiteside-1540-vgroove-60deg-quarter-rpm,efficiency.very_fine_stepover;feeds.vendor_row_publishes_no_chipload;feeds.shank_too_large,Info;Info;Critical,VendorRowPublishesNoChipload;ShankTooLarge,CutGeometryFieldNotHeld,Trace,Finish,,
VBit,12.7000,2,VCarve,plywood_hardwood,ok,,22000.0000,1627.0000,1082.0000,0.2540,,5.0000,0.2540,0.0493,11.0920,,,,VendorBacked,,whiteside-1540-vgroove-60deg-quarter-rpm,Finish,false,B,Derived,whiteside_1540_vgroove,FormulaFallback,whiteside-1540-vgroove-60deg-quarter-rpm,efficiency.very_fine_stepover;feeds.vendor_row_publishes_no_chipload;feeds.shank_too_large,Info;Info;Critical,VendorRowPublishesNoChipload;ShankTooLarge,CutGeometryFieldNotHeld,Trace,Finish,,
VBit,12.7000,2,Rest,softwood,ok,,8000.0000,1357.0000,1357.0000,4.4450,2.5400,8.8900,4.4450,0.1131,47.5170,0.0229,,,FormulaOnly,"repo-derived chipload formula k0*D^p*(1/H)^q (machine::ChipLoadFormula, feeds::calculate step 2); exponents per CREDITS.md 'Chipload column convention and scaling laws'; k0 uncited (code comment 'Shapeoko empirical data' only)",,,,,,,FormulaFallback,,feeds.shank_too_large,Critical,ShankTooLarge,PlungeClampedToFeed;RoughingDepthClampedToRigidity;DeflectionBackoffFigureIsAFloor,Pocket,Roughing,0.2000,2.5400
VBit,12.7000,2,Rest,hardwood,ok,,8000.0000,870.0000,870.0000,4.4450,2.5400,8.8900,4.4450,0.0725,77.8318,0.0413,,,FormulaOnly,"repo-derived chipload formula k0*D^p*(1/H)^q (machine::ChipLoadFormula, feeds::calculate step 2); exponents per CREDITS.md 'Chipload column convention and scaling laws'; k0 uncited (code comment 'Shapeoko empirical data' only)",,,,,,,FormulaFallback,,feeds.shank_too_large,Critical,ShankTooLarge,PlungeClampedToFeed;RoughingDepthClampedToRigidity;DeflectionBackoffFigureIsAFloor,Pocket,Roughing,0.2000,2.5400
VBit,12.7000,2,Rest,mdf,refused,"Suggest has no basis for Rest Machining with a V-bit in MDF: No published V-bit chipload exists for MDF or plywood on pocket, contour, parallel or trace passes.",,,,,,,,,,,,,Refused,,,,,,,,,,,,,,Pocket,Roughing,0.2000,2.5400
VBit,12.7000,2,Rest,plywood_hardwood,refused,"Suggest has no basis for Rest Machining with a V-bit in hardwood plywood: No published V-bit chipload exists for MDF or plywood on pocket, contour, parallel or trace passes.",,,,,,,,,,,,,Refused,,,,,,,,,,,,,,Pocket,Roughing,0.2000,2.5400
VBit,12.7000,2,Inlay,softwood,ok,,8000.0000,834.0000,834.0000,0.2540,,0.7620,0.2540,0.0696,2.3900,,0.0696,0.0696,VendorBacked,,amana-vgroove-softwood-trace-60deg-2f,Finish,false,A,Exact,amana_ams159_vgroove_v2,"VendorLut { observation_id: ""amana-vgroove-softwood-trace-60deg-2f"" }",amana-vgroove-softwood-trace-60deg-2f,efficiency.very_fine_stepover;feeds.shank_too_large,Info;Critical,ShankTooLarge,PlungeClampedToFeed;CutGeometryFieldNotHeld,Trace,Finish,,
VBit,12.7000,2,Inlay,hardwood,ok,,8000.0000,862.0000,862.0000,0.2540,,0.7620,0.2540,0.0719,4.8046,,0.0719,0.0719,VendorBacked,,amana-vgroove-hardwood-trace-60deg-2f,Finish,false,A,Exact,amana_ams159_vgroove_v2,"VendorLut { observation_id: ""amana-vgroove-hardwood-trace-60deg-2f"" }",amana-vgroove-hardwood-trace-60deg-2f,efficiency.very_fine_stepover;feeds.shank_too_large,Info;Critical,ShankTooLarge,PlungeClampedToFeed;CutGeometryFieldNotHeld,Trace,Finish,,
VBit,12.7000,2,Inlay,mdf,ok,,8000.0000,990.0000,990.0000,0.2540,,0.7620,0.2540,0.0825,4.3996,,0.0825,0.0825,VendorBacked,,amana-vgroove-hardwood-trace-60deg-2f,Finish,false,A,Exact,amana_ams159_vgroove_v2,"VendorLut { observation_id: ""amana-vgroove-hardwood-trace-60deg-2f"" }",amana-vgroove-hardwood-trace-60deg-2f,efficiency.very_fine_stepover;feeds.shank_too_large,Info;Critical,ShankTooLarge,PlungeClampedToFeed;CutGeometryFieldNotHeld,Trace,Finish,,
VBit,12.7000,2,Inlay,plywood_hardwood,ok,,8000.0000,948.0000,948.0000,0.2540,,0.7620,0.2540,0.0790,1.8076,,0.0790,0.0790,VendorBacked,,amana-vgroove-hardwood-trace-60deg-2f,Finish,false,A,Exact,amana_ams159_vgroove_v2,"VendorLut { observation_id: ""amana-vgroove-hardwood-trace-60deg-2f"" }",amana-vgroove-hardwood-trace-60deg-2f,efficiency.very_fine_stepover;feeds.shank_too_large,Info;Critical,ShankTooLarge,PlungeClampedToFeed;CutGeometryFieldNotHeld,Trace,Finish,,
VBit,12.7000,2,Zigzag,softwood,ok,,8000.0000,1357.0000,1357.0000,4.4450,2.5400,8.8900,4.4450,0.1131,47.5170,0.0229,,,FormulaOnly,"repo-derived chipload formula k0*D^p*(1/H)^q (machine::ChipLoadFormula, feeds::calculate step 2); exponents per CREDITS.md 'Chipload column convention and scaling laws'; k0 uncited (code comment 'Shapeoko empirical data' only)",,,,,,,FormulaFallback,,feeds.shank_too_large,Critical,ShankTooLarge,PlungeClampedToFeed;RoughingDepthClampedToRigidity;DeflectionBackoffFigureIsAFloor,Pocket,Roughing,0.2000,2.5400
VBit,12.7000,2,Zigzag,hardwood,ok,,8000.0000,870.0000,870.0000,4.4450,2.5400,8.8900,4.4450,0.0725,77.8318,0.0413,,,FormulaOnly,"repo-derived chipload formula k0*D^p*(1/H)^q (machine::ChipLoadFormula, feeds::calculate step 2); exponents per CREDITS.md 'Chipload column convention and scaling laws'; k0 uncited (code comment 'Shapeoko empirical data' only)",,,,,,,FormulaFallback,,feeds.shank_too_large,Critical,ShankTooLarge,PlungeClampedToFeed;RoughingDepthClampedToRigidity;DeflectionBackoffFigureIsAFloor,Pocket,Roughing,0.2000,2.5400
VBit,12.7000,2,Zigzag,mdf,refused,"Suggest has no basis for Zigzag with a V-bit in MDF: No published V-bit chipload exists for MDF or plywood on pocket, contour, parallel or trace passes.",,,,,,,,,,,,,Refused,,,,,,,,,,,,,,Pocket,Roughing,0.2000,2.5400
VBit,12.7000,2,Zigzag,plywood_hardwood,refused,"Suggest has no basis for Zigzag with a V-bit in hardwood plywood: No published V-bit chipload exists for MDF or plywood on pocket, contour, parallel or trace passes.",,,,,,,,,,,,,Refused,,,,,,,,,,,,,,Pocket,Roughing,0.2000,2.5400
VBit,12.7000,2,Trace,softwood,ok,,8000.0000,834.0000,834.0000,,0.5000,0.7620,0.2540,0.0696,2.3900,,0.0696,0.0696,VendorBacked,,amana-vgroove-softwood-trace-60deg-2f,Finish,false,A,Exact,amana_ams159_vgroove_v2,"VendorLut { observation_id: ""amana-vgroove-softwood-trace-60deg-2f"" }",amana-vgroove-softwood-trace-60deg-2f,feeds.shank_too_large,Critical,ShankTooLarge,PlungeClampedToFeed;CutGeometryFieldNotHeld,Trace,Finish,,
VBit,12.7000,2,Trace,hardwood,ok,,8000.0000,862.0000,862.0000,,0.5000,0.7620,0.2540,0.0719,4.8046,,0.0719,0.0719,VendorBacked,,amana-vgroove-hardwood-trace-60deg-2f,Finish,false,A,Exact,amana_ams159_vgroove_v2,"VendorLut { observation_id: ""amana-vgroove-hardwood-trace-60deg-2f"" }",amana-vgroove-hardwood-trace-60deg-2f,feeds.shank_too_large,Critical,ShankTooLarge,PlungeClampedToFeed;CutGeometryFieldNotHeld,Trace,Finish,,
VBit,12.7000,2,Trace,mdf,ok,,8000.0000,990.0000,990.0000,,0.5000,0.7620,0.2540,0.0825,4.3996,,0.0825,0.0825,VendorBacked,,amana-vgroove-hardwood-trace-60deg-2f,Finish,false,A,Exact,amana_ams159_vgroove_v2,"VendorLut { observation_id: ""amana-vgroove-hardwood-trace-60deg-2f"" }",amana-vgroove-hardwood-trace-60deg-2f,feeds.shank_too_large,Critical,ShankTooLarge,PlungeClampedToFeed;CutGeometryFieldNotHeld,Trace,Finish,,
VBit,12.7000,2,Trace,plywood_hardwood,ok,,8000.0000,948.0000,948.0000,,0.5000,0.7620,0.2540,0.0790,1.8076,,0.0790,0.0790,VendorBacked,,amana-vgroove-hardwood-trace-60deg-2f,Finish,false,A,Exact,amana_ams159_vgroove_v2,"VendorLut { observation_id: ""amana-vgroove-hardwood-trace-60deg-2f"" }",amana-vgroove-hardwood-trace-60deg-2f,feeds.shank_too_large,Critical,ShankTooLarge,PlungeClampedToFeed;CutGeometryFieldNotHeld,Trace,Finish,,
VBit,12.7000,2,Drill,softwood,refused,"Suggest has no basis for Drill with a V-bit in softwood: No published wood figure exists for a plunge drill with a V-bit, and a V-bit cuts a cone, not a bore.",,,,,,,,,,,,,Refused,,,,,,,,,,,,,,Drill,Roughing,,
VBit,12.7000,2,Drill,hardwood,refused,"Suggest has no basis for Drill with a V-bit in hardwood: No published wood figure exists for a plunge drill with a V-bit, and a V-bit cuts a cone, not a bore.",,,,,,,,,,,,,Refused,,,,,,,,,,,,,,Drill,Roughing,,
VBit,12.7000,2,Drill,mdf,refused,"Suggest has no basis for Drill with a V-bit in MDF: No published wood figure exists for a plunge drill with a V-bit, and a V-bit cuts a cone, not a bore.",,,,,,,,,,,,,Refused,,,,,,,,,,,,,,Drill,Roughing,,
VBit,12.7000,2,Drill,plywood_hardwood,refused,"Suggest has no basis for Drill with a V-bit in hardwood plywood: No published wood figure exists for a plunge drill with a V-bit, and a V-bit cuts a cone, not a bore.",,,,,,,,,,,,,Refused,,,,,,,,,,,,,,Drill,Roughing,,
VBit,12.7000,2,Chamfer,softwood,ok,,8000.0000,834.0000,834.0000,,,0.7620,0.2540,0.0696,2.3900,,0.0696,0.0696,VendorBacked,,amana-vgroove-softwood-trace-60deg-2f,Finish,false,A,Exact,amana_ams159_vgroove_v2,"VendorLut { observation_id: ""amana-vgroove-softwood-trace-60deg-2f"" }",amana-vgroove-softwood-trace-60deg-2f,feeds.shank_too_large,Critical,ShankTooLarge,PlungeClampedToFeed;CutGeometryFieldNotHeld;CutGeometryFieldNotHeld,Trace,Finish,,
VBit,12.7000,2,Chamfer,hardwood,ok,,8000.0000,862.0000,862.0000,,,0.7620,0.2540,0.0719,4.8046,,0.0719,0.0719,VendorBacked,,amana-vgroove-hardwood-trace-60deg-2f,Finish,false,A,Exact,amana_ams159_vgroove_v2,"VendorLut { observation_id: ""amana-vgroove-hardwood-trace-60deg-2f"" }",amana-vgroove-hardwood-trace-60deg-2f,feeds.shank_too_large,Critical,ShankTooLarge,PlungeClampedToFeed;CutGeometryFieldNotHeld;CutGeometryFieldNotHeld,Trace,Finish,,
VBit,12.7000,2,Chamfer,mdf,ok,,8000.0000,990.0000,990.0000,,,0.7620,0.2540,0.0825,4.3996,,0.0825,0.0825,VendorBacked,,amana-vgroove-hardwood-trace-60deg-2f,Finish,false,A,Exact,amana_ams159_vgroove_v2,"VendorLut { observation_id: ""amana-vgroove-hardwood-trace-60deg-2f"" }",amana-vgroove-hardwood-trace-60deg-2f,feeds.shank_too_large,Critical,ShankTooLarge,PlungeClampedToFeed;CutGeometryFieldNotHeld;CutGeometryFieldNotHeld,Trace,Finish,,
VBit,12.7000,2,Chamfer,plywood_hardwood,ok,,8000.0000,948.0000,948.0000,,,0.7620,0.2540,0.0790,1.8076,,0.0790,0.0790,VendorBacked,,amana-vgroove-hardwood-trace-60deg-2f,Finish,false,A,Exact,amana_ams159_vgroove_v2,"VendorLut { observation_id: ""amana-vgroove-hardwood-trace-60deg-2f"" }",amana-vgroove-hardwood-trace-60deg-2f,feeds.shank_too_large,Critical,ShankTooLarge,PlungeClampedToFeed;CutGeometryFieldNotHeld;CutGeometryFieldNotHeld,Trace,Finish,,
VBit,12.7000,2,DropCutter,softwood,refused,Suggest has no basis for 3D Finish with a V-bit in softwood: No published figure backs the formula for a V-bit on parallel finish passes: at the engaged width the chip is below half of every V-bit figure.,,,,,,,,,,,,,Refused,,,,,,,,,,,,,,Parallel,Finish,,
VBit,12.7000,2,DropCutter,hardwood,refused,Suggest has no basis for 3D Finish with a V-bit in hardwood: No published figure backs the formula for a V-bit on parallel finish passes: at the engaged width the chip is below half of every V-bit figure.,,,,,,,,,,,,,Refused,,,,,,,,,,,,,,Parallel,Finish,,
VBit,12.7000,2,DropCutter,mdf,refused,"Suggest has no basis for 3D Finish with a V-bit in MDF: No published V-bit chipload exists for MDF or plywood on pocket, contour, parallel or trace passes.",,,,,,,,,,,,,Refused,,,,,,,,,,,,,,Parallel,Finish,,
VBit,12.7000,2,DropCutter,plywood_hardwood,refused,"Suggest has no basis for 3D Finish with a V-bit in hardwood plywood: No published V-bit chipload exists for MDF or plywood on pocket, contour, parallel or trace passes.",,,,,,,,,,,,,Refused,,,,,,,,,,,,,,Parallel,Finish,,
VBit,12.7000,2,Adaptive3d,softwood,refused,"Suggest has no basis for 3D Rough with a V-bit in softwood: No published figure exists for a V-bit on adaptive clearing, and the recipe depth passes the end of the cone.",,,,,,,,,,,,,Refused,,,,,,,,,,,,,,Adaptive,Roughing,1.5000,19.0500
VBit,12.7000,2,Adaptive3d,hardwood,refused,"Suggest has no basis for 3D Rough with a V-bit in hardwood: No published figure exists for a V-bit on adaptive clearing, and the recipe depth passes the end of the cone.",,,,,,,,,,,,,Refused,,,,,,,,,,,,,,Adaptive,Roughing,1.5000,19.0500
VBit,12.7000,2,Adaptive3d,mdf,refused,"Suggest has no basis for 3D Rough with a V-bit in MDF: No published figure exists for a V-bit on adaptive clearing, and the recipe depth passes the end of the cone.",,,,,,,,,,,,,Refused,,,,,,,,,,,,,,Adaptive,Roughing,1.5000,19.0500
VBit,12.7000,2,Adaptive3d,plywood_hardwood,refused,"Suggest has no basis for 3D Rough with a V-bit in hardwood plywood: No published figure exists for a V-bit on adaptive clearing, and the recipe depth passes the end of the cone.",,,,,,,,,,,,,Refused,,,,,,,,,,,,,,Adaptive,Roughing,1.5000,19.0500
VBit,12.7000,2,Waterline,softwood,refused,Suggest has no basis for Waterline with a V-bit in softwood: No published figure backs the formula for a V-bit on waterline or steep-shallow passes: no vendor prints a V-bit 3D finish chart.,,,,,,,,,,,,,Refused,,,,,,,,,,,,,,Contour,SemiFinish,,
VBit,12.7000,2,Waterline,hardwood,refused,Suggest has no basis for Waterline with a V-bit in hardwood: No published figure backs the formula for a V-bit on waterline or steep-shallow passes: no vendor prints a V-bit 3D finish chart.,,,,,,,,,,,,,Refused,,,,,,,,,,,,,,Contour,SemiFinish,,
VBit,12.7000,2,Waterline,mdf,refused,"Suggest has no basis for Waterline with a V-bit in MDF: No published V-bit chipload exists for MDF or plywood on pocket, contour, parallel or trace passes.",,,,,,,,,,,,,Refused,,,,,,,,,,,,,,Contour,SemiFinish,,
VBit,12.7000,2,Waterline,plywood_hardwood,refused,"Suggest has no basis for Waterline with a V-bit in hardwood plywood: No published V-bit chipload exists for MDF or plywood on pocket, contour, parallel or trace passes.",,,,,,,,,,,,,Refused,,,,,,,,,,,,,,Contour,SemiFinish,,
VBit,12.7000,2,Pencil,softwood,refused,Pencil Finish needs a ball nose or tapered ball nose tool; this tool is a V-bit.,,,,,,,,,,,,,Refused,,,,,,,,,,,,,,Trace,Finish,,
VBit,12.7000,2,Pencil,hardwood,refused,Pencil Finish needs a ball nose or tapered ball nose tool; this tool is a V-bit.,,,,,,,,,,,,,Refused,,,,,,,,,,,,,,Trace,Finish,,
VBit,12.7000,2,Pencil,mdf,refused,Pencil Finish needs a ball nose or tapered ball nose tool; this tool is a V-bit.,,,,,,,,,,,,,Refused,,,,,,,,,,,,,,Trace,Finish,,
VBit,12.7000,2,Pencil,plywood_hardwood,refused,Pencil Finish needs a ball nose or tapered ball nose tool; this tool is a V-bit.,,,,,,,,,,,,,Refused,,,,,,,,,,,,,,Trace,Finish,,
VBit,12.7000,2,Scallop,softwood,refused,Scallop Finish needs a ball nose or tapered ball nose tool; this tool is a V-bit.,,,,,,,,,,,,,Refused,,,,,,,,,,,,,,Scallop,Finish,,
VBit,12.7000,2,Scallop,hardwood,refused,Scallop Finish needs a ball nose or tapered ball nose tool; this tool is a V-bit.,,,,,,,,,,,,,Refused,,,,,,,,,,,,,,Scallop,Finish,,
VBit,12.7000,2,Scallop,mdf,refused,Scallop Finish needs a ball nose or tapered ball nose tool; this tool is a V-bit.,,,,,,,,,,,,,Refused,,,,,,,,,,,,,,Scallop,Finish,,
VBit,12.7000,2,Scallop,plywood_hardwood,refused,Scallop Finish needs a ball nose or tapered ball nose tool; this tool is a V-bit.,,,,,,,,,,,,,Refused,,,,,,,,,,,,,,Scallop,Finish,,
VBit,12.7000,2,UnifiedFinish,softwood,refused,Unified Finish needs a ball nose or tapered ball nose tool; this tool is a V-bit.,,,,,,,,,,,,,Refused,,,,,,,,,,,,,,Scallop,Finish,,
VBit,12.7000,2,UnifiedFinish,hardwood,refused,Unified Finish needs a ball nose or tapered ball nose tool; this tool is a V-bit.,,,,,,,,,,,,,Refused,,,,,,,,,,,,,,Scallop,Finish,,
VBit,12.7000,2,UnifiedFinish,mdf,refused,Unified Finish needs a ball nose or tapered ball nose tool; this tool is a V-bit.,,,,,,,,,,,,,Refused,,,,,,,,,,,,,,Scallop,Finish,,
VBit,12.7000,2,UnifiedFinish,plywood_hardwood,refused,Unified Finish needs a ball nose or tapered ball nose tool; this tool is a V-bit.,,,,,,,,,,,,,Refused,,,,,,,,,,,,,,Scallop,Finish,,
VBit,12.7000,2,SteepShallow,softwood,refused,Suggest has no basis for Steep/Shallow with a V-bit in softwood: No published figure backs the formula for a V-bit on waterline or steep-shallow passes: no vendor prints a V-bit 3D finish chart.,,,,,,,,,,,,,Refused,,,,,,,,,,,,,,Contour,Finish,,
VBit,12.7000,2,SteepShallow,hardwood,refused,Suggest has no basis for Steep/Shallow with a V-bit in hardwood: No published figure backs the formula for a V-bit on waterline or steep-shallow passes: no vendor prints a V-bit 3D finish chart.,,,,,,,,,,,,,Refused,,,,,,,,,,,,,,Contour,Finish,,
VBit,12.7000,2,SteepShallow,mdf,refused,"Suggest has no basis for Steep/Shallow with a V-bit in MDF: No published V-bit chipload exists for MDF or plywood on pocket, contour, parallel or trace passes.",,,,,,,,,,,,,Refused,,,,,,,,,,,,,,Contour,Finish,,
VBit,12.7000,2,SteepShallow,plywood_hardwood,refused,"Suggest has no basis for Steep/Shallow with a V-bit in hardwood plywood: No published V-bit chipload exists for MDF or plywood on pocket, contour, parallel or trace passes.",,,,,,,,,,,,,Refused,,,,,,,,,,,,,,Contour,Finish,,
VBit,12.7000,2,RampFinish,softwood,refused,Suggest has no basis for Ramp Finish with a V-bit in softwood: No published figure backs the formula for a V-bit on parallel finish passes: at the engaged width the chip is below half of every V-bit figure.,,,,,,,,,,,,,Refused,,,,,,,,,,,,,,Parallel,Finish,,
VBit,12.7000,2,RampFinish,hardwood,refused,Suggest has no basis for Ramp Finish with a V-bit in hardwood: No published figure backs the formula for a V-bit on parallel finish passes: at the engaged width the chip is below half of every V-bit figure.,,,,,,,,,,,,,Refused,,,,,,,,,,,,,,Parallel,Finish,,
VBit,12.7000,2,RampFinish,mdf,refused,"Suggest has no basis for Ramp Finish with a V-bit in MDF: No published V-bit chipload exists for MDF or plywood on pocket, contour, parallel or trace passes.",,,,,,,,,,,,,Refused,,,,,,,,,,,,,,Parallel,Finish,,
VBit,12.7000,2,RampFinish,plywood_hardwood,refused,"Suggest has no basis for Ramp Finish with a V-bit in hardwood plywood: No published V-bit chipload exists for MDF or plywood on pocket, contour, parallel or trace passes.",,,,,,,,,,,,,Refused,,,,,,,,,,,,,,Parallel,Finish,,
VBit,12.7000,2,SpiralFinish,softwood,refused,Spiral Finish needs a ball nose or tapered ball nose tool; this tool is a V-bit.,,,,,,,,,,,,,Refused,,,,,,,,,,,,,,Scallop,Finish,,
VBit,12.7000,2,SpiralFinish,hardwood,refused,Spiral Finish needs a ball nose or tapered ball nose tool; this tool is a V-bit.,,,,,,,,,,,,,Refused,,,,,,,,,,,,,,Scallop,Finish,,
VBit,12.7000,2,SpiralFinish,mdf,refused,Spiral Finish needs a ball nose or tapered ball nose tool; this tool is a V-bit.,,,,,,,,,,,,,Refused,,,,,,,,,,,,,,Scallop,Finish,,
VBit,12.7000,2,SpiralFinish,plywood_hardwood,refused,Spiral Finish needs a ball nose or tapered ball nose tool; this tool is a V-bit.,,,,,,,,,,,,,Refused,,,,,,,,,,,,,,Scallop,Finish,,
VBit,12.7000,2,RadialFinish,softwood,refused,Suggest has no basis for Radial Finish with a V-bit in softwood: No published figure backs the formula for a V-bit on parallel finish passes: at the engaged width the chip is below half of every V-bit figure.,,,,,,,,,,,,,Refused,,,,,,,,,,,,,,Parallel,Finish,,
VBit,12.7000,2,RadialFinish,hardwood,refused,Suggest has no basis for Radial Finish with a V-bit in hardwood: No published figure backs the formula for a V-bit on parallel finish passes: at the engaged width the chip is below half of every V-bit figure.,,,,,,,,,,,,,Refused,,,,,,,,,,,,,,Parallel,Finish,,
VBit,12.7000,2,RadialFinish,mdf,refused,"Suggest has no basis for Radial Finish with a V-bit in MDF: No published V-bit chipload exists for MDF or plywood on pocket, contour, parallel or trace passes.",,,,,,,,,,,,,Refused,,,,,,,,,,,,,,Parallel,Finish,,
VBit,12.7000,2,RadialFinish,plywood_hardwood,refused,"Suggest has no basis for Radial Finish with a V-bit in hardwood plywood: No published V-bit chipload exists for MDF or plywood on pocket, contour, parallel or trace passes.",,,,,,,,,,,,,Refused,,,,,,,,,,,,,,Parallel,Finish,,
VBit,12.7000,2,HorizontalFinish,softwood,refused,Suggest has no basis for Horizontal Finish with a V-bit in softwood: No published figure backs the formula for a V-bit on parallel finish passes: at the engaged width the chip is below half of every V-bit figure.,,,,,,,,,,,,,Refused,,,,,,,,,,,,,,Parallel,Finish,,
VBit,12.7000,2,HorizontalFinish,hardwood,refused,Suggest has no basis for Horizontal Finish with a V-bit in hardwood: No published figure backs the formula for a V-bit on parallel finish passes: at the engaged width the chip is below half of every V-bit figure.,,,,,,,,,,,,,Refused,,,,,,,,,,,,,,Parallel,Finish,,
VBit,12.7000,2,HorizontalFinish,mdf,refused,"Suggest has no basis for Horizontal Finish with a V-bit in MDF: No published V-bit chipload exists for MDF or plywood on pocket, contour, parallel or trace passes.",,,,,,,,,,,,,Refused,,,,,,,,,,,,,,Parallel,Finish,,
VBit,12.7000,2,HorizontalFinish,plywood_hardwood,refused,"Suggest has no basis for Horizontal Finish with a V-bit in hardwood plywood: No published V-bit chipload exists for MDF or plywood on pocket, contour, parallel or trace passes.",,,,,,,,,,,,,Refused,,,,,,,,,,,,,,Parallel,Finish,,
VBit,12.7000,2,ProjectCurve,softwood,ok,,8000.0000,1357.0000,1357.0000,,,0.7620,0.2540,0.1131,2.6221,,,,FormulaOnly,"repo-derived chipload formula k0*D^p*(1/H)^q (machine::ChipLoadFormula, feeds::calculate step 2); exponents per CREDITS.md 'Chipload column convention and scaling laws'; k0 uncited (code comment 'Shapeoko empirical data' only)",,,,,,,FormulaFallback,,feeds.no_vendor_rows_for_routed_operation;feeds.shank_too_large,Caution;Critical,NoVendorRowsForRoutedOperation;ShankTooLarge,PlungeClampedToFeed;CutGeometryFieldNotHeld;CutGeometryFieldNotHeld,Trace,Finish,,
VBit,12.7000,2,ProjectCurve,hardwood,ok,,8000.0000,870.0000,870.0000,,,0.7620,0.2540,0.0725,4.8113,,,,FormulaOnly,"repo-derived chipload formula k0*D^p*(1/H)^q (machine::ChipLoadFormula, feeds::calculate step 2); exponents per CREDITS.md 'Chipload column convention and scaling laws'; k0 uncited (code comment 'Shapeoko empirical data' only)",,,,,,,FormulaFallback,,feeds.no_vendor_rows_for_routed_operation;feeds.shank_too_large,Caution;Critical,NoVendorRowsForRoutedOperation;ShankTooLarge,PlungeClampedToFeed;CutGeometryFieldNotHeld;CutGeometryFieldNotHeld,Trace,Finish,,
VBit,12.7000,2,ProjectCurve,mdf,refused,"Suggest has no basis for Project Curve with a V-bit in MDF: No published V-bit chipload exists for MDF or plywood on pocket, contour, parallel or trace passes.",,,,,,,,,,,,,Refused,,,,,,,,,,,,,,Trace,Finish,,
VBit,12.7000,2,ProjectCurve,plywood_hardwood,refused,"Suggest has no basis for Project Curve with a V-bit in hardwood plywood: No published V-bit chipload exists for MDF or plywood on pocket, contour, parallel or trace passes.",,,,,,,,,,,,,Refused,,,,,,,,,,,,,,Trace,Finish,,
VBit,12.7000,2,AlignmentPinDrill,softwood,refused,"Suggest has no basis for Pin Drill with a V-bit in softwood: No published wood figure exists for a plunge drill with a V-bit, and a V-bit cuts a cone, not a bore.",,,,,,,,,,,,,Refused,,,,,,,,,,,,,,Drill,Roughing,,
VBit,12.7000,2,AlignmentPinDrill,hardwood,refused,"Suggest has no basis for Pin Drill with a V-bit in hardwood: No published wood figure exists for a plunge drill with a V-bit, and a V-bit cuts a cone, not a bore.",,,,,,,,,,,,,Refused,,,,,,,,,,,,,,Drill,Roughing,,
VBit,12.7000,2,AlignmentPinDrill,mdf,refused,"Suggest has no basis for Pin Drill with a V-bit in MDF: No published wood figure exists for a plunge drill with a V-bit, and a V-bit cuts a cone, not a bore.",,,,,,,,,,,,,Refused,,,,,,,,,,,,,,Drill,Roughing,,
VBit,12.7000,2,AlignmentPinDrill,plywood_hardwood,refused,"Suggest has no basis for Pin Drill with a V-bit in hardwood plywood: No published wood figure exists for a plunge drill with a V-bit, and a V-bit cuts a cone, not a bore.",,,,,,,,,,,,,Refused,,,,,,,,,,,,,,Drill,Roughing,,
TaperedBallNose,3.1750,2,Face,softwood,ok,,17740.0000,2184.0000,396.0000,1.1110,0.4379,2.2225,1.1112,0.1095,11.6867,0.0033,0.0821,0.1369,VendorBacked,,onsrud-softwood-77-100-1_8-pocket,Roughing,false,A,Exact,onsrud_soft_wood_cutting_data,"VendorLut { observation_id: ""onsrud-softwood-77-100-1_8-pocket"" }",onsrud-softwood-77-100-1_8-pocket,compat.ball_nose_on_flat_clearing;feeds.long_tool_derate,Hint;Info,LongToolDerate,RoughingDepthClampedToRigidity,Pocket,Roughing,0.2000,0.4379
TaperedBallNose,3.1750,2,Face,hardwood,ok,,17740.0000,2184.0000,278.0000,1.1110,0.4379,2.2225,1.1112,0.1095,23.3734,0.0065,0.0821,0.1369,VendorBacked,,onsrud-hardwood-77-100-1_8-pocket,Roughing,false,A,Exact,onsrud_hard_wood_cutting_data,"VendorLut { observation_id: ""onsrud-hardwood-77-100-1_8-pocket"" }",onsrud-hardwood-77-100-1_8-pocket,compat.ball_nose_on_flat_clearing;feeds.long_tool_derate,Hint;Info,LongToolDerate,RoughingDepthClampedToRigidity,Pocket,Roughing,0.2000,0.4379
TaperedBallNose,3.1750,2,Face,mdf,ok,,15079.0000,1857.0000,280.0000,1.1110,0.4379,2.2225,1.1112,0.1095,20.9095,0.0050,0.0821,0.1369,VendorBacked,,onsrud-mdf-77-100-1_8-pocket,Roughing,false,A,Exact,onsrud_mdf_cutting_data,"VendorLut { observation_id: ""onsrud-mdf-77-100-1_8-pocket"" }",onsrud-mdf-77-100-1_8-pocket,compat.ball_nose_on_flat_clearing;feeds.long_tool_derate,Hint;Info,LongToolDerate,RoughingDepthClampedToRigidity,Pocket,Roughing,0.2000,0.4379
TaperedBallNose,3.1750,2,Face,plywood_hardwood,ok,,15966.0000,1795.0000,270.0000,1.1110,0.4379,2.2225,1.1112,0.0999,8.2827,0.0021,0.0750,0.1249,VendorBacked,,onsrud-plywood-hardwood-77-100-1_8-pocket,Roughing,false,A,Exact,onsrud_hard_plywood_cutting_data,"VendorLut { observation_id: ""onsrud-plywood-hardwood-77-100-1_8-pocket"" }",onsrud-plywood-hardwood-77-100-1_8-pocket,compat.ball_nose_on_flat_clearing;feeds.long_tool_derate,Hint;Info,LongToolDerate,RoughingDepthClampedToRigidity,Pocket,Roughing,0.2000,0.4379
TaperedBallNose,3.1750,2,Pocket,softwood,ok,,17740.0000,2184.0000,396.0000,1.1110,0.4379,2.2225,1.1112,0.1095,11.6867,0.0033,0.0821,0.1369,VendorBacked,,onsrud-softwood-77-100-1_8-pocket,Roughing,false,A,Exact,onsrud_soft_wood_cutting_data,"VendorLut { observation_id: ""onsrud-softwood-77-100-1_8-pocket"" }",onsrud-softwood-77-100-1_8-pocket,compat.ball_nose_on_flat_clearing;feeds.long_tool_derate,Hint;Info,LongToolDerate,RoughingDepthClampedToRigidity,Pocket,Roughing,0.2000,0.4379
TaperedBallNose,3.1750,2,Pocket,hardwood,ok,,17740.0000,2184.0000,278.0000,1.1110,0.4379,2.2225,1.1112,0.1095,23.3734,0.0065,0.0821,0.1369,VendorBacked,,onsrud-hardwood-77-100-1_8-pocket,Roughing,false,A,Exact,onsrud_hard_wood_cutting_data,"VendorLut { observation_id: ""onsrud-hardwood-77-100-1_8-pocket"" }",onsrud-hardwood-77-100-1_8-pocket,compat.ball_nose_on_flat_clearing;feeds.long_tool_derate,Hint;Info,LongToolDerate,RoughingDepthClampedToRigidity,Pocket,Roughing,0.2000,0.4379
TaperedBallNose,3.1750,2,Pocket,mdf,ok,,15079.0000,1857.0000,280.0000,1.1110,0.4379,2.2225,1.1112,0.1095,20.9095,0.0050,0.0821,0.1369,VendorBacked,,onsrud-mdf-77-100-1_8-pocket,Roughing,false,A,Exact,onsrud_mdf_cutting_data,"VendorLut { observation_id: ""onsrud-mdf-77-100-1_8-pocket"" }",onsrud-mdf-77-100-1_8-pocket,compat.ball_nose_on_flat_clearing;feeds.long_tool_derate,Hint;Info,LongToolDerate,RoughingDepthClampedToRigidity,Pocket,Roughing,0.2000,0.4379
TaperedBallNose,3.1750,2,Pocket,plywood_hardwood,ok,,15966.0000,1795.0000,270.0000,1.1110,0.4379,2.2225,1.1112,0.0999,8.2827,0.0021,0.0750,0.1249,VendorBacked,,onsrud-plywood-hardwood-77-100-1_8-pocket,Roughing,false,A,Exact,onsrud_hard_plywood_cutting_data,"VendorLut { observation_id: ""onsrud-plywood-hardwood-77-100-1_8-pocket"" }",onsrud-plywood-hardwood-77-100-1_8-pocket,compat.ball_nose_on_flat_clearing;feeds.long_tool_derate,Hint;Info,LongToolDerate,RoughingDepthClampedToRigidity,Pocket,Roughing,0.2000,0.4379
TaperedBallNose,3.1750,2,Profile,softwood,ok,,17740.0000,1044.0000,396.0000,,0.4379,2.5400,0.5715,0.0523,9.2816,,,,FormulaOnly,"repo-derived chipload formula k0*D^p*(1/H)^q (machine::ChipLoadFormula, feeds::calculate step 2); exponents per CREDITS.md 'Chipload column convention and scaling laws'; k0 uncited (code comment 'Shapeoko empirical data' only)",,,,,,,FormulaFallback,,feeds.long_tool_derate,Info,LongToolDerate,RoughingDepthClampedToRigidity;CutGeometryFieldNotHeld,Contour,Roughing,0.2000,0.4379
TaperedBallNose,3.1750,2,Profile,hardwood,refused,"Suggest has no basis for Profile with a tapered ball nose in hardwood: No published figure backs the formula for a tapered ball-nose on adaptive, pocket, contour or trace passes: Onsrud 77-100 puts it below half.",,,,,,,,,,,,,Refused,,,,,,,,,,,,,,Contour,Roughing,0.2000,0.6600
TaperedBallNose,3.1750,2,Profile,mdf,refused,"Suggest has no basis for Profile with a tapered ball nose in MDF: No published figure backs the formula for a tapered ball-nose on adaptive, pocket, contour or trace passes: Onsrud 77-100 puts it below half.",,,,,,,,,,,,,Refused,,,,,,,,,,,,,,Contour,Roughing,0.2000,0.6600
TaperedBallNose,3.1750,2,Profile,plywood_hardwood,refused,"Suggest has no basis for Profile with a tapered ball nose in hardwood plywood: No published figure backs the formula for a tapered ball-nose on adaptive, pocket, contour or trace passes: Onsrud 77-100 puts it below half.",,,,,,,,,,,,,Refused,,,,,,,,,,,,,,Contour,Roughing,0.2000,0.6600
TaperedBallNose,3.1750,2,Adaptive,softwood,ok,,17740.0000,2077.0000,396.0000,0.2540,4.5000,4.7625,0.2540,0.1095,19.6862,0.0162,0.0781,0.1301,VendorBacked,,onsrud-softwood-77-100-1_8-adaptive,Roughing,false,A,Exact,onsrud_soft_wood_cutting_data,"VendorLut { observation_id: ""onsrud-softwood-77-100-1_8-adaptive"" }",onsrud-softwood-77-100-1_8-adaptive,feeds.long_tool_derate,Info,LongToolDerate,,Adaptive,Roughing,1.5000,5.8711
TaperedBallNose,3.1750,2,Adaptive,hardwood,ok,,17740.0000,2077.0000,278.0000,0.2290,4.5000,4.7625,0.2286,0.1095,38.7055,0.0305,0.0781,0.1301,VendorBacked,,onsrud-hardwood-77-100-1_8-adaptive,Roughing,false,A,Exact,onsrud_hard_wood_cutting_data,"VendorLut { observation_id: ""onsrud-hardwood-77-100-1_8-adaptive"" }",onsrud-hardwood-77-100-1_8-adaptive,feeds.long_tool_derate,Info,LongToolDerate,,Adaptive,Roughing,1.5000,5.8711
TaperedBallNose,3.1750,2,Adaptive,mdf,ok,,15079.0000,1765.0000,280.0000,0.2410,4.5000,4.7625,0.2413,0.1095,34.9288,0.0239,0.0781,0.1301,VendorBacked,,onsrud-mdf-77-100-1_8-adaptive,Roughing,false,A,Exact,onsrud_mdf_cutting_data,"VendorLut { observation_id: ""onsrud-mdf-77-100-1_8-adaptive"" }",onsrud-mdf-77-100-1_8-adaptive,feeds.long_tool_derate,Info,LongToolDerate,,Adaptive,Roughing,1.5000,5.8711
TaperedBallNose,3.1750,2,Adaptive,plywood_hardwood,ok,,15966.0000,1706.0000,270.0000,0.2410,4.5000,4.7625,0.2413,0.0999,14.0155,0.0104,0.0713,0.1188,VendorBacked,,onsrud-plywood-hardwood-77-100-1_8-adaptive,Roughing,false,A,Exact,onsrud_hard_plywood_cutting_data,"VendorLut { observation_id: ""onsrud-plywood-hardwood-77-100-1_8-adaptive"" }",onsrud-plywood-hardwood-77-100-1_8-adaptive,feeds.long_tool_derate,Info,LongToolDerate,,Adaptive,Roughing,1.5000,5.8711
TaperedBallNose,3.1750,2,VCarve,softwood,refused,VCarve needs a V-bit tool; this tool is a tapered ball nose.,,,,,,,,,,,,,Refused,,,,,,,,,,,,,,Trace,Finish,,
TaperedBallNose,3.1750,2,VCarve,hardwood,refused,VCarve needs a V-bit tool; this tool is a tapered ball nose.,,,,,,,,,,,,,Refused,,,,,,,,,,,,,,Trace,Finish,,
TaperedBallNose,3.1750,2,VCarve,mdf,refused,VCarve needs a V-bit tool; this tool is a tapered ball nose.,,,,,,,,,,,,,Refused,,,,,,,,,,,,,,Trace,Finish,,
TaperedBallNose,3.1750,2,VCarve,plywood_hardwood,refused,VCarve needs a V-bit tool; this tool is a tapered ball nose.,,,,,,,,,,,,,Refused,,,,,,,,,,,,,,Trace,Finish,,
TaperedBallNose,3.1750,2,Rest,softwood,ok,,17740.0000,2184.0000,396.0000,1.1110,0.4379,2.2225,1.1112,0.1095,11.6867,0.0033,0.0821,0.1369,VendorBacked,,onsrud-softwood-77-100-1_8-pocket,Roughing,false,A,Exact,onsrud_soft_wood_cutting_data,"VendorLut { observation_id: ""onsrud-softwood-77-100-1_8-pocket"" }",onsrud-softwood-77-100-1_8-pocket,feeds.long_tool_derate,Info,LongToolDerate,RoughingDepthClampedToRigidity,Pocket,Roughing,0.2000,0.4379
TaperedBallNose,3.1750,2,Rest,hardwood,ok,,17740.0000,2184.0000,278.0000,1.1110,0.4379,2.2225,1.1112,0.1095,23.3734,0.0065,0.0821,0.1369,VendorBacked,,onsrud-hardwood-77-100-1_8-pocket,Roughing,false,A,Exact,onsrud_hard_wood_cutting_data,"VendorLut { observation_id: ""onsrud-hardwood-77-100-1_8-pocket"" }",onsrud-hardwood-77-100-1_8-pocket,feeds.long_tool_derate,Info,LongToolDerate,RoughingDepthClampedToRigidity,Pocket,Roughing,0.2000,0.4379
TaperedBallNose,3.1750,2,Rest,mdf,ok,,15079.0000,1857.0000,280.0000,1.1110,0.4379,2.2225,1.1112,0.1095,20.9095,0.0050,0.0821,0.1369,VendorBacked,,onsrud-mdf-77-100-1_8-pocket,Roughing,false,A,Exact,onsrud_mdf_cutting_data,"VendorLut { observation_id: ""onsrud-mdf-77-100-1_8-pocket"" }",onsrud-mdf-77-100-1_8-pocket,feeds.long_tool_derate,Info,LongToolDerate,RoughingDepthClampedToRigidity,Pocket,Roughing,0.2000,0.4379
TaperedBallNose,3.1750,2,Rest,plywood_hardwood,ok,,15966.0000,1795.0000,270.0000,1.1110,0.4379,2.2225,1.1112,0.0999,8.2827,0.0021,0.0750,0.1249,VendorBacked,,onsrud-plywood-hardwood-77-100-1_8-pocket,Roughing,false,A,Exact,onsrud_hard_plywood_cutting_data,"VendorLut { observation_id: ""onsrud-plywood-hardwood-77-100-1_8-pocket"" }",onsrud-plywood-hardwood-77-100-1_8-pocket,feeds.long_tool_derate,Info,LongToolDerate,RoughingDepthClampedToRigidity,Pocket,Roughing,0.2000,0.4379
TaperedBallNose,3.1750,2,Inlay,softwood,refused,Inlay needs a V-bit tool; this tool is a tapered ball nose.,,,,,,,,,,,,,Refused,,,,,,,,,,,,,,Trace,Finish,,
TaperedBallNose,3.1750,2,Inlay,hardwood,refused,Inlay needs a V-bit tool; this tool is a tapered ball nose.,,,,,,,,,,,,,Refused,,,,,,,,,,,,,,Trace,Finish,,
TaperedBallNose,3.1750,2,Inlay,mdf,refused,Inlay needs a V-bit tool; this tool is a tapered ball nose.,,,,,,,,,,,,,Refused,,,,,,,,,,,,,,Trace,Finish,,
TaperedBallNose,3.1750,2,Inlay,plywood_hardwood,refused,Inlay needs a V-bit tool; this tool is a tapered ball nose.,,,,,,,,,,,,,Refused,,,,,,,,,,,,,,Trace,Finish,,
TaperedBallNose,3.1750,2,Zigzag,softwood,ok,,17740.0000,2184.0000,396.0000,1.1110,0.4379,2.2225,1.1112,0.1095,11.6867,0.0033,0.0821,0.1369,VendorBacked,,onsrud-softwood-77-100-1_8-pocket,Roughing,false,A,Exact,onsrud_soft_wood_cutting_data,"VendorLut { observation_id: ""onsrud-softwood-77-100-1_8-pocket"" }",onsrud-softwood-77-100-1_8-pocket,compat.ball_nose_on_flat_clearing;feeds.long_tool_derate,Hint;Info,LongToolDerate,RoughingDepthClampedToRigidity,Pocket,Roughing,0.2000,0.4379
TaperedBallNose,3.1750,2,Zigzag,hardwood,ok,,17740.0000,2184.0000,278.0000,1.1110,0.4379,2.2225,1.1112,0.1095,23.3734,0.0065,0.0821,0.1369,VendorBacked,,onsrud-hardwood-77-100-1_8-pocket,Roughing,false,A,Exact,onsrud_hard_wood_cutting_data,"VendorLut { observation_id: ""onsrud-hardwood-77-100-1_8-pocket"" }",onsrud-hardwood-77-100-1_8-pocket,compat.ball_nose_on_flat_clearing;feeds.long_tool_derate,Hint;Info,LongToolDerate,RoughingDepthClampedToRigidity,Pocket,Roughing,0.2000,0.4379
TaperedBallNose,3.1750,2,Zigzag,mdf,ok,,15079.0000,1857.0000,280.0000,1.1110,0.4379,2.2225,1.1112,0.1095,20.9095,0.0050,0.0821,0.1369,VendorBacked,,onsrud-mdf-77-100-1_8-pocket,Roughing,false,A,Exact,onsrud_mdf_cutting_data,"VendorLut { observation_id: ""onsrud-mdf-77-100-1_8-pocket"" }",onsrud-mdf-77-100-1_8-pocket,compat.ball_nose_on_flat_clearing;feeds.long_tool_derate,Hint;Info,LongToolDerate,RoughingDepthClampedToRigidity,Pocket,Roughing,0.2000,0.4379
TaperedBallNose,3.1750,2,Zigzag,plywood_hardwood,ok,,15966.0000,1795.0000,270.0000,1.1110,0.4379,2.2225,1.1112,0.0999,8.2827,0.0021,0.0750,0.1249,VendorBacked,,onsrud-plywood-hardwood-77-100-1_8-pocket,Roughing,false,A,Exact,onsrud_hard_plywood_cutting_data,"VendorLut { observation_id: ""onsrud-plywood-hardwood-77-100-1_8-pocket"" }",onsrud-plywood-hardwood-77-100-1_8-pocket,compat.ball_nose_on_flat_clearing;feeds.long_tool_derate,Hint;Info,LongToolDerate,RoughingDepthClampedToRigidity,Pocket,Roughing,0.2000,0.4379
TaperedBallNose,3.1750,2,Trace,softwood,ok,,17740.0000,1044.0000,396.0000,,0.1667,0.1905,0.0635,0.0523,0.5745,,,,FormulaOnly,"repo-derived chipload formula k0*D^p*(1/H)^q (machine::ChipLoadFormula, feeds::calculate step 2); exponents per CREDITS.md 'Chipload column convention and scaling laws'; k0 uncited (code comment 'Shapeoko empirical data' only)",,,,,,,FormulaFallback,,feeds.long_tool_derate,Info,LongToolDerate,CutGeometryFieldNotHeld,Trace,Finish,,
TaperedBallNose,3.1750,2,Trace,hardwood,refused,"Suggest has no basis for Trace with a tapered ball nose in hardwood: No published figure backs the formula for a tapered ball-nose on adaptive, pocket, contour or trace passes: Onsrud 77-100 puts it below half.",,,,,,,,,,,,,Refused,,,,,,,,,,,,,,Trace,Finish,,
TaperedBallNose,3.1750,2,Trace,mdf,refused,"Suggest has no basis for Trace with a tapered ball nose in MDF: No published figure backs the formula for a tapered ball-nose on adaptive, pocket, contour or trace passes: Onsrud 77-100 puts it below half.",,,,,,,,,,,,,Refused,,,,,,,,,,,,,,Trace,Finish,,
TaperedBallNose,3.1750,2,Trace,plywood_hardwood,refused,"Suggest has no basis for Trace with a tapered ball nose in hardwood plywood: No published figure backs the formula for a tapered ball-nose on adaptive, pocket, contour or trace passes: Onsrud 77-100 puts it below half.",,,,,,,,,,,,,Refused,,,,,,,,,,,,,,Trace,Finish,,
TaperedBallNose,3.1750,2,Drill,softwood,refused,"Suggest has no basis for Drill with a tapered ball nose in softwood: No published wood figure exists for a plunge drill with a tapered ball-nose, and the drill multiplier 2.5 is unsourced.",,,,,,,,,,,,,Refused,,,,,,,,,,,,,,Drill,Roughing,,
TaperedBallNose,3.1750,2,Drill,hardwood,refused,"Suggest has no basis for Drill with a tapered ball nose in hardwood: No published wood figure exists for a plunge drill with a tapered ball-nose, and the drill multiplier 2.5 is unsourced.",,,,,,,,,,,,,Refused,,,,,,,,,,,,,,Drill,Roughing,,
TaperedBallNose,3.1750,2,Drill,mdf,refused,"Suggest has no basis for Drill with a tapered ball nose in MDF: No published wood figure exists for a plunge drill with a tapered ball-nose, and the drill multiplier 2.5 is unsourced.",,,,,,,,,,,,,Refused,,,,,,,,,,,,,,Drill,Roughing,,
TaperedBallNose,3.1750,2,Drill,plywood_hardwood,refused,"Suggest has no basis for Drill with a tapered ball nose in hardwood plywood: No published wood figure exists for a plunge drill with a tapered ball-nose, and the drill multiplier 2.5 is unsourced.",,,,,,,,,,,,,Refused,,,,,,,,,,,,,,Drill,Roughing,,
TaperedBallNose,3.1750,2,Chamfer,softwood,refused,Chamfer needs a V-bit tool; this tool is a tapered ball nose.,,,,,,,,,,,,,Refused,,,,,,,,,,,,,,Trace,Finish,,
TaperedBallNose,3.1750,2,Chamfer,hardwood,refused,Chamfer needs a V-bit tool; this tool is a tapered ball nose.,,,,,,,,,,,,,Refused,,,,,,,,,,,,,,Trace,Finish,,
TaperedBallNose,3.1750,2,Chamfer,mdf,refused,Chamfer needs a V-bit tool; this tool is a tapered ball nose.,,,,,,,,,,,,,Refused,,,,,,,,,,,,,,Trace,Finish,,
TaperedBallNose,3.1750,2,Chamfer,plywood_hardwood,refused,Chamfer needs a V-bit tool; this tool is a tapered ball nose.,,,,,,,,,,,,,Refused,,,,,,,,,,,,,,Trace,Finish,,
TaperedBallNose,3.1750,2,DropCutter,softwood,ok,,17740.0000,2184.0000,396.0000,0.0950,,0.3175,0.0952,0.1095,1.1376,,0.0821,0.1369,VendorBacked,,onsrud-softwood-77-100-1_8-parallel,Finish,false,A,Exact,onsrud_soft_wood_cutting_data,"VendorLut { observation_id: ""onsrud-softwood-77-100-1_8-parallel"" }",onsrud-softwood-77-100-1_8-parallel,efficiency.very_fine_stepover;feeds.long_tool_derate,Info;Info,LongToolDerate,FinishEnvelopeAdvisory;CutGeometryFieldNotHeld,Parallel,Finish,,
TaperedBallNose,3.1750,2,DropCutter,hardwood,ok,,17740.0000,2184.0000,278.0000,0.0950,,0.3175,0.0952,0.1095,2.2751,,0.0821,0.1369,VendorBacked,,onsrud-hardwood-77-100-1_8-parallel,Finish,false,A,Exact,onsrud_hard_wood_cutting_data,"VendorLut { observation_id: ""onsrud-hardwood-77-100-1_8-parallel"" }",onsrud-hardwood-77-100-1_8-parallel,efficiency.very_fine_stepover;feeds.long_tool_derate,Info;Info,LongToolDerate,FinishEnvelopeAdvisory;CutGeometryFieldNotHeld,Parallel,Finish,,
TaperedBallNose,3.1750,2,DropCutter,mdf,ok,,15079.0000,1857.0000,280.0000,0.0950,,0.3175,0.0952,0.1095,2.0353,,0.0821,0.1369,VendorBacked,,onsrud-mdf-77-100-1_8-parallel,Finish,false,A,Exact,onsrud_mdf_cutting_data,"VendorLut { observation_id: ""onsrud-mdf-77-100-1_8-parallel"" }",onsrud-mdf-77-100-1_8-parallel,efficiency.very_fine_stepover;feeds.long_tool_derate,Info;Info,LongToolDerate,FinishEnvelopeAdvisory;CutGeometryFieldNotHeld,Parallel,Finish,,
TaperedBallNose,3.1750,2,DropCutter,plywood_hardwood,ok,,15966.0000,1795.0000,270.0000,0.0950,,0.3175,0.0952,0.0999,0.8235,,0.0750,0.1249,VendorBacked,,onsrud-plywood-hardwood-77-100-1_8-parallel,Finish,false,A,Exact,onsrud_hard_plywood_cutting_data,"VendorLut { observation_id: ""onsrud-plywood-hardwood-77-100-1_8-parallel"" }",onsrud-plywood-hardwood-77-100-1_8-parallel,efficiency.very_fine_stepover;feeds.long_tool_derate,Info;Info,LongToolDerate,FinishEnvelopeAdvisory;CutGeometryFieldNotHeld,Parallel,Finish,,
TaperedBallNose,3.1750,2,Adaptive3d,softwood,ok,,17740.0000,2077.0000,396.0000,0.2540,4.7620,4.7625,0.2540,0.1095,19.6862,0.0173,0.0781,0.1301,VendorBacked,,onsrud-softwood-77-100-1_8-pocket,Roughing,false,A,Exact,onsrud_soft_wood_cutting_data,"VendorLut { observation_id: ""onsrud-softwood-77-100-1_8-pocket"" }",onsrud-softwood-77-100-1_8-pocket,feeds.long_tool_derate,Info,LongToolDerate,StrategyRewrote,Adaptive,Roughing,1.5000,5.9676
TaperedBallNose,3.1750,2,Adaptive3d,hardwood,ok,,17740.0000,2077.0000,278.0000,0.2290,4.7620,4.7625,0.2286,0.1095,38.7055,0.0325,0.0781,0.1301,VendorBacked,,onsrud-hardwood-77-100-1_8-pocket,Roughing,false,A,Exact,onsrud_hard_wood_cutting_data,"VendorLut { observation_id: ""onsrud-hardwood-77-100-1_8-pocket"" }",onsrud-hardwood-77-100-1_8-pocket,feeds.long_tool_derate,Info,LongToolDerate,StrategyRewrote,Adaptive,Roughing,1.5000,5.9676
TaperedBallNose,3.1750,2,Adaptive3d,mdf,ok,,15079.0000,1765.0000,280.0000,0.2410,4.7620,4.7625,0.2413,0.1095,34.9288,0.0255,0.0781,0.1301,VendorBacked,,onsrud-mdf-77-100-1_8-pocket,Roughing,false,A,Exact,onsrud_mdf_cutting_data,"VendorLut { observation_id: ""onsrud-mdf-77-100-1_8-pocket"" }",onsrud-mdf-77-100-1_8-pocket,feeds.long_tool_derate,Info,LongToolDerate,StrategyRewrote,Adaptive,Roughing,1.5000,5.9676
TaperedBallNose,3.1750,2,Adaptive3d,plywood_hardwood,ok,,15966.0000,1706.0000,270.0000,0.2410,4.7620,4.7625,0.2413,0.0999,14.0155,0.0111,0.0713,0.1188,VendorBacked,,onsrud-plywood-hardwood-77-100-1_8-pocket,Roughing,false,A,Exact,onsrud_hard_plywood_cutting_data,"VendorLut { observation_id: ""onsrud-plywood-hardwood-77-100-1_8-pocket"" }",onsrud-plywood-hardwood-77-100-1_8-pocket,feeds.long_tool_derate,Info,LongToolDerate,StrategyRewrote,Adaptive,Roughing,1.5000,5.9676
TaperedBallNose,3.1750,2,Waterline,softwood,refused,Suggest has no basis for Waterline with a tapered ball nose in softwood: No published figure backs the formula for a tapered ball-nose on waterline or steep-shallow passes: it is below half of the Onsrud 77-100 band.,,,,,,,,,,,,,Refused,,,,,,,,,,,,,,Contour,SemiFinish,,
TaperedBallNose,3.1750,2,Waterline,hardwood,refused,Suggest has no basis for Waterline with a tapered ball nose in hardwood: No published figure backs the formula for a tapered ball-nose on waterline or steep-shallow passes: it is below half of the Onsrud 77-100 band.,,,,,,,,,,,,,Refused,,,,,,,,,,,,,,Contour,SemiFinish,,
TaperedBallNose,3.1750,2,Waterline,mdf,refused,Suggest has no basis for Waterline with a tapered ball nose in MDF: No published figure backs the formula for a tapered ball-nose on waterline or steep-shallow passes: it is below half of the Onsrud 77-100 band.,,,,,,,,,,,,,Refused,,,,,,,,,,,,,,Contour,SemiFinish,,
TaperedBallNose,3.1750,2,Waterline,plywood_hardwood,refused,Suggest has no basis for Waterline with a tapered ball nose in hardwood plywood: No published figure backs the formula for a tapered ball-nose on waterline or steep-shallow passes: it is below half of the Onsrud 77-100 band.,,,,,,,,,,,,,Refused,,,,,,,,,,,,,,Contour,SemiFinish,,
TaperedBallNose,3.1750,2,Pencil,softwood,ok,,17740.0000,1044.0000,396.0000,,,0.1905,0.0635,0.0523,0.5745,,,,FormulaOnly,"repo-derived chipload formula k0*D^p*(1/H)^q (machine::ChipLoadFormula, feeds::calculate step 2); exponents per CREDITS.md 'Chipload column convention and scaling laws'; k0 uncited (code comment 'Shapeoko empirical data' only)",,,,,,,FormulaFallback,,feeds.long_tool_derate,Info,LongToolDerate,CutGeometryFieldNotHeld,Trace,Finish,,
TaperedBallNose,3.1750,2,Pencil,hardwood,refused,"Suggest has no basis for Pencil Finish with a tapered ball nose in hardwood: No published figure backs the formula for a tapered ball-nose on adaptive, pocket, contour or trace passes: Onsrud 77-100 puts it below half.",,,,,,,,,,,,,Refused,,,,,,,,,,,,,,Trace,Finish,,
TaperedBallNose,3.1750,2,Pencil,mdf,refused,"Suggest has no basis for Pencil Finish with a tapered ball nose in MDF: No published figure backs the formula for a tapered ball-nose on adaptive, pocket, contour or trace passes: Onsrud 77-100 puts it below half.",,,,,,,,,,,,,Refused,,,,,,,,,,,,,,Trace,Finish,,
TaperedBallNose,3.1750,2,Pencil,plywood_hardwood,refused,"Suggest has no basis for Pencil Finish with a tapered ball nose in hardwood plywood: No published figure backs the formula for a tapered ball-nose on adaptive, pocket, contour or trace passes: Onsrud 77-100 puts it below half.",,,,,,,,,,,,,Refused,,,,,,,,,,,,,,Trace,Finish,,
TaperedBallNose,3.1750,2,Scallop,softwood,ok,,17740.0000,2184.0000,396.0000,,,0.3175,1.1091,0.1095,1.6691,,0.0821,0.1369,VendorBacked,,onsrud-softwood-77-100-1_8-scallop,Finish,false,A,Exact,onsrud_soft_wood_cutting_data,"VendorLut { observation_id: ""onsrud-softwood-77-100-1_8-scallop"" }",onsrud-softwood-77-100-1_8-scallop,feeds.long_tool_derate,Info,LongToolDerate,FinishEnvelopeAdvisory;CutGeometryFieldNotHeld;CutGeometryFieldNotHeld,Scallop,Finish,,
TaperedBallNose,3.1750,2,Scallop,hardwood,ok,,17740.0000,2184.0000,278.0000,,,0.3175,1.1091,0.1095,3.3383,,0.0821,0.1369,VendorBacked,,onsrud-hardwood-77-100-1_8-scallop,Finish,false,A,Exact,onsrud_hard_wood_cutting_data,"VendorLut { observation_id: ""onsrud-hardwood-77-100-1_8-scallop"" }",onsrud-hardwood-77-100-1_8-scallop,feeds.long_tool_derate,Info,LongToolDerate,FinishEnvelopeAdvisory;CutGeometryFieldNotHeld;CutGeometryFieldNotHeld,Scallop,Finish,,
TaperedBallNose,3.1750,2,Scallop,mdf,ok,,15079.0000,1857.0000,280.0000,,,0.3175,1.1091,0.1095,2.9864,,0.0821,0.1369,VendorBacked,,onsrud-mdf-77-100-1_8-scallop,Finish,false,A,Exact,onsrud_mdf_cutting_data,"VendorLut { observation_id: ""onsrud-mdf-77-100-1_8-scallop"" }",onsrud-mdf-77-100-1_8-scallop,feeds.long_tool_derate,Info,LongToolDerate,FinishEnvelopeAdvisory;CutGeometryFieldNotHeld;CutGeometryFieldNotHeld,Scallop,Finish,,
TaperedBallNose,3.1750,2,Scallop,plywood_hardwood,ok,,15966.0000,1795.0000,270.0000,,,0.3175,1.1091,0.0999,1.1830,,0.0750,0.1249,VendorBacked,,onsrud-plywood-hardwood-77-100-1_8-scallop,Finish,false,A,Exact,onsrud_hard_plywood_cutting_data,"VendorLut { observation_id: ""onsrud-plywood-hardwood-77-100-1_8-scallop"" }",onsrud-plywood-hardwood-77-100-1_8-scallop,feeds.long_tool_derate,Info,LongToolDerate,FinishEnvelopeAdvisory;CutGeometryFieldNotHeld;CutGeometryFieldNotHeld,Scallop,Finish,,
TaperedBallNose,3.1750,2,UnifiedFinish,softwood,ok,,17740.0000,2184.0000,396.0000,,,0.3175,1.1091,0.1095,1.6691,,0.0821,0.1369,VendorBacked,,onsrud-softwood-77-100-1_8-scallop,Finish,false,A,Exact,onsrud_soft_wood_cutting_data,"VendorLut { observation_id: ""onsrud-softwood-77-100-1_8-scallop"" }",onsrud-softwood-77-100-1_8-scallop,feeds.long_tool_derate,Info,LongToolDerate,FinishEnvelopeAdvisory;CutGeometryFieldNotHeld;CutGeometryFieldNotHeld,Scallop,Finish,,
TaperedBallNose,3.1750,2,UnifiedFinish,hardwood,ok,,17740.0000,2184.0000,278.0000,,,0.3175,1.1091,0.1095,3.3383,,0.0821,0.1369,VendorBacked,,onsrud-hardwood-77-100-1_8-scallop,Finish,false,A,Exact,onsrud_hard_wood_cutting_data,"VendorLut { observation_id: ""onsrud-hardwood-77-100-1_8-scallop"" }",onsrud-hardwood-77-100-1_8-scallop,feeds.long_tool_derate,Info,LongToolDerate,FinishEnvelopeAdvisory;CutGeometryFieldNotHeld;CutGeometryFieldNotHeld,Scallop,Finish,,
TaperedBallNose,3.1750,2,UnifiedFinish,mdf,ok,,15079.0000,1857.0000,280.0000,,,0.3175,1.1091,0.1095,2.9864,,0.0821,0.1369,VendorBacked,,onsrud-mdf-77-100-1_8-scallop,Finish,false,A,Exact,onsrud_mdf_cutting_data,"VendorLut { observation_id: ""onsrud-mdf-77-100-1_8-scallop"" }",onsrud-mdf-77-100-1_8-scallop,feeds.long_tool_derate,Info,LongToolDerate,FinishEnvelopeAdvisory;CutGeometryFieldNotHeld;CutGeometryFieldNotHeld,Scallop,Finish,,
TaperedBallNose,3.1750,2,UnifiedFinish,plywood_hardwood,ok,,15966.0000,1795.0000,270.0000,,,0.3175,1.1091,0.0999,1.1830,,0.0750,0.1249,VendorBacked,,onsrud-plywood-hardwood-77-100-1_8-scallop,Finish,false,A,Exact,onsrud_hard_plywood_cutting_data,"VendorLut { observation_id: ""onsrud-plywood-hardwood-77-100-1_8-scallop"" }",onsrud-plywood-hardwood-77-100-1_8-scallop,feeds.long_tool_derate,Info,LongToolDerate,FinishEnvelopeAdvisory;CutGeometryFieldNotHeld;CutGeometryFieldNotHeld,Scallop,Finish,,
TaperedBallNose,3.1750,2,SteepShallow,softwood,refused,Suggest has no basis for Steep/Shallow with a tapered ball nose in softwood: No published figure backs the formula for a tapered ball-nose on waterline or steep-shallow passes: it is below half of the Onsrud 77-100 band.,,,,,,,,,,,,,Refused,,,,,,,,,,,,,,Contour,Finish,,
TaperedBallNose,3.1750,2,SteepShallow,hardwood,refused,Suggest has no basis for Steep/Shallow with a tapered ball nose in hardwood: No published figure backs the formula for a tapered ball-nose on waterline or steep-shallow passes: it is below half of the Onsrud 77-100 band.,,,,,,,,,,,,,Refused,,,,,,,,,,,,,,Contour,Finish,,
TaperedBallNose,3.1750,2,SteepShallow,mdf,refused,Suggest has no basis for Steep/Shallow with a tapered ball nose in MDF: No published figure backs the formula for a tapered ball-nose on waterline or steep-shallow passes: it is below half of the Onsrud 77-100 band.,,,,,,,,,,,,,Refused,,,,,,,,,,,,,,Contour,Finish,,
TaperedBallNose,3.1750,2,SteepShallow,plywood_hardwood,refused,Suggest has no basis for Steep/Shallow with a tapered ball nose in hardwood plywood: No published figure backs the formula for a tapered ball-nose on waterline or steep-shallow passes: it is below half of the Onsrud 77-100 band.,,,,,,,,,,,,,Refused,,,,,,,,,,,,,,Contour,Finish,,
TaperedBallNose,3.1750,2,RampFinish,softwood,ok,,24000.0000,2261.0000,396.0000,,0.5000,0.5000,0.0952,0.0837,1.6818,,0.0628,0.1047,VendorBacked,,onsrud-softwood-77-100-1_8-parallel,Finish,false,A,Exact,onsrud_soft_wood_cutting_data,"VendorLut { observation_id: ""onsrud-softwood-77-100-1_8-parallel"" }",onsrud-softwood-77-100-1_8-parallel,feeds.long_tool_derate,Info,LongToolDerate,CutGeometryFieldNotHeld,Parallel,Finish,,
TaperedBallNose,3.1750,2,RampFinish,hardwood,ok,,24000.0000,2261.0000,278.0000,,0.5000,0.5000,0.0952,0.0837,3.3636,,0.0628,0.1047,VendorBacked,,onsrud-hardwood-77-100-1_8-parallel,Finish,false,A,Exact,onsrud_hard_wood_cutting_data,"VendorLut { observation_id: ""onsrud-hardwood-77-100-1_8-parallel"" }",onsrud-hardwood-77-100-1_8-parallel,feeds.long_tool_derate,Info,LongToolDerate,CutGeometryFieldNotHeld,Parallel,Finish,,
TaperedBallNose,3.1750,2,RampFinish,mdf,ok,,23395.0000,2204.0000,280.0000,,0.5000,0.5000,0.0952,0.0837,3.0090,,0.0628,0.1047,VendorBacked,,onsrud-mdf-77-100-1_8-parallel,Finish,false,A,Exact,onsrud_mdf_cutting_data,"VendorLut { observation_id: ""onsrud-mdf-77-100-1_8-parallel"" }",onsrud-mdf-77-100-1_8-parallel,feeds.long_tool_derate,Info,LongToolDerate,CutGeometryFieldNotHeld,Parallel,Finish,,
TaperedBallNose,3.1750,2,RampFinish,plywood_hardwood,ok,,24000.0000,2064.0000,270.0000,,0.5000,0.5000,0.0952,0.0765,1.2228,,0.0573,0.0956,VendorBacked,,onsrud-plywood-hardwood-77-100-1_8-parallel,Finish,true,A,Exact,onsrud_hard_plywood_cutting_data,"VendorLut { observation_id: ""onsrud-plywood-hardwood-77-100-1_8-parallel"" }",onsrud-plywood-hardwood-77-100-1_8-parallel,feeds.long_tool_derate,Info,LongToolDerate,CutGeometryFieldNotHeld,Parallel,Finish,,
TaperedBallNose,3.1750,2,SpiralFinish,softwood,ok,,17740.0000,2184.0000,396.0000,0.0950,,0.3175,0.0952,0.1095,1.1376,,0.0821,0.1369,VendorBacked,,onsrud-softwood-77-100-1_8-scallop,Finish,false,A,Exact,onsrud_soft_wood_cutting_data,"VendorLut { observation_id: ""onsrud-softwood-77-100-1_8-scallop"" }",onsrud-softwood-77-100-1_8-scallop,efficiency.very_fine_stepover;feeds.long_tool_derate,Info;Info,LongToolDerate,FinishEnvelopeAdvisory;CutGeometryFieldNotHeld,Scallop,Finish,,
TaperedBallNose,3.1750,2,SpiralFinish,hardwood,ok,,17740.0000,2184.0000,278.0000,0.0950,,0.3175,0.0952,0.1095,2.2751,,0.0821,0.1369,VendorBacked,,onsrud-hardwood-77-100-1_8-scallop,Finish,false,A,Exact,onsrud_hard_wood_cutting_data,"VendorLut { observation_id: ""onsrud-hardwood-77-100-1_8-scallop"" }",onsrud-hardwood-77-100-1_8-scallop,efficiency.very_fine_stepover;feeds.long_tool_derate,Info;Info,LongToolDerate,FinishEnvelopeAdvisory;CutGeometryFieldNotHeld,Scallop,Finish,,
TaperedBallNose,3.1750,2,SpiralFinish,mdf,ok,,15079.0000,1857.0000,280.0000,0.0950,,0.3175,0.0952,0.1095,2.0353,,0.0821,0.1369,VendorBacked,,onsrud-mdf-77-100-1_8-scallop,Finish,false,A,Exact,onsrud_mdf_cutting_data,"VendorLut { observation_id: ""onsrud-mdf-77-100-1_8-scallop"" }",onsrud-mdf-77-100-1_8-scallop,efficiency.very_fine_stepover;feeds.long_tool_derate,Info;Info,LongToolDerate,FinishEnvelopeAdvisory;CutGeometryFieldNotHeld,Scallop,Finish,,
TaperedBallNose,3.1750,2,SpiralFinish,plywood_hardwood,ok,,15966.0000,1795.0000,270.0000,0.0950,,0.3175,0.0952,0.0999,0.8235,,0.0750,0.1249,VendorBacked,,onsrud-plywood-hardwood-77-100-1_8-scallop,Finish,false,A,Exact,onsrud_hard_plywood_cutting_data,"VendorLut { observation_id: ""onsrud-plywood-hardwood-77-100-1_8-scallop"" }",onsrud-plywood-hardwood-77-100-1_8-scallop,efficiency.very_fine_stepover;feeds.long_tool_derate,Info;Info,LongToolDerate,FinishEnvelopeAdvisory;CutGeometryFieldNotHeld,Scallop,Finish,,
TaperedBallNose,3.1750,2,RadialFinish,softwood,ok,,17740.0000,2184.0000,396.0000,,,0.3175,0.0952,0.1095,1.1376,,0.0821,0.1369,VendorBacked,,onsrud-softwood-77-100-1_8-parallel,Finish,false,A,Exact,onsrud_soft_wood_cutting_data,"VendorLut { observation_id: ""onsrud-softwood-77-100-1_8-parallel"" }",onsrud-softwood-77-100-1_8-parallel,feeds.long_tool_derate,Info,LongToolDerate,FinishEnvelopeAdvisory;CutGeometryFieldNotHeld;CutGeometryFieldNotHeld,Parallel,Finish,,
TaperedBallNose,3.1750,2,RadialFinish,hardwood,ok,,17740.0000,2184.0000,278.0000,,,0.3175,0.0952,0.1095,2.2751,,0.0821,0.1369,VendorBacked,,onsrud-hardwood-77-100-1_8-parallel,Finish,false,A,Exact,onsrud_hard_wood_cutting_data,"VendorLut { observation_id: ""onsrud-hardwood-77-100-1_8-parallel"" }",onsrud-hardwood-77-100-1_8-parallel,feeds.long_tool_derate,Info,LongToolDerate,FinishEnvelopeAdvisory;CutGeometryFieldNotHeld;CutGeometryFieldNotHeld,Parallel,Finish,,
TaperedBallNose,3.1750,2,RadialFinish,mdf,ok,,15079.0000,1857.0000,280.0000,,,0.3175,0.0952,0.1095,2.0353,,0.0821,0.1369,VendorBacked,,onsrud-mdf-77-100-1_8-parallel,Finish,false,A,Exact,onsrud_mdf_cutting_data,"VendorLut { observation_id: ""onsrud-mdf-77-100-1_8-parallel"" }",onsrud-mdf-77-100-1_8-parallel,feeds.long_tool_derate,Info,LongToolDerate,FinishEnvelopeAdvisory;CutGeometryFieldNotHeld;CutGeometryFieldNotHeld,Parallel,Finish,,
TaperedBallNose,3.1750,2,RadialFinish,plywood_hardwood,ok,,15966.0000,1795.0000,270.0000,,,0.3175,0.0952,0.0999,0.8235,,0.0750,0.1249,VendorBacked,,onsrud-plywood-hardwood-77-100-1_8-parallel,Finish,false,A,Exact,onsrud_hard_plywood_cutting_data,"VendorLut { observation_id: ""onsrud-plywood-hardwood-77-100-1_8-parallel"" }",onsrud-plywood-hardwood-77-100-1_8-parallel,feeds.long_tool_derate,Info,LongToolDerate,FinishEnvelopeAdvisory;CutGeometryFieldNotHeld;CutGeometryFieldNotHeld,Parallel,Finish,,
TaperedBallNose,3.1750,2,HorizontalFinish,softwood,ok,,17740.0000,2184.0000,396.0000,0.0950,,0.3175,0.0952,0.1095,1.1376,,0.0821,0.1369,VendorBacked,,onsrud-softwood-77-100-1_8-parallel,Finish,false,A,Exact,onsrud_soft_wood_cutting_data,"VendorLut { observation_id: ""onsrud-softwood-77-100-1_8-parallel"" }",onsrud-softwood-77-100-1_8-parallel,efficiency.very_fine_stepover;feeds.long_tool_derate,Info;Info,LongToolDerate,FinishEnvelopeAdvisory;CutGeometryFieldNotHeld,Parallel,Finish,,
TaperedBallNose,3.1750,2,HorizontalFinish,hardwood,ok,,17740.0000,2184.0000,278.0000,0.0950,,0.3175,0.0952,0.1095,2.2751,,0.0821,0.1369,VendorBacked,,onsrud-hardwood-77-100-1_8-parallel,Finish,false,A,Exact,onsrud_hard_wood_cutting_data,"VendorLut { observation_id: ""onsrud-hardwood-77-100-1_8-parallel"" }",onsrud-hardwood-77-100-1_8-parallel,efficiency.very_fine_stepover;feeds.long_tool_derate,Info;Info,LongToolDerate,FinishEnvelopeAdvisory;CutGeometryFieldNotHeld,Parallel,Finish,,
TaperedBallNose,3.1750,2,HorizontalFinish,mdf,ok,,15079.0000,1857.0000,280.0000,0.0950,,0.3175,0.0952,0.1095,2.0353,,0.0821,0.1369,VendorBacked,,onsrud-mdf-77-100-1_8-parallel,Finish,false,A,Exact,onsrud_mdf_cutting_data,"VendorLut { observation_id: ""onsrud-mdf-77-100-1_8-parallel"" }",onsrud-mdf-77-100-1_8-parallel,efficiency.very_fine_stepover;feeds.long_tool_derate,Info;Info,LongToolDerate,FinishEnvelopeAdvisory;CutGeometryFieldNotHeld,Parallel,Finish,,
TaperedBallNose,3.1750,2,HorizontalFinish,plywood_hardwood,ok,,15966.0000,1795.0000,270.0000,0.0950,,0.3175,0.0952,0.0999,0.8235,,0.0750,0.1249,VendorBacked,,onsrud-plywood-hardwood-77-100-1_8-parallel,Finish,false,A,Exact,onsrud_hard_plywood_cutting_data,"VendorLut { observation_id: ""onsrud-plywood-hardwood-77-100-1_8-parallel"" }",onsrud-plywood-hardwood-77-100-1_8-parallel,efficiency.very_fine_stepover;feeds.long_tool_derate,Info;Info,LongToolDerate,FinishEnvelopeAdvisory;CutGeometryFieldNotHeld,Parallel,Finish,,
TaperedBallNose,3.1750,2,ProjectCurve,softwood,ok,,17740.0000,2184.0000,396.0000,,,0.1905,0.0635,0.1095,0.6507,,0.0821,0.1369,VendorBacked,,onsrud-softwood-77-100-1_8-parallel,Finish,false,A,Exact,onsrud_soft_wood_cutting_data,"VendorLut { observation_id: ""onsrud-softwood-77-100-1_8-parallel"" }",onsrud-softwood-77-100-1_8-parallel,feeds.long_tool_derate,Info,LongToolDerate,CutGeometryFieldNotHeld;CutGeometryFieldNotHeld,Trace,Finish,,
TaperedBallNose,3.1750,2,ProjectCurve,hardwood,ok,,17740.0000,2184.0000,278.0000,,,0.1905,0.0635,0.1095,1.3013,,0.0821,0.1369,VendorBacked,,onsrud-hardwood-77-100-1_8-parallel,Finish,false,A,Exact,onsrud_hard_wood_cutting_data,"VendorLut { observation_id: ""onsrud-hardwood-77-100-1_8-parallel"" }",onsrud-hardwood-77-100-1_8-parallel,feeds.long_tool_derate,Info,LongToolDerate,CutGeometryFieldNotHeld;CutGeometryFieldNotHeld,Trace,Finish,,
TaperedBallNose,3.1750,2,ProjectCurve,mdf,ok,,15079.0000,1857.0000,280.0000,,,0.1905,0.0635,0.1095,1.1642,,0.0821,0.1369,VendorBacked,,onsrud-mdf-77-100-1_8-parallel,Finish,false,A,Exact,onsrud_mdf_cutting_data,"VendorLut { observation_id: ""onsrud-mdf-77-100-1_8-parallel"" }",onsrud-mdf-77-100-1_8-parallel,feeds.long_tool_derate,Info,LongToolDerate,CutGeometryFieldNotHeld;CutGeometryFieldNotHeld,Trace,Finish,,
TaperedBallNose,3.1750,2,ProjectCurve,plywood_hardwood,ok,,15966.0000,1795.0000,270.0000,,,0.1905,0.0635,0.0999,0.4726,,0.0750,0.1249,VendorBacked,,onsrud-plywood-hardwood-77-100-1_8-parallel,Finish,false,A,Exact,onsrud_hard_plywood_cutting_data,"VendorLut { observation_id: ""onsrud-plywood-hardwood-77-100-1_8-parallel"" }",onsrud-plywood-hardwood-77-100-1_8-parallel,feeds.long_tool_derate,Info,LongToolDerate,CutGeometryFieldNotHeld;CutGeometryFieldNotHeld,Trace,Finish,,
TaperedBallNose,3.1750,2,AlignmentPinDrill,softwood,refused,"Suggest has no basis for Pin Drill with a tapered ball nose in softwood: No published wood figure exists for a plunge drill with a tapered ball-nose, and the drill multiplier 2.5 is unsourced.",,,,,,,,,,,,,Refused,,,,,,,,,,,,,,Drill,Roughing,,
TaperedBallNose,3.1750,2,AlignmentPinDrill,hardwood,refused,"Suggest has no basis for Pin Drill with a tapered ball nose in hardwood: No published wood figure exists for a plunge drill with a tapered ball-nose, and the drill multiplier 2.5 is unsourced.",,,,,,,,,,,,,Refused,,,,,,,,,,,,,,Drill,Roughing,,
TaperedBallNose,3.1750,2,AlignmentPinDrill,mdf,refused,"Suggest has no basis for Pin Drill with a tapered ball nose in MDF: No published wood figure exists for a plunge drill with a tapered ball-nose, and the drill multiplier 2.5 is unsourced.",,,,,,,,,,,,,Refused,,,,,,,,,,,,,,Drill,Roughing,,
TaperedBallNose,3.1750,2,AlignmentPinDrill,plywood_hardwood,refused,"Suggest has no basis for Pin Drill with a tapered ball nose in hardwood plywood: No published wood figure exists for a plunge drill with a tapered ball-nose, and the drill multiplier 2.5 is unsourced.",,,,,,,,,,,,,Refused,,,,,,,,,,,,,,Drill,Roughing,,
TaperedBallNose,6.0000,2,Face,softwood,ok,,9387.0000,1965.0000,750.0000,2.1000,0.8276,4.2000,2.1000,0.1586,27.0040,0.0073,0.1322,0.1851,VendorBacked,,onsrud-softwood-77-100-1_4-pocket,Roughing,false,A,Exact,onsrud_soft_wood_cutting_data,"VendorLut { observation_id: ""onsrud-softwood-77-100-1_4-pocket"" }",onsrud-softwood-77-100-1_4-pocket,compat.ball_nose_on_flat_clearing;feeds.shank_too_large;feeds.long_tool_derate,Hint;Critical;Info,ShankTooLarge;LongToolDerate,RoughingDepthClampedToRigidity,Pocket,Roughing,0.2000,0.8276
TaperedBallNose,6.0000,2,Face,hardwood,ok,,9387.0000,1965.0000,526.0000,2.1000,0.8276,4.2000,2.1000,0.1586,54.0081,0.0147,0.1322,0.1851,VendorBacked,,onsrud-hardwood-77-100-1_4-pocket,Roughing,false,A,Exact,onsrud_hard_wood_cutting_data,"VendorLut { observation_id: ""onsrud-hardwood-77-100-1_4-pocket"" }",onsrud-hardwood-77-100-1_4-pocket,compat.ball_nose_on_flat_clearing;feeds.shank_too_large;feeds.long_tool_derate,Hint;Critical;Info,ShankTooLarge;LongToolDerate,RoughingDepthClampedToRigidity,Pocket,Roughing,0.2000,0.8276
TaperedBallNose,6.0000,2,Face,mdf,ok,,8000.0000,1675.0000,529.0000,2.1000,0.8276,4.2000,2.1000,0.1586,48.3149,0.0112,0.1322,0.1851,VendorBacked,,onsrud-mdf-77-100-1_4-pocket,Roughing,false,A,Exact,onsrud_mdf_cutting_data,"VendorLut { observation_id: ""onsrud-mdf-77-100-1_4-pocket"" }",onsrud-mdf-77-100-1_4-pocket,compat.ball_nose_on_flat_clearing;feeds.shank_too_large;feeds.long_tool_derate,Hint;Critical;Info,ShankTooLarge;LongToolDerate,RoughingDepthClampedToRigidity,Pocket,Roughing,0.2000,0.8276
TaperedBallNose,6.0000,2,Face,plywood_hardwood,ok,,8449.0000,1615.0000,511.0000,2.1000,0.8276,4.2000,2.1000,0.1448,18.9785,0.0047,0.1207,0.1690,VendorBacked,,onsrud-plywood-hardwood-77-100-1_4-pocket,Roughing,false,A,Exact,onsrud_hard_plywood_cutting_data,"VendorLut { observation_id: ""onsrud-plywood-hardwood-77-100-1_4-pocket"" }",onsrud-plywood-hardwood-77-100-1_4-pocket,compat.ball_nose_on_flat_clearing;feeds.shank_too_large;feeds.long_tool_derate,Hint;Critical;Info,ShankTooLarge;LongToolDerate,RoughingDepthClampedToRigidity,Pocket,Roughing,0.2000,0.8276
TaperedBallNose,6.0000,2,Pocket,softwood,ok,,9387.0000,1965.0000,750.0000,2.1000,0.8276,4.2000,2.1000,0.1586,27.0040,0.0073,0.1322,0.1851,VendorBacked,,onsrud-softwood-77-100-1_4-pocket,Roughing,false,A,Exact,onsrud_soft_wood_cutting_data,"VendorLut { observation_id: ""onsrud-softwood-77-100-1_4-pocket"" }",onsrud-softwood-77-100-1_4-pocket,compat.ball_nose_on_flat_clearing;feeds.shank_too_large;feeds.long_tool_derate,Hint;Critical;Info,ShankTooLarge;LongToolDerate,RoughingDepthClampedToRigidity,Pocket,Roughing,0.2000,0.8276
TaperedBallNose,6.0000,2,Pocket,hardwood,ok,,9387.0000,1965.0000,526.0000,2.1000,0.8276,4.2000,2.1000,0.1586,54.0081,0.0147,0.1322,0.1851,VendorBacked,,onsrud-hardwood-77-100-1_4-pocket,Roughing,false,A,Exact,onsrud_hard_wood_cutting_data,"VendorLut { observation_id: ""onsrud-hardwood-77-100-1_4-pocket"" }",onsrud-hardwood-77-100-1_4-pocket,compat.ball_nose_on_flat_clearing;feeds.shank_too_large;feeds.long_tool_derate,Hint;Critical;Info,ShankTooLarge;LongToolDerate,RoughingDepthClampedToRigidity,Pocket,Roughing,0.2000,0.8276
TaperedBallNose,6.0000,2,Pocket,mdf,ok,,8000.0000,1675.0000,529.0000,2.1000,0.8276,4.2000,2.1000,0.1586,48.3149,0.0112,0.1322,0.1851,VendorBacked,,onsrud-mdf-77-100-1_4-pocket,Roughing,false,A,Exact,onsrud_mdf_cutting_data,"VendorLut { observation_id: ""onsrud-mdf-77-100-1_4-pocket"" }",onsrud-mdf-77-100-1_4-pocket,compat.ball_nose_on_flat_clearing;feeds.shank_too_large;feeds.long_tool_derate,Hint;Critical;Info,ShankTooLarge;LongToolDerate,RoughingDepthClampedToRigidity,Pocket,Roughing,0.2000,0.8276
TaperedBallNose,6.0000,2,Pocket,plywood_hardwood,ok,,8449.0000,1615.0000,511.0000,2.1000,0.8276,4.2000,2.1000,0.1448,18.9785,0.0047,0.1207,0.1690,VendorBacked,,onsrud-plywood-hardwood-77-100-1_4-pocket,Roughing,false,A,Exact,onsrud_hard_plywood_cutting_data,"VendorLut { observation_id: ""onsrud-plywood-hardwood-77-100-1_4-pocket"" }",onsrud-plywood-hardwood-77-100-1_4-pocket,compat.ball_nose_on_flat_clearing;feeds.shank_too_large;feeds.long_tool_derate,Hint;Critical;Info,ShankTooLarge;LongToolDerate,RoughingDepthClampedToRigidity,Pocket,Roughing,0.2000,0.8276
TaperedBallNose,6.0000,2,Profile,softwood,ok,,9387.0000,955.0000,750.0000,,0.8276,4.8000,1.0800,0.0771,19.8264,,,,FormulaOnly,"repo-derived chipload formula k0*D^p*(1/H)^q (machine::ChipLoadFormula, feeds::calculate step 2); exponents per CREDITS.md 'Chipload column convention and scaling laws'; k0 uncited (code comment 'Shapeoko empirical data' only)",,,,,,,FormulaFallback,,feeds.shank_too_large;feeds.long_tool_derate,Critical;Info,ShankTooLarge;LongToolDerate,RoughingDepthClampedToRigidity;CutGeometryFieldNotHeld,Contour,Roughing,0.2000,0.8276
TaperedBallNose,6.0000,2,Profile,hardwood,refused,"Suggest has no basis for Profile with a tapered ball nose in hardwood: No published figure backs the formula for a tapered ball-nose on adaptive, pocket, contour or trace passes: Onsrud 77-100 puts it below half.",,,,,,,,,,,,,Refused,,,,,,,,,,,,,,Contour,Roughing,0.2000,1.1314
TaperedBallNose,6.0000,2,Profile,mdf,refused,"Suggest has no basis for Profile with a tapered ball nose in MDF: No published figure backs the formula for a tapered ball-nose on adaptive, pocket, contour or trace passes: Onsrud 77-100 puts it below half.",,,,,,,,,,,,,Refused,,,,,,,,,,,,,,Contour,Roughing,0.2000,1.1314
TaperedBallNose,6.0000,2,Profile,plywood_hardwood,refused,"Suggest has no basis for Profile with a tapered ball nose in hardwood plywood: No published figure backs the formula for a tapered ball-nose on adaptive, pocket, contour or trace passes: Onsrud 77-100 puts it below half.",,,,,,,,,,,,,Refused,,,,,,,,,,,,,,Contour,Roughing,0.2000,1.1314
TaperedBallNose,6.0000,2,Adaptive,softwood,ok,,9387.0000,1868.0000,750.0000,0.4800,9.0000,9.0000,0.4800,0.1586,43.1977,0.0354,0.1257,0.1760,VendorBacked,,onsrud-softwood-77-100-1_4-adaptive,Roughing,false,A,Exact,onsrud_soft_wood_cutting_data,"VendorLut { observation_id: ""onsrud-softwood-77-100-1_4-adaptive"" }",onsrud-softwood-77-100-1_4-adaptive,feeds.shank_too_large;feeds.long_tool_derate,Critical;Info,ShankTooLarge;LongToolDerate,,Adaptive,Roughing,1.5000,11.2777
TaperedBallNose,6.0000,2,Adaptive,hardwood,ok,,9387.0000,1868.0000,526.0000,0.4320,9.0000,9.0000,0.4320,0.1586,84.5689,0.0664,0.1257,0.1760,VendorBacked,,onsrud-hardwood-77-100-1_4-adaptive,Roughing,false,A,Exact,onsrud_hard_wood_cutting_data,"VendorLut { observation_id: ""onsrud-hardwood-77-100-1_4-adaptive"" }",onsrud-hardwood-77-100-1_4-adaptive,feeds.shank_too_large;feeds.long_tool_derate,Critical;Info,ShankTooLarge;LongToolDerate,,Adaptive,Roughing,1.5000,11.2777
TaperedBallNose,6.0000,2,Adaptive,mdf,ok,,8000.0000,1592.0000,529.0000,0.4560,9.0000,9.0000,0.4560,0.1586,76.4849,0.0523,0.1257,0.1760,VendorBacked,,onsrud-mdf-77-100-1_4-adaptive,Roughing,false,A,Exact,onsrud_mdf_cutting_data,"VendorLut { observation_id: ""onsrud-mdf-77-100-1_4-adaptive"" }",onsrud-mdf-77-100-1_4-adaptive,feeds.shank_too_large;feeds.long_tool_derate,Critical;Info,ShankTooLarge;LongToolDerate,,Adaptive,Roughing,1.5000,11.2777
TaperedBallNose,6.0000,2,Adaptive,plywood_hardwood,ok,,8449.0000,1535.0000,511.0000,0.4560,9.0000,9.0000,0.4560,0.1448,30.4460,0.0225,0.1147,0.1606,VendorBacked,,onsrud-plywood-hardwood-77-100-1_4-adaptive,Roughing,false,A,Exact,onsrud_hard_plywood_cutting_data,"VendorLut { observation_id: ""onsrud-plywood-hardwood-77-100-1_4-adaptive"" }",onsrud-plywood-hardwood-77-100-1_4-adaptive,feeds.shank_too_large;feeds.long_tool_derate,Critical;Info,ShankTooLarge;LongToolDerate,,Adaptive,Roughing,1.5000,11.2777
TaperedBallNose,6.0000,2,VCarve,softwood,refused,VCarve needs a V-bit tool; this tool is a tapered ball nose.,,,,,,,,,,,,,Refused,,,,,,,,,,,,,,Trace,Finish,,
TaperedBallNose,6.0000,2,VCarve,hardwood,refused,VCarve needs a V-bit tool; this tool is a tapered ball nose.,,,,,,,,,,,,,Refused,,,,,,,,,,,,,,Trace,Finish,,
TaperedBallNose,6.0000,2,VCarve,mdf,refused,VCarve needs a V-bit tool; this tool is a tapered ball nose.,,,,,,,,,,,,,Refused,,,,,,,,,,,,,,Trace,Finish,,
TaperedBallNose,6.0000,2,VCarve,plywood_hardwood,refused,VCarve needs a V-bit tool; this tool is a tapered ball nose.,,,,,,,,,,,,,Refused,,,,,,,,,,,,,,Trace,Finish,,
TaperedBallNose,6.0000,2,Rest,softwood,ok,,9387.0000,1965.0000,750.0000,2.1000,0.8276,4.2000,2.1000,0.1586,27.0040,0.0073,0.1322,0.1851,VendorBacked,,onsrud-softwood-77-100-1_4-pocket,Roughing,false,A,Exact,onsrud_soft_wood_cutting_data,"VendorLut { observation_id: ""onsrud-softwood-77-100-1_4-pocket"" }",onsrud-softwood-77-100-1_4-pocket,feeds.shank_too_large;feeds.long_tool_derate,Critical;Info,ShankTooLarge;LongToolDerate,RoughingDepthClampedToRigidity,Pocket,Roughing,0.2000,0.8276
TaperedBallNose,6.0000,2,Rest,hardwood,ok,,9387.0000,1965.0000,526.0000,2.1000,0.8276,4.2000,2.1000,0.1586,54.0081,0.0147,0.1322,0.1851,VendorBacked,,onsrud-hardwood-77-100-1_4-pocket,Roughing,false,A,Exact,onsrud_hard_wood_cutting_data,"VendorLut { observation_id: ""onsrud-hardwood-77-100-1_4-pocket"" }",onsrud-hardwood-77-100-1_4-pocket,feeds.shank_too_large;feeds.long_tool_derate,Critical;Info,ShankTooLarge;LongToolDerate,RoughingDepthClampedToRigidity,Pocket,Roughing,0.2000,0.8276
TaperedBallNose,6.0000,2,Rest,mdf,ok,,8000.0000,1675.0000,529.0000,2.1000,0.8276,4.2000,2.1000,0.1586,48.3149,0.0112,0.1322,0.1851,VendorBacked,,onsrud-mdf-77-100-1_4-pocket,Roughing,false,A,Exact,onsrud_mdf_cutting_data,"VendorLut { observation_id: ""onsrud-mdf-77-100-1_4-pocket"" }",onsrud-mdf-77-100-1_4-pocket,feeds.shank_too_large;feeds.long_tool_derate,Critical;Info,ShankTooLarge;LongToolDerate,RoughingDepthClampedToRigidity,Pocket,Roughing,0.2000,0.8276
TaperedBallNose,6.0000,2,Rest,plywood_hardwood,ok,,8449.0000,1615.0000,511.0000,2.1000,0.8276,4.2000,2.1000,0.1448,18.9785,0.0047,0.1207,0.1690,VendorBacked,,onsrud-plywood-hardwood-77-100-1_4-pocket,Roughing,false,A,Exact,onsrud_hard_plywood_cutting_data,"VendorLut { observation_id: ""onsrud-plywood-hardwood-77-100-1_4-pocket"" }",onsrud-plywood-hardwood-77-100-1_4-pocket,feeds.shank_too_large;feeds.long_tool_derate,Critical;Info,ShankTooLarge;LongToolDerate,RoughingDepthClampedToRigidity,Pocket,Roughing,0.2000,0.8276
TaperedBallNose,6.0000,2,Inlay,softwood,refused,Inlay needs a V-bit tool; this tool is a tapered ball nose.,,,,,,,,,,,,,Refused,,,,,,,,,,,,,,Trace,Finish,,
TaperedBallNose,6.0000,2,Inlay,hardwood,refused,Inlay needs a V-bit tool; this tool is a tapered ball nose.,,,,,,,,,,,,,Refused,,,,,,,,,,,,,,Trace,Finish,,
TaperedBallNose,6.0000,2,Inlay,mdf,refused,Inlay needs a V-bit tool; this tool is a tapered ball nose.,,,,,,,,,,,,,Refused,,,,,,,,,,,,,,Trace,Finish,,
TaperedBallNose,6.0000,2,Inlay,plywood_hardwood,refused,Inlay needs a V-bit tool; this tool is a tapered ball nose.,,,,,,,,,,,,,Refused,,,,,,,,,,,,,,Trace,Finish,,
TaperedBallNose,6.0000,2,Zigzag,softwood,ok,,9387.0000,1965.0000,750.0000,2.1000,0.8276,4.2000,2.1000,0.1586,27.0040,0.0073,0.1322,0.1851,VendorBacked,,onsrud-softwood-77-100-1_4-pocket,Roughing,false,A,Exact,onsrud_soft_wood_cutting_data,"VendorLut { observation_id: ""onsrud-softwood-77-100-1_4-pocket"" }",onsrud-softwood-77-100-1_4-pocket,compat.ball_nose_on_flat_clearing;feeds.shank_too_large;feeds.long_tool_derate,Hint;Critical;Info,ShankTooLarge;LongToolDerate,RoughingDepthClampedToRigidity,Pocket,Roughing,0.2000,0.8276
TaperedBallNose,6.0000,2,Zigzag,hardwood,ok,,9387.0000,1965.0000,526.0000,2.1000,0.8276,4.2000,2.1000,0.1586,54.0081,0.0147,0.1322,0.1851,VendorBacked,,onsrud-hardwood-77-100-1_4-pocket,Roughing,false,A,Exact,onsrud_hard_wood_cutting_data,"VendorLut { observation_id: ""onsrud-hardwood-77-100-1_4-pocket"" }",onsrud-hardwood-77-100-1_4-pocket,compat.ball_nose_on_flat_clearing;feeds.shank_too_large;feeds.long_tool_derate,Hint;Critical;Info,ShankTooLarge;LongToolDerate,RoughingDepthClampedToRigidity,Pocket,Roughing,0.2000,0.8276
TaperedBallNose,6.0000,2,Zigzag,mdf,ok,,8000.0000,1675.0000,529.0000,2.1000,0.8276,4.2000,2.1000,0.1586,48.3149,0.0112,0.1322,0.1851,VendorBacked,,onsrud-mdf-77-100-1_4-pocket,Roughing,false,A,Exact,onsrud_mdf_cutting_data,"VendorLut { observation_id: ""onsrud-mdf-77-100-1_4-pocket"" }",onsrud-mdf-77-100-1_4-pocket,compat.ball_nose_on_flat_clearing;feeds.shank_too_large;feeds.long_tool_derate,Hint;Critical;Info,ShankTooLarge;LongToolDerate,RoughingDepthClampedToRigidity,Pocket,Roughing,0.2000,0.8276
TaperedBallNose,6.0000,2,Zigzag,plywood_hardwood,ok,,8449.0000,1615.0000,511.0000,2.1000,0.8276,4.2000,2.1000,0.1448,18.9785,0.0047,0.1207,0.1690,VendorBacked,,onsrud-plywood-hardwood-77-100-1_4-pocket,Roughing,false,A,Exact,onsrud_hard_plywood_cutting_data,"VendorLut { observation_id: ""onsrud-plywood-hardwood-77-100-1_4-pocket"" }",onsrud-plywood-hardwood-77-100-1_4-pocket,compat.ball_nose_on_flat_clearing;feeds.shank_too_large;feeds.long_tool_derate,Hint;Critical;Info,ShankTooLarge;LongToolDerate,RoughingDepthClampedToRigidity,Pocket,Roughing,0.2000,0.8276
TaperedBallNose,6.0000,2,Trace,softwood,ok,,9387.0000,955.0000,750.0000,,0.3333,0.3600,0.1200,0.0771,1.1482,,,,FormulaOnly,"repo-derived chipload formula k0*D^p*(1/H)^q (machine::ChipLoadFormula, feeds::calculate step 2); exponents per CREDITS.md 'Chipload column convention and scaling laws'; k0 uncited (code comment 'Shapeoko empirical data' only)",,,,,,,FormulaFallback,,feeds.shank_too_large;feeds.long_tool_derate,Critical;Info,ShankTooLarge;LongToolDerate,CutGeometryFieldNotHeld,Trace,Finish,,
TaperedBallNose,6.0000,2,Trace,hardwood,refused,"Suggest has no basis for Trace with a tapered ball nose in hardwood: No published figure backs the formula for a tapered ball-nose on adaptive, pocket, contour or trace passes: Onsrud 77-100 puts it below half.",,,,,,,,,,,,,Refused,,,,,,,,,,,,,,Trace,Finish,,
TaperedBallNose,6.0000,2,Trace,mdf,refused,"Suggest has no basis for Trace with a tapered ball nose in MDF: No published figure backs the formula for a tapered ball-nose on adaptive, pocket, contour or trace passes: Onsrud 77-100 puts it below half.",,,,,,,,,,,,,Refused,,,,,,,,,,,,,,Trace,Finish,,
TaperedBallNose,6.0000,2,Trace,plywood_hardwood,refused,"Suggest has no basis for Trace with a tapered ball nose in hardwood plywood: No published figure backs the formula for a tapered ball-nose on adaptive, pocket, contour or trace passes: Onsrud 77-100 puts it below half.",,,,,,,,,,,,,Refused,,,,,,,,,,,,,,Trace,Finish,,
TaperedBallNose,6.0000,2,Drill,softwood,refused,"Suggest has no basis for Drill with a tapered ball nose in softwood: No published wood figure exists for a plunge drill with a tapered ball-nose, and the drill multiplier 2.5 is unsourced.",,,,,,,,,,,,,Refused,,,,,,,,,,,,,,Drill,Roughing,,
TaperedBallNose,6.0000,2,Drill,hardwood,refused,"Suggest has no basis for Drill with a tapered ball nose in hardwood: No published wood figure exists for a plunge drill with a tapered ball-nose, and the drill multiplier 2.5 is unsourced.",,,,,,,,,,,,,Refused,,,,,,,,,,,,,,Drill,Roughing,,
TaperedBallNose,6.0000,2,Drill,mdf,refused,"Suggest has no basis for Drill with a tapered ball nose in MDF: No published wood figure exists for a plunge drill with a tapered ball-nose, and the drill multiplier 2.5 is unsourced.",,,,,,,,,,,,,Refused,,,,,,,,,,,,,,Drill,Roughing,,
TaperedBallNose,6.0000,2,Drill,plywood_hardwood,refused,"Suggest has no basis for Drill with a tapered ball nose in hardwood plywood: No published wood figure exists for a plunge drill with a tapered ball-nose, and the drill multiplier 2.5 is unsourced.",,,,,,,,,,,,,Refused,,,,,,,,,,,,,,Drill,Roughing,,
TaperedBallNose,6.0000,2,Chamfer,softwood,refused,Chamfer needs a V-bit tool; this tool is a tapered ball nose.,,,,,,,,,,,,,Refused,,,,,,,,,,,,,,Trace,Finish,,
TaperedBallNose,6.0000,2,Chamfer,hardwood,refused,Chamfer needs a V-bit tool; this tool is a tapered ball nose.,,,,,,,,,,,,,Refused,,,,,,,,,,,,,,Trace,Finish,,
TaperedBallNose,6.0000,2,Chamfer,mdf,refused,Chamfer needs a V-bit tool; this tool is a tapered ball nose.,,,,,,,,,,,,,Refused,,,,,,,,,,,,,,Trace,Finish,,
TaperedBallNose,6.0000,2,Chamfer,plywood_hardwood,refused,Chamfer needs a V-bit tool; this tool is a tapered ball nose.,,,,,,,,,,,,,Refused,,,,,,,,,,,,,,Trace,Finish,,
TaperedBallNose,6.0000,2,DropCutter,softwood,ok,,9387.0000,1965.0000,750.0000,0.1800,,0.6000,0.1800,0.1586,2.4010,,0.1322,0.1851,VendorBacked,,onsrud-softwood-77-100-1_4-parallel,Finish,false,A,Exact,onsrud_soft_wood_cutting_data,"VendorLut { observation_id: ""onsrud-softwood-77-100-1_4-parallel"" }",onsrud-softwood-77-100-1_4-parallel,efficiency.very_fine_stepover;feeds.shank_too_large;feeds.long_tool_derate,Info;Critical;Info,ShankTooLarge;LongToolDerate,FinishEnvelopeAdvisory;CutGeometryFieldNotHeld,Parallel,Finish,,
TaperedBallNose,6.0000,2,DropCutter,hardwood,ok,,9387.0000,1965.0000,526.0000,0.1800,,0.6000,0.1800,0.1586,4.8021,,0.1322,0.1851,VendorBacked,,onsrud-hardwood-77-100-1_4-parallel,Finish,false,A,Exact,onsrud_hard_wood_cutting_data,"VendorLut { observation_id: ""onsrud-hardwood-77-100-1_4-parallel"" }",onsrud-hardwood-77-100-1_4-parallel,efficiency.very_fine_stepover;feeds.shank_too_large;feeds.long_tool_derate,Info;Critical;Info,ShankTooLarge;LongToolDerate,FinishEnvelopeAdvisory;CutGeometryFieldNotHeld,Parallel,Finish,,
TaperedBallNose,6.0000,2,DropCutter,mdf,ok,,8000.0000,1675.0000,529.0000,0.1800,,0.6000,0.1800,0.1586,4.2959,,0.1322,0.1851,VendorBacked,,onsrud-mdf-77-100-1_4-parallel,Finish,false,A,Exact,onsrud_mdf_cutting_data,"VendorLut { observation_id: ""onsrud-mdf-77-100-1_4-parallel"" }",onsrud-mdf-77-100-1_4-parallel,efficiency.very_fine_stepover;feeds.shank_too_large;feeds.long_tool_derate,Info;Critical;Info,ShankTooLarge;LongToolDerate,FinishEnvelopeAdvisory;CutGeometryFieldNotHeld,Parallel,Finish,,
TaperedBallNose,6.0000,2,DropCutter,plywood_hardwood,ok,,8449.0000,1615.0000,511.0000,0.1800,,0.6000,0.1800,0.1448,1.7262,,0.1207,0.1690,VendorBacked,,onsrud-plywood-hardwood-77-100-1_4-parallel,Finish,false,A,Exact,onsrud_hard_plywood_cutting_data,"VendorLut { observation_id: ""onsrud-plywood-hardwood-77-100-1_4-parallel"" }",onsrud-plywood-hardwood-77-100-1_4-parallel,efficiency.very_fine_stepover;feeds.shank_too_large;feeds.long_tool_derate,Info;Critical;Info,ShankTooLarge;LongToolDerate,FinishEnvelopeAdvisory;CutGeometryFieldNotHeld,Parallel,Finish,,
TaperedBallNose,6.0000,2,Adaptive3d,softwood,ok,,9387.0000,1868.0000,750.0000,0.4800,9.0000,9.0000,0.4800,0.1586,43.1977,0.0354,0.1257,0.1760,VendorBacked,,onsrud-softwood-77-100-1_4-pocket,Roughing,false,A,Exact,onsrud_soft_wood_cutting_data,"VendorLut { observation_id: ""onsrud-softwood-77-100-1_4-pocket"" }",onsrud-softwood-77-100-1_4-pocket,feeds.shank_too_large;feeds.long_tool_derate,Critical;Info,ShankTooLarge;LongToolDerate,StrategyRewrote,Adaptive,Roughing,1.5000,11.2777
TaperedBallNose,6.0000,2,Adaptive3d,hardwood,ok,,9387.0000,1868.0000,526.0000,0.4320,9.0000,9.0000,0.4320,0.1586,84.5689,0.0664,0.1257,0.1760,VendorBacked,,onsrud-hardwood-77-100-1_4-pocket,Roughing,false,A,Exact,onsrud_hard_wood_cutting_data,"VendorLut { observation_id: ""onsrud-hardwood-77-100-1_4-pocket"" }",onsrud-hardwood-77-100-1_4-pocket,feeds.shank_too_large;feeds.long_tool_derate,Critical;Info,ShankTooLarge;LongToolDerate,StrategyRewrote,Adaptive,Roughing,1.5000,11.2777
TaperedBallNose,6.0000,2,Adaptive3d,mdf,ok,,8000.0000,1592.0000,529.0000,0.4560,9.0000,9.0000,0.4560,0.1586,76.4849,0.0523,0.1257,0.1760,VendorBacked,,onsrud-mdf-77-100-1_4-pocket,Roughing,false,A,Exact,onsrud_mdf_cutting_data,"VendorLut { observation_id: ""onsrud-mdf-77-100-1_4-pocket"" }",onsrud-mdf-77-100-1_4-pocket,feeds.shank_too_large;feeds.long_tool_derate,Critical;Info,ShankTooLarge;LongToolDerate,StrategyRewrote,Adaptive,Roughing,1.5000,11.2777
TaperedBallNose,6.0000,2,Adaptive3d,plywood_hardwood,ok,,8449.0000,1535.0000,511.0000,0.4560,9.0000,9.0000,0.4560,0.1448,30.4460,0.0225,0.1147,0.1606,VendorBacked,,onsrud-plywood-hardwood-77-100-1_4-pocket,Roughing,false,A,Exact,onsrud_hard_plywood_cutting_data,"VendorLut { observation_id: ""onsrud-plywood-hardwood-77-100-1_4-pocket"" }",onsrud-plywood-hardwood-77-100-1_4-pocket,feeds.shank_too_large;feeds.long_tool_derate,Critical;Info,ShankTooLarge;LongToolDerate,StrategyRewrote,Adaptive,Roughing,1.5000,11.2777
TaperedBallNose,6.0000,2,Waterline,softwood,refused,Suggest has no basis for Waterline with a tapered ball nose in softwood: No published figure backs the formula for a tapered ball-nose on waterline or steep-shallow passes: it is below half of the Onsrud 77-100 band.,,,,,,,,,,,,,Refused,,,,,,,,,,,,,,Contour,SemiFinish,,
TaperedBallNose,6.0000,2,Waterline,hardwood,refused,Suggest has no basis for Waterline with a tapered ball nose in hardwood: No published figure backs the formula for a tapered ball-nose on waterline or steep-shallow passes: it is below half of the Onsrud 77-100 band.,,,,,,,,,,,,,Refused,,,,,,,,,,,,,,Contour,SemiFinish,,
TaperedBallNose,6.0000,2,Waterline,mdf,refused,Suggest has no basis for Waterline with a tapered ball nose in MDF: No published figure backs the formula for a tapered ball-nose on waterline or steep-shallow passes: it is below half of the Onsrud 77-100 band.,,,,,,,,,,,,,Refused,,,,,,,,,,,,,,Contour,SemiFinish,,
TaperedBallNose,6.0000,2,Waterline,plywood_hardwood,refused,Suggest has no basis for Waterline with a tapered ball nose in hardwood plywood: No published figure backs the formula for a tapered ball-nose on waterline or steep-shallow passes: it is below half of the Onsrud 77-100 band.,,,,,,,,,,,,,Refused,,,,,,,,,,,,,,Contour,SemiFinish,,
TaperedBallNose,6.0000,2,Pencil,softwood,ok,,9387.0000,955.0000,750.0000,,,0.3600,0.1200,0.0771,1.1482,,,,FormulaOnly,"repo-derived chipload formula k0*D^p*(1/H)^q (machine::ChipLoadFormula, feeds::calculate step 2); exponents per CREDITS.md 'Chipload column convention and scaling laws'; k0 uncited (code comment 'Shapeoko empirical data' only)",,,,,,,FormulaFallback,,feeds.shank_too_large;feeds.long_tool_derate,Critical;Info,ShankTooLarge;LongToolDerate,CutGeometryFieldNotHeld,Trace,Finish,,
TaperedBallNose,6.0000,2,Pencil,hardwood,refused,"Suggest has no basis for Pencil Finish with a tapered ball nose in hardwood: No published figure backs the formula for a tapered ball-nose on adaptive, pocket, contour or trace passes: Onsrud 77-100 puts it below half.",,,,,,,,,,,,,Refused,,,,,,,,,,,,,,Trace,Finish,,
TaperedBallNose,6.0000,2,Pencil,mdf,refused,"Suggest has no basis for Pencil Finish with a tapered ball nose in MDF: No published figure backs the formula for a tapered ball-nose on adaptive, pocket, contour or trace passes: Onsrud 77-100 puts it below half.",,,,,,,,,,,,,Refused,,,,,,,,,,,,,,Trace,Finish,,
TaperedBallNose,6.0000,2,Pencil,plywood_hardwood,refused,"Suggest has no basis for Pencil Finish with a tapered ball nose in hardwood plywood: No published figure backs the formula for a tapered ball-nose on adaptive, pocket, contour or trace passes: Onsrud 77-100 puts it below half.",,,,,,,,,,,,,Refused,,,,,,,,,,,,,,Trace,Finish,,
TaperedBallNose,6.0000,2,Scallop,softwood,ok,,9387.0000,1965.0000,750.0000,,,0.6000,1.5362,0.1586,3.6650,,0.1322,0.1851,VendorBacked,,onsrud-softwood-77-100-1_4-scallop,Finish,false,A,Exact,onsrud_soft_wood_cutting_data,"VendorLut { observation_id: ""onsrud-softwood-77-100-1_4-scallop"" }",onsrud-softwood-77-100-1_4-scallop,feeds.shank_too_large;feeds.long_tool_derate,Critical;Info,ShankTooLarge;LongToolDerate,FinishEnvelopeAdvisory;CutGeometryFieldNotHeld;CutGeometryFieldNotHeld,Scallop,Finish,,
TaperedBallNose,6.0000,2,Scallop,hardwood,ok,,9387.0000,1965.0000,526.0000,,,0.6000,1.5362,0.1586,7.3301,,0.1322,0.1851,VendorBacked,,onsrud-hardwood-77-100-1_4-scallop,Finish,false,A,Exact,onsrud_hard_wood_cutting_data,"VendorLut { observation_id: ""onsrud-hardwood-77-100-1_4-scallop"" }",onsrud-hardwood-77-100-1_4-scallop,feeds.shank_too_large;feeds.long_tool_derate,Critical;Info,ShankTooLarge;LongToolDerate,FinishEnvelopeAdvisory;CutGeometryFieldNotHeld;CutGeometryFieldNotHeld,Scallop,Finish,,
TaperedBallNose,6.0000,2,Scallop,mdf,ok,,8000.0000,1675.0000,529.0000,,,0.6000,1.5362,0.1586,6.5574,,0.1322,0.1851,VendorBacked,,onsrud-mdf-77-100-1_4-scallop,Finish,false,A,Exact,onsrud_mdf_cutting_data,"VendorLut { observation_id: ""onsrud-mdf-77-100-1_4-scallop"" }",onsrud-mdf-77-100-1_4-scallop,feeds.shank_too_large;feeds.long_tool_derate,Critical;Info,ShankTooLarge;LongToolDerate,FinishEnvelopeAdvisory;CutGeometryFieldNotHeld;CutGeometryFieldNotHeld,Scallop,Finish,,
TaperedBallNose,6.0000,2,Scallop,plywood_hardwood,ok,,8449.0000,1615.0000,511.0000,,,0.6000,1.5362,0.1448,2.5809,,0.1207,0.1690,VendorBacked,,onsrud-plywood-hardwood-77-100-1_4-scallop,Finish,false,A,Exact,onsrud_hard_plywood_cutting_data,"VendorLut { observation_id: ""onsrud-plywood-hardwood-77-100-1_4-scallop"" }",onsrud-plywood-hardwood-77-100-1_4-scallop,feeds.shank_too_large;feeds.long_tool_derate,Critical;Info,ShankTooLarge;LongToolDerate,FinishEnvelopeAdvisory;CutGeometryFieldNotHeld;CutGeometryFieldNotHeld,Scallop,Finish,,
TaperedBallNose,6.0000,2,UnifiedFinish,softwood,ok,,9387.0000,1965.0000,750.0000,,,0.6000,1.5362,0.1586,3.6650,,0.1322,0.1851,VendorBacked,,onsrud-softwood-77-100-1_4-scallop,Finish,false,A,Exact,onsrud_soft_wood_cutting_data,"VendorLut { observation_id: ""onsrud-softwood-77-100-1_4-scallop"" }",onsrud-softwood-77-100-1_4-scallop,feeds.shank_too_large;feeds.long_tool_derate,Critical;Info,ShankTooLarge;LongToolDerate,FinishEnvelopeAdvisory;CutGeometryFieldNotHeld;CutGeometryFieldNotHeld,Scallop,Finish,,
TaperedBallNose,6.0000,2,UnifiedFinish,hardwood,ok,,9387.0000,1965.0000,526.0000,,,0.6000,1.5362,0.1586,7.3301,,0.1322,0.1851,VendorBacked,,onsrud-hardwood-77-100-1_4-scallop,Finish,false,A,Exact,onsrud_hard_wood_cutting_data,"VendorLut { observation_id: ""onsrud-hardwood-77-100-1_4-scallop"" }",onsrud-hardwood-77-100-1_4-scallop,feeds.shank_too_large;feeds.long_tool_derate,Critical;Info,ShankTooLarge;LongToolDerate,FinishEnvelopeAdvisory;CutGeometryFieldNotHeld;CutGeometryFieldNotHeld,Scallop,Finish,,
TaperedBallNose,6.0000,2,UnifiedFinish,mdf,ok,,8000.0000,1675.0000,529.0000,,,0.6000,1.5362,0.1586,6.5574,,0.1322,0.1851,VendorBacked,,onsrud-mdf-77-100-1_4-scallop,Finish,false,A,Exact,onsrud_mdf_cutting_data,"VendorLut { observation_id: ""onsrud-mdf-77-100-1_4-scallop"" }",onsrud-mdf-77-100-1_4-scallop,feeds.shank_too_large;feeds.long_tool_derate,Critical;Info,ShankTooLarge;LongToolDerate,FinishEnvelopeAdvisory;CutGeometryFieldNotHeld;CutGeometryFieldNotHeld,Scallop,Finish,,
TaperedBallNose,6.0000,2,UnifiedFinish,plywood_hardwood,ok,,8449.0000,1615.0000,511.0000,,,0.6000,1.5362,0.1448,2.5809,,0.1207,0.1690,VendorBacked,,onsrud-plywood-hardwood-77-100-1_4-scallop,Finish,false,A,Exact,onsrud_hard_plywood_cutting_data,"VendorLut { observation_id: ""onsrud-plywood-hardwood-77-100-1_4-scallop"" }",onsrud-plywood-hardwood-77-100-1_4-scallop,feeds.shank_too_large;feeds.long_tool_derate,Critical;Info,ShankTooLarge;LongToolDerate,FinishEnvelopeAdvisory;CutGeometryFieldNotHeld;CutGeometryFieldNotHeld,Scallop,Finish,,
TaperedBallNose,6.0000,2,SteepShallow,softwood,refused,Suggest has no basis for Steep/Shallow with a tapered ball nose in softwood: No published figure backs the formula for a tapered ball-nose on waterline or steep-shallow passes: it is below half of the Onsrud 77-100 band.,,,,,,,,,,,,,Refused,,,,,,,,,,,,,,Contour,Finish,,
TaperedBallNose,6.0000,2,SteepShallow,hardwood,refused,Suggest has no basis for Steep/Shallow with a tapered ball nose in hardwood: No published figure backs the formula for a tapered ball-nose on waterline or steep-shallow passes: it is below half of the Onsrud 77-100 band.,,,,,,,,,,,,,Refused,,,,,,,,,,,,,,Contour,Finish,,
TaperedBallNose,6.0000,2,SteepShallow,mdf,refused,Suggest has no basis for Steep/Shallow with a tapered ball nose in MDF: No published figure backs the formula for a tapered ball-nose on waterline or steep-shallow passes: it is below half of the Onsrud 77-100 band.,,,,,,,,,,,,,Refused,,,,,,,,,,,,,,Contour,Finish,,
TaperedBallNose,6.0000,2,SteepShallow,plywood_hardwood,refused,Suggest has no basis for Steep/Shallow with a tapered ball nose in hardwood plywood: No published figure backs the formula for a tapered ball-nose on waterline or steep-shallow passes: it is below half of the Onsrud 77-100 band.,,,,,,,,,,,,,Refused,,,,,,,,,,,,,,Contour,Finish,,
TaperedBallNose,6.0000,2,RampFinish,softwood,ok,,19195.0000,2643.0000,750.0000,,0.5000,0.5000,0.1800,0.1043,1.7695,,0.0783,0.1304,VendorBacked,,onsrud-softwood-77-100-1_8-parallel,Finish,false,A,Exact,onsrud_soft_wood_cutting_data,"VendorLut { observation_id: ""onsrud-softwood-77-100-1_8-parallel"" }",onsrud-softwood-77-100-1_8-parallel,feeds.shank_too_large;feeds.long_tool_derate,Critical;Info,ShankTooLarge;LongToolDerate,CutGeometryFieldNotHeld,Parallel,Finish,,
TaperedBallNose,6.0000,2,RampFinish,hardwood,ok,,19195.0000,2643.0000,526.0000,,0.5000,0.5000,0.1800,0.1043,3.5391,,0.0783,0.1304,VendorBacked,,onsrud-hardwood-77-100-1_8-parallel,Finish,false,A,Exact,onsrud_hard_wood_cutting_data,"VendorLut { observation_id: ""onsrud-hardwood-77-100-1_8-parallel"" }",onsrud-hardwood-77-100-1_8-parallel,feeds.shank_too_large;feeds.long_tool_derate,Critical;Info,ShankTooLarge;LongToolDerate,CutGeometryFieldNotHeld,Parallel,Finish,,
TaperedBallNose,6.0000,2,RampFinish,mdf,ok,,16316.0000,2247.0000,529.0000,,0.5000,0.5000,0.1800,0.1043,3.1660,,0.0783,0.1304,VendorBacked,,onsrud-mdf-77-100-1_8-parallel,Finish,false,A,Exact,onsrud_mdf_cutting_data,"VendorLut { observation_id: ""onsrud-mdf-77-100-1_8-parallel"" }",onsrud-mdf-77-100-1_8-parallel,feeds.shank_too_large;feeds.long_tool_derate,Critical;Info,ShankTooLarge;LongToolDerate,CutGeometryFieldNotHeld,Parallel,Finish,,
TaperedBallNose,6.0000,2,RampFinish,plywood_hardwood,ok,,17275.0000,2172.0000,511.0000,,0.5000,0.5000,0.1800,0.0952,1.2821,,0.0714,0.1191,VendorBacked,,onsrud-plywood-hardwood-77-100-1_8-parallel,Finish,false,A,Exact,onsrud_hard_plywood_cutting_data,"VendorLut { observation_id: ""onsrud-plywood-hardwood-77-100-1_8-parallel"" }",onsrud-plywood-hardwood-77-100-1_8-parallel,feeds.shank_too_large;feeds.long_tool_derate,Critical;Info,ShankTooLarge;LongToolDerate,CutGeometryFieldNotHeld,Parallel,Finish,,
TaperedBallNose,6.0000,2,SpiralFinish,softwood,ok,,9387.0000,1965.0000,750.0000,0.1800,,0.6000,0.1800,0.1586,2.4010,,0.1322,0.1851,VendorBacked,,onsrud-softwood-77-100-1_4-scallop,Finish,false,A,Exact,onsrud_soft_wood_cutting_data,"VendorLut { observation_id: ""onsrud-softwood-77-100-1_4-scallop"" }",onsrud-softwood-77-100-1_4-scallop,efficiency.very_fine_stepover;feeds.shank_too_large;feeds.long_tool_derate,Info;Critical;Info,ShankTooLarge;LongToolDerate,FinishEnvelopeAdvisory;CutGeometryFieldNotHeld,Scallop,Finish,,
TaperedBallNose,6.0000,2,SpiralFinish,hardwood,ok,,9387.0000,1965.0000,526.0000,0.1800,,0.6000,0.1800,0.1586,4.8021,,0.1322,0.1851,VendorBacked,,onsrud-hardwood-77-100-1_4-scallop,Finish,false,A,Exact,onsrud_hard_wood_cutting_data,"VendorLut { observation_id: ""onsrud-hardwood-77-100-1_4-scallop"" }",onsrud-hardwood-77-100-1_4-scallop,efficiency.very_fine_stepover;feeds.shank_too_large;feeds.long_tool_derate,Info;Critical;Info,ShankTooLarge;LongToolDerate,FinishEnvelopeAdvisory;CutGeometryFieldNotHeld,Scallop,Finish,,
TaperedBallNose,6.0000,2,SpiralFinish,mdf,ok,,8000.0000,1675.0000,529.0000,0.1800,,0.6000,0.1800,0.1586,4.2959,,0.1322,0.1851,VendorBacked,,onsrud-mdf-77-100-1_4-scallop,Finish,false,A,Exact,onsrud_mdf_cutting_data,"VendorLut { observation_id: ""onsrud-mdf-77-100-1_4-scallop"" }",onsrud-mdf-77-100-1_4-scallop,efficiency.very_fine_stepover;feeds.shank_too_large;feeds.long_tool_derate,Info;Critical;Info,ShankTooLarge;LongToolDerate,FinishEnvelopeAdvisory;CutGeometryFieldNotHeld,Scallop,Finish,,
TaperedBallNose,6.0000,2,SpiralFinish,plywood_hardwood,ok,,8449.0000,1615.0000,511.0000,0.1800,,0.6000,0.1800,0.1448,1.7262,,0.1207,0.1690,VendorBacked,,onsrud-plywood-hardwood-77-100-1_4-scallop,Finish,false,A,Exact,onsrud_hard_plywood_cutting_data,"VendorLut { observation_id: ""onsrud-plywood-hardwood-77-100-1_4-scallop"" }",onsrud-plywood-hardwood-77-100-1_4-scallop,efficiency.very_fine_stepover;feeds.shank_too_large;feeds.long_tool_derate,Info;Critical;Info,ShankTooLarge;LongToolDerate,FinishEnvelopeAdvisory;CutGeometryFieldNotHeld,Scallop,Finish,,
TaperedBallNose,6.0000,2,RadialFinish,softwood,ok,,9387.0000,1965.0000,750.0000,,,0.6000,0.1800,0.1586,2.4010,,0.1322,0.1851,VendorBacked,,onsrud-softwood-77-100-1_4-parallel,Finish,false,A,Exact,onsrud_soft_wood_cutting_data,"VendorLut { observation_id: ""onsrud-softwood-77-100-1_4-parallel"" }",onsrud-softwood-77-100-1_4-parallel,feeds.shank_too_large;feeds.long_tool_derate,Critical;Info,ShankTooLarge;LongToolDerate,FinishEnvelopeAdvisory;CutGeometryFieldNotHeld;CutGeometryFieldNotHeld,Parallel,Finish,,
TaperedBallNose,6.0000,2,RadialFinish,hardwood,ok,,9387.0000,1965.0000,526.0000,,,0.6000,0.1800,0.1586,4.8021,,0.1322,0.1851,VendorBacked,,onsrud-hardwood-77-100-1_4-parallel,Finish,false,A,Exact,onsrud_hard_wood_cutting_data,"VendorLut { observation_id: ""onsrud-hardwood-77-100-1_4-parallel"" }",onsrud-hardwood-77-100-1_4-parallel,feeds.shank_too_large;feeds.long_tool_derate,Critical;Info,ShankTooLarge;LongToolDerate,FinishEnvelopeAdvisory;CutGeometryFieldNotHeld;CutGeometryFieldNotHeld,Parallel,Finish,,
TaperedBallNose,6.0000,2,RadialFinish,mdf,ok,,8000.0000,1675.0000,529.0000,,,0.6000,0.1800,0.1586,4.2959,,0.1322,0.1851,VendorBacked,,onsrud-mdf-77-100-1_4-parallel,Finish,false,A,Exact,onsrud_mdf_cutting_data,"VendorLut { observation_id: ""onsrud-mdf-77-100-1_4-parallel"" }",onsrud-mdf-77-100-1_4-parallel,feeds.shank_too_large;feeds.long_tool_derate,Critical;Info,ShankTooLarge;LongToolDerate,FinishEnvelopeAdvisory;CutGeometryFieldNotHeld;CutGeometryFieldNotHeld,Parallel,Finish,,
TaperedBallNose,6.0000,2,RadialFinish,plywood_hardwood,ok,,8449.0000,1615.0000,511.0000,,,0.6000,0.1800,0.1448,1.7262,,0.1207,0.1690,VendorBacked,,onsrud-plywood-hardwood-77-100-1_4-parallel,Finish,false,A,Exact,onsrud_hard_plywood_cutting_data,"VendorLut { observation_id: ""onsrud-plywood-hardwood-77-100-1_4-parallel"" }",onsrud-plywood-hardwood-77-100-1_4-parallel,feeds.shank_too_large;feeds.long_tool_derate,Critical;Info,ShankTooLarge;LongToolDerate,FinishEnvelopeAdvisory;CutGeometryFieldNotHeld;CutGeometryFieldNotHeld,Parallel,Finish,,
TaperedBallNose,6.0000,2,HorizontalFinish,softwood,ok,,9387.0000,1965.0000,750.0000,0.1800,,0.6000,0.1800,0.1586,2.4010,,0.1322,0.1851,VendorBacked,,onsrud-softwood-77-100-1_4-parallel,Finish,false,A,Exact,onsrud_soft_wood_cutting_data,"VendorLut { observation_id: ""onsrud-softwood-77-100-1_4-parallel"" }",onsrud-softwood-77-100-1_4-parallel,efficiency.very_fine_stepover;feeds.shank_too_large;feeds.long_tool_derate,Info;Critical;Info,ShankTooLarge;LongToolDerate,FinishEnvelopeAdvisory;CutGeometryFieldNotHeld,Parallel,Finish,,
TaperedBallNose,6.0000,2,HorizontalFinish,hardwood,ok,,9387.0000,1965.0000,526.0000,0.1800,,0.6000,0.1800,0.1586,4.8021,,0.1322,0.1851,VendorBacked,,onsrud-hardwood-77-100-1_4-parallel,Finish,false,A,Exact,onsrud_hard_wood_cutting_data,"VendorLut { observation_id: ""onsrud-hardwood-77-100-1_4-parallel"" }",onsrud-hardwood-77-100-1_4-parallel,efficiency.very_fine_stepover;feeds.shank_too_large;feeds.long_tool_derate,Info;Critical;Info,ShankTooLarge;LongToolDerate,FinishEnvelopeAdvisory;CutGeometryFieldNotHeld,Parallel,Finish,,
TaperedBallNose,6.0000,2,HorizontalFinish,mdf,ok,,8000.0000,1675.0000,529.0000,0.1800,,0.6000,0.1800,0.1586,4.2959,,0.1322,0.1851,VendorBacked,,onsrud-mdf-77-100-1_4-parallel,Finish,false,A,Exact,onsrud_mdf_cutting_data,"VendorLut { observation_id: ""onsrud-mdf-77-100-1_4-parallel"" }",onsrud-mdf-77-100-1_4-parallel,efficiency.very_fine_stepover;feeds.shank_too_large;feeds.long_tool_derate,Info;Critical;Info,ShankTooLarge;LongToolDerate,FinishEnvelopeAdvisory;CutGeometryFieldNotHeld,Parallel,Finish,,
TaperedBallNose,6.0000,2,HorizontalFinish,plywood_hardwood,ok,,8449.0000,1615.0000,511.0000,0.1800,,0.6000,0.1800,0.1448,1.7262,,0.1207,0.1690,VendorBacked,,onsrud-plywood-hardwood-77-100-1_4-parallel,Finish,false,A,Exact,onsrud_hard_plywood_cutting_data,"VendorLut { observation_id: ""onsrud-plywood-hardwood-77-100-1_4-parallel"" }",onsrud-plywood-hardwood-77-100-1_4-parallel,efficiency.very_fine_stepover;feeds.shank_too_large;feeds.long_tool_derate,Info;Critical;Info,ShankTooLarge;LongToolDerate,FinishEnvelopeAdvisory;CutGeometryFieldNotHeld,Parallel,Finish,,
TaperedBallNose,6.0000,2,ProjectCurve,softwood,ok,,9387.0000,1965.0000,750.0000,,,0.3600,0.1200,0.1586,1.3534,,0.1322,0.1851,VendorBacked,,onsrud-softwood-77-100-1_4-parallel,Finish,false,A,Exact,onsrud_soft_wood_cutting_data,"VendorLut { observation_id: ""onsrud-softwood-77-100-1_4-parallel"" }",onsrud-softwood-77-100-1_4-parallel,feeds.shank_too_large;feeds.long_tool_derate,Critical;Info,ShankTooLarge;LongToolDerate,CutGeometryFieldNotHeld;CutGeometryFieldNotHeld,Trace,Finish,,
TaperedBallNose,6.0000,2,ProjectCurve,hardwood,ok,,9387.0000,1965.0000,526.0000,,,0.3600,0.1200,0.1586,2.7067,,0.1322,0.1851,VendorBacked,,onsrud-hardwood-77-100-1_4-parallel,Finish,false,A,Exact,onsrud_hard_wood_cutting_data,"VendorLut { observation_id: ""onsrud-hardwood-77-100-1_4-parallel"" }",onsrud-hardwood-77-100-1_4-parallel,feeds.shank_too_large;feeds.long_tool_derate,Critical;Info,ShankTooLarge;LongToolDerate,CutGeometryFieldNotHeld;CutGeometryFieldNotHeld,Trace,Finish,,
TaperedBallNose,6.0000,2,ProjectCurve,mdf,ok,,8000.0000,1675.0000,529.0000,,,0.3600,0.1200,0.1586,2.4214,,0.1322,0.1851,VendorBacked,,onsrud-mdf-77-100-1_4-parallel,Finish,false,A,Exact,onsrud_mdf_cutting_data,"VendorLut { observation_id: ""onsrud-mdf-77-100-1_4-parallel"" }",onsrud-mdf-77-100-1_4-parallel,feeds.shank_too_large;feeds.long_tool_derate,Critical;Info,ShankTooLarge;LongToolDerate,CutGeometryFieldNotHeld;CutGeometryFieldNotHeld,Trace,Finish,,
TaperedBallNose,6.0000,2,ProjectCurve,plywood_hardwood,ok,,8449.0000,1615.0000,511.0000,,,0.3600,0.1200,0.1448,0.9767,,0.1207,0.1690,VendorBacked,,onsrud-plywood-hardwood-77-100-1_4-parallel,Finish,false,A,Exact,onsrud_hard_plywood_cutting_data,"VendorLut { observation_id: ""onsrud-plywood-hardwood-77-100-1_4-parallel"" }",onsrud-plywood-hardwood-77-100-1_4-parallel,feeds.shank_too_large;feeds.long_tool_derate,Critical;Info,ShankTooLarge;LongToolDerate,CutGeometryFieldNotHeld;CutGeometryFieldNotHeld,Trace,Finish,,
TaperedBallNose,6.0000,2,AlignmentPinDrill,softwood,refused,"Suggest has no basis for Pin Drill with a tapered ball nose in softwood: No published wood figure exists for a plunge drill with a tapered ball-nose, and the drill multiplier 2.5 is unsourced.",,,,,,,,,,,,,Refused,,,,,,,,,,,,,,Drill,Roughing,,
TaperedBallNose,6.0000,2,AlignmentPinDrill,hardwood,refused,"Suggest has no basis for Pin Drill with a tapered ball nose in hardwood: No published wood figure exists for a plunge drill with a tapered ball-nose, and the drill multiplier 2.5 is unsourced.",,,,,,,,,,,,,Refused,,,,,,,,,,,,,,Drill,Roughing,,
TaperedBallNose,6.0000,2,AlignmentPinDrill,mdf,refused,"Suggest has no basis for Pin Drill with a tapered ball nose in MDF: No published wood figure exists for a plunge drill with a tapered ball-nose, and the drill multiplier 2.5 is unsourced.",,,,,,,,,,,,,Refused,,,,,,,,,,,,,,Drill,Roughing,,
TaperedBallNose,6.0000,2,AlignmentPinDrill,plywood_hardwood,refused,"Suggest has no basis for Pin Drill with a tapered ball nose in hardwood plywood: No published wood figure exists for a plunge drill with a tapered ball-nose, and the drill multiplier 2.5 is unsourced.",,,,,,,,,,,,,Refused,,,,,,,,,,,,,,Drill,Roughing,,
